ISO-10303-21;
HEADER;
/* Generated by software containing ST-Developer
 * from STEP Tools, Inc. (www.steptools.com) 
 */

FILE_DESCRIPTION(
/* description */ (''),
/* implementation_level */ '2;1');

FILE_NAME(
/* name */ 'RightSideTopPlate.step',
/* time_stamp */ '2026-06-17T20:07:48+03:00',
/* author */ (''),
/* organization */ (''),
/* preprocessor_version */ 'ST-DEVELOPER v20.1',
/* originating_system */ 'Autodesk Translation Framework v15.8.0.0',
/* authorisation */ '');

FILE_SCHEMA (('AUTOMOTIVE_DESIGN { 1 0 10303 214 3 1 1 }'));
ENDSEC;

DATA;
#10=MECHANICAL_DESIGN_GEOMETRIC_PRESENTATION_REPRESENTATION('',(#13),#8771);
#11=SHAPE_REPRESENTATION_RELATIONSHIP('SRR','None',#8778,#12);
#12=ADVANCED_BREP_SHAPE_REPRESENTATION('',(#14),#8770);
#13=STYLED_ITEM('',(#8789),#14);
#14=MANIFOLD_SOLID_BREP('TopPlate',#5479);
#15=FACE_BOUND('',#872,.T.);
#16=FACE_BOUND('',#873,.T.);
#17=FACE_BOUND('',#874,.T.);
#18=FACE_BOUND('',#875,.T.);
#19=FACE_BOUND('',#876,.T.);
#20=FACE_BOUND('',#877,.T.);
#21=FACE_BOUND('',#878,.T.);
#22=FACE_BOUND('',#879,.T.);
#23=FACE_BOUND('',#880,.T.);
#24=FACE_BOUND('',#881,.T.);
#25=FACE_BOUND('',#882,.T.);
#26=FACE_BOUND('',#883,.T.);
#27=FACE_BOUND('',#884,.T.);
#28=FACE_BOUND('',#885,.T.);
#29=FACE_BOUND('',#886,.T.);
#30=FACE_BOUND('',#887,.T.);
#31=FACE_BOUND('',#888,.T.);
#32=FACE_BOUND('',#889,.T.);
#33=FACE_BOUND('',#890,.T.);
#34=FACE_BOUND('',#891,.T.);
#35=FACE_BOUND('',#892,.T.);
#36=FACE_BOUND('',#893,.T.);
#37=FACE_BOUND('',#894,.T.);
#38=FACE_BOUND('',#895,.T.);
#39=FACE_BOUND('',#896,.T.);
#40=FACE_BOUND('',#897,.T.);
#41=FACE_BOUND('',#898,.T.);
#42=FACE_BOUND('',#899,.T.);
#43=FACE_BOUND('',#900,.T.);
#44=FACE_BOUND('',#901,.T.);
#45=FACE_BOUND('',#902,.T.);
#46=FACE_BOUND('',#903,.T.);
#47=FACE_BOUND('',#904,.T.);
#48=FACE_BOUND('',#905,.T.);
#49=FACE_BOUND('',#906,.T.);
#50=FACE_BOUND('',#907,.T.);
#51=FACE_BOUND('',#908,.T.);
#52=FACE_BOUND('',#909,.T.);
#53=FACE_BOUND('',#910,.T.);
#54=FACE_BOUND('',#911,.T.);
#55=FACE_BOUND('',#912,.T.);
#56=FACE_BOUND('',#913,.T.);
#57=FACE_BOUND('',#914,.T.);
#58=FACE_BOUND('',#915,.T.);
#59=FACE_BOUND('',#917,.T.);
#60=FACE_BOUND('',#918,.T.);
#61=FACE_BOUND('',#919,.T.);
#62=FACE_BOUND('',#920,.T.);
#63=FACE_BOUND('',#921,.T.);
#64=FACE_BOUND('',#922,.T.);
#65=FACE_BOUND('',#923,.T.);
#66=FACE_BOUND('',#924,.T.);
#67=FACE_BOUND('',#925,.T.);
#68=FACE_BOUND('',#926,.T.);
#69=FACE_BOUND('',#927,.T.);
#70=FACE_BOUND('',#928,.T.);
#71=FACE_BOUND('',#929,.T.);
#72=FACE_BOUND('',#930,.T.);
#73=FACE_BOUND('',#931,.T.);
#74=FACE_BOUND('',#932,.T.);
#75=FACE_BOUND('',#933,.T.);
#76=FACE_BOUND('',#934,.T.);
#77=FACE_BOUND('',#935,.T.);
#78=FACE_BOUND('',#936,.T.);
#79=FACE_BOUND('',#937,.T.);
#80=FACE_BOUND('',#938,.T.);
#81=FACE_BOUND('',#939,.T.);
#82=FACE_BOUND('',#940,.T.);
#83=FACE_BOUND('',#941,.T.);
#84=FACE_BOUND('',#942,.T.);
#85=FACE_BOUND('',#943,.T.);
#86=FACE_BOUND('',#944,.T.);
#87=FACE_BOUND('',#945,.T.);
#88=FACE_BOUND('',#946,.T.);
#89=FACE_BOUND('',#947,.T.);
#90=FACE_BOUND('',#948,.T.);
#91=FACE_BOUND('',#949,.T.);
#92=FACE_BOUND('',#950,.T.);
#93=FACE_BOUND('',#951,.T.);
#94=FACE_BOUND('',#952,.T.);
#95=FACE_BOUND('',#953,.T.);
#96=FACE_BOUND('',#954,.T.);
#97=FACE_BOUND('',#955,.T.);
#98=FACE_BOUND('',#956,.T.);
#99=FACE_BOUND('',#957,.T.);
#100=FACE_BOUND('',#958,.T.);
#101=FACE_BOUND('',#959,.T.);
#102=FACE_BOUND('',#960,.T.);
#103=PLANE('',#5517);
#104=PLANE('',#5518);
#105=PLANE('',#5522);
#106=PLANE('',#5523);
#107=PLANE('',#5524);
#108=PLANE('',#5525);
#109=PLANE('',#5526);
#110=PLANE('',#5530);
#111=PLANE('',#5531);
#112=PLANE('',#5532);
#113=PLANE('',#5533);
#114=PLANE('',#5534);
#115=PLANE('',#5538);
#116=PLANE('',#5539);
#117=PLANE('',#5540);
#118=PLANE('',#5541);
#119=PLANE('',#5542);
#120=PLANE('',#5546);
#121=PLANE('',#5547);
#122=PLANE('',#5548);
#123=PLANE('',#5549);
#124=PLANE('',#5550);
#125=PLANE('',#5554);
#126=PLANE('',#5555);
#127=PLANE('',#5556);
#128=PLANE('',#5557);
#129=PLANE('',#5558);
#130=PLANE('',#5562);
#131=PLANE('',#5563);
#132=PLANE('',#5564);
#133=PLANE('',#5565);
#134=PLANE('',#5566);
#135=PLANE('',#5570);
#136=PLANE('',#5571);
#137=PLANE('',#5572);
#138=PLANE('',#5573);
#139=PLANE('',#5574);
#140=PLANE('',#5578);
#141=PLANE('',#5579);
#142=PLANE('',#5580);
#143=PLANE('',#5581);
#144=PLANE('',#5582);
#145=PLANE('',#5586);
#146=PLANE('',#5587);
#147=PLANE('',#5588);
#148=PLANE('',#5589);
#149=PLANE('',#5590);
#150=PLANE('',#5594);
#151=PLANE('',#5595);
#152=PLANE('',#5596);
#153=PLANE('',#5597);
#154=PLANE('',#5598);
#155=PLANE('',#5602);
#156=PLANE('',#5603);
#157=PLANE('',#5604);
#158=PLANE('',#5605);
#159=PLANE('',#5606);
#160=PLANE('',#5610);
#161=PLANE('',#5611);
#162=PLANE('',#5612);
#163=PLANE('',#5613);
#164=PLANE('',#5614);
#165=PLANE('',#5618);
#166=PLANE('',#5619);
#167=PLANE('',#5620);
#168=PLANE('',#5621);
#169=PLANE('',#5622);
#170=PLANE('',#5626);
#171=PLANE('',#5627);
#172=PLANE('',#5628);
#173=PLANE('',#5629);
#174=PLANE('',#5630);
#175=PLANE('',#5634);
#176=PLANE('',#5635);
#177=PLANE('',#5636);
#178=PLANE('',#5637);
#179=PLANE('',#5638);
#180=PLANE('',#5642);
#181=PLANE('',#5643);
#182=PLANE('',#5644);
#183=PLANE('',#5645);
#184=PLANE('',#5646);
#185=PLANE('',#5650);
#186=PLANE('',#5651);
#187=PLANE('',#5652);
#188=PLANE('',#5653);
#189=PLANE('',#5654);
#190=PLANE('',#5658);
#191=PLANE('',#5659);
#192=PLANE('',#5660);
#193=PLANE('',#5661);
#194=PLANE('',#5662);
#195=PLANE('',#5666);
#196=PLANE('',#5667);
#197=PLANE('',#5668);
#198=PLANE('',#5669);
#199=PLANE('',#5670);
#200=PLANE('',#5674);
#201=PLANE('',#5675);
#202=PLANE('',#5676);
#203=PLANE('',#5677);
#204=PLANE('',#5678);
#205=PLANE('',#5682);
#206=PLANE('',#5683);
#207=PLANE('',#5684);
#208=PLANE('',#5685);
#209=PLANE('',#5686);
#210=PLANE('',#5690);
#211=PLANE('',#5691);
#212=PLANE('',#5692);
#213=PLANE('',#5693);
#214=PLANE('',#5694);
#215=PLANE('',#5698);
#216=PLANE('',#5699);
#217=PLANE('',#5700);
#218=PLANE('',#5701);
#219=PLANE('',#5702);
#220=PLANE('',#5706);
#221=PLANE('',#5707);
#222=PLANE('',#5708);
#223=PLANE('',#5709);
#224=PLANE('',#5710);
#225=PLANE('',#5714);
#226=PLANE('',#5715);
#227=PLANE('',#5716);
#228=PLANE('',#5717);
#229=PLANE('',#5718);
#230=PLANE('',#5722);
#231=PLANE('',#5723);
#232=PLANE('',#5724);
#233=PLANE('',#5725);
#234=PLANE('',#5726);
#235=PLANE('',#5730);
#236=PLANE('',#5731);
#237=PLANE('',#5732);
#238=PLANE('',#5733);
#239=PLANE('',#5734);
#240=PLANE('',#5738);
#241=PLANE('',#5739);
#242=PLANE('',#5740);
#243=PLANE('',#5741);
#244=PLANE('',#5742);
#245=PLANE('',#5746);
#246=PLANE('',#5747);
#247=PLANE('',#5748);
#248=PLANE('',#5749);
#249=PLANE('',#5750);
#250=PLANE('',#5754);
#251=PLANE('',#5755);
#252=PLANE('',#5756);
#253=PLANE('',#5757);
#254=PLANE('',#5758);
#255=PLANE('',#5762);
#256=PLANE('',#5763);
#257=PLANE('',#5764);
#258=PLANE('',#5765);
#259=PLANE('',#5766);
#260=PLANE('',#5770);
#261=PLANE('',#5771);
#262=PLANE('',#5772);
#263=PLANE('',#5773);
#264=PLANE('',#5774);
#265=PLANE('',#5778);
#266=PLANE('',#5779);
#267=PLANE('',#5780);
#268=PLANE('',#5781);
#269=PLANE('',#5782);
#270=PLANE('',#5786);
#271=PLANE('',#5787);
#272=PLANE('',#5788);
#273=PLANE('',#5789);
#274=PLANE('',#5790);
#275=PLANE('',#5794);
#276=PLANE('',#5795);
#277=PLANE('',#5796);
#278=PLANE('',#5797);
#279=PLANE('',#5798);
#280=PLANE('',#5802);
#281=PLANE('',#5803);
#282=PLANE('',#5804);
#283=PLANE('',#5805);
#284=PLANE('',#5806);
#285=PLANE('',#5810);
#286=PLANE('',#5811);
#287=PLANE('',#5812);
#288=PLANE('',#5813);
#289=PLANE('',#5814);
#290=PLANE('',#5818);
#291=PLANE('',#5819);
#292=PLANE('',#5820);
#293=PLANE('',#5821);
#294=PLANE('',#5822);
#295=PLANE('',#5826);
#296=PLANE('',#5827);
#297=PLANE('',#5828);
#298=PLANE('',#5829);
#299=PLANE('',#5830);
#300=PLANE('',#5834);
#301=PLANE('',#5835);
#302=PLANE('',#5836);
#303=PLANE('',#5837);
#304=PLANE('',#5838);
#305=PLANE('',#5839);
#306=PLANE('',#5840);
#307=PLANE('',#5841);
#308=PLANE('',#5842);
#309=PLANE('',#5843);
#310=PLANE('',#5844);
#311=PLANE('',#5845);
#312=PLANE('',#5846);
#313=CYLINDRICAL_SURFACE('',#5509,1.1);
#314=CYLINDRICAL_SURFACE('',#5511,1.1);
#315=CYLINDRICAL_SURFACE('',#5513,1.1);
#316=CYLINDRICAL_SURFACE('',#5515,1.1);
#317=CYLINDRICAL_SURFACE('',#5519,1.525);
#318=CYLINDRICAL_SURFACE('',#5527,1.525);
#319=CYLINDRICAL_SURFACE('',#5535,1.525);
#320=CYLINDRICAL_SURFACE('',#5543,1.525);
#321=CYLINDRICAL_SURFACE('',#5551,1.525);
#322=CYLINDRICAL_SURFACE('',#5559,1.525);
#323=CYLINDRICAL_SURFACE('',#5567,1.525);
#324=CYLINDRICAL_SURFACE('',#5575,1.525);
#325=CYLINDRICAL_SURFACE('',#5583,1.525);
#326=CYLINDRICAL_SURFACE('',#5591,1.525);
#327=CYLINDRICAL_SURFACE('',#5599,1.525);
#328=CYLINDRICAL_SURFACE('',#5607,1.525);
#329=CYLINDRICAL_SURFACE('',#5615,1.525);
#330=CYLINDRICAL_SURFACE('',#5623,1.525);
#331=CYLINDRICAL_SURFACE('',#5631,1.525);
#332=CYLINDRICAL_SURFACE('',#5639,1.525);
#333=CYLINDRICAL_SURFACE('',#5647,1.525);
#334=CYLINDRICAL_SURFACE('',#5655,1.525);
#335=CYLINDRICAL_SURFACE('',#5663,1.525);
#336=CYLINDRICAL_SURFACE('',#5671,1.525);
#337=CYLINDRICAL_SURFACE('',#5679,1.525);
#338=CYLINDRICAL_SURFACE('',#5687,1.525);
#339=CYLINDRICAL_SURFACE('',#5695,1.525);
#340=CYLINDRICAL_SURFACE('',#5703,1.525);
#341=CYLINDRICAL_SURFACE('',#5711,1.525);
#342=CYLINDRICAL_SURFACE('',#5719,1.525);
#343=CYLINDRICAL_SURFACE('',#5727,1.525);
#344=CYLINDRICAL_SURFACE('',#5735,1.525);
#345=CYLINDRICAL_SURFACE('',#5743,1.525);
#346=CYLINDRICAL_SURFACE('',#5751,1.525);
#347=CYLINDRICAL_SURFACE('',#5759,1.525);
#348=CYLINDRICAL_SURFACE('',#5767,1.525);
#349=CYLINDRICAL_SURFACE('',#5775,1.525);
#350=CYLINDRICAL_SURFACE('',#5783,1.525);
#351=CYLINDRICAL_SURFACE('',#5791,1.525);
#352=CYLINDRICAL_SURFACE('',#5799,1.525);
#353=CYLINDRICAL_SURFACE('',#5807,1.525);
#354=CYLINDRICAL_SURFACE('',#5815,1.525);
#355=CYLINDRICAL_SURFACE('',#5823,1.525);
#356=CYLINDRICAL_SURFACE('',#5831,1.525);
#357=FACE_OUTER_BOUND('',#615,.T.);
#358=FACE_OUTER_BOUND('',#616,.T.);
#359=FACE_OUTER_BOUND('',#617,.T.);
#360=FACE_OUTER_BOUND('',#618,.T.);
#361=FACE_OUTER_BOUND('',#619,.T.);
#362=FACE_OUTER_BOUND('',#620,.T.);
#363=FACE_OUTER_BOUND('',#621,.T.);
#364=FACE_OUTER_BOUND('',#622,.T.);
#365=FACE_OUTER_BOUND('',#623,.T.);
#366=FACE_OUTER_BOUND('',#624,.T.);
#367=FACE_OUTER_BOUND('',#625,.T.);
#368=FACE_OUTER_BOUND('',#626,.T.);
#369=FACE_OUTER_BOUND('',#627,.T.);
#370=FACE_OUTER_BOUND('',#628,.T.);
#371=FACE_OUTER_BOUND('',#629,.T.);
#372=FACE_OUTER_BOUND('',#630,.T.);
#373=FACE_OUTER_BOUND('',#631,.T.);
#374=FACE_OUTER_BOUND('',#632,.T.);
#375=FACE_OUTER_BOUND('',#633,.T.);
#376=FACE_OUTER_BOUND('',#634,.T.);
#377=FACE_OUTER_BOUND('',#635,.T.);
#378=FACE_OUTER_BOUND('',#636,.T.);
#379=FACE_OUTER_BOUND('',#637,.T.);
#380=FACE_OUTER_BOUND('',#638,.T.);
#381=FACE_OUTER_BOUND('',#639,.T.);
#382=FACE_OUTER_BOUND('',#640,.T.);
#383=FACE_OUTER_BOUND('',#641,.T.);
#384=FACE_OUTER_BOUND('',#642,.T.);
#385=FACE_OUTER_BOUND('',#643,.T.);
#386=FACE_OUTER_BOUND('',#644,.T.);
#387=FACE_OUTER_BOUND('',#645,.T.);
#388=FACE_OUTER_BOUND('',#646,.T.);
#389=FACE_OUTER_BOUND('',#647,.T.);
#390=FACE_OUTER_BOUND('',#648,.T.);
#391=FACE_OUTER_BOUND('',#649,.T.);
#392=FACE_OUTER_BOUND('',#650,.T.);
#393=FACE_OUTER_BOUND('',#651,.T.);
#394=FACE_OUTER_BOUND('',#652,.T.);
#395=FACE_OUTER_BOUND('',#653,.T.);
#396=FACE_OUTER_BOUND('',#654,.T.);
#397=FACE_OUTER_BOUND('',#655,.T.);
#398=FACE_OUTER_BOUND('',#656,.T.);
#399=FACE_OUTER_BOUND('',#657,.T.);
#400=FACE_OUTER_BOUND('',#658,.T.);
#401=FACE_OUTER_BOUND('',#659,.T.);
#402=FACE_OUTER_BOUND('',#660,.T.);
#403=FACE_OUTER_BOUND('',#661,.T.);
#404=FACE_OUTER_BOUND('',#662,.T.);
#405=FACE_OUTER_BOUND('',#663,.T.);
#406=FACE_OUTER_BOUND('',#664,.T.);
#407=FACE_OUTER_BOUND('',#665,.T.);
#408=FACE_OUTER_BOUND('',#666,.T.);
#409=FACE_OUTER_BOUND('',#667,.T.);
#410=FACE_OUTER_BOUND('',#668,.T.);
#411=FACE_OUTER_BOUND('',#669,.T.);
#412=FACE_OUTER_BOUND('',#670,.T.);
#413=FACE_OUTER_BOUND('',#671,.T.);
#414=FACE_OUTER_BOUND('',#672,.T.);
#415=FACE_OUTER_BOUND('',#673,.T.);
#416=FACE_OUTER_BOUND('',#674,.T.);
#417=FACE_OUTER_BOUND('',#675,.T.);
#418=FACE_OUTER_BOUND('',#676,.T.);
#419=FACE_OUTER_BOUND('',#677,.T.);
#420=FACE_OUTER_BOUND('',#678,.T.);
#421=FACE_OUTER_BOUND('',#679,.T.);
#422=FACE_OUTER_BOUND('',#680,.T.);
#423=FACE_OUTER_BOUND('',#681,.T.);
#424=FACE_OUTER_BOUND('',#682,.T.);
#425=FACE_OUTER_BOUND('',#683,.T.);
#426=FACE_OUTER_BOUND('',#684,.T.);
#427=FACE_OUTER_BOUND('',#685,.T.);
#428=FACE_OUTER_BOUND('',#686,.T.);
#429=FACE_OUTER_BOUND('',#687,.T.);
#430=FACE_OUTER_BOUND('',#688,.T.);
#431=FACE_OUTER_BOUND('',#689,.T.);
#432=FACE_OUTER_BOUND('',#690,.T.);
#433=FACE_OUTER_BOUND('',#691,.T.);
#434=FACE_OUTER_BOUND('',#692,.T.);
#435=FACE_OUTER_BOUND('',#693,.T.);
#436=FACE_OUTER_BOUND('',#694,.T.);
#437=FACE_OUTER_BOUND('',#695,.T.);
#438=FACE_OUTER_BOUND('',#696,.T.);
#439=FACE_OUTER_BOUND('',#697,.T.);
#440=FACE_OUTER_BOUND('',#698,.T.);
#441=FACE_OUTER_BOUND('',#699,.T.);
#442=FACE_OUTER_BOUND('',#700,.T.);
#443=FACE_OUTER_BOUND('',#701,.T.);
#444=FACE_OUTER_BOUND('',#702,.T.);
#445=FACE_OUTER_BOUND('',#703,.T.);
#446=FACE_OUTER_BOUND('',#704,.T.);
#447=FACE_OUTER_BOUND('',#705,.T.);
#448=FACE_OUTER_BOUND('',#706,.T.);
#449=FACE_OUTER_BOUND('',#707,.T.);
#450=FACE_OUTER_BOUND('',#708,.T.);
#451=FACE_OUTER_BOUND('',#709,.T.);
#452=FACE_OUTER_BOUND('',#710,.T.);
#453=FACE_OUTER_BOUND('',#711,.T.);
#454=FACE_OUTER_BOUND('',#712,.T.);
#455=FACE_OUTER_BOUND('',#713,.T.);
#456=FACE_OUTER_BOUND('',#714,.T.);
#457=FACE_OUTER_BOUND('',#715,.T.);
#458=FACE_OUTER_BOUND('',#716,.T.);
#459=FACE_OUTER_BOUND('',#717,.T.);
#460=FACE_OUTER_BOUND('',#718,.T.);
#461=FACE_OUTER_BOUND('',#719,.T.);
#462=FACE_OUTER_BOUND('',#720,.T.);
#463=FACE_OUTER_BOUND('',#721,.T.);
#464=FACE_OUTER_BOUND('',#722,.T.);
#465=FACE_OUTER_BOUND('',#723,.T.);
#466=FACE_OUTER_BOUND('',#724,.T.);
#467=FACE_OUTER_BOUND('',#725,.T.);
#468=FACE_OUTER_BOUND('',#726,.T.);
#469=FACE_OUTER_BOUND('',#727,.T.);
#470=FACE_OUTER_BOUND('',#728,.T.);
#471=FACE_OUTER_BOUND('',#729,.T.);
#472=FACE_OUTER_BOUND('',#730,.T.);
#473=FACE_OUTER_BOUND('',#731,.T.);
#474=FACE_OUTER_BOUND('',#732,.T.);
#475=FACE_OUTER_BOUND('',#733,.T.);
#476=FACE_OUTER_BOUND('',#734,.T.);
#477=FACE_OUTER_BOUND('',#735,.T.);
#478=FACE_OUTER_BOUND('',#736,.T.);
#479=FACE_OUTER_BOUND('',#737,.T.);
#480=FACE_OUTER_BOUND('',#738,.T.);
#481=FACE_OUTER_BOUND('',#739,.T.);
#482=FACE_OUTER_BOUND('',#740,.T.);
#483=FACE_OUTER_BOUND('',#741,.T.);
#484=FACE_OUTER_BOUND('',#742,.T.);
#485=FACE_OUTER_BOUND('',#743,.T.);
#486=FACE_OUTER_BOUND('',#744,.T.);
#487=FACE_OUTER_BOUND('',#745,.T.);
#488=FACE_OUTER_BOUND('',#746,.T.);
#489=FACE_OUTER_BOUND('',#747,.T.);
#490=FACE_OUTER_BOUND('',#748,.T.);
#491=FACE_OUTER_BOUND('',#749,.T.);
#492=FACE_OUTER_BOUND('',#750,.T.);
#493=FACE_OUTER_BOUND('',#751,.T.);
#494=FACE_OUTER_BOUND('',#752,.T.);
#495=FACE_OUTER_BOUND('',#753,.T.);
#496=FACE_OUTER_BOUND('',#754,.T.);
#497=FACE_OUTER_BOUND('',#755,.T.);
#498=FACE_OUTER_BOUND('',#756,.T.);
#499=FACE_OUTER_BOUND('',#757,.T.);
#500=FACE_OUTER_BOUND('',#758,.T.);
#501=FACE_OUTER_BOUND('',#759,.T.);
#502=FACE_OUTER_BOUND('',#760,.T.);
#503=FACE_OUTER_BOUND('',#761,.T.);
#504=FACE_OUTER_BOUND('',#762,.T.);
#505=FACE_OUTER_BOUND('',#763,.T.);
#506=FACE_OUTER_BOUND('',#764,.T.);
#507=FACE_OUTER_BOUND('',#765,.T.);
#508=FACE_OUTER_BOUND('',#766,.T.);
#509=FACE_OUTER_BOUND('',#767,.T.);
#510=FACE_OUTER_BOUND('',#768,.T.);
#511=FACE_OUTER_BOUND('',#769,.T.);
#512=FACE_OUTER_BOUND('',#770,.T.);
#513=FACE_OUTER_BOUND('',#771,.T.);
#514=FACE_OUTER_BOUND('',#772,.T.);
#515=FACE_OUTER_BOUND('',#773,.T.);
#516=FACE_OUTER_BOUND('',#774,.T.);
#517=FACE_OUTER_BOUND('',#775,.T.);
#518=FACE_OUTER_BOUND('',#776,.T.);
#519=FACE_OUTER_BOUND('',#777,.T.);
#520=FACE_OUTER_BOUND('',#778,.T.);
#521=FACE_OUTER_BOUND('',#779,.T.);
#522=FACE_OUTER_BOUND('',#780,.T.);
#523=FACE_OUTER_BOUND('',#781,.T.);
#524=FACE_OUTER_BOUND('',#782,.T.);
#525=FACE_OUTER_BOUND('',#783,.T.);
#526=FACE_OUTER_BOUND('',#784,.T.);
#527=FACE_OUTER_BOUND('',#785,.T.);
#528=FACE_OUTER_BOUND('',#786,.T.);
#529=FACE_OUTER_BOUND('',#787,.T.);
#530=FACE_OUTER_BOUND('',#788,.T.);
#531=FACE_OUTER_BOUND('',#789,.T.);
#532=FACE_OUTER_BOUND('',#790,.T.);
#533=FACE_OUTER_BOUND('',#791,.T.);
#534=FACE_OUTER_BOUND('',#792,.T.);
#535=FACE_OUTER_BOUND('',#793,.T.);
#536=FACE_OUTER_BOUND('',#794,.T.);
#537=FACE_OUTER_BOUND('',#795,.T.);
#538=FACE_OUTER_BOUND('',#796,.T.);
#539=FACE_OUTER_BOUND('',#797,.T.);
#540=FACE_OUTER_BOUND('',#798,.T.);
#541=FACE_OUTER_BOUND('',#799,.T.);
#542=FACE_OUTER_BOUND('',#800,.T.);
#543=FACE_OUTER_BOUND('',#801,.T.);
#544=FACE_OUTER_BOUND('',#802,.T.);
#545=FACE_OUTER_BOUND('',#803,.T.);
#546=FACE_OUTER_BOUND('',#804,.T.);
#547=FACE_OUTER_BOUND('',#805,.T.);
#548=FACE_OUTER_BOUND('',#806,.T.);
#549=FACE_OUTER_BOUND('',#807,.T.);
#550=FACE_OUTER_BOUND('',#808,.T.);
#551=FACE_OUTER_BOUND('',#809,.T.);
#552=FACE_OUTER_BOUND('',#810,.T.);
#553=FACE_OUTER_BOUND('',#811,.T.);
#554=FACE_OUTER_BOUND('',#812,.T.);
#555=FACE_OUTER_BOUND('',#813,.T.);
#556=FACE_OUTER_BOUND('',#814,.T.);
#557=FACE_OUTER_BOUND('',#815,.T.);
#558=FACE_OUTER_BOUND('',#816,.T.);
#559=FACE_OUTER_BOUND('',#817,.T.);
#560=FACE_OUTER_BOUND('',#818,.T.);
#561=FACE_OUTER_BOUND('',#819,.T.);
#562=FACE_OUTER_BOUND('',#820,.T.);
#563=FACE_OUTER_BOUND('',#821,.T.);
#564=FACE_OUTER_BOUND('',#822,.T.);
#565=FACE_OUTER_BOUND('',#823,.T.);
#566=FACE_OUTER_BOUND('',#824,.T.);
#567=FACE_OUTER_BOUND('',#825,.T.);
#568=FACE_OUTER_BOUND('',#826,.T.);
#569=FACE_OUTER_BOUND('',#827,.T.);
#570=FACE_OUTER_BOUND('',#828,.T.);
#571=FACE_OUTER_BOUND('',#829,.T.);
#572=FACE_OUTER_BOUND('',#830,.T.);
#573=FACE_OUTER_BOUND('',#831,.T.);
#574=FACE_OUTER_BOUND('',#832,.T.);
#575=FACE_OUTER_BOUND('',#833,.T.);
#576=FACE_OUTER_BOUND('',#834,.T.);
#577=FACE_OUTER_BOUND('',#835,.T.);
#578=FACE_OUTER_BOUND('',#836,.T.);
#579=FACE_OUTER_BOUND('',#837,.T.);
#580=FACE_OUTER_BOUND('',#838,.T.);
#581=FACE_OUTER_BOUND('',#839,.T.);
#582=FACE_OUTER_BOUND('',#840,.T.);
#583=FACE_OUTER_BOUND('',#841,.T.);
#584=FACE_OUTER_BOUND('',#842,.T.);
#585=FACE_OUTER_BOUND('',#843,.T.);
#586=FACE_OUTER_BOUND('',#844,.T.);
#587=FACE_OUTER_BOUND('',#845,.T.);
#588=FACE_OUTER_BOUND('',#846,.T.);
#589=FACE_OUTER_BOUND('',#847,.T.);
#590=FACE_OUTER_BOUND('',#848,.T.);
#591=FACE_OUTER_BOUND('',#849,.T.);
#592=FACE_OUTER_BOUND('',#850,.T.);
#593=FACE_OUTER_BOUND('',#851,.T.);
#594=FACE_OUTER_BOUND('',#852,.T.);
#595=FACE_OUTER_BOUND('',#853,.T.);
#596=FACE_OUTER_BOUND('',#854,.T.);
#597=FACE_OUTER_BOUND('',#855,.T.);
#598=FACE_OUTER_BOUND('',#856,.T.);
#599=FACE_OUTER_BOUND('',#857,.T.);
#600=FACE_OUTER_BOUND('',#858,.T.);
#601=FACE_OUTER_BOUND('',#859,.T.);
#602=FACE_OUTER_BOUND('',#860,.T.);
#603=FACE_OUTER_BOUND('',#861,.T.);
#604=FACE_OUTER_BOUND('',#862,.T.);
#605=FACE_OUTER_BOUND('',#863,.T.);
#606=FACE_OUTER_BOUND('',#864,.T.);
#607=FACE_OUTER_BOUND('',#865,.T.);
#608=FACE_OUTER_BOUND('',#866,.T.);
#609=FACE_OUTER_BOUND('',#867,.T.);
#610=FACE_OUTER_BOUND('',#868,.T.);
#611=FACE_OUTER_BOUND('',#869,.T.);
#612=FACE_OUTER_BOUND('',#870,.T.);
#613=FACE_OUTER_BOUND('',#871,.T.);
#614=FACE_OUTER_BOUND('',#916,.T.);
#615=EDGE_LOOP('',(#3681,#3682,#3683,#3684,#3685));
#616=EDGE_LOOP('',(#3686,#3687,#3688,#3689,#3690));
#617=EDGE_LOOP('',(#3691,#3692,#3693,#3694,#3695));
#618=EDGE_LOOP('',(#3696,#3697,#3698,#3699,#3700));
#619=EDGE_LOOP('',(#3701,#3702,#3703,#3704,#3705));
#620=EDGE_LOOP('',(#3706,#3707,#3708,#3709,#3710));
#621=EDGE_LOOP('',(#3711,#3712,#3713,#3714,#3715));
#622=EDGE_LOOP('',(#3716,#3717,#3718,#3719,#3720));
#623=EDGE_LOOP('',(#3721,#3722,#3723,#3724));
#624=EDGE_LOOP('',(#3725,#3726,#3727,#3728));
#625=EDGE_LOOP('',(#3729,#3730,#3731,#3732));
#626=EDGE_LOOP('',(#3733,#3734,#3735,#3736));
#627=EDGE_LOOP('',(#3737,#3738,#3739,#3740));
#628=EDGE_LOOP('',(#3741,#3742,#3743,#3744));
#629=EDGE_LOOP('',(#3745,#3746,#3747,#3748));
#630=EDGE_LOOP('',(#3749,#3750,#3751,#3752));
#631=EDGE_LOOP('',(#3753,#3754,#3755,#3756));
#632=EDGE_LOOP('',(#3757,#3758,#3759,#3760));
#633=EDGE_LOOP('',(#3761,#3762,#3763,#3764));
#634=EDGE_LOOP('',(#3765,#3766,#3767,#3768));
#635=EDGE_LOOP('',(#3769,#3770,#3771,#3772));
#636=EDGE_LOOP('',(#3773,#3774,#3775,#3776));
#637=EDGE_LOOP('',(#3777,#3778,#3779,#3780));
#638=EDGE_LOOP('',(#3781,#3782,#3783,#3784));
#639=EDGE_LOOP('',(#3785,#3786,#3787,#3788));
#640=EDGE_LOOP('',(#3789,#3790,#3791,#3792));
#641=EDGE_LOOP('',(#3793,#3794,#3795,#3796));
#642=EDGE_LOOP('',(#3797,#3798,#3799,#3800));
#643=EDGE_LOOP('',(#3801,#3802,#3803,#3804));
#644=EDGE_LOOP('',(#3805,#3806,#3807,#3808));
#645=EDGE_LOOP('',(#3809,#3810,#3811,#3812));
#646=EDGE_LOOP('',(#3813,#3814,#3815,#3816));
#647=EDGE_LOOP('',(#3817,#3818,#3819,#3820));
#648=EDGE_LOOP('',(#3821,#3822,#3823,#3824));
#649=EDGE_LOOP('',(#3825,#3826,#3827,#3828));
#650=EDGE_LOOP('',(#3829,#3830,#3831,#3832));
#651=EDGE_LOOP('',(#3833,#3834,#3835,#3836));
#652=EDGE_LOOP('',(#3837,#3838,#3839,#3840));
#653=EDGE_LOOP('',(#3841,#3842,#3843,#3844));
#654=EDGE_LOOP('',(#3845,#3846,#3847,#3848));
#655=EDGE_LOOP('',(#3849,#3850,#3851,#3852));
#656=EDGE_LOOP('',(#3853,#3854,#3855,#3856));
#657=EDGE_LOOP('',(#3857,#3858,#3859,#3860));
#658=EDGE_LOOP('',(#3861,#3862,#3863,#3864));
#659=EDGE_LOOP('',(#3865,#3866,#3867,#3868));
#660=EDGE_LOOP('',(#3869,#3870,#3871,#3872));
#661=EDGE_LOOP('',(#3873,#3874,#3875,#3876));
#662=EDGE_LOOP('',(#3877,#3878,#3879,#3880));
#663=EDGE_LOOP('',(#3881,#3882,#3883,#3884));
#664=EDGE_LOOP('',(#3885,#3886,#3887,#3888));
#665=EDGE_LOOP('',(#3889,#3890,#3891,#3892));
#666=EDGE_LOOP('',(#3893,#3894,#3895,#3896));
#667=EDGE_LOOP('',(#3897,#3898,#3899,#3900));
#668=EDGE_LOOP('',(#3901,#3902,#3903,#3904));
#669=EDGE_LOOP('',(#3905,#3906,#3907,#3908));
#670=EDGE_LOOP('',(#3909,#3910,#3911,#3912));
#671=EDGE_LOOP('',(#3913,#3914,#3915,#3916));
#672=EDGE_LOOP('',(#3917,#3918,#3919,#3920));
#673=EDGE_LOOP('',(#3921,#3922,#3923,#3924));
#674=EDGE_LOOP('',(#3925,#3926,#3927,#3928));
#675=EDGE_LOOP('',(#3929,#3930,#3931,#3932));
#676=EDGE_LOOP('',(#3933,#3934,#3935,#3936));
#677=EDGE_LOOP('',(#3937,#3938,#3939,#3940));
#678=EDGE_LOOP('',(#3941,#3942,#3943,#3944));
#679=EDGE_LOOP('',(#3945,#3946,#3947,#3948));
#680=EDGE_LOOP('',(#3949,#3950,#3951,#3952));
#681=EDGE_LOOP('',(#3953,#3954,#3955,#3956));
#682=EDGE_LOOP('',(#3957,#3958,#3959,#3960));
#683=EDGE_LOOP('',(#3961,#3962,#3963,#3964));
#684=EDGE_LOOP('',(#3965,#3966,#3967,#3968));
#685=EDGE_LOOP('',(#3969,#3970,#3971,#3972));
#686=EDGE_LOOP('',(#3973,#3974,#3975,#3976));
#687=EDGE_LOOP('',(#3977,#3978,#3979,#3980));
#688=EDGE_LOOP('',(#3981,#3982,#3983,#3984));
#689=EDGE_LOOP('',(#3985,#3986,#3987,#3988));
#690=EDGE_LOOP('',(#3989,#3990,#3991,#3992));
#691=EDGE_LOOP('',(#3993,#3994,#3995,#3996));
#692=EDGE_LOOP('',(#3997,#3998,#3999,#4000));
#693=EDGE_LOOP('',(#4001,#4002,#4003,#4004));
#694=EDGE_LOOP('',(#4005,#4006,#4007,#4008));
#695=EDGE_LOOP('',(#4009,#4010,#4011,#4012));
#696=EDGE_LOOP('',(#4013,#4014,#4015,#4016));
#697=EDGE_LOOP('',(#4017,#4018,#4019,#4020));
#698=EDGE_LOOP('',(#4021,#4022,#4023,#4024));
#699=EDGE_LOOP('',(#4025,#4026,#4027,#4028));
#700=EDGE_LOOP('',(#4029,#4030,#4031,#4032));
#701=EDGE_LOOP('',(#4033,#4034,#4035,#4036));
#702=EDGE_LOOP('',(#4037,#4038,#4039,#4040));
#703=EDGE_LOOP('',(#4041,#4042,#4043,#4044));
#704=EDGE_LOOP('',(#4045,#4046,#4047,#4048));
#705=EDGE_LOOP('',(#4049,#4050,#4051,#4052));
#706=EDGE_LOOP('',(#4053,#4054,#4055,#4056));
#707=EDGE_LOOP('',(#4057,#4058,#4059,#4060));
#708=EDGE_LOOP('',(#4061,#4062,#4063,#4064));
#709=EDGE_LOOP('',(#4065,#4066,#4067,#4068));
#710=EDGE_LOOP('',(#4069,#4070,#4071,#4072));
#711=EDGE_LOOP('',(#4073,#4074,#4075,#4076));
#712=EDGE_LOOP('',(#4077,#4078,#4079,#4080));
#713=EDGE_LOOP('',(#4081,#4082,#4083,#4084));
#714=EDGE_LOOP('',(#4085,#4086,#4087,#4088));
#715=EDGE_LOOP('',(#4089,#4090,#4091,#4092));
#716=EDGE_LOOP('',(#4093,#4094,#4095,#4096));
#717=EDGE_LOOP('',(#4097,#4098,#4099,#4100));
#718=EDGE_LOOP('',(#4101,#4102,#4103,#4104));
#719=EDGE_LOOP('',(#4105,#4106,#4107,#4108));
#720=EDGE_LOOP('',(#4109,#4110,#4111,#4112));
#721=EDGE_LOOP('',(#4113,#4114,#4115,#4116));
#722=EDGE_LOOP('',(#4117,#4118,#4119,#4120));
#723=EDGE_LOOP('',(#4121,#4122,#4123,#4124));
#724=EDGE_LOOP('',(#4125,#4126,#4127,#4128));
#725=EDGE_LOOP('',(#4129,#4130,#4131,#4132));
#726=EDGE_LOOP('',(#4133,#4134,#4135,#4136));
#727=EDGE_LOOP('',(#4137,#4138,#4139,#4140));
#728=EDGE_LOOP('',(#4141,#4142,#4143,#4144));
#729=EDGE_LOOP('',(#4145,#4146,#4147,#4148));
#730=EDGE_LOOP('',(#4149,#4150,#4151,#4152));
#731=EDGE_LOOP('',(#4153,#4154,#4155,#4156));
#732=EDGE_LOOP('',(#4157,#4158,#4159,#4160));
#733=EDGE_LOOP('',(#4161,#4162,#4163,#4164));
#734=EDGE_LOOP('',(#4165,#4166,#4167,#4168));
#735=EDGE_LOOP('',(#4169,#4170,#4171,#4172));
#736=EDGE_LOOP('',(#4173,#4174,#4175,#4176));
#737=EDGE_LOOP('',(#4177,#4178,#4179,#4180));
#738=EDGE_LOOP('',(#4181,#4182,#4183,#4184));
#739=EDGE_LOOP('',(#4185,#4186,#4187,#4188));
#740=EDGE_LOOP('',(#4189,#4190,#4191,#4192));
#741=EDGE_LOOP('',(#4193,#4194,#4195,#4196));
#742=EDGE_LOOP('',(#4197,#4198,#4199,#4200));
#743=EDGE_LOOP('',(#4201,#4202,#4203,#4204));
#744=EDGE_LOOP('',(#4205,#4206,#4207,#4208));
#745=EDGE_LOOP('',(#4209,#4210,#4211,#4212));
#746=EDGE_LOOP('',(#4213,#4214,#4215,#4216));
#747=EDGE_LOOP('',(#4217,#4218,#4219,#4220));
#748=EDGE_LOOP('',(#4221,#4222,#4223,#4224));
#749=EDGE_LOOP('',(#4225,#4226,#4227,#4228));
#750=EDGE_LOOP('',(#4229,#4230,#4231,#4232));
#751=EDGE_LOOP('',(#4233,#4234,#4235,#4236));
#752=EDGE_LOOP('',(#4237,#4238,#4239,#4240));
#753=EDGE_LOOP('',(#4241,#4242,#4243,#4244));
#754=EDGE_LOOP('',(#4245,#4246,#4247,#4248));
#755=EDGE_LOOP('',(#4249,#4250,#4251,#4252));
#756=EDGE_LOOP('',(#4253,#4254,#4255,#4256));
#757=EDGE_LOOP('',(#4257,#4258,#4259,#4260));
#758=EDGE_LOOP('',(#4261,#4262,#4263,#4264));
#759=EDGE_LOOP('',(#4265,#4266,#4267,#4268));
#760=EDGE_LOOP('',(#4269,#4270,#4271,#4272));
#761=EDGE_LOOP('',(#4273,#4274,#4275,#4276));
#762=EDGE_LOOP('',(#4277,#4278,#4279,#4280));
#763=EDGE_LOOP('',(#4281,#4282,#4283,#4284));
#764=EDGE_LOOP('',(#4285,#4286,#4287,#4288));
#765=EDGE_LOOP('',(#4289,#4290,#4291,#4292));
#766=EDGE_LOOP('',(#4293,#4294,#4295,#4296));
#767=EDGE_LOOP('',(#4297,#4298,#4299,#4300));
#768=EDGE_LOOP('',(#4301,#4302,#4303,#4304));
#769=EDGE_LOOP('',(#4305,#4306,#4307,#4308));
#770=EDGE_LOOP('',(#4309,#4310,#4311,#4312));
#771=EDGE_LOOP('',(#4313,#4314,#4315,#4316));
#772=EDGE_LOOP('',(#4317,#4318,#4319,#4320));
#773=EDGE_LOOP('',(#4321,#4322,#4323,#4324));
#774=EDGE_LOOP('',(#4325,#4326,#4327,#4328));
#775=EDGE_LOOP('',(#4329,#4330,#4331,#4332));
#776=EDGE_LOOP('',(#4333,#4334,#4335,#4336));
#777=EDGE_LOOP('',(#4337,#4338,#4339,#4340));
#778=EDGE_LOOP('',(#4341,#4342,#4343,#4344));
#779=EDGE_LOOP('',(#4345,#4346,#4347,#4348));
#780=EDGE_LOOP('',(#4349,#4350,#4351,#4352));
#781=EDGE_LOOP('',(#4353,#4354,#4355,#4356));
#782=EDGE_LOOP('',(#4357,#4358,#4359,#4360));
#783=EDGE_LOOP('',(#4361,#4362,#4363,#4364));
#784=EDGE_LOOP('',(#4365,#4366,#4367,#4368));
#785=EDGE_LOOP('',(#4369,#4370,#4371,#4372));
#786=EDGE_LOOP('',(#4373,#4374,#4375,#4376));
#787=EDGE_LOOP('',(#4377,#4378,#4379,#4380));
#788=EDGE_LOOP('',(#4381,#4382,#4383,#4384));
#789=EDGE_LOOP('',(#4385,#4386,#4387,#4388));
#790=EDGE_LOOP('',(#4389,#4390,#4391,#4392));
#791=EDGE_LOOP('',(#4393,#4394,#4395,#4396));
#792=EDGE_LOOP('',(#4397,#4398,#4399,#4400));
#793=EDGE_LOOP('',(#4401,#4402,#4403,#4404));
#794=EDGE_LOOP('',(#4405,#4406,#4407,#4408));
#795=EDGE_LOOP('',(#4409,#4410,#4411,#4412));
#796=EDGE_LOOP('',(#4413,#4414,#4415,#4416));
#797=EDGE_LOOP('',(#4417,#4418,#4419,#4420));
#798=EDGE_LOOP('',(#4421,#4422,#4423,#4424));
#799=EDGE_LOOP('',(#4425,#4426,#4427,#4428));
#800=EDGE_LOOP('',(#4429,#4430,#4431,#4432));
#801=EDGE_LOOP('',(#4433,#4434,#4435,#4436));
#802=EDGE_LOOP('',(#4437,#4438,#4439,#4440));
#803=EDGE_LOOP('',(#4441,#4442,#4443,#4444));
#804=EDGE_LOOP('',(#4445,#4446,#4447,#4448));
#805=EDGE_LOOP('',(#4449,#4450,#4451,#4452));
#806=EDGE_LOOP('',(#4453,#4454,#4455,#4456));
#807=EDGE_LOOP('',(#4457,#4458,#4459,#4460));
#808=EDGE_LOOP('',(#4461,#4462,#4463,#4464));
#809=EDGE_LOOP('',(#4465,#4466,#4467,#4468));
#810=EDGE_LOOP('',(#4469,#4470,#4471,#4472));
#811=EDGE_LOOP('',(#4473,#4474,#4475,#4476));
#812=EDGE_LOOP('',(#4477,#4478,#4479,#4480));
#813=EDGE_LOOP('',(#4481,#4482,#4483,#4484));
#814=EDGE_LOOP('',(#4485,#4486,#4487,#4488));
#815=EDGE_LOOP('',(#4489,#4490,#4491,#4492));
#816=EDGE_LOOP('',(#4493,#4494,#4495,#4496));
#817=EDGE_LOOP('',(#4497,#4498,#4499,#4500));
#818=EDGE_LOOP('',(#4501,#4502,#4503,#4504));
#819=EDGE_LOOP('',(#4505,#4506,#4507,#4508));
#820=EDGE_LOOP('',(#4509,#4510,#4511,#4512));
#821=EDGE_LOOP('',(#4513,#4514,#4515,#4516));
#822=EDGE_LOOP('',(#4517,#4518,#4519,#4520));
#823=EDGE_LOOP('',(#4521,#4522,#4523,#4524));
#824=EDGE_LOOP('',(#4525,#4526,#4527,#4528));
#825=EDGE_LOOP('',(#4529,#4530,#4531,#4532));
#826=EDGE_LOOP('',(#4533,#4534,#4535,#4536));
#827=EDGE_LOOP('',(#4537,#4538,#4539,#4540));
#828=EDGE_LOOP('',(#4541,#4542,#4543,#4544));
#829=EDGE_LOOP('',(#4545,#4546,#4547,#4548));
#830=EDGE_LOOP('',(#4549,#4550,#4551,#4552));
#831=EDGE_LOOP('',(#4553,#4554,#4555,#4556));
#832=EDGE_LOOP('',(#4557,#4558,#4559,#4560));
#833=EDGE_LOOP('',(#4561,#4562,#4563,#4564));
#834=EDGE_LOOP('',(#4565,#4566,#4567,#4568));
#835=EDGE_LOOP('',(#4569,#4570,#4571,#4572));
#836=EDGE_LOOP('',(#4573,#4574,#4575,#4576));
#837=EDGE_LOOP('',(#4577,#4578,#4579,#4580));
#838=EDGE_LOOP('',(#4581,#4582,#4583,#4584));
#839=EDGE_LOOP('',(#4585,#4586,#4587,#4588));
#840=EDGE_LOOP('',(#4589,#4590,#4591,#4592));
#841=EDGE_LOOP('',(#4593,#4594,#4595,#4596));
#842=EDGE_LOOP('',(#4597,#4598,#4599,#4600));
#843=EDGE_LOOP('',(#4601,#4602,#4603,#4604));
#844=EDGE_LOOP('',(#4605,#4606,#4607,#4608));
#845=EDGE_LOOP('',(#4609,#4610,#4611,#4612));
#846=EDGE_LOOP('',(#4613,#4614,#4615,#4616));
#847=EDGE_LOOP('',(#4617,#4618,#4619,#4620));
#848=EDGE_LOOP('',(#4621,#4622,#4623,#4624));
#849=EDGE_LOOP('',(#4625,#4626,#4627,#4628));
#850=EDGE_LOOP('',(#4629,#4630,#4631,#4632));
#851=EDGE_LOOP('',(#4633,#4634,#4635,#4636));
#852=EDGE_LOOP('',(#4637,#4638,#4639,#4640));
#853=EDGE_LOOP('',(#4641,#4642,#4643,#4644));
#854=EDGE_LOOP('',(#4645,#4646,#4647,#4648));
#855=EDGE_LOOP('',(#4649,#4650,#4651,#4652));
#856=EDGE_LOOP('',(#4653,#4654,#4655,#4656));
#857=EDGE_LOOP('',(#4657,#4658,#4659,#4660));
#858=EDGE_LOOP('',(#4661,#4662,#4663,#4664));
#859=EDGE_LOOP('',(#4665,#4666,#4667,#4668));
#860=EDGE_LOOP('',(#4669,#4670,#4671,#4672));
#861=EDGE_LOOP('',(#4673,#4674,#4675,#4676));
#862=EDGE_LOOP('',(#4677,#4678,#4679,#4680));
#863=EDGE_LOOP('',(#4681,#4682,#4683,#4684));
#864=EDGE_LOOP('',(#4685,#4686,#4687,#4688));
#865=EDGE_LOOP('',(#4689,#4690,#4691,#4692));
#866=EDGE_LOOP('',(#4693,#4694,#4695,#4696));
#867=EDGE_LOOP('',(#4697,#4698,#4699,#4700));
#868=EDGE_LOOP('',(#4701,#4702,#4703,#4704));
#869=EDGE_LOOP('',(#4705,#4706,#4707,#4708));
#870=EDGE_LOOP('',(#4709,#4710,#4711,#4712));
#871=EDGE_LOOP('',(#4713,#4714,#4715,#4716,#4717,#4718,#4719,#4720));
#872=EDGE_LOOP('',(#4721,#4722,#4723,#4724,#4725,#4726));
#873=EDGE_LOOP('',(#4727,#4728,#4729,#4730,#4731,#4732));
#874=EDGE_LOOP('',(#4733,#4734,#4735,#4736,#4737,#4738));
#875=EDGE_LOOP('',(#4739,#4740,#4741,#4742,#4743,#4744));
#876=EDGE_LOOP('',(#4745,#4746,#4747,#4748,#4749,#4750));
#877=EDGE_LOOP('',(#4751,#4752,#4753,#4754,#4755,#4756));
#878=EDGE_LOOP('',(#4757,#4758,#4759,#4760,#4761,#4762));
#879=EDGE_LOOP('',(#4763,#4764,#4765,#4766,#4767,#4768));
#880=EDGE_LOOP('',(#4769,#4770,#4771,#4772,#4773,#4774));
#881=EDGE_LOOP('',(#4775,#4776,#4777,#4778,#4779,#4780));
#882=EDGE_LOOP('',(#4781,#4782,#4783,#4784,#4785,#4786));
#883=EDGE_LOOP('',(#4787,#4788,#4789,#4790,#4791,#4792));
#884=EDGE_LOOP('',(#4793,#4794,#4795,#4796,#4797,#4798));
#885=EDGE_LOOP('',(#4799,#4800,#4801,#4802,#4803,#4804));
#886=EDGE_LOOP('',(#4805,#4806,#4807,#4808,#4809,#4810));
#887=EDGE_LOOP('',(#4811,#4812,#4813,#4814,#4815,#4816));
#888=EDGE_LOOP('',(#4817,#4818,#4819,#4820,#4821,#4822));
#889=EDGE_LOOP('',(#4823,#4824,#4825,#4826,#4827,#4828));
#890=EDGE_LOOP('',(#4829,#4830,#4831,#4832,#4833,#4834));
#891=EDGE_LOOP('',(#4835,#4836,#4837,#4838,#4839,#4840));
#892=EDGE_LOOP('',(#4841,#4842,#4843,#4844,#4845,#4846));
#893=EDGE_LOOP('',(#4847,#4848,#4849,#4850,#4851,#4852));
#894=EDGE_LOOP('',(#4853,#4854,#4855,#4856,#4857,#4858));
#895=EDGE_LOOP('',(#4859,#4860,#4861,#4862,#4863,#4864));
#896=EDGE_LOOP('',(#4865,#4866,#4867,#4868,#4869,#4870));
#897=EDGE_LOOP('',(#4871,#4872,#4873,#4874,#4875,#4876));
#898=EDGE_LOOP('',(#4877,#4878,#4879,#4880,#4881,#4882));
#899=EDGE_LOOP('',(#4883,#4884,#4885,#4886,#4887,#4888));
#900=EDGE_LOOP('',(#4889,#4890,#4891,#4892,#4893,#4894));
#901=EDGE_LOOP('',(#4895,#4896,#4897,#4898,#4899,#4900));
#902=EDGE_LOOP('',(#4901,#4902,#4903,#4904,#4905,#4906));
#903=EDGE_LOOP('',(#4907,#4908,#4909,#4910,#4911,#4912));
#904=EDGE_LOOP('',(#4913,#4914,#4915,#4916,#4917,#4918));
#905=EDGE_LOOP('',(#4919,#4920,#4921,#4922,#4923,#4924));
#906=EDGE_LOOP('',(#4925,#4926,#4927,#4928,#4929,#4930));
#907=EDGE_LOOP('',(#4931,#4932,#4933,#4934,#4935,#4936));
#908=EDGE_LOOP('',(#4937,#4938,#4939,#4940,#4941,#4942));
#909=EDGE_LOOP('',(#4943,#4944,#4945,#4946,#4947,#4948));
#910=EDGE_LOOP('',(#4949,#4950,#4951,#4952,#4953,#4954));
#911=EDGE_LOOP('',(#4955,#4956,#4957,#4958,#4959,#4960));
#912=EDGE_LOOP('',(#4961));
#913=EDGE_LOOP('',(#4962));
#914=EDGE_LOOP('',(#4963));
#915=EDGE_LOOP('',(#4964));
#916=EDGE_LOOP('',(#4965,#4966,#4967,#4968,#4969,#4970,#4971,#4972));
#917=EDGE_LOOP('',(#4973));
#918=EDGE_LOOP('',(#4974,#4975,#4976,#4977,#4978,#4979));
#919=EDGE_LOOP('',(#4980,#4981,#4982,#4983,#4984,#4985));
#920=EDGE_LOOP('',(#4986,#4987,#4988,#4989,#4990,#4991));
#921=EDGE_LOOP('',(#4992,#4993,#4994,#4995,#4996,#4997));
#922=EDGE_LOOP('',(#4998,#4999,#5000,#5001,#5002,#5003));
#923=EDGE_LOOP('',(#5004,#5005,#5006,#5007,#5008,#5009));
#924=EDGE_LOOP('',(#5010,#5011,#5012,#5013,#5014,#5015));
#925=EDGE_LOOP('',(#5016,#5017,#5018,#5019,#5020,#5021));
#926=EDGE_LOOP('',(#5022,#5023,#5024,#5025,#5026,#5027));
#927=EDGE_LOOP('',(#5028,#5029,#5030,#5031,#5032,#5033));
#928=EDGE_LOOP('',(#5034,#5035,#5036,#5037,#5038,#5039));
#929=EDGE_LOOP('',(#5040,#5041,#5042,#5043,#5044,#5045));
#930=EDGE_LOOP('',(#5046,#5047,#5048,#5049,#5050,#5051));
#931=EDGE_LOOP('',(#5052,#5053,#5054,#5055,#5056,#5057));
#932=EDGE_LOOP('',(#5058,#5059,#5060,#5061,#5062,#5063));
#933=EDGE_LOOP('',(#5064,#5065,#5066,#5067,#5068,#5069));
#934=EDGE_LOOP('',(#5070,#5071,#5072,#5073,#5074,#5075));
#935=EDGE_LOOP('',(#5076,#5077,#5078,#5079,#5080,#5081));
#936=EDGE_LOOP('',(#5082,#5083,#5084,#5085,#5086,#5087));
#937=EDGE_LOOP('',(#5088,#5089,#5090,#5091,#5092,#5093));
#938=EDGE_LOOP('',(#5094,#5095,#5096,#5097,#5098,#5099));
#939=EDGE_LOOP('',(#5100,#5101,#5102,#5103,#5104,#5105));
#940=EDGE_LOOP('',(#5106,#5107,#5108,#5109,#5110,#5111));
#941=EDGE_LOOP('',(#5112,#5113,#5114,#5115,#5116,#5117));
#942=EDGE_LOOP('',(#5118,#5119,#5120,#5121,#5122,#5123));
#943=EDGE_LOOP('',(#5124,#5125,#5126,#5127,#5128,#5129));
#944=EDGE_LOOP('',(#5130,#5131,#5132,#5133,#5134,#5135));
#945=EDGE_LOOP('',(#5136,#5137,#5138,#5139,#5140,#5141));
#946=EDGE_LOOP('',(#5142,#5143,#5144,#5145,#5146,#5147));
#947=EDGE_LOOP('',(#5148,#5149,#5150,#5151,#5152,#5153));
#948=EDGE_LOOP('',(#5154,#5155,#5156,#5157,#5158,#5159));
#949=EDGE_LOOP('',(#5160,#5161,#5162,#5163,#5164,#5165));
#950=EDGE_LOOP('',(#5166,#5167,#5168,#5169,#5170,#5171));
#951=EDGE_LOOP('',(#5172,#5173,#5174,#5175,#5176,#5177));
#952=EDGE_LOOP('',(#5178,#5179,#5180,#5181,#5182,#5183));
#953=EDGE_LOOP('',(#5184,#5185,#5186,#5187,#5188,#5189));
#954=EDGE_LOOP('',(#5190,#5191,#5192,#5193,#5194,#5195));
#955=EDGE_LOOP('',(#5196,#5197,#5198,#5199,#5200,#5201));
#956=EDGE_LOOP('',(#5202,#5203,#5204,#5205,#5206,#5207));
#957=EDGE_LOOP('',(#5208,#5209,#5210,#5211,#5212,#5213));
#958=EDGE_LOOP('',(#5214));
#959=EDGE_LOOP('',(#5215));
#960=EDGE_LOOP('',(#5216));
#961=LINE('',#7234,#1633);
#962=LINE('',#7242,#1634);
#963=LINE('',#7250,#1635);
#964=LINE('',#7258,#1636);
#965=LINE('',#7265,#1637);
#966=LINE('',#7269,#1638);
#967=LINE('',#7273,#1639);
#968=LINE('',#7277,#1640);
#969=LINE('',#7281,#1641);
#970=LINE('',#7283,#1642);
#971=LINE('',#7285,#1643);
#972=LINE('',#7286,#1644);
#973=LINE('',#7289,#1645);
#974=LINE('',#7291,#1646);
#975=LINE('',#7292,#1647);
#976=LINE('',#7298,#1648);
#977=LINE('',#7301,#1649);
#978=LINE('',#7303,#1650);
#979=LINE('',#7304,#1651);
#980=LINE('',#7307,#1652);
#981=LINE('',#7309,#1653);
#982=LINE('',#7310,#1654);
#983=LINE('',#7312,#1655);
#984=LINE('',#7313,#1656);
#985=LINE('',#7317,#1657);
#986=LINE('',#7319,#1658);
#987=LINE('',#7321,#1659);
#988=LINE('',#7322,#1660);
#989=LINE('',#7325,#1661);
#990=LINE('',#7327,#1662);
#991=LINE('',#7328,#1663);
#992=LINE('',#7334,#1664);
#993=LINE('',#7337,#1665);
#994=LINE('',#7339,#1666);
#995=LINE('',#7340,#1667);
#996=LINE('',#7343,#1668);
#997=LINE('',#7345,#1669);
#998=LINE('',#7346,#1670);
#999=LINE('',#7348,#1671);
#1000=LINE('',#7349,#1672);
#1001=LINE('',#7353,#1673);
#1002=LINE('',#7355,#1674);
#1003=LINE('',#7357,#1675);
#1004=LINE('',#7358,#1676);
#1005=LINE('',#7361,#1677);
#1006=LINE('',#7363,#1678);
#1007=LINE('',#7364,#1679);
#1008=LINE('',#7370,#1680);
#1009=LINE('',#7373,#1681);
#1010=LINE('',#7375,#1682);
#1011=LINE('',#7376,#1683);
#1012=LINE('',#7379,#1684);
#1013=LINE('',#7381,#1685);
#1014=LINE('',#7382,#1686);
#1015=LINE('',#7384,#1687);
#1016=LINE('',#7385,#1688);
#1017=LINE('',#7389,#1689);
#1018=LINE('',#7391,#1690);
#1019=LINE('',#7393,#1691);
#1020=LINE('',#7394,#1692);
#1021=LINE('',#7397,#1693);
#1022=LINE('',#7399,#1694);
#1023=LINE('',#7400,#1695);
#1024=LINE('',#7406,#1696);
#1025=LINE('',#7409,#1697);
#1026=LINE('',#7411,#1698);
#1027=LINE('',#7412,#1699);
#1028=LINE('',#7415,#1700);
#1029=LINE('',#7417,#1701);
#1030=LINE('',#7418,#1702);
#1031=LINE('',#7420,#1703);
#1032=LINE('',#7421,#1704);
#1033=LINE('',#7425,#1705);
#1034=LINE('',#7427,#1706);
#1035=LINE('',#7429,#1707);
#1036=LINE('',#7430,#1708);
#1037=LINE('',#7433,#1709);
#1038=LINE('',#7435,#1710);
#1039=LINE('',#7436,#1711);
#1040=LINE('',#7442,#1712);
#1041=LINE('',#7445,#1713);
#1042=LINE('',#7447,#1714);
#1043=LINE('',#7448,#1715);
#1044=LINE('',#7451,#1716);
#1045=LINE('',#7453,#1717);
#1046=LINE('',#7454,#1718);
#1047=LINE('',#7456,#1719);
#1048=LINE('',#7457,#1720);
#1049=LINE('',#7461,#1721);
#1050=LINE('',#7463,#1722);
#1051=LINE('',#7465,#1723);
#1052=LINE('',#7466,#1724);
#1053=LINE('',#7469,#1725);
#1054=LINE('',#7471,#1726);
#1055=LINE('',#7472,#1727);
#1056=LINE('',#7478,#1728);
#1057=LINE('',#7481,#1729);
#1058=LINE('',#7483,#1730);
#1059=LINE('',#7484,#1731);
#1060=LINE('',#7487,#1732);
#1061=LINE('',#7489,#1733);
#1062=LINE('',#7490,#1734);
#1063=LINE('',#7492,#1735);
#1064=LINE('',#7493,#1736);
#1065=LINE('',#7497,#1737);
#1066=LINE('',#7499,#1738);
#1067=LINE('',#7501,#1739);
#1068=LINE('',#7502,#1740);
#1069=LINE('',#7505,#1741);
#1070=LINE('',#7507,#1742);
#1071=LINE('',#7508,#1743);
#1072=LINE('',#7514,#1744);
#1073=LINE('',#7517,#1745);
#1074=LINE('',#7519,#1746);
#1075=LINE('',#7520,#1747);
#1076=LINE('',#7523,#1748);
#1077=LINE('',#7525,#1749);
#1078=LINE('',#7526,#1750);
#1079=LINE('',#7528,#1751);
#1080=LINE('',#7529,#1752);
#1081=LINE('',#7533,#1753);
#1082=LINE('',#7535,#1754);
#1083=LINE('',#7537,#1755);
#1084=LINE('',#7538,#1756);
#1085=LINE('',#7541,#1757);
#1086=LINE('',#7543,#1758);
#1087=LINE('',#7544,#1759);
#1088=LINE('',#7550,#1760);
#1089=LINE('',#7553,#1761);
#1090=LINE('',#7555,#1762);
#1091=LINE('',#7556,#1763);
#1092=LINE('',#7559,#1764);
#1093=LINE('',#7561,#1765);
#1094=LINE('',#7562,#1766);
#1095=LINE('',#7564,#1767);
#1096=LINE('',#7565,#1768);
#1097=LINE('',#7569,#1769);
#1098=LINE('',#7571,#1770);
#1099=LINE('',#7573,#1771);
#1100=LINE('',#7574,#1772);
#1101=LINE('',#7577,#1773);
#1102=LINE('',#7579,#1774);
#1103=LINE('',#7580,#1775);
#1104=LINE('',#7586,#1776);
#1105=LINE('',#7589,#1777);
#1106=LINE('',#7591,#1778);
#1107=LINE('',#7592,#1779);
#1108=LINE('',#7595,#1780);
#1109=LINE('',#7597,#1781);
#1110=LINE('',#7598,#1782);
#1111=LINE('',#7600,#1783);
#1112=LINE('',#7601,#1784);
#1113=LINE('',#7605,#1785);
#1114=LINE('',#7607,#1786);
#1115=LINE('',#7609,#1787);
#1116=LINE('',#7610,#1788);
#1117=LINE('',#7613,#1789);
#1118=LINE('',#7615,#1790);
#1119=LINE('',#7616,#1791);
#1120=LINE('',#7622,#1792);
#1121=LINE('',#7625,#1793);
#1122=LINE('',#7627,#1794);
#1123=LINE('',#7628,#1795);
#1124=LINE('',#7631,#1796);
#1125=LINE('',#7633,#1797);
#1126=LINE('',#7634,#1798);
#1127=LINE('',#7636,#1799);
#1128=LINE('',#7637,#1800);
#1129=LINE('',#7641,#1801);
#1130=LINE('',#7643,#1802);
#1131=LINE('',#7645,#1803);
#1132=LINE('',#7646,#1804);
#1133=LINE('',#7649,#1805);
#1134=LINE('',#7651,#1806);
#1135=LINE('',#7652,#1807);
#1136=LINE('',#7658,#1808);
#1137=LINE('',#7661,#1809);
#1138=LINE('',#7663,#1810);
#1139=LINE('',#7664,#1811);
#1140=LINE('',#7667,#1812);
#1141=LINE('',#7669,#1813);
#1142=LINE('',#7670,#1814);
#1143=LINE('',#7672,#1815);
#1144=LINE('',#7673,#1816);
#1145=LINE('',#7677,#1817);
#1146=LINE('',#7679,#1818);
#1147=LINE('',#7681,#1819);
#1148=LINE('',#7682,#1820);
#1149=LINE('',#7685,#1821);
#1150=LINE('',#7687,#1822);
#1151=LINE('',#7688,#1823);
#1152=LINE('',#7694,#1824);
#1153=LINE('',#7697,#1825);
#1154=LINE('',#7699,#1826);
#1155=LINE('',#7700,#1827);
#1156=LINE('',#7703,#1828);
#1157=LINE('',#7705,#1829);
#1158=LINE('',#7706,#1830);
#1159=LINE('',#7708,#1831);
#1160=LINE('',#7709,#1832);
#1161=LINE('',#7713,#1833);
#1162=LINE('',#7715,#1834);
#1163=LINE('',#7717,#1835);
#1164=LINE('',#7718,#1836);
#1165=LINE('',#7721,#1837);
#1166=LINE('',#7723,#1838);
#1167=LINE('',#7724,#1839);
#1168=LINE('',#7730,#1840);
#1169=LINE('',#7733,#1841);
#1170=LINE('',#7735,#1842);
#1171=LINE('',#7736,#1843);
#1172=LINE('',#7739,#1844);
#1173=LINE('',#7741,#1845);
#1174=LINE('',#7742,#1846);
#1175=LINE('',#7744,#1847);
#1176=LINE('',#7745,#1848);
#1177=LINE('',#7749,#1849);
#1178=LINE('',#7751,#1850);
#1179=LINE('',#7753,#1851);
#1180=LINE('',#7754,#1852);
#1181=LINE('',#7757,#1853);
#1182=LINE('',#7759,#1854);
#1183=LINE('',#7760,#1855);
#1184=LINE('',#7766,#1856);
#1185=LINE('',#7769,#1857);
#1186=LINE('',#7771,#1858);
#1187=LINE('',#7772,#1859);
#1188=LINE('',#7775,#1860);
#1189=LINE('',#7777,#1861);
#1190=LINE('',#7778,#1862);
#1191=LINE('',#7780,#1863);
#1192=LINE('',#7781,#1864);
#1193=LINE('',#7785,#1865);
#1194=LINE('',#7787,#1866);
#1195=LINE('',#7789,#1867);
#1196=LINE('',#7790,#1868);
#1197=LINE('',#7793,#1869);
#1198=LINE('',#7795,#1870);
#1199=LINE('',#7796,#1871);
#1200=LINE('',#7802,#1872);
#1201=LINE('',#7805,#1873);
#1202=LINE('',#7807,#1874);
#1203=LINE('',#7808,#1875);
#1204=LINE('',#7811,#1876);
#1205=LINE('',#7813,#1877);
#1206=LINE('',#7814,#1878);
#1207=LINE('',#7816,#1879);
#1208=LINE('',#7817,#1880);
#1209=LINE('',#7821,#1881);
#1210=LINE('',#7823,#1882);
#1211=LINE('',#7825,#1883);
#1212=LINE('',#7826,#1884);
#1213=LINE('',#7829,#1885);
#1214=LINE('',#7831,#1886);
#1215=LINE('',#7832,#1887);
#1216=LINE('',#7838,#1888);
#1217=LINE('',#7841,#1889);
#1218=LINE('',#7843,#1890);
#1219=LINE('',#7844,#1891);
#1220=LINE('',#7847,#1892);
#1221=LINE('',#7849,#1893);
#1222=LINE('',#7850,#1894);
#1223=LINE('',#7852,#1895);
#1224=LINE('',#7853,#1896);
#1225=LINE('',#7857,#1897);
#1226=LINE('',#7859,#1898);
#1227=LINE('',#7861,#1899);
#1228=LINE('',#7862,#1900);
#1229=LINE('',#7865,#1901);
#1230=LINE('',#7867,#1902);
#1231=LINE('',#7868,#1903);
#1232=LINE('',#7874,#1904);
#1233=LINE('',#7877,#1905);
#1234=LINE('',#7879,#1906);
#1235=LINE('',#7880,#1907);
#1236=LINE('',#7883,#1908);
#1237=LINE('',#7885,#1909);
#1238=LINE('',#7886,#1910);
#1239=LINE('',#7888,#1911);
#1240=LINE('',#7889,#1912);
#1241=LINE('',#7893,#1913);
#1242=LINE('',#7895,#1914);
#1243=LINE('',#7897,#1915);
#1244=LINE('',#7898,#1916);
#1245=LINE('',#7901,#1917);
#1246=LINE('',#7903,#1918);
#1247=LINE('',#7904,#1919);
#1248=LINE('',#7910,#1920);
#1249=LINE('',#7913,#1921);
#1250=LINE('',#7915,#1922);
#1251=LINE('',#7916,#1923);
#1252=LINE('',#7919,#1924);
#1253=LINE('',#7921,#1925);
#1254=LINE('',#7922,#1926);
#1255=LINE('',#7924,#1927);
#1256=LINE('',#7925,#1928);
#1257=LINE('',#7929,#1929);
#1258=LINE('',#7931,#1930);
#1259=LINE('',#7933,#1931);
#1260=LINE('',#7934,#1932);
#1261=LINE('',#7937,#1933);
#1262=LINE('',#7939,#1934);
#1263=LINE('',#7940,#1935);
#1264=LINE('',#7946,#1936);
#1265=LINE('',#7949,#1937);
#1266=LINE('',#7951,#1938);
#1267=LINE('',#7952,#1939);
#1268=LINE('',#7955,#1940);
#1269=LINE('',#7957,#1941);
#1270=LINE('',#7958,#1942);
#1271=LINE('',#7960,#1943);
#1272=LINE('',#7961,#1944);
#1273=LINE('',#7965,#1945);
#1274=LINE('',#7967,#1946);
#1275=LINE('',#7969,#1947);
#1276=LINE('',#7970,#1948);
#1277=LINE('',#7973,#1949);
#1278=LINE('',#7975,#1950);
#1279=LINE('',#7976,#1951);
#1280=LINE('',#7982,#1952);
#1281=LINE('',#7985,#1953);
#1282=LINE('',#7987,#1954);
#1283=LINE('',#7988,#1955);
#1284=LINE('',#7991,#1956);
#1285=LINE('',#7993,#1957);
#1286=LINE('',#7994,#1958);
#1287=LINE('',#7996,#1959);
#1288=LINE('',#7997,#1960);
#1289=LINE('',#8001,#1961);
#1290=LINE('',#8003,#1962);
#1291=LINE('',#8005,#1963);
#1292=LINE('',#8006,#1964);
#1293=LINE('',#8009,#1965);
#1294=LINE('',#8011,#1966);
#1295=LINE('',#8012,#1967);
#1296=LINE('',#8018,#1968);
#1297=LINE('',#8021,#1969);
#1298=LINE('',#8023,#1970);
#1299=LINE('',#8024,#1971);
#1300=LINE('',#8027,#1972);
#1301=LINE('',#8029,#1973);
#1302=LINE('',#8030,#1974);
#1303=LINE('',#8032,#1975);
#1304=LINE('',#8033,#1976);
#1305=LINE('',#8037,#1977);
#1306=LINE('',#8039,#1978);
#1307=LINE('',#8041,#1979);
#1308=LINE('',#8042,#1980);
#1309=LINE('',#8045,#1981);
#1310=LINE('',#8047,#1982);
#1311=LINE('',#8048,#1983);
#1312=LINE('',#8054,#1984);
#1313=LINE('',#8057,#1985);
#1314=LINE('',#8059,#1986);
#1315=LINE('',#8060,#1987);
#1316=LINE('',#8063,#1988);
#1317=LINE('',#8065,#1989);
#1318=LINE('',#8066,#1990);
#1319=LINE('',#8068,#1991);
#1320=LINE('',#8069,#1992);
#1321=LINE('',#8073,#1993);
#1322=LINE('',#8075,#1994);
#1323=LINE('',#8077,#1995);
#1324=LINE('',#8078,#1996);
#1325=LINE('',#8081,#1997);
#1326=LINE('',#8083,#1998);
#1327=LINE('',#8084,#1999);
#1328=LINE('',#8090,#2000);
#1329=LINE('',#8093,#2001);
#1330=LINE('',#8095,#2002);
#1331=LINE('',#8096,#2003);
#1332=LINE('',#8099,#2004);
#1333=LINE('',#8101,#2005);
#1334=LINE('',#8102,#2006);
#1335=LINE('',#8104,#2007);
#1336=LINE('',#8105,#2008);
#1337=LINE('',#8109,#2009);
#1338=LINE('',#8111,#2010);
#1339=LINE('',#8113,#2011);
#1340=LINE('',#8114,#2012);
#1341=LINE('',#8117,#2013);
#1342=LINE('',#8119,#2014);
#1343=LINE('',#8120,#2015);
#1344=LINE('',#8126,#2016);
#1345=LINE('',#8129,#2017);
#1346=LINE('',#8131,#2018);
#1347=LINE('',#8132,#2019);
#1348=LINE('',#8135,#2020);
#1349=LINE('',#8137,#2021);
#1350=LINE('',#8138,#2022);
#1351=LINE('',#8140,#2023);
#1352=LINE('',#8141,#2024);
#1353=LINE('',#8145,#2025);
#1354=LINE('',#8147,#2026);
#1355=LINE('',#8149,#2027);
#1356=LINE('',#8150,#2028);
#1357=LINE('',#8153,#2029);
#1358=LINE('',#8155,#2030);
#1359=LINE('',#8156,#2031);
#1360=LINE('',#8162,#2032);
#1361=LINE('',#8165,#2033);
#1362=LINE('',#8167,#2034);
#1363=LINE('',#8168,#2035);
#1364=LINE('',#8171,#2036);
#1365=LINE('',#8173,#2037);
#1366=LINE('',#8174,#2038);
#1367=LINE('',#8176,#2039);
#1368=LINE('',#8177,#2040);
#1369=LINE('',#8181,#2041);
#1370=LINE('',#8183,#2042);
#1371=LINE('',#8185,#2043);
#1372=LINE('',#8186,#2044);
#1373=LINE('',#8189,#2045);
#1374=LINE('',#8191,#2046);
#1375=LINE('',#8192,#2047);
#1376=LINE('',#8198,#2048);
#1377=LINE('',#8201,#2049);
#1378=LINE('',#8203,#2050);
#1379=LINE('',#8204,#2051);
#1380=LINE('',#8207,#2052);
#1381=LINE('',#8209,#2053);
#1382=LINE('',#8210,#2054);
#1383=LINE('',#8212,#2055);
#1384=LINE('',#8213,#2056);
#1385=LINE('',#8217,#2057);
#1386=LINE('',#8219,#2058);
#1387=LINE('',#8221,#2059);
#1388=LINE('',#8222,#2060);
#1389=LINE('',#8225,#2061);
#1390=LINE('',#8227,#2062);
#1391=LINE('',#8228,#2063);
#1392=LINE('',#8234,#2064);
#1393=LINE('',#8237,#2065);
#1394=LINE('',#8239,#2066);
#1395=LINE('',#8240,#2067);
#1396=LINE('',#8243,#2068);
#1397=LINE('',#8245,#2069);
#1398=LINE('',#8246,#2070);
#1399=LINE('',#8248,#2071);
#1400=LINE('',#8249,#2072);
#1401=LINE('',#8253,#2073);
#1402=LINE('',#8255,#2074);
#1403=LINE('',#8257,#2075);
#1404=LINE('',#8258,#2076);
#1405=LINE('',#8261,#2077);
#1406=LINE('',#8263,#2078);
#1407=LINE('',#8264,#2079);
#1408=LINE('',#8270,#2080);
#1409=LINE('',#8273,#2081);
#1410=LINE('',#8275,#2082);
#1411=LINE('',#8276,#2083);
#1412=LINE('',#8279,#2084);
#1413=LINE('',#8281,#2085);
#1414=LINE('',#8282,#2086);
#1415=LINE('',#8284,#2087);
#1416=LINE('',#8285,#2088);
#1417=LINE('',#8289,#2089);
#1418=LINE('',#8291,#2090);
#1419=LINE('',#8293,#2091);
#1420=LINE('',#8294,#2092);
#1421=LINE('',#8297,#2093);
#1422=LINE('',#8299,#2094);
#1423=LINE('',#8300,#2095);
#1424=LINE('',#8306,#2096);
#1425=LINE('',#8309,#2097);
#1426=LINE('',#8311,#2098);
#1427=LINE('',#8312,#2099);
#1428=LINE('',#8315,#2100);
#1429=LINE('',#8317,#2101);
#1430=LINE('',#8318,#2102);
#1431=LINE('',#8320,#2103);
#1432=LINE('',#8321,#2104);
#1433=LINE('',#8325,#2105);
#1434=LINE('',#8327,#2106);
#1435=LINE('',#8329,#2107);
#1436=LINE('',#8330,#2108);
#1437=LINE('',#8333,#2109);
#1438=LINE('',#8335,#2110);
#1439=LINE('',#8336,#2111);
#1440=LINE('',#8342,#2112);
#1441=LINE('',#8345,#2113);
#1442=LINE('',#8347,#2114);
#1443=LINE('',#8348,#2115);
#1444=LINE('',#8351,#2116);
#1445=LINE('',#8353,#2117);
#1446=LINE('',#8354,#2118);
#1447=LINE('',#8356,#2119);
#1448=LINE('',#8357,#2120);
#1449=LINE('',#8361,#2121);
#1450=LINE('',#8363,#2122);
#1451=LINE('',#8365,#2123);
#1452=LINE('',#8366,#2124);
#1453=LINE('',#8369,#2125);
#1454=LINE('',#8371,#2126);
#1455=LINE('',#8372,#2127);
#1456=LINE('',#8378,#2128);
#1457=LINE('',#8381,#2129);
#1458=LINE('',#8383,#2130);
#1459=LINE('',#8384,#2131);
#1460=LINE('',#8387,#2132);
#1461=LINE('',#8389,#2133);
#1462=LINE('',#8390,#2134);
#1463=LINE('',#8392,#2135);
#1464=LINE('',#8393,#2136);
#1465=LINE('',#8397,#2137);
#1466=LINE('',#8399,#2138);
#1467=LINE('',#8401,#2139);
#1468=LINE('',#8402,#2140);
#1469=LINE('',#8405,#2141);
#1470=LINE('',#8407,#2142);
#1471=LINE('',#8408,#2143);
#1472=LINE('',#8414,#2144);
#1473=LINE('',#8417,#2145);
#1474=LINE('',#8419,#2146);
#1475=LINE('',#8420,#2147);
#1476=LINE('',#8423,#2148);
#1477=LINE('',#8425,#2149);
#1478=LINE('',#8426,#2150);
#1479=LINE('',#8428,#2151);
#1480=LINE('',#8429,#2152);
#1481=LINE('',#8433,#2153);
#1482=LINE('',#8435,#2154);
#1483=LINE('',#8437,#2155);
#1484=LINE('',#8438,#2156);
#1485=LINE('',#8441,#2157);
#1486=LINE('',#8443,#2158);
#1487=LINE('',#8444,#2159);
#1488=LINE('',#8450,#2160);
#1489=LINE('',#8453,#2161);
#1490=LINE('',#8455,#2162);
#1491=LINE('',#8456,#2163);
#1492=LINE('',#8459,#2164);
#1493=LINE('',#8461,#2165);
#1494=LINE('',#8462,#2166);
#1495=LINE('',#8464,#2167);
#1496=LINE('',#8465,#2168);
#1497=LINE('',#8469,#2169);
#1498=LINE('',#8471,#2170);
#1499=LINE('',#8473,#2171);
#1500=LINE('',#8474,#2172);
#1501=LINE('',#8477,#2173);
#1502=LINE('',#8479,#2174);
#1503=LINE('',#8480,#2175);
#1504=LINE('',#8486,#2176);
#1505=LINE('',#8489,#2177);
#1506=LINE('',#8491,#2178);
#1507=LINE('',#8492,#2179);
#1508=LINE('',#8495,#2180);
#1509=LINE('',#8497,#2181);
#1510=LINE('',#8498,#2182);
#1511=LINE('',#8500,#2183);
#1512=LINE('',#8501,#2184);
#1513=LINE('',#8505,#2185);
#1514=LINE('',#8507,#2186);
#1515=LINE('',#8509,#2187);
#1516=LINE('',#8510,#2188);
#1517=LINE('',#8513,#2189);
#1518=LINE('',#8515,#2190);
#1519=LINE('',#8516,#2191);
#1520=LINE('',#8522,#2192);
#1521=LINE('',#8525,#2193);
#1522=LINE('',#8527,#2194);
#1523=LINE('',#8528,#2195);
#1524=LINE('',#8531,#2196);
#1525=LINE('',#8533,#2197);
#1526=LINE('',#8534,#2198);
#1527=LINE('',#8536,#2199);
#1528=LINE('',#8537,#2200);
#1529=LINE('',#8541,#2201);
#1530=LINE('',#8543,#2202);
#1531=LINE('',#8545,#2203);
#1532=LINE('',#8546,#2204);
#1533=LINE('',#8549,#2205);
#1534=LINE('',#8551,#2206);
#1535=LINE('',#8552,#2207);
#1536=LINE('',#8558,#2208);
#1537=LINE('',#8561,#2209);
#1538=LINE('',#8563,#2210);
#1539=LINE('',#8564,#2211);
#1540=LINE('',#8567,#2212);
#1541=LINE('',#8569,#2213);
#1542=LINE('',#8570,#2214);
#1543=LINE('',#8572,#2215);
#1544=LINE('',#8573,#2216);
#1545=LINE('',#8577,#2217);
#1546=LINE('',#8579,#2218);
#1547=LINE('',#8581,#2219);
#1548=LINE('',#8582,#2220);
#1549=LINE('',#8585,#2221);
#1550=LINE('',#8587,#2222);
#1551=LINE('',#8588,#2223);
#1552=LINE('',#8594,#2224);
#1553=LINE('',#8597,#2225);
#1554=LINE('',#8599,#2226);
#1555=LINE('',#8600,#2227);
#1556=LINE('',#8603,#2228);
#1557=LINE('',#8605,#2229);
#1558=LINE('',#8606,#2230);
#1559=LINE('',#8608,#2231);
#1560=LINE('',#8609,#2232);
#1561=LINE('',#8613,#2233);
#1562=LINE('',#8615,#2234);
#1563=LINE('',#8617,#2235);
#1564=LINE('',#8618,#2236);
#1565=LINE('',#8621,#2237);
#1566=LINE('',#8623,#2238);
#1567=LINE('',#8624,#2239);
#1568=LINE('',#8630,#2240);
#1569=LINE('',#8633,#2241);
#1570=LINE('',#8635,#2242);
#1571=LINE('',#8636,#2243);
#1572=LINE('',#8639,#2244);
#1573=LINE('',#8641,#2245);
#1574=LINE('',#8642,#2246);
#1575=LINE('',#8644,#2247);
#1576=LINE('',#8645,#2248);
#1577=LINE('',#8649,#2249);
#1578=LINE('',#8651,#2250);
#1579=LINE('',#8653,#2251);
#1580=LINE('',#8654,#2252);
#1581=LINE('',#8657,#2253);
#1582=LINE('',#8659,#2254);
#1583=LINE('',#8660,#2255);
#1584=LINE('',#8666,#2256);
#1585=LINE('',#8669,#2257);
#1586=LINE('',#8671,#2258);
#1587=LINE('',#8672,#2259);
#1588=LINE('',#8675,#2260);
#1589=LINE('',#8677,#2261);
#1590=LINE('',#8678,#2262);
#1591=LINE('',#8680,#2263);
#1592=LINE('',#8681,#2264);
#1593=LINE('',#8685,#2265);
#1594=LINE('',#8687,#2266);
#1595=LINE('',#8689,#2267);
#1596=LINE('',#8690,#2268);
#1597=LINE('',#8693,#2269);
#1598=LINE('',#8695,#2270);
#1599=LINE('',#8696,#2271);
#1600=LINE('',#8702,#2272);
#1601=LINE('',#8705,#2273);
#1602=LINE('',#8707,#2274);
#1603=LINE('',#8708,#2275);
#1604=LINE('',#8711,#2276);
#1605=LINE('',#8713,#2277);
#1606=LINE('',#8714,#2278);
#1607=LINE('',#8716,#2279);
#1608=LINE('',#8717,#2280);
#1609=LINE('',#8721,#2281);
#1610=LINE('',#8723,#2282);
#1611=LINE('',#8725,#2283);
#1612=LINE('',#8726,#2284);
#1613=LINE('',#8729,#2285);
#1614=LINE('',#8731,#2286);
#1615=LINE('',#8732,#2287);
#1616=LINE('',#8735,#2288);
#1617=LINE('',#8737,#2289);
#1618=LINE('',#8738,#2290);
#1619=LINE('',#8741,#2291);
#1620=LINE('',#8743,#2292);
#1621=LINE('',#8744,#2293);
#1622=LINE('',#8747,#2294);
#1623=LINE('',#8749,#2295);
#1624=LINE('',#8750,#2296);
#1625=LINE('',#8753,#2297);
#1626=LINE('',#8755,#2298);
#1627=LINE('',#8756,#2299);
#1628=LINE('',#8759,#2300);
#1629=LINE('',#8761,#2301);
#1630=LINE('',#8762,#2302);
#1631=LINE('',#8764,#2303);
#1632=LINE('',#8765,#2304);
#1633=VECTOR('',#5853,1.45);
#1634=VECTOR('',#5862,1.45);
#1635=VECTOR('',#5871,1.45);
#1636=VECTOR('',#5880,1.45);
#1637=VECTOR('',#5889,1.1);
#1638=VECTOR('',#5894,1.1);
#1639=VECTOR('',#5899,1.1);
#1640=VECTOR('',#5904,1.1);
#1641=VECTOR('',#5907,10.);
#1642=VECTOR('',#5908,10.);
#1643=VECTOR('',#5909,10.);
#1644=VECTOR('',#5910,10.);
#1645=VECTOR('',#5913,10.);
#1646=VECTOR('',#5914,10.);
#1647=VECTOR('',#5915,10.);
#1648=VECTOR('',#5922,10.);
#1649=VECTOR('',#5925,10.);
#1650=VECTOR('',#5926,10.);
#1651=VECTOR('',#5927,10.);
#1652=VECTOR('',#5930,10.);
#1653=VECTOR('',#5931,10.);
#1654=VECTOR('',#5932,10.);
#1655=VECTOR('',#5935,10.);
#1656=VECTOR('',#5936,10.);
#1657=VECTOR('',#5939,10.);
#1658=VECTOR('',#5940,10.);
#1659=VECTOR('',#5941,10.);
#1660=VECTOR('',#5942,10.);
#1661=VECTOR('',#5945,10.);
#1662=VECTOR('',#5946,10.);
#1663=VECTOR('',#5947,10.);
#1664=VECTOR('',#5954,10.);
#1665=VECTOR('',#5957,10.);
#1666=VECTOR('',#5958,10.);
#1667=VECTOR('',#5959,10.);
#1668=VECTOR('',#5962,10.);
#1669=VECTOR('',#5963,10.);
#1670=VECTOR('',#5964,10.);
#1671=VECTOR('',#5967,10.);
#1672=VECTOR('',#5968,10.);
#1673=VECTOR('',#5971,10.);
#1674=VECTOR('',#5972,10.);
#1675=VECTOR('',#5973,10.);
#1676=VECTOR('',#5974,10.);
#1677=VECTOR('',#5977,10.);
#1678=VECTOR('',#5978,10.);
#1679=VECTOR('',#5979,10.);
#1680=VECTOR('',#5986,10.);
#1681=VECTOR('',#5989,10.);
#1682=VECTOR('',#5990,10.);
#1683=VECTOR('',#5991,10.);
#1684=VECTOR('',#5994,10.);
#1685=VECTOR('',#5995,10.);
#1686=VECTOR('',#5996,10.);
#1687=VECTOR('',#5999,10.);
#1688=VECTOR('',#6000,10.);
#1689=VECTOR('',#6003,10.);
#1690=VECTOR('',#6004,10.);
#1691=VECTOR('',#6005,10.);
#1692=VECTOR('',#6006,10.);
#1693=VECTOR('',#6009,10.);
#1694=VECTOR('',#6010,10.);
#1695=VECTOR('',#6011,10.);
#1696=VECTOR('',#6018,10.);
#1697=VECTOR('',#6021,10.);
#1698=VECTOR('',#6022,10.);
#1699=VECTOR('',#6023,10.);
#1700=VECTOR('',#6026,10.);
#1701=VECTOR('',#6027,10.);
#1702=VECTOR('',#6028,10.);
#1703=VECTOR('',#6031,10.);
#1704=VECTOR('',#6032,10.);
#1705=VECTOR('',#6035,10.);
#1706=VECTOR('',#6036,10.);
#1707=VECTOR('',#6037,10.);
#1708=VECTOR('',#6038,10.);
#1709=VECTOR('',#6041,10.);
#1710=VECTOR('',#6042,10.);
#1711=VECTOR('',#6043,10.);
#1712=VECTOR('',#6050,10.);
#1713=VECTOR('',#6053,10.);
#1714=VECTOR('',#6054,10.);
#1715=VECTOR('',#6055,10.);
#1716=VECTOR('',#6058,10.);
#1717=VECTOR('',#6059,10.);
#1718=VECTOR('',#6060,10.);
#1719=VECTOR('',#6063,10.);
#1720=VECTOR('',#6064,10.);
#1721=VECTOR('',#6067,10.);
#1722=VECTOR('',#6068,10.);
#1723=VECTOR('',#6069,10.);
#1724=VECTOR('',#6070,10.);
#1725=VECTOR('',#6073,10.);
#1726=VECTOR('',#6074,10.);
#1727=VECTOR('',#6075,10.);
#1728=VECTOR('',#6082,10.);
#1729=VECTOR('',#6085,10.);
#1730=VECTOR('',#6086,10.);
#1731=VECTOR('',#6087,10.);
#1732=VECTOR('',#6090,10.);
#1733=VECTOR('',#6091,10.);
#1734=VECTOR('',#6092,10.);
#1735=VECTOR('',#6095,10.);
#1736=VECTOR('',#6096,10.);
#1737=VECTOR('',#6099,10.);
#1738=VECTOR('',#6100,10.);
#1739=VECTOR('',#6101,10.);
#1740=VECTOR('',#6102,10.);
#1741=VECTOR('',#6105,10.);
#1742=VECTOR('',#6106,10.);
#1743=VECTOR('',#6107,10.);
#1744=VECTOR('',#6114,10.);
#1745=VECTOR('',#6117,10.);
#1746=VECTOR('',#6118,10.);
#1747=VECTOR('',#6119,10.);
#1748=VECTOR('',#6122,10.);
#1749=VECTOR('',#6123,10.);
#1750=VECTOR('',#6124,10.);
#1751=VECTOR('',#6127,10.);
#1752=VECTOR('',#6128,10.);
#1753=VECTOR('',#6131,10.);
#1754=VECTOR('',#6132,10.);
#1755=VECTOR('',#6133,10.);
#1756=VECTOR('',#6134,10.);
#1757=VECTOR('',#6137,10.);
#1758=VECTOR('',#6138,10.);
#1759=VECTOR('',#6139,10.);
#1760=VECTOR('',#6146,10.);
#1761=VECTOR('',#6149,10.);
#1762=VECTOR('',#6150,10.);
#1763=VECTOR('',#6151,10.);
#1764=VECTOR('',#6154,10.);
#1765=VECTOR('',#6155,10.);
#1766=VECTOR('',#6156,10.);
#1767=VECTOR('',#6159,10.);
#1768=VECTOR('',#6160,10.);
#1769=VECTOR('',#6163,10.);
#1770=VECTOR('',#6164,10.);
#1771=VECTOR('',#6165,10.);
#1772=VECTOR('',#6166,10.);
#1773=VECTOR('',#6169,10.);
#1774=VECTOR('',#6170,10.);
#1775=VECTOR('',#6171,10.);
#1776=VECTOR('',#6178,10.);
#1777=VECTOR('',#6181,10.);
#1778=VECTOR('',#6182,10.);
#1779=VECTOR('',#6183,10.);
#1780=VECTOR('',#6186,10.);
#1781=VECTOR('',#6187,10.);
#1782=VECTOR('',#6188,10.);
#1783=VECTOR('',#6191,10.);
#1784=VECTOR('',#6192,10.);
#1785=VECTOR('',#6195,10.);
#1786=VECTOR('',#6196,10.);
#1787=VECTOR('',#6197,10.);
#1788=VECTOR('',#6198,10.);
#1789=VECTOR('',#6201,10.);
#1790=VECTOR('',#6202,10.);
#1791=VECTOR('',#6203,10.);
#1792=VECTOR('',#6210,10.);
#1793=VECTOR('',#6213,10.);
#1794=VECTOR('',#6214,10.);
#1795=VECTOR('',#6215,10.);
#1796=VECTOR('',#6218,10.);
#1797=VECTOR('',#6219,10.);
#1798=VECTOR('',#6220,10.);
#1799=VECTOR('',#6223,10.);
#1800=VECTOR('',#6224,10.);
#1801=VECTOR('',#6227,10.);
#1802=VECTOR('',#6228,10.);
#1803=VECTOR('',#6229,10.);
#1804=VECTOR('',#6230,10.);
#1805=VECTOR('',#6233,10.);
#1806=VECTOR('',#6234,10.);
#1807=VECTOR('',#6235,10.);
#1808=VECTOR('',#6242,10.);
#1809=VECTOR('',#6245,10.);
#1810=VECTOR('',#6246,10.);
#1811=VECTOR('',#6247,10.);
#1812=VECTOR('',#6250,10.);
#1813=VECTOR('',#6251,10.);
#1814=VECTOR('',#6252,10.);
#1815=VECTOR('',#6255,10.);
#1816=VECTOR('',#6256,10.);
#1817=VECTOR('',#6259,10.);
#1818=VECTOR('',#6260,10.);
#1819=VECTOR('',#6261,10.);
#1820=VECTOR('',#6262,10.);
#1821=VECTOR('',#6265,10.);
#1822=VECTOR('',#6266,10.);
#1823=VECTOR('',#6267,10.);
#1824=VECTOR('',#6274,10.);
#1825=VECTOR('',#6277,10.);
#1826=VECTOR('',#6278,10.);
#1827=VECTOR('',#6279,10.);
#1828=VECTOR('',#6282,10.);
#1829=VECTOR('',#6283,10.);
#1830=VECTOR('',#6284,10.);
#1831=VECTOR('',#6287,10.);
#1832=VECTOR('',#6288,10.);
#1833=VECTOR('',#6291,10.);
#1834=VECTOR('',#6292,10.);
#1835=VECTOR('',#6293,10.);
#1836=VECTOR('',#6294,10.);
#1837=VECTOR('',#6297,10.);
#1838=VECTOR('',#6298,10.);
#1839=VECTOR('',#6299,10.);
#1840=VECTOR('',#6306,10.);
#1841=VECTOR('',#6309,10.);
#1842=VECTOR('',#6310,10.);
#1843=VECTOR('',#6311,10.);
#1844=VECTOR('',#6314,10.);
#1845=VECTOR('',#6315,10.);
#1846=VECTOR('',#6316,10.);
#1847=VECTOR('',#6319,10.);
#1848=VECTOR('',#6320,10.);
#1849=VECTOR('',#6323,10.);
#1850=VECTOR('',#6324,10.);
#1851=VECTOR('',#6325,10.);
#1852=VECTOR('',#6326,10.);
#1853=VECTOR('',#6329,10.);
#1854=VECTOR('',#6330,10.);
#1855=VECTOR('',#6331,10.);
#1856=VECTOR('',#6338,10.);
#1857=VECTOR('',#6341,10.);
#1858=VECTOR('',#6342,10.);
#1859=VECTOR('',#6343,10.);
#1860=VECTOR('',#6346,10.);
#1861=VECTOR('',#6347,10.);
#1862=VECTOR('',#6348,10.);
#1863=VECTOR('',#6351,10.);
#1864=VECTOR('',#6352,10.);
#1865=VECTOR('',#6355,10.);
#1866=VECTOR('',#6356,10.);
#1867=VECTOR('',#6357,10.);
#1868=VECTOR('',#6358,10.);
#1869=VECTOR('',#6361,10.);
#1870=VECTOR('',#6362,10.);
#1871=VECTOR('',#6363,10.);
#1872=VECTOR('',#6370,10.);
#1873=VECTOR('',#6373,10.);
#1874=VECTOR('',#6374,10.);
#1875=VECTOR('',#6375,10.);
#1876=VECTOR('',#6378,10.);
#1877=VECTOR('',#6379,10.);
#1878=VECTOR('',#6380,10.);
#1879=VECTOR('',#6383,10.);
#1880=VECTOR('',#6384,10.);
#1881=VECTOR('',#6387,10.);
#1882=VECTOR('',#6388,10.);
#1883=VECTOR('',#6389,10.);
#1884=VECTOR('',#6390,10.);
#1885=VECTOR('',#6393,10.);
#1886=VECTOR('',#6394,10.);
#1887=VECTOR('',#6395,10.);
#1888=VECTOR('',#6402,10.);
#1889=VECTOR('',#6405,10.);
#1890=VECTOR('',#6406,10.);
#1891=VECTOR('',#6407,10.);
#1892=VECTOR('',#6410,10.);
#1893=VECTOR('',#6411,10.);
#1894=VECTOR('',#6412,10.);
#1895=VECTOR('',#6415,10.);
#1896=VECTOR('',#6416,10.);
#1897=VECTOR('',#6419,10.);
#1898=VECTOR('',#6420,10.);
#1899=VECTOR('',#6421,10.);
#1900=VECTOR('',#6422,10.);
#1901=VECTOR('',#6425,10.);
#1902=VECTOR('',#6426,10.);
#1903=VECTOR('',#6427,10.);
#1904=VECTOR('',#6434,10.);
#1905=VECTOR('',#6437,10.);
#1906=VECTOR('',#6438,10.);
#1907=VECTOR('',#6439,10.);
#1908=VECTOR('',#6442,10.);
#1909=VECTOR('',#6443,10.);
#1910=VECTOR('',#6444,10.);
#1911=VECTOR('',#6447,10.);
#1912=VECTOR('',#6448,10.);
#1913=VECTOR('',#6451,10.);
#1914=VECTOR('',#6452,10.);
#1915=VECTOR('',#6453,10.);
#1916=VECTOR('',#6454,10.);
#1917=VECTOR('',#6457,10.);
#1918=VECTOR('',#6458,10.);
#1919=VECTOR('',#6459,10.);
#1920=VECTOR('',#6466,10.);
#1921=VECTOR('',#6469,10.);
#1922=VECTOR('',#6470,10.);
#1923=VECTOR('',#6471,10.);
#1924=VECTOR('',#6474,10.);
#1925=VECTOR('',#6475,10.);
#1926=VECTOR('',#6476,10.);
#1927=VECTOR('',#6479,10.);
#1928=VECTOR('',#6480,10.);
#1929=VECTOR('',#6483,10.);
#1930=VECTOR('',#6484,10.);
#1931=VECTOR('',#6485,10.);
#1932=VECTOR('',#6486,10.);
#1933=VECTOR('',#6489,10.);
#1934=VECTOR('',#6490,10.);
#1935=VECTOR('',#6491,10.);
#1936=VECTOR('',#6498,10.);
#1937=VECTOR('',#6501,10.);
#1938=VECTOR('',#6502,10.);
#1939=VECTOR('',#6503,10.);
#1940=VECTOR('',#6506,10.);
#1941=VECTOR('',#6507,10.);
#1942=VECTOR('',#6508,10.);
#1943=VECTOR('',#6511,10.);
#1944=VECTOR('',#6512,10.);
#1945=VECTOR('',#6515,10.);
#1946=VECTOR('',#6516,10.);
#1947=VECTOR('',#6517,10.);
#1948=VECTOR('',#6518,10.);
#1949=VECTOR('',#6521,10.);
#1950=VECTOR('',#6522,10.);
#1951=VECTOR('',#6523,10.);
#1952=VECTOR('',#6530,10.);
#1953=VECTOR('',#6533,10.);
#1954=VECTOR('',#6534,10.);
#1955=VECTOR('',#6535,10.);
#1956=VECTOR('',#6538,10.);
#1957=VECTOR('',#6539,10.);
#1958=VECTOR('',#6540,10.);
#1959=VECTOR('',#6543,10.);
#1960=VECTOR('',#6544,10.);
#1961=VECTOR('',#6547,10.);
#1962=VECTOR('',#6548,10.);
#1963=VECTOR('',#6549,10.);
#1964=VECTOR('',#6550,10.);
#1965=VECTOR('',#6553,10.);
#1966=VECTOR('',#6554,10.);
#1967=VECTOR('',#6555,10.);
#1968=VECTOR('',#6562,10.);
#1969=VECTOR('',#6565,10.);
#1970=VECTOR('',#6566,10.);
#1971=VECTOR('',#6567,10.);
#1972=VECTOR('',#6570,10.);
#1973=VECTOR('',#6571,10.);
#1974=VECTOR('',#6572,10.);
#1975=VECTOR('',#6575,10.);
#1976=VECTOR('',#6576,10.);
#1977=VECTOR('',#6579,10.);
#1978=VECTOR('',#6580,10.);
#1979=VECTOR('',#6581,10.);
#1980=VECTOR('',#6582,10.);
#1981=VECTOR('',#6585,10.);
#1982=VECTOR('',#6586,10.);
#1983=VECTOR('',#6587,10.);
#1984=VECTOR('',#6594,10.);
#1985=VECTOR('',#6597,10.);
#1986=VECTOR('',#6598,10.);
#1987=VECTOR('',#6599,10.);
#1988=VECTOR('',#6602,10.);
#1989=VECTOR('',#6603,10.);
#1990=VECTOR('',#6604,10.);
#1991=VECTOR('',#6607,10.);
#1992=VECTOR('',#6608,10.);
#1993=VECTOR('',#6611,10.);
#1994=VECTOR('',#6612,10.);
#1995=VECTOR('',#6613,10.);
#1996=VECTOR('',#6614,10.);
#1997=VECTOR('',#6617,10.);
#1998=VECTOR('',#6618,10.);
#1999=VECTOR('',#6619,10.);
#2000=VECTOR('',#6626,10.);
#2001=VECTOR('',#6629,10.);
#2002=VECTOR('',#6630,10.);
#2003=VECTOR('',#6631,10.);
#2004=VECTOR('',#6634,10.);
#2005=VECTOR('',#6635,10.);
#2006=VECTOR('',#6636,10.);
#2007=VECTOR('',#6639,10.);
#2008=VECTOR('',#6640,10.);
#2009=VECTOR('',#6643,10.);
#2010=VECTOR('',#6644,10.);
#2011=VECTOR('',#6645,10.);
#2012=VECTOR('',#6646,10.);
#2013=VECTOR('',#6649,10.);
#2014=VECTOR('',#6650,10.);
#2015=VECTOR('',#6651,10.);
#2016=VECTOR('',#6658,10.);
#2017=VECTOR('',#6661,10.);
#2018=VECTOR('',#6662,10.);
#2019=VECTOR('',#6663,10.);
#2020=VECTOR('',#6666,10.);
#2021=VECTOR('',#6667,10.);
#2022=VECTOR('',#6668,10.);
#2023=VECTOR('',#6671,10.);
#2024=VECTOR('',#6672,10.);
#2025=VECTOR('',#6675,10.);
#2026=VECTOR('',#6676,10.);
#2027=VECTOR('',#6677,10.);
#2028=VECTOR('',#6678,10.);
#2029=VECTOR('',#6681,10.);
#2030=VECTOR('',#6682,10.);
#2031=VECTOR('',#6683,10.);
#2032=VECTOR('',#6690,10.);
#2033=VECTOR('',#6693,10.);
#2034=VECTOR('',#6694,10.);
#2035=VECTOR('',#6695,10.);
#2036=VECTOR('',#6698,10.);
#2037=VECTOR('',#6699,10.);
#2038=VECTOR('',#6700,10.);
#2039=VECTOR('',#6703,10.);
#2040=VECTOR('',#6704,10.);
#2041=VECTOR('',#6707,10.);
#2042=VECTOR('',#6708,10.);
#2043=VECTOR('',#6709,10.);
#2044=VECTOR('',#6710,10.);
#2045=VECTOR('',#6713,10.);
#2046=VECTOR('',#6714,10.);
#2047=VECTOR('',#6715,10.);
#2048=VECTOR('',#6722,10.);
#2049=VECTOR('',#6725,10.);
#2050=VECTOR('',#6726,10.);
#2051=VECTOR('',#6727,10.);
#2052=VECTOR('',#6730,10.);
#2053=VECTOR('',#6731,10.);
#2054=VECTOR('',#6732,10.);
#2055=VECTOR('',#6735,10.);
#2056=VECTOR('',#6736,10.);
#2057=VECTOR('',#6739,10.);
#2058=VECTOR('',#6740,10.);
#2059=VECTOR('',#6741,10.);
#2060=VECTOR('',#6742,10.);
#2061=VECTOR('',#6745,10.);
#2062=VECTOR('',#6746,10.);
#2063=VECTOR('',#6747,10.);
#2064=VECTOR('',#6754,10.);
#2065=VECTOR('',#6757,10.);
#2066=VECTOR('',#6758,10.);
#2067=VECTOR('',#6759,10.);
#2068=VECTOR('',#6762,10.);
#2069=VECTOR('',#6763,10.);
#2070=VECTOR('',#6764,10.);
#2071=VECTOR('',#6767,10.);
#2072=VECTOR('',#6768,10.);
#2073=VECTOR('',#6771,10.);
#2074=VECTOR('',#6772,10.);
#2075=VECTOR('',#6773,10.);
#2076=VECTOR('',#6774,10.);
#2077=VECTOR('',#6777,10.);
#2078=VECTOR('',#6778,10.);
#2079=VECTOR('',#6779,10.);
#2080=VECTOR('',#6786,10.);
#2081=VECTOR('',#6789,10.);
#2082=VECTOR('',#6790,10.);
#2083=VECTOR('',#6791,10.);
#2084=VECTOR('',#6794,10.);
#2085=VECTOR('',#6795,10.);
#2086=VECTOR('',#6796,10.);
#2087=VECTOR('',#6799,10.);
#2088=VECTOR('',#6800,10.);
#2089=VECTOR('',#6803,10.);
#2090=VECTOR('',#6804,10.);
#2091=VECTOR('',#6805,10.);
#2092=VECTOR('',#6806,10.);
#2093=VECTOR('',#6809,10.);
#2094=VECTOR('',#6810,10.);
#2095=VECTOR('',#6811,10.);
#2096=VECTOR('',#6818,10.);
#2097=VECTOR('',#6821,10.);
#2098=VECTOR('',#6822,10.);
#2099=VECTOR('',#6823,10.);
#2100=VECTOR('',#6826,10.);
#2101=VECTOR('',#6827,10.);
#2102=VECTOR('',#6828,10.);
#2103=VECTOR('',#6831,10.);
#2104=VECTOR('',#6832,10.);
#2105=VECTOR('',#6835,10.);
#2106=VECTOR('',#6836,10.);
#2107=VECTOR('',#6837,10.);
#2108=VECTOR('',#6838,10.);
#2109=VECTOR('',#6841,10.);
#2110=VECTOR('',#6842,10.);
#2111=VECTOR('',#6843,10.);
#2112=VECTOR('',#6850,10.);
#2113=VECTOR('',#6853,10.);
#2114=VECTOR('',#6854,10.);
#2115=VECTOR('',#6855,10.);
#2116=VECTOR('',#6858,10.);
#2117=VECTOR('',#6859,10.);
#2118=VECTOR('',#6860,10.);
#2119=VECTOR('',#6863,10.);
#2120=VECTOR('',#6864,10.);
#2121=VECTOR('',#6867,10.);
#2122=VECTOR('',#6868,10.);
#2123=VECTOR('',#6869,10.);
#2124=VECTOR('',#6870,10.);
#2125=VECTOR('',#6873,10.);
#2126=VECTOR('',#6874,10.);
#2127=VECTOR('',#6875,10.);
#2128=VECTOR('',#6882,10.);
#2129=VECTOR('',#6885,10.);
#2130=VECTOR('',#6886,10.);
#2131=VECTOR('',#6887,10.);
#2132=VECTOR('',#6890,10.);
#2133=VECTOR('',#6891,10.);
#2134=VECTOR('',#6892,10.);
#2135=VECTOR('',#6895,10.);
#2136=VECTOR('',#6896,10.);
#2137=VECTOR('',#6899,10.);
#2138=VECTOR('',#6900,10.);
#2139=VECTOR('',#6901,10.);
#2140=VECTOR('',#6902,10.);
#2141=VECTOR('',#6905,10.);
#2142=VECTOR('',#6906,10.);
#2143=VECTOR('',#6907,10.);
#2144=VECTOR('',#6914,10.);
#2145=VECTOR('',#6917,10.);
#2146=VECTOR('',#6918,10.);
#2147=VECTOR('',#6919,10.);
#2148=VECTOR('',#6922,10.);
#2149=VECTOR('',#6923,10.);
#2150=VECTOR('',#6924,10.);
#2151=VECTOR('',#6927,10.);
#2152=VECTOR('',#6928,10.);
#2153=VECTOR('',#6931,10.);
#2154=VECTOR('',#6932,10.);
#2155=VECTOR('',#6933,10.);
#2156=VECTOR('',#6934,10.);
#2157=VECTOR('',#6937,10.);
#2158=VECTOR('',#6938,10.);
#2159=VECTOR('',#6939,10.);
#2160=VECTOR('',#6946,10.);
#2161=VECTOR('',#6949,10.);
#2162=VECTOR('',#6950,10.);
#2163=VECTOR('',#6951,10.);
#2164=VECTOR('',#6954,10.);
#2165=VECTOR('',#6955,10.);
#2166=VECTOR('',#6956,10.);
#2167=VECTOR('',#6959,10.);
#2168=VECTOR('',#6960,10.);
#2169=VECTOR('',#6963,10.);
#2170=VECTOR('',#6964,10.);
#2171=VECTOR('',#6965,10.);
#2172=VECTOR('',#6966,10.);
#2173=VECTOR('',#6969,10.);
#2174=VECTOR('',#6970,10.);
#2175=VECTOR('',#6971,10.);
#2176=VECTOR('',#6978,10.);
#2177=VECTOR('',#6981,10.);
#2178=VECTOR('',#6982,10.);
#2179=VECTOR('',#6983,10.);
#2180=VECTOR('',#6986,10.);
#2181=VECTOR('',#6987,10.);
#2182=VECTOR('',#6988,10.);
#2183=VECTOR('',#6991,10.);
#2184=VECTOR('',#6992,10.);
#2185=VECTOR('',#6995,10.);
#2186=VECTOR('',#6996,10.);
#2187=VECTOR('',#6997,10.);
#2188=VECTOR('',#6998,10.);
#2189=VECTOR('',#7001,10.);
#2190=VECTOR('',#7002,10.);
#2191=VECTOR('',#7003,10.);
#2192=VECTOR('',#7010,10.);
#2193=VECTOR('',#7013,10.);
#2194=VECTOR('',#7014,10.);
#2195=VECTOR('',#7015,10.);
#2196=VECTOR('',#7018,10.);
#2197=VECTOR('',#7019,10.);
#2198=VECTOR('',#7020,10.);
#2199=VECTOR('',#7023,10.);
#2200=VECTOR('',#7024,10.);
#2201=VECTOR('',#7027,10.);
#2202=VECTOR('',#7028,10.);
#2203=VECTOR('',#7029,10.);
#2204=VECTOR('',#7030,10.);
#2205=VECTOR('',#7033,10.);
#2206=VECTOR('',#7034,10.);
#2207=VECTOR('',#7035,10.);
#2208=VECTOR('',#7042,10.);
#2209=VECTOR('',#7045,10.);
#2210=VECTOR('',#7046,10.);
#2211=VECTOR('',#7047,10.);
#2212=VECTOR('',#7050,10.);
#2213=VECTOR('',#7051,10.);
#2214=VECTOR('',#7052,10.);
#2215=VECTOR('',#7055,10.);
#2216=VECTOR('',#7056,10.);
#2217=VECTOR('',#7059,10.);
#2218=VECTOR('',#7060,10.);
#2219=VECTOR('',#7061,10.);
#2220=VECTOR('',#7062,10.);
#2221=VECTOR('',#7065,10.);
#2222=VECTOR('',#7066,10.);
#2223=VECTOR('',#7067,10.);
#2224=VECTOR('',#7074,10.);
#2225=VECTOR('',#7077,10.);
#2226=VECTOR('',#7078,10.);
#2227=VECTOR('',#7079,10.);
#2228=VECTOR('',#7082,10.);
#2229=VECTOR('',#7083,10.);
#2230=VECTOR('',#7084,10.);
#2231=VECTOR('',#7087,10.);
#2232=VECTOR('',#7088,10.);
#2233=VECTOR('',#7091,10.);
#2234=VECTOR('',#7092,10.);
#2235=VECTOR('',#7093,10.);
#2236=VECTOR('',#7094,10.);
#2237=VECTOR('',#7097,10.);
#2238=VECTOR('',#7098,10.);
#2239=VECTOR('',#7099,10.);
#2240=VECTOR('',#7106,10.);
#2241=VECTOR('',#7109,10.);
#2242=VECTOR('',#7110,10.);
#2243=VECTOR('',#7111,10.);
#2244=VECTOR('',#7114,10.);
#2245=VECTOR('',#7115,10.);
#2246=VECTOR('',#7116,10.);
#2247=VECTOR('',#7119,10.);
#2248=VECTOR('',#7120,10.);
#2249=VECTOR('',#7123,10.);
#2250=VECTOR('',#7124,10.);
#2251=VECTOR('',#7125,10.);
#2252=VECTOR('',#7126,10.);
#2253=VECTOR('',#7129,10.);
#2254=VECTOR('',#7130,10.);
#2255=VECTOR('',#7131,10.);
#2256=VECTOR('',#7138,10.);
#2257=VECTOR('',#7141,10.);
#2258=VECTOR('',#7142,10.);
#2259=VECTOR('',#7143,10.);
#2260=VECTOR('',#7146,10.);
#2261=VECTOR('',#7147,10.);
#2262=VECTOR('',#7148,10.);
#2263=VECTOR('',#7151,10.);
#2264=VECTOR('',#7152,10.);
#2265=VECTOR('',#7155,10.);
#2266=VECTOR('',#7156,10.);
#2267=VECTOR('',#7157,10.);
#2268=VECTOR('',#7158,10.);
#2269=VECTOR('',#7161,10.);
#2270=VECTOR('',#7162,10.);
#2271=VECTOR('',#7163,10.);
#2272=VECTOR('',#7170,10.);
#2273=VECTOR('',#7173,10.);
#2274=VECTOR('',#7174,10.);
#2275=VECTOR('',#7175,10.);
#2276=VECTOR('',#7178,10.);
#2277=VECTOR('',#7179,10.);
#2278=VECTOR('',#7180,10.);
#2279=VECTOR('',#7183,10.);
#2280=VECTOR('',#7184,10.);
#2281=VECTOR('',#7187,10.);
#2282=VECTOR('',#7188,10.);
#2283=VECTOR('',#7189,10.);
#2284=VECTOR('',#7190,10.);
#2285=VECTOR('',#7193,10.);
#2286=VECTOR('',#7194,10.);
#2287=VECTOR('',#7195,10.);
#2288=VECTOR('',#7198,10.);
#2289=VECTOR('',#7199,10.);
#2290=VECTOR('',#7200,10.);
#2291=VECTOR('',#7203,10.);
#2292=VECTOR('',#7204,10.);
#2293=VECTOR('',#7205,10.);
#2294=VECTOR('',#7208,10.);
#2295=VECTOR('',#7209,10.);
#2296=VECTOR('',#7210,10.);
#2297=VECTOR('',#7213,10.);
#2298=VECTOR('',#7214,10.);
#2299=VECTOR('',#7215,10.);
#2300=VECTOR('',#7218,10.);
#2301=VECTOR('',#7219,10.);
#2302=VECTOR('',#7220,10.);
#2303=VECTOR('',#7223,10.);
#2304=VECTOR('',#7224,10.);
#2305=CIRCLE('',#5494,1.9);
#2306=CIRCLE('',#5495,1.1);
#2307=CIRCLE('',#5496,1.1);
#2308=CIRCLE('',#5498,1.9);
#2309=CIRCLE('',#5499,1.1);
#2310=CIRCLE('',#5500,1.1);
#2311=CIRCLE('',#5502,1.9);
#2312=CIRCLE('',#5503,1.1);
#2313=CIRCLE('',#5504,1.1);
#2314=CIRCLE('',#5506,1.9);
#2315=CIRCLE('',#5507,1.1);
#2316=CIRCLE('',#5508,1.1);
#2317=CIRCLE('',#5510,1.1);
#2318=CIRCLE('',#5512,1.1);
#2319=CIRCLE('',#5514,1.1);
#2320=CIRCLE('',#5516,1.1);
#2321=CIRCLE('',#5520,1.525);
#2322=CIRCLE('',#5521,1.525);
#2323=CIRCLE('',#5528,1.525);
#2324=CIRCLE('',#5529,1.525);
#2325=CIRCLE('',#5536,1.525);
#2326=CIRCLE('',#5537,1.525);
#2327=CIRCLE('',#5544,1.525);
#2328=CIRCLE('',#5545,1.525);
#2329=CIRCLE('',#5552,1.525);
#2330=CIRCLE('',#5553,1.525);
#2331=CIRCLE('',#5560,1.525);
#2332=CIRCLE('',#5561,1.525);
#2333=CIRCLE('',#5568,1.525);
#2334=CIRCLE('',#5569,1.525);
#2335=CIRCLE('',#5576,1.525);
#2336=CIRCLE('',#5577,1.525);
#2337=CIRCLE('',#5584,1.525);
#2338=CIRCLE('',#5585,1.525);
#2339=CIRCLE('',#5592,1.525);
#2340=CIRCLE('',#5593,1.525);
#2341=CIRCLE('',#5600,1.525);
#2342=CIRCLE('',#5601,1.525);
#2343=CIRCLE('',#5608,1.525);
#2344=CIRCLE('',#5609,1.525);
#2345=CIRCLE('',#5616,1.525);
#2346=CIRCLE('',#5617,1.525);
#2347=CIRCLE('',#5624,1.525);
#2348=CIRCLE('',#5625,1.525);
#2349=CIRCLE('',#5632,1.525);
#2350=CIRCLE('',#5633,1.525);
#2351=CIRCLE('',#5640,1.525);
#2352=CIRCLE('',#5641,1.525);
#2353=CIRCLE('',#5648,1.525);
#2354=CIRCLE('',#5649,1.525);
#2355=CIRCLE('',#5656,1.525);
#2356=CIRCLE('',#5657,1.525);
#2357=CIRCLE('',#5664,1.525);
#2358=CIRCLE('',#5665,1.525);
#2359=CIRCLE('',#5672,1.525);
#2360=CIRCLE('',#5673,1.525);
#2361=CIRCLE('',#5680,1.525);
#2362=CIRCLE('',#5681,1.525);
#2363=CIRCLE('',#5688,1.525);
#2364=CIRCLE('',#5689,1.525);
#2365=CIRCLE('',#5696,1.525);
#2366=CIRCLE('',#5697,1.525);
#2367=CIRCLE('',#5704,1.525);
#2368=CIRCLE('',#5705,1.525);
#2369=CIRCLE('',#5712,1.525);
#2370=CIRCLE('',#5713,1.525);
#2371=CIRCLE('',#5720,1.525);
#2372=CIRCLE('',#5721,1.525);
#2373=CIRCLE('',#5728,1.525);
#2374=CIRCLE('',#5729,1.525);
#2375=CIRCLE('',#5736,1.525);
#2376=CIRCLE('',#5737,1.525);
#2377=CIRCLE('',#5744,1.525);
#2378=CIRCLE('',#5745,1.525);
#2379=CIRCLE('',#5752,1.525);
#2380=CIRCLE('',#5753,1.525);
#2381=CIRCLE('',#5760,1.525);
#2382=CIRCLE('',#5761,1.525);
#2383=CIRCLE('',#5768,1.525);
#2384=CIRCLE('',#5769,1.525);
#2385=CIRCLE('',#5776,1.525);
#2386=CIRCLE('',#5777,1.525);
#2387=CIRCLE('',#5784,1.525);
#2388=CIRCLE('',#5785,1.525);
#2389=CIRCLE('',#5792,1.525);
#2390=CIRCLE('',#5793,1.525);
#2391=CIRCLE('',#5800,1.525);
#2392=CIRCLE('',#5801,1.525);
#2393=CIRCLE('',#5808,1.525);
#2394=CIRCLE('',#5809,1.525);
#2395=CIRCLE('',#5816,1.525);
#2396=CIRCLE('',#5817,1.525);
#2397=CIRCLE('',#5824,1.525);
#2398=CIRCLE('',#5825,1.525);
#2399=CIRCLE('',#5832,1.525);
#2400=CIRCLE('',#5833,1.525);
#2401=VERTEX_POINT('',#7231);
#2402=VERTEX_POINT('',#7233);
#2403=VERTEX_POINT('',#7235);
#2404=VERTEX_POINT('',#7239);
#2405=VERTEX_POINT('',#7241);
#2406=VERTEX_POINT('',#7243);
#2407=VERTEX_POINT('',#7247);
#2408=VERTEX_POINT('',#7249);
#2409=VERTEX_POINT('',#7251);
#2410=VERTEX_POINT('',#7255);
#2411=VERTEX_POINT('',#7257);
#2412=VERTEX_POINT('',#7259);
#2413=VERTEX_POINT('',#7263);
#2414=VERTEX_POINT('',#7267);
#2415=VERTEX_POINT('',#7271);
#2416=VERTEX_POINT('',#7275);
#2417=VERTEX_POINT('',#7279);
#2418=VERTEX_POINT('',#7280);
#2419=VERTEX_POINT('',#7282);
#2420=VERTEX_POINT('',#7284);
#2421=VERTEX_POINT('',#7288);
#2422=VERTEX_POINT('',#7290);
#2423=VERTEX_POINT('',#7294);
#2424=VERTEX_POINT('',#7296);
#2425=VERTEX_POINT('',#7300);
#2426=VERTEX_POINT('',#7302);
#2427=VERTEX_POINT('',#7306);
#2428=VERTEX_POINT('',#7308);
#2429=VERTEX_POINT('',#7315);
#2430=VERTEX_POINT('',#7316);
#2431=VERTEX_POINT('',#7318);
#2432=VERTEX_POINT('',#7320);
#2433=VERTEX_POINT('',#7324);
#2434=VERTEX_POINT('',#7326);
#2435=VERTEX_POINT('',#7330);
#2436=VERTEX_POINT('',#7332);
#2437=VERTEX_POINT('',#7336);
#2438=VERTEX_POINT('',#7338);
#2439=VERTEX_POINT('',#7342);
#2440=VERTEX_POINT('',#7344);
#2441=VERTEX_POINT('',#7351);
#2442=VERTEX_POINT('',#7352);
#2443=VERTEX_POINT('',#7354);
#2444=VERTEX_POINT('',#7356);
#2445=VERTEX_POINT('',#7360);
#2446=VERTEX_POINT('',#7362);
#2447=VERTEX_POINT('',#7366);
#2448=VERTEX_POINT('',#7368);
#2449=VERTEX_POINT('',#7372);
#2450=VERTEX_POINT('',#7374);
#2451=VERTEX_POINT('',#7378);
#2452=VERTEX_POINT('',#7380);
#2453=VERTEX_POINT('',#7387);
#2454=VERTEX_POINT('',#7388);
#2455=VERTEX_POINT('',#7390);
#2456=VERTEX_POINT('',#7392);
#2457=VERTEX_POINT('',#7396);
#2458=VERTEX_POINT('',#7398);
#2459=VERTEX_POINT('',#7402);
#2460=VERTEX_POINT('',#7404);
#2461=VERTEX_POINT('',#7408);
#2462=VERTEX_POINT('',#7410);
#2463=VERTEX_POINT('',#7414);
#2464=VERTEX_POINT('',#7416);
#2465=VERTEX_POINT('',#7423);
#2466=VERTEX_POINT('',#7424);
#2467=VERTEX_POINT('',#7426);
#2468=VERTEX_POINT('',#7428);
#2469=VERTEX_POINT('',#7432);
#2470=VERTEX_POINT('',#7434);
#2471=VERTEX_POINT('',#7438);
#2472=VERTEX_POINT('',#7440);
#2473=VERTEX_POINT('',#7444);
#2474=VERTEX_POINT('',#7446);
#2475=VERTEX_POINT('',#7450);
#2476=VERTEX_POINT('',#7452);
#2477=VERTEX_POINT('',#7459);
#2478=VERTEX_POINT('',#7460);
#2479=VERTEX_POINT('',#7462);
#2480=VERTEX_POINT('',#7464);
#2481=VERTEX_POINT('',#7468);
#2482=VERTEX_POINT('',#7470);
#2483=VERTEX_POINT('',#7474);
#2484=VERTEX_POINT('',#7476);
#2485=VERTEX_POINT('',#7480);
#2486=VERTEX_POINT('',#7482);
#2487=VERTEX_POINT('',#7486);
#2488=VERTEX_POINT('',#7488);
#2489=VERTEX_POINT('',#7495);
#2490=VERTEX_POINT('',#7496);
#2491=VERTEX_POINT('',#7498);
#2492=VERTEX_POINT('',#7500);
#2493=VERTEX_POINT('',#7504);
#2494=VERTEX_POINT('',#7506);
#2495=VERTEX_POINT('',#7510);
#2496=VERTEX_POINT('',#7512);
#2497=VERTEX_POINT('',#7516);
#2498=VERTEX_POINT('',#7518);
#2499=VERTEX_POINT('',#7522);
#2500=VERTEX_POINT('',#7524);
#2501=VERTEX_POINT('',#7531);
#2502=VERTEX_POINT('',#7532);
#2503=VERTEX_POINT('',#7534);
#2504=VERTEX_POINT('',#7536);
#2505=VERTEX_POINT('',#7540);
#2506=VERTEX_POINT('',#7542);
#2507=VERTEX_POINT('',#7546);
#2508=VERTEX_POINT('',#7548);
#2509=VERTEX_POINT('',#7552);
#2510=VERTEX_POINT('',#7554);
#2511=VERTEX_POINT('',#7558);
#2512=VERTEX_POINT('',#7560);
#2513=VERTEX_POINT('',#7567);
#2514=VERTEX_POINT('',#7568);
#2515=VERTEX_POINT('',#7570);
#2516=VERTEX_POINT('',#7572);
#2517=VERTEX_POINT('',#7576);
#2518=VERTEX_POINT('',#7578);
#2519=VERTEX_POINT('',#7582);
#2520=VERTEX_POINT('',#7584);
#2521=VERTEX_POINT('',#7588);
#2522=VERTEX_POINT('',#7590);
#2523=VERTEX_POINT('',#7594);
#2524=VERTEX_POINT('',#7596);
#2525=VERTEX_POINT('',#7603);
#2526=VERTEX_POINT('',#7604);
#2527=VERTEX_POINT('',#7606);
#2528=VERTEX_POINT('',#7608);
#2529=VERTEX_POINT('',#7612);
#2530=VERTEX_POINT('',#7614);
#2531=VERTEX_POINT('',#7618);
#2532=VERTEX_POINT('',#7620);
#2533=VERTEX_POINT('',#7624);
#2534=VERTEX_POINT('',#7626);
#2535=VERTEX_POINT('',#7630);
#2536=VERTEX_POINT('',#7632);
#2537=VERTEX_POINT('',#7639);
#2538=VERTEX_POINT('',#7640);
#2539=VERTEX_POINT('',#7642);
#2540=VERTEX_POINT('',#7644);
#2541=VERTEX_POINT('',#7648);
#2542=VERTEX_POINT('',#7650);
#2543=VERTEX_POINT('',#7654);
#2544=VERTEX_POINT('',#7656);
#2545=VERTEX_POINT('',#7660);
#2546=VERTEX_POINT('',#7662);
#2547=VERTEX_POINT('',#7666);
#2548=VERTEX_POINT('',#7668);
#2549=VERTEX_POINT('',#7675);
#2550=VERTEX_POINT('',#7676);
#2551=VERTEX_POINT('',#7678);
#2552=VERTEX_POINT('',#7680);
#2553=VERTEX_POINT('',#7684);
#2554=VERTEX_POINT('',#7686);
#2555=VERTEX_POINT('',#7690);
#2556=VERTEX_POINT('',#7692);
#2557=VERTEX_POINT('',#7696);
#2558=VERTEX_POINT('',#7698);
#2559=VERTEX_POINT('',#7702);
#2560=VERTEX_POINT('',#7704);
#2561=VERTEX_POINT('',#7711);
#2562=VERTEX_POINT('',#7712);
#2563=VERTEX_POINT('',#7714);
#2564=VERTEX_POINT('',#7716);
#2565=VERTEX_POINT('',#7720);
#2566=VERTEX_POINT('',#7722);
#2567=VERTEX_POINT('',#7726);
#2568=VERTEX_POINT('',#7728);
#2569=VERTEX_POINT('',#7732);
#2570=VERTEX_POINT('',#7734);
#2571=VERTEX_POINT('',#7738);
#2572=VERTEX_POINT('',#7740);
#2573=VERTEX_POINT('',#7747);
#2574=VERTEX_POINT('',#7748);
#2575=VERTEX_POINT('',#7750);
#2576=VERTEX_POINT('',#7752);
#2577=VERTEX_POINT('',#7756);
#2578=VERTEX_POINT('',#7758);
#2579=VERTEX_POINT('',#7762);
#2580=VERTEX_POINT('',#7764);
#2581=VERTEX_POINT('',#7768);
#2582=VERTEX_POINT('',#7770);
#2583=VERTEX_POINT('',#7774);
#2584=VERTEX_POINT('',#7776);
#2585=VERTEX_POINT('',#7783);
#2586=VERTEX_POINT('',#7784);
#2587=VERTEX_POINT('',#7786);
#2588=VERTEX_POINT('',#7788);
#2589=VERTEX_POINT('',#7792);
#2590=VERTEX_POINT('',#7794);
#2591=VERTEX_POINT('',#7798);
#2592=VERTEX_POINT('',#7800);
#2593=VERTEX_POINT('',#7804);
#2594=VERTEX_POINT('',#7806);
#2595=VERTEX_POINT('',#7810);
#2596=VERTEX_POINT('',#7812);
#2597=VERTEX_POINT('',#7819);
#2598=VERTEX_POINT('',#7820);
#2599=VERTEX_POINT('',#7822);
#2600=VERTEX_POINT('',#7824);
#2601=VERTEX_POINT('',#7828);
#2602=VERTEX_POINT('',#7830);
#2603=VERTEX_POINT('',#7834);
#2604=VERTEX_POINT('',#7836);
#2605=VERTEX_POINT('',#7840);
#2606=VERTEX_POINT('',#7842);
#2607=VERTEX_POINT('',#7846);
#2608=VERTEX_POINT('',#7848);
#2609=VERTEX_POINT('',#7855);
#2610=VERTEX_POINT('',#7856);
#2611=VERTEX_POINT('',#7858);
#2612=VERTEX_POINT('',#7860);
#2613=VERTEX_POINT('',#7864);
#2614=VERTEX_POINT('',#7866);
#2615=VERTEX_POINT('',#7870);
#2616=VERTEX_POINT('',#7872);
#2617=VERTEX_POINT('',#7876);
#2618=VERTEX_POINT('',#7878);
#2619=VERTEX_POINT('',#7882);
#2620=VERTEX_POINT('',#7884);
#2621=VERTEX_POINT('',#7891);
#2622=VERTEX_POINT('',#7892);
#2623=VERTEX_POINT('',#7894);
#2624=VERTEX_POINT('',#7896);
#2625=VERTEX_POINT('',#7900);
#2626=VERTEX_POINT('',#7902);
#2627=VERTEX_POINT('',#7906);
#2628=VERTEX_POINT('',#7908);
#2629=VERTEX_POINT('',#7912);
#2630=VERTEX_POINT('',#7914);
#2631=VERTEX_POINT('',#7918);
#2632=VERTEX_POINT('',#7920);
#2633=VERTEX_POINT('',#7927);
#2634=VERTEX_POINT('',#7928);
#2635=VERTEX_POINT('',#7930);
#2636=VERTEX_POINT('',#7932);
#2637=VERTEX_POINT('',#7936);
#2638=VERTEX_POINT('',#7938);
#2639=VERTEX_POINT('',#7942);
#2640=VERTEX_POINT('',#7944);
#2641=VERTEX_POINT('',#7948);
#2642=VERTEX_POINT('',#7950);
#2643=VERTEX_POINT('',#7954);
#2644=VERTEX_POINT('',#7956);
#2645=VERTEX_POINT('',#7963);
#2646=VERTEX_POINT('',#7964);
#2647=VERTEX_POINT('',#7966);
#2648=VERTEX_POINT('',#7968);
#2649=VERTEX_POINT('',#7972);
#2650=VERTEX_POINT('',#7974);
#2651=VERTEX_POINT('',#7978);
#2652=VERTEX_POINT('',#7980);
#2653=VERTEX_POINT('',#7984);
#2654=VERTEX_POINT('',#7986);
#2655=VERTEX_POINT('',#7990);
#2656=VERTEX_POINT('',#7992);
#2657=VERTEX_POINT('',#7999);
#2658=VERTEX_POINT('',#8000);
#2659=VERTEX_POINT('',#8002);
#2660=VERTEX_POINT('',#8004);
#2661=VERTEX_POINT('',#8008);
#2662=VERTEX_POINT('',#8010);
#2663=VERTEX_POINT('',#8014);
#2664=VERTEX_POINT('',#8016);
#2665=VERTEX_POINT('',#8020);
#2666=VERTEX_POINT('',#8022);
#2667=VERTEX_POINT('',#8026);
#2668=VERTEX_POINT('',#8028);
#2669=VERTEX_POINT('',#8035);
#2670=VERTEX_POINT('',#8036);
#2671=VERTEX_POINT('',#8038);
#2672=VERTEX_POINT('',#8040);
#2673=VERTEX_POINT('',#8044);
#2674=VERTEX_POINT('',#8046);
#2675=VERTEX_POINT('',#8050);
#2676=VERTEX_POINT('',#8052);
#2677=VERTEX_POINT('',#8056);
#2678=VERTEX_POINT('',#8058);
#2679=VERTEX_POINT('',#8062);
#2680=VERTEX_POINT('',#8064);
#2681=VERTEX_POINT('',#8071);
#2682=VERTEX_POINT('',#8072);
#2683=VERTEX_POINT('',#8074);
#2684=VERTEX_POINT('',#8076);
#2685=VERTEX_POINT('',#8080);
#2686=VERTEX_POINT('',#8082);
#2687=VERTEX_POINT('',#8086);
#2688=VERTEX_POINT('',#8088);
#2689=VERTEX_POINT('',#8092);
#2690=VERTEX_POINT('',#8094);
#2691=VERTEX_POINT('',#8098);
#2692=VERTEX_POINT('',#8100);
#2693=VERTEX_POINT('',#8107);
#2694=VERTEX_POINT('',#8108);
#2695=VERTEX_POINT('',#8110);
#2696=VERTEX_POINT('',#8112);
#2697=VERTEX_POINT('',#8116);
#2698=VERTEX_POINT('',#8118);
#2699=VERTEX_POINT('',#8122);
#2700=VERTEX_POINT('',#8124);
#2701=VERTEX_POINT('',#8128);
#2702=VERTEX_POINT('',#8130);
#2703=VERTEX_POINT('',#8134);
#2704=VERTEX_POINT('',#8136);
#2705=VERTEX_POINT('',#8143);
#2706=VERTEX_POINT('',#8144);
#2707=VERTEX_POINT('',#8146);
#2708=VERTEX_POINT('',#8148);
#2709=VERTEX_POINT('',#8152);
#2710=VERTEX_POINT('',#8154);
#2711=VERTEX_POINT('',#8158);
#2712=VERTEX_POINT('',#8160);
#2713=VERTEX_POINT('',#8164);
#2714=VERTEX_POINT('',#8166);
#2715=VERTEX_POINT('',#8170);
#2716=VERTEX_POINT('',#8172);
#2717=VERTEX_POINT('',#8179);
#2718=VERTEX_POINT('',#8180);
#2719=VERTEX_POINT('',#8182);
#2720=VERTEX_POINT('',#8184);
#2721=VERTEX_POINT('',#8188);
#2722=VERTEX_POINT('',#8190);
#2723=VERTEX_POINT('',#8194);
#2724=VERTEX_POINT('',#8196);
#2725=VERTEX_POINT('',#8200);
#2726=VERTEX_POINT('',#8202);
#2727=VERTEX_POINT('',#8206);
#2728=VERTEX_POINT('',#8208);
#2729=VERTEX_POINT('',#8215);
#2730=VERTEX_POINT('',#8216);
#2731=VERTEX_POINT('',#8218);
#2732=VERTEX_POINT('',#8220);
#2733=VERTEX_POINT('',#8224);
#2734=VERTEX_POINT('',#8226);
#2735=VERTEX_POINT('',#8230);
#2736=VERTEX_POINT('',#8232);
#2737=VERTEX_POINT('',#8236);
#2738=VERTEX_POINT('',#8238);
#2739=VERTEX_POINT('',#8242);
#2740=VERTEX_POINT('',#8244);
#2741=VERTEX_POINT('',#8251);
#2742=VERTEX_POINT('',#8252);
#2743=VERTEX_POINT('',#8254);
#2744=VERTEX_POINT('',#8256);
#2745=VERTEX_POINT('',#8260);
#2746=VERTEX_POINT('',#8262);
#2747=VERTEX_POINT('',#8266);
#2748=VERTEX_POINT('',#8268);
#2749=VERTEX_POINT('',#8272);
#2750=VERTEX_POINT('',#8274);
#2751=VERTEX_POINT('',#8278);
#2752=VERTEX_POINT('',#8280);
#2753=VERTEX_POINT('',#8287);
#2754=VERTEX_POINT('',#8288);
#2755=VERTEX_POINT('',#8290);
#2756=VERTEX_POINT('',#8292);
#2757=VERTEX_POINT('',#8296);
#2758=VERTEX_POINT('',#8298);
#2759=VERTEX_POINT('',#8302);
#2760=VERTEX_POINT('',#8304);
#2761=VERTEX_POINT('',#8308);
#2762=VERTEX_POINT('',#8310);
#2763=VERTEX_POINT('',#8314);
#2764=VERTEX_POINT('',#8316);
#2765=VERTEX_POINT('',#8323);
#2766=VERTEX_POINT('',#8324);
#2767=VERTEX_POINT('',#8326);
#2768=VERTEX_POINT('',#8328);
#2769=VERTEX_POINT('',#8332);
#2770=VERTEX_POINT('',#8334);
#2771=VERTEX_POINT('',#8338);
#2772=VERTEX_POINT('',#8340);
#2773=VERTEX_POINT('',#8344);
#2774=VERTEX_POINT('',#8346);
#2775=VERTEX_POINT('',#8350);
#2776=VERTEX_POINT('',#8352);
#2777=VERTEX_POINT('',#8359);
#2778=VERTEX_POINT('',#8360);
#2779=VERTEX_POINT('',#8362);
#2780=VERTEX_POINT('',#8364);
#2781=VERTEX_POINT('',#8368);
#2782=VERTEX_POINT('',#8370);
#2783=VERTEX_POINT('',#8374);
#2784=VERTEX_POINT('',#8376);
#2785=VERTEX_POINT('',#8380);
#2786=VERTEX_POINT('',#8382);
#2787=VERTEX_POINT('',#8386);
#2788=VERTEX_POINT('',#8388);
#2789=VERTEX_POINT('',#8395);
#2790=VERTEX_POINT('',#8396);
#2791=VERTEX_POINT('',#8398);
#2792=VERTEX_POINT('',#8400);
#2793=VERTEX_POINT('',#8404);
#2794=VERTEX_POINT('',#8406);
#2795=VERTEX_POINT('',#8410);
#2796=VERTEX_POINT('',#8412);
#2797=VERTEX_POINT('',#8416);
#2798=VERTEX_POINT('',#8418);
#2799=VERTEX_POINT('',#8422);
#2800=VERTEX_POINT('',#8424);
#2801=VERTEX_POINT('',#8431);
#2802=VERTEX_POINT('',#8432);
#2803=VERTEX_POINT('',#8434);
#2804=VERTEX_POINT('',#8436);
#2805=VERTEX_POINT('',#8440);
#2806=VERTEX_POINT('',#8442);
#2807=VERTEX_POINT('',#8446);
#2808=VERTEX_POINT('',#8448);
#2809=VERTEX_POINT('',#8452);
#2810=VERTEX_POINT('',#8454);
#2811=VERTEX_POINT('',#8458);
#2812=VERTEX_POINT('',#8460);
#2813=VERTEX_POINT('',#8467);
#2814=VERTEX_POINT('',#8468);
#2815=VERTEX_POINT('',#8470);
#2816=VERTEX_POINT('',#8472);
#2817=VERTEX_POINT('',#8476);
#2818=VERTEX_POINT('',#8478);
#2819=VERTEX_POINT('',#8482);
#2820=VERTEX_POINT('',#8484);
#2821=VERTEX_POINT('',#8488);
#2822=VERTEX_POINT('',#8490);
#2823=VERTEX_POINT('',#8494);
#2824=VERTEX_POINT('',#8496);
#2825=VERTEX_POINT('',#8503);
#2826=VERTEX_POINT('',#8504);
#2827=VERTEX_POINT('',#8506);
#2828=VERTEX_POINT('',#8508);
#2829=VERTEX_POINT('',#8512);
#2830=VERTEX_POINT('',#8514);
#2831=VERTEX_POINT('',#8518);
#2832=VERTEX_POINT('',#8520);
#2833=VERTEX_POINT('',#8524);
#2834=VERTEX_POINT('',#8526);
#2835=VERTEX_POINT('',#8530);
#2836=VERTEX_POINT('',#8532);
#2837=VERTEX_POINT('',#8539);
#2838=VERTEX_POINT('',#8540);
#2839=VERTEX_POINT('',#8542);
#2840=VERTEX_POINT('',#8544);
#2841=VERTEX_POINT('',#8548);
#2842=VERTEX_POINT('',#8550);
#2843=VERTEX_POINT('',#8554);
#2844=VERTEX_POINT('',#8556);
#2845=VERTEX_POINT('',#8560);
#2846=VERTEX_POINT('',#8562);
#2847=VERTEX_POINT('',#8566);
#2848=VERTEX_POINT('',#8568);
#2849=VERTEX_POINT('',#8575);
#2850=VERTEX_POINT('',#8576);
#2851=VERTEX_POINT('',#8578);
#2852=VERTEX_POINT('',#8580);
#2853=VERTEX_POINT('',#8584);
#2854=VERTEX_POINT('',#8586);
#2855=VERTEX_POINT('',#8590);
#2856=VERTEX_POINT('',#8592);
#2857=VERTEX_POINT('',#8596);
#2858=VERTEX_POINT('',#8598);
#2859=VERTEX_POINT('',#8602);
#2860=VERTEX_POINT('',#8604);
#2861=VERTEX_POINT('',#8611);
#2862=VERTEX_POINT('',#8612);
#2863=VERTEX_POINT('',#8614);
#2864=VERTEX_POINT('',#8616);
#2865=VERTEX_POINT('',#8620);
#2866=VERTEX_POINT('',#8622);
#2867=VERTEX_POINT('',#8626);
#2868=VERTEX_POINT('',#8628);
#2869=VERTEX_POINT('',#8632);
#2870=VERTEX_POINT('',#8634);
#2871=VERTEX_POINT('',#8638);
#2872=VERTEX_POINT('',#8640);
#2873=VERTEX_POINT('',#8647);
#2874=VERTEX_POINT('',#8648);
#2875=VERTEX_POINT('',#8650);
#2876=VERTEX_POINT('',#8652);
#2877=VERTEX_POINT('',#8656);
#2878=VERTEX_POINT('',#8658);
#2879=VERTEX_POINT('',#8662);
#2880=VERTEX_POINT('',#8664);
#2881=VERTEX_POINT('',#8668);
#2882=VERTEX_POINT('',#8670);
#2883=VERTEX_POINT('',#8674);
#2884=VERTEX_POINT('',#8676);
#2885=VERTEX_POINT('',#8683);
#2886=VERTEX_POINT('',#8684);
#2887=VERTEX_POINT('',#8686);
#2888=VERTEX_POINT('',#8688);
#2889=VERTEX_POINT('',#8692);
#2890=VERTEX_POINT('',#8694);
#2891=VERTEX_POINT('',#8698);
#2892=VERTEX_POINT('',#8700);
#2893=VERTEX_POINT('',#8704);
#2894=VERTEX_POINT('',#8706);
#2895=VERTEX_POINT('',#8710);
#2896=VERTEX_POINT('',#8712);
#2897=VERTEX_POINT('',#8719);
#2898=VERTEX_POINT('',#8720);
#2899=VERTEX_POINT('',#8722);
#2900=VERTEX_POINT('',#8724);
#2901=VERTEX_POINT('',#8728);
#2902=VERTEX_POINT('',#8730);
#2903=VERTEX_POINT('',#8734);
#2904=VERTEX_POINT('',#8736);
#2905=VERTEX_POINT('',#8740);
#2906=VERTEX_POINT('',#8742);
#2907=VERTEX_POINT('',#8746);
#2908=VERTEX_POINT('',#8748);
#2909=VERTEX_POINT('',#8752);
#2910=VERTEX_POINT('',#8754);
#2911=VERTEX_POINT('',#8758);
#2912=VERTEX_POINT('',#8760);
#2913=EDGE_CURVE('',#2401,#2401,#2305,.T.);
#2914=EDGE_CURVE('',#2401,#2402,#961,.T.);
#2915=EDGE_CURVE('',#2403,#2402,#2306,.T.);
#2916=EDGE_CURVE('',#2402,#2403,#2307,.T.);
#2917=EDGE_CURVE('',#2404,#2404,#2308,.T.);
#2918=EDGE_CURVE('',#2404,#2405,#962,.T.);
#2919=EDGE_CURVE('',#2406,#2405,#2309,.T.);
#2920=EDGE_CURVE('',#2405,#2406,#2310,.T.);
#2921=EDGE_CURVE('',#2407,#2407,#2311,.T.);
#2922=EDGE_CURVE('',#2407,#2408,#963,.T.);
#2923=EDGE_CURVE('',#2409,#2408,#2312,.T.);
#2924=EDGE_CURVE('',#2408,#2409,#2313,.T.);
#2925=EDGE_CURVE('',#2410,#2410,#2314,.T.);
#2926=EDGE_CURVE('',#2410,#2411,#964,.T.);
#2927=EDGE_CURVE('',#2412,#2411,#2315,.T.);
#2928=EDGE_CURVE('',#2411,#2412,#2316,.T.);
#2929=EDGE_CURVE('',#2413,#2413,#2317,.T.);
#2930=EDGE_CURVE('',#2413,#2406,#965,.T.);
#2931=EDGE_CURVE('',#2414,#2414,#2318,.T.);
#2932=EDGE_CURVE('',#2414,#2409,#966,.T.);
#2933=EDGE_CURVE('',#2415,#2415,#2319,.T.);
#2934=EDGE_CURVE('',#2415,#2412,#967,.T.);
#2935=EDGE_CURVE('',#2416,#2416,#2320,.T.);
#2936=EDGE_CURVE('',#2416,#2403,#968,.T.);
#2937=EDGE_CURVE('',#2417,#2418,#969,.T.);
#2938=EDGE_CURVE('',#2419,#2417,#970,.T.);
#2939=EDGE_CURVE('',#2420,#2419,#971,.T.);
#2940=EDGE_CURVE('',#2420,#2418,#972,.T.);
#2941=EDGE_CURVE('',#2418,#2421,#973,.T.);
#2942=EDGE_CURVE('',#2422,#2420,#974,.T.);
#2943=EDGE_CURVE('',#2422,#2421,#975,.T.);
#2944=EDGE_CURVE('',#2421,#2423,#2321,.T.);
#2945=EDGE_CURVE('',#2424,#2422,#2322,.T.);
#2946=EDGE_CURVE('',#2424,#2423,#976,.T.);
#2947=EDGE_CURVE('',#2423,#2425,#977,.T.);
#2948=EDGE_CURVE('',#2426,#2424,#978,.T.);
#2949=EDGE_CURVE('',#2426,#2425,#979,.T.);
#2950=EDGE_CURVE('',#2425,#2427,#980,.T.);
#2951=EDGE_CURVE('',#2428,#2426,#981,.T.);
#2952=EDGE_CURVE('',#2428,#2427,#982,.T.);
#2953=EDGE_CURVE('',#2427,#2417,#983,.T.);
#2954=EDGE_CURVE('',#2419,#2428,#984,.T.);
#2955=EDGE_CURVE('',#2429,#2430,#985,.T.);
#2956=EDGE_CURVE('',#2431,#2429,#986,.T.);
#2957=EDGE_CURVE('',#2432,#2431,#987,.T.);
#2958=EDGE_CURVE('',#2432,#2430,#988,.T.);
#2959=EDGE_CURVE('',#2430,#2433,#989,.T.);
#2960=EDGE_CURVE('',#2434,#2432,#990,.T.);
#2961=EDGE_CURVE('',#2434,#2433,#991,.T.);
#2962=EDGE_CURVE('',#2433,#2435,#2323,.T.);
#2963=EDGE_CURVE('',#2436,#2434,#2324,.T.);
#2964=EDGE_CURVE('',#2436,#2435,#992,.T.);
#2965=EDGE_CURVE('',#2435,#2437,#993,.T.);
#2966=EDGE_CURVE('',#2438,#2436,#994,.T.);
#2967=EDGE_CURVE('',#2438,#2437,#995,.T.);
#2968=EDGE_CURVE('',#2437,#2439,#996,.T.);
#2969=EDGE_CURVE('',#2440,#2438,#997,.T.);
#2970=EDGE_CURVE('',#2440,#2439,#998,.T.);
#2971=EDGE_CURVE('',#2439,#2429,#999,.T.);
#2972=EDGE_CURVE('',#2431,#2440,#1000,.T.);
#2973=EDGE_CURVE('',#2441,#2442,#1001,.T.);
#2974=EDGE_CURVE('',#2443,#2441,#1002,.T.);
#2975=EDGE_CURVE('',#2444,#2443,#1003,.T.);
#2976=EDGE_CURVE('',#2444,#2442,#1004,.T.);
#2977=EDGE_CURVE('',#2442,#2445,#1005,.T.);
#2978=EDGE_CURVE('',#2446,#2444,#1006,.T.);
#2979=EDGE_CURVE('',#2446,#2445,#1007,.T.);
#2980=EDGE_CURVE('',#2445,#2447,#2325,.T.);
#2981=EDGE_CURVE('',#2448,#2446,#2326,.T.);
#2982=EDGE_CURVE('',#2448,#2447,#1008,.T.);
#2983=EDGE_CURVE('',#2447,#2449,#1009,.T.);
#2984=EDGE_CURVE('',#2450,#2448,#1010,.T.);
#2985=EDGE_CURVE('',#2450,#2449,#1011,.T.);
#2986=EDGE_CURVE('',#2449,#2451,#1012,.T.);
#2987=EDGE_CURVE('',#2452,#2450,#1013,.T.);
#2988=EDGE_CURVE('',#2452,#2451,#1014,.T.);
#2989=EDGE_CURVE('',#2451,#2441,#1015,.T.);
#2990=EDGE_CURVE('',#2443,#2452,#1016,.T.);
#2991=EDGE_CURVE('',#2453,#2454,#1017,.T.);
#2992=EDGE_CURVE('',#2455,#2453,#1018,.T.);
#2993=EDGE_CURVE('',#2456,#2455,#1019,.T.);
#2994=EDGE_CURVE('',#2456,#2454,#1020,.T.);
#2995=EDGE_CURVE('',#2454,#2457,#1021,.T.);
#2996=EDGE_CURVE('',#2458,#2456,#1022,.T.);
#2997=EDGE_CURVE('',#2458,#2457,#1023,.T.);
#2998=EDGE_CURVE('',#2457,#2459,#2327,.T.);
#2999=EDGE_CURVE('',#2460,#2458,#2328,.T.);
#3000=EDGE_CURVE('',#2460,#2459,#1024,.T.);
#3001=EDGE_CURVE('',#2459,#2461,#1025,.T.);
#3002=EDGE_CURVE('',#2462,#2460,#1026,.T.);
#3003=EDGE_CURVE('',#2462,#2461,#1027,.T.);
#3004=EDGE_CURVE('',#2461,#2463,#1028,.T.);
#3005=EDGE_CURVE('',#2464,#2462,#1029,.T.);
#3006=EDGE_CURVE('',#2464,#2463,#1030,.T.);
#3007=EDGE_CURVE('',#2463,#2453,#1031,.T.);
#3008=EDGE_CURVE('',#2455,#2464,#1032,.T.);
#3009=EDGE_CURVE('',#2465,#2466,#1033,.T.);
#3010=EDGE_CURVE('',#2467,#2465,#1034,.T.);
#3011=EDGE_CURVE('',#2468,#2467,#1035,.T.);
#3012=EDGE_CURVE('',#2468,#2466,#1036,.T.);
#3013=EDGE_CURVE('',#2466,#2469,#1037,.T.);
#3014=EDGE_CURVE('',#2470,#2468,#1038,.T.);
#3015=EDGE_CURVE('',#2470,#2469,#1039,.T.);
#3016=EDGE_CURVE('',#2469,#2471,#2329,.T.);
#3017=EDGE_CURVE('',#2472,#2470,#2330,.T.);
#3018=EDGE_CURVE('',#2472,#2471,#1040,.T.);
#3019=EDGE_CURVE('',#2471,#2473,#1041,.T.);
#3020=EDGE_CURVE('',#2474,#2472,#1042,.T.);
#3021=EDGE_CURVE('',#2474,#2473,#1043,.T.);
#3022=EDGE_CURVE('',#2473,#2475,#1044,.T.);
#3023=EDGE_CURVE('',#2476,#2474,#1045,.T.);
#3024=EDGE_CURVE('',#2476,#2475,#1046,.T.);
#3025=EDGE_CURVE('',#2475,#2465,#1047,.T.);
#3026=EDGE_CURVE('',#2467,#2476,#1048,.T.);
#3027=EDGE_CURVE('',#2477,#2478,#1049,.T.);
#3028=EDGE_CURVE('',#2479,#2477,#1050,.T.);
#3029=EDGE_CURVE('',#2480,#2479,#1051,.T.);
#3030=EDGE_CURVE('',#2480,#2478,#1052,.T.);
#3031=EDGE_CURVE('',#2478,#2481,#1053,.T.);
#3032=EDGE_CURVE('',#2482,#2480,#1054,.T.);
#3033=EDGE_CURVE('',#2482,#2481,#1055,.T.);
#3034=EDGE_CURVE('',#2481,#2483,#2331,.T.);
#3035=EDGE_CURVE('',#2484,#2482,#2332,.T.);
#3036=EDGE_CURVE('',#2484,#2483,#1056,.T.);
#3037=EDGE_CURVE('',#2483,#2485,#1057,.T.);
#3038=EDGE_CURVE('',#2486,#2484,#1058,.T.);
#3039=EDGE_CURVE('',#2486,#2485,#1059,.T.);
#3040=EDGE_CURVE('',#2485,#2487,#1060,.T.);
#3041=EDGE_CURVE('',#2488,#2486,#1061,.T.);
#3042=EDGE_CURVE('',#2488,#2487,#1062,.T.);
#3043=EDGE_CURVE('',#2487,#2477,#1063,.T.);
#3044=EDGE_CURVE('',#2479,#2488,#1064,.T.);
#3045=EDGE_CURVE('',#2489,#2490,#1065,.T.);
#3046=EDGE_CURVE('',#2491,#2489,#1066,.T.);
#3047=EDGE_CURVE('',#2492,#2491,#1067,.T.);
#3048=EDGE_CURVE('',#2492,#2490,#1068,.T.);
#3049=EDGE_CURVE('',#2490,#2493,#1069,.T.);
#3050=EDGE_CURVE('',#2494,#2492,#1070,.T.);
#3051=EDGE_CURVE('',#2494,#2493,#1071,.T.);
#3052=EDGE_CURVE('',#2493,#2495,#2333,.T.);
#3053=EDGE_CURVE('',#2496,#2494,#2334,.T.);
#3054=EDGE_CURVE('',#2496,#2495,#1072,.T.);
#3055=EDGE_CURVE('',#2495,#2497,#1073,.T.);
#3056=EDGE_CURVE('',#2498,#2496,#1074,.T.);
#3057=EDGE_CURVE('',#2498,#2497,#1075,.T.);
#3058=EDGE_CURVE('',#2497,#2499,#1076,.T.);
#3059=EDGE_CURVE('',#2500,#2498,#1077,.T.);
#3060=EDGE_CURVE('',#2500,#2499,#1078,.T.);
#3061=EDGE_CURVE('',#2499,#2489,#1079,.T.);
#3062=EDGE_CURVE('',#2491,#2500,#1080,.T.);
#3063=EDGE_CURVE('',#2501,#2502,#1081,.T.);
#3064=EDGE_CURVE('',#2503,#2501,#1082,.T.);
#3065=EDGE_CURVE('',#2504,#2503,#1083,.T.);
#3066=EDGE_CURVE('',#2504,#2502,#1084,.T.);
#3067=EDGE_CURVE('',#2502,#2505,#1085,.T.);
#3068=EDGE_CURVE('',#2506,#2504,#1086,.T.);
#3069=EDGE_CURVE('',#2506,#2505,#1087,.T.);
#3070=EDGE_CURVE('',#2505,#2507,#2335,.T.);
#3071=EDGE_CURVE('',#2508,#2506,#2336,.T.);
#3072=EDGE_CURVE('',#2508,#2507,#1088,.T.);
#3073=EDGE_CURVE('',#2507,#2509,#1089,.T.);
#3074=EDGE_CURVE('',#2510,#2508,#1090,.T.);
#3075=EDGE_CURVE('',#2510,#2509,#1091,.T.);
#3076=EDGE_CURVE('',#2509,#2511,#1092,.T.);
#3077=EDGE_CURVE('',#2512,#2510,#1093,.T.);
#3078=EDGE_CURVE('',#2512,#2511,#1094,.T.);
#3079=EDGE_CURVE('',#2511,#2501,#1095,.T.);
#3080=EDGE_CURVE('',#2503,#2512,#1096,.T.);
#3081=EDGE_CURVE('',#2513,#2514,#1097,.T.);
#3082=EDGE_CURVE('',#2515,#2513,#1098,.T.);
#3083=EDGE_CURVE('',#2516,#2515,#1099,.T.);
#3084=EDGE_CURVE('',#2516,#2514,#1100,.T.);
#3085=EDGE_CURVE('',#2514,#2517,#1101,.T.);
#3086=EDGE_CURVE('',#2518,#2516,#1102,.T.);
#3087=EDGE_CURVE('',#2518,#2517,#1103,.T.);
#3088=EDGE_CURVE('',#2517,#2519,#2337,.T.);
#3089=EDGE_CURVE('',#2520,#2518,#2338,.T.);
#3090=EDGE_CURVE('',#2520,#2519,#1104,.T.);
#3091=EDGE_CURVE('',#2519,#2521,#1105,.T.);
#3092=EDGE_CURVE('',#2522,#2520,#1106,.T.);
#3093=EDGE_CURVE('',#2522,#2521,#1107,.T.);
#3094=EDGE_CURVE('',#2521,#2523,#1108,.T.);
#3095=EDGE_CURVE('',#2524,#2522,#1109,.T.);
#3096=EDGE_CURVE('',#2524,#2523,#1110,.T.);
#3097=EDGE_CURVE('',#2523,#2513,#1111,.T.);
#3098=EDGE_CURVE('',#2515,#2524,#1112,.T.);
#3099=EDGE_CURVE('',#2525,#2526,#1113,.T.);
#3100=EDGE_CURVE('',#2527,#2525,#1114,.T.);
#3101=EDGE_CURVE('',#2528,#2527,#1115,.T.);
#3102=EDGE_CURVE('',#2528,#2526,#1116,.T.);
#3103=EDGE_CURVE('',#2526,#2529,#1117,.T.);
#3104=EDGE_CURVE('',#2530,#2528,#1118,.T.);
#3105=EDGE_CURVE('',#2530,#2529,#1119,.T.);
#3106=EDGE_CURVE('',#2529,#2531,#2339,.T.);
#3107=EDGE_CURVE('',#2532,#2530,#2340,.T.);
#3108=EDGE_CURVE('',#2532,#2531,#1120,.T.);
#3109=EDGE_CURVE('',#2531,#2533,#1121,.T.);
#3110=EDGE_CURVE('',#2534,#2532,#1122,.T.);
#3111=EDGE_CURVE('',#2534,#2533,#1123,.T.);
#3112=EDGE_CURVE('',#2533,#2535,#1124,.T.);
#3113=EDGE_CURVE('',#2536,#2534,#1125,.T.);
#3114=EDGE_CURVE('',#2536,#2535,#1126,.T.);
#3115=EDGE_CURVE('',#2535,#2525,#1127,.T.);
#3116=EDGE_CURVE('',#2527,#2536,#1128,.T.);
#3117=EDGE_CURVE('',#2537,#2538,#1129,.T.);
#3118=EDGE_CURVE('',#2539,#2537,#1130,.T.);
#3119=EDGE_CURVE('',#2540,#2539,#1131,.T.);
#3120=EDGE_CURVE('',#2540,#2538,#1132,.T.);
#3121=EDGE_CURVE('',#2538,#2541,#1133,.T.);
#3122=EDGE_CURVE('',#2542,#2540,#1134,.T.);
#3123=EDGE_CURVE('',#2542,#2541,#1135,.T.);
#3124=EDGE_CURVE('',#2541,#2543,#2341,.T.);
#3125=EDGE_CURVE('',#2544,#2542,#2342,.T.);
#3126=EDGE_CURVE('',#2544,#2543,#1136,.T.);
#3127=EDGE_CURVE('',#2543,#2545,#1137,.T.);
#3128=EDGE_CURVE('',#2546,#2544,#1138,.T.);
#3129=EDGE_CURVE('',#2546,#2545,#1139,.T.);
#3130=EDGE_CURVE('',#2545,#2547,#1140,.T.);
#3131=EDGE_CURVE('',#2548,#2546,#1141,.T.);
#3132=EDGE_CURVE('',#2548,#2547,#1142,.T.);
#3133=EDGE_CURVE('',#2547,#2537,#1143,.T.);
#3134=EDGE_CURVE('',#2539,#2548,#1144,.T.);
#3135=EDGE_CURVE('',#2549,#2550,#1145,.T.);
#3136=EDGE_CURVE('',#2551,#2549,#1146,.T.);
#3137=EDGE_CURVE('',#2552,#2551,#1147,.T.);
#3138=EDGE_CURVE('',#2552,#2550,#1148,.T.);
#3139=EDGE_CURVE('',#2550,#2553,#1149,.T.);
#3140=EDGE_CURVE('',#2554,#2552,#1150,.T.);
#3141=EDGE_CURVE('',#2554,#2553,#1151,.T.);
#3142=EDGE_CURVE('',#2553,#2555,#2343,.T.);
#3143=EDGE_CURVE('',#2556,#2554,#2344,.T.);
#3144=EDGE_CURVE('',#2556,#2555,#1152,.T.);
#3145=EDGE_CURVE('',#2555,#2557,#1153,.T.);
#3146=EDGE_CURVE('',#2558,#2556,#1154,.T.);
#3147=EDGE_CURVE('',#2558,#2557,#1155,.T.);
#3148=EDGE_CURVE('',#2557,#2559,#1156,.T.);
#3149=EDGE_CURVE('',#2560,#2558,#1157,.T.);
#3150=EDGE_CURVE('',#2560,#2559,#1158,.T.);
#3151=EDGE_CURVE('',#2559,#2549,#1159,.T.);
#3152=EDGE_CURVE('',#2551,#2560,#1160,.T.);
#3153=EDGE_CURVE('',#2561,#2562,#1161,.T.);
#3154=EDGE_CURVE('',#2563,#2561,#1162,.T.);
#3155=EDGE_CURVE('',#2564,#2563,#1163,.T.);
#3156=EDGE_CURVE('',#2564,#2562,#1164,.T.);
#3157=EDGE_CURVE('',#2562,#2565,#1165,.T.);
#3158=EDGE_CURVE('',#2566,#2564,#1166,.T.);
#3159=EDGE_CURVE('',#2566,#2565,#1167,.T.);
#3160=EDGE_CURVE('',#2565,#2567,#2345,.T.);
#3161=EDGE_CURVE('',#2568,#2566,#2346,.T.);
#3162=EDGE_CURVE('',#2568,#2567,#1168,.T.);
#3163=EDGE_CURVE('',#2567,#2569,#1169,.T.);
#3164=EDGE_CURVE('',#2570,#2568,#1170,.T.);
#3165=EDGE_CURVE('',#2570,#2569,#1171,.T.);
#3166=EDGE_CURVE('',#2569,#2571,#1172,.T.);
#3167=EDGE_CURVE('',#2572,#2570,#1173,.T.);
#3168=EDGE_CURVE('',#2572,#2571,#1174,.T.);
#3169=EDGE_CURVE('',#2571,#2561,#1175,.T.);
#3170=EDGE_CURVE('',#2563,#2572,#1176,.T.);
#3171=EDGE_CURVE('',#2573,#2574,#1177,.T.);
#3172=EDGE_CURVE('',#2575,#2573,#1178,.T.);
#3173=EDGE_CURVE('',#2576,#2575,#1179,.T.);
#3174=EDGE_CURVE('',#2576,#2574,#1180,.T.);
#3175=EDGE_CURVE('',#2574,#2577,#1181,.T.);
#3176=EDGE_CURVE('',#2578,#2576,#1182,.T.);
#3177=EDGE_CURVE('',#2578,#2577,#1183,.T.);
#3178=EDGE_CURVE('',#2577,#2579,#2347,.T.);
#3179=EDGE_CURVE('',#2580,#2578,#2348,.T.);
#3180=EDGE_CURVE('',#2580,#2579,#1184,.T.);
#3181=EDGE_CURVE('',#2579,#2581,#1185,.T.);
#3182=EDGE_CURVE('',#2582,#2580,#1186,.T.);
#3183=EDGE_CURVE('',#2582,#2581,#1187,.T.);
#3184=EDGE_CURVE('',#2581,#2583,#1188,.T.);
#3185=EDGE_CURVE('',#2584,#2582,#1189,.T.);
#3186=EDGE_CURVE('',#2584,#2583,#1190,.T.);
#3187=EDGE_CURVE('',#2583,#2573,#1191,.T.);
#3188=EDGE_CURVE('',#2575,#2584,#1192,.T.);
#3189=EDGE_CURVE('',#2585,#2586,#1193,.T.);
#3190=EDGE_CURVE('',#2587,#2585,#1194,.T.);
#3191=EDGE_CURVE('',#2588,#2587,#1195,.T.);
#3192=EDGE_CURVE('',#2588,#2586,#1196,.T.);
#3193=EDGE_CURVE('',#2586,#2589,#1197,.T.);
#3194=EDGE_CURVE('',#2590,#2588,#1198,.T.);
#3195=EDGE_CURVE('',#2590,#2589,#1199,.T.);
#3196=EDGE_CURVE('',#2589,#2591,#2349,.T.);
#3197=EDGE_CURVE('',#2592,#2590,#2350,.T.);
#3198=EDGE_CURVE('',#2592,#2591,#1200,.T.);
#3199=EDGE_CURVE('',#2591,#2593,#1201,.T.);
#3200=EDGE_CURVE('',#2594,#2592,#1202,.T.);
#3201=EDGE_CURVE('',#2594,#2593,#1203,.T.);
#3202=EDGE_CURVE('',#2593,#2595,#1204,.T.);
#3203=EDGE_CURVE('',#2596,#2594,#1205,.T.);
#3204=EDGE_CURVE('',#2596,#2595,#1206,.T.);
#3205=EDGE_CURVE('',#2595,#2585,#1207,.T.);
#3206=EDGE_CURVE('',#2587,#2596,#1208,.T.);
#3207=EDGE_CURVE('',#2597,#2598,#1209,.T.);
#3208=EDGE_CURVE('',#2599,#2597,#1210,.T.);
#3209=EDGE_CURVE('',#2600,#2599,#1211,.T.);
#3210=EDGE_CURVE('',#2600,#2598,#1212,.T.);
#3211=EDGE_CURVE('',#2598,#2601,#1213,.T.);
#3212=EDGE_CURVE('',#2602,#2600,#1214,.T.);
#3213=EDGE_CURVE('',#2602,#2601,#1215,.T.);
#3214=EDGE_CURVE('',#2601,#2603,#2351,.T.);
#3215=EDGE_CURVE('',#2604,#2602,#2352,.T.);
#3216=EDGE_CURVE('',#2604,#2603,#1216,.T.);
#3217=EDGE_CURVE('',#2603,#2605,#1217,.T.);
#3218=EDGE_CURVE('',#2606,#2604,#1218,.T.);
#3219=EDGE_CURVE('',#2606,#2605,#1219,.T.);
#3220=EDGE_CURVE('',#2605,#2607,#1220,.T.);
#3221=EDGE_CURVE('',#2608,#2606,#1221,.T.);
#3222=EDGE_CURVE('',#2608,#2607,#1222,.T.);
#3223=EDGE_CURVE('',#2607,#2597,#1223,.T.);
#3224=EDGE_CURVE('',#2599,#2608,#1224,.T.);
#3225=EDGE_CURVE('',#2609,#2610,#1225,.T.);
#3226=EDGE_CURVE('',#2611,#2609,#1226,.T.);
#3227=EDGE_CURVE('',#2612,#2611,#1227,.T.);
#3228=EDGE_CURVE('',#2612,#2610,#1228,.T.);
#3229=EDGE_CURVE('',#2610,#2613,#1229,.T.);
#3230=EDGE_CURVE('',#2614,#2612,#1230,.T.);
#3231=EDGE_CURVE('',#2614,#2613,#1231,.T.);
#3232=EDGE_CURVE('',#2613,#2615,#2353,.T.);
#3233=EDGE_CURVE('',#2616,#2614,#2354,.T.);
#3234=EDGE_CURVE('',#2616,#2615,#1232,.T.);
#3235=EDGE_CURVE('',#2615,#2617,#1233,.T.);
#3236=EDGE_CURVE('',#2618,#2616,#1234,.T.);
#3237=EDGE_CURVE('',#2618,#2617,#1235,.T.);
#3238=EDGE_CURVE('',#2617,#2619,#1236,.T.);
#3239=EDGE_CURVE('',#2620,#2618,#1237,.T.);
#3240=EDGE_CURVE('',#2620,#2619,#1238,.T.);
#3241=EDGE_CURVE('',#2619,#2609,#1239,.T.);
#3242=EDGE_CURVE('',#2611,#2620,#1240,.T.);
#3243=EDGE_CURVE('',#2621,#2622,#1241,.T.);
#3244=EDGE_CURVE('',#2623,#2621,#1242,.T.);
#3245=EDGE_CURVE('',#2624,#2623,#1243,.T.);
#3246=EDGE_CURVE('',#2624,#2622,#1244,.T.);
#3247=EDGE_CURVE('',#2622,#2625,#1245,.T.);
#3248=EDGE_CURVE('',#2626,#2624,#1246,.T.);
#3249=EDGE_CURVE('',#2626,#2625,#1247,.T.);
#3250=EDGE_CURVE('',#2625,#2627,#2355,.T.);
#3251=EDGE_CURVE('',#2628,#2626,#2356,.T.);
#3252=EDGE_CURVE('',#2628,#2627,#1248,.T.);
#3253=EDGE_CURVE('',#2627,#2629,#1249,.T.);
#3254=EDGE_CURVE('',#2630,#2628,#1250,.T.);
#3255=EDGE_CURVE('',#2630,#2629,#1251,.T.);
#3256=EDGE_CURVE('',#2629,#2631,#1252,.T.);
#3257=EDGE_CURVE('',#2632,#2630,#1253,.T.);
#3258=EDGE_CURVE('',#2632,#2631,#1254,.T.);
#3259=EDGE_CURVE('',#2631,#2621,#1255,.T.);
#3260=EDGE_CURVE('',#2623,#2632,#1256,.T.);
#3261=EDGE_CURVE('',#2633,#2634,#1257,.T.);
#3262=EDGE_CURVE('',#2635,#2633,#1258,.T.);
#3263=EDGE_CURVE('',#2636,#2635,#1259,.T.);
#3264=EDGE_CURVE('',#2636,#2634,#1260,.T.);
#3265=EDGE_CURVE('',#2634,#2637,#1261,.T.);
#3266=EDGE_CURVE('',#2638,#2636,#1262,.T.);
#3267=EDGE_CURVE('',#2638,#2637,#1263,.T.);
#3268=EDGE_CURVE('',#2637,#2639,#2357,.T.);
#3269=EDGE_CURVE('',#2640,#2638,#2358,.T.);
#3270=EDGE_CURVE('',#2640,#2639,#1264,.T.);
#3271=EDGE_CURVE('',#2639,#2641,#1265,.T.);
#3272=EDGE_CURVE('',#2642,#2640,#1266,.T.);
#3273=EDGE_CURVE('',#2642,#2641,#1267,.T.);
#3274=EDGE_CURVE('',#2641,#2643,#1268,.T.);
#3275=EDGE_CURVE('',#2644,#2642,#1269,.T.);
#3276=EDGE_CURVE('',#2644,#2643,#1270,.T.);
#3277=EDGE_CURVE('',#2643,#2633,#1271,.T.);
#3278=EDGE_CURVE('',#2635,#2644,#1272,.T.);
#3279=EDGE_CURVE('',#2645,#2646,#1273,.T.);
#3280=EDGE_CURVE('',#2647,#2645,#1274,.T.);
#3281=EDGE_CURVE('',#2648,#2647,#1275,.T.);
#3282=EDGE_CURVE('',#2648,#2646,#1276,.T.);
#3283=EDGE_CURVE('',#2646,#2649,#1277,.T.);
#3284=EDGE_CURVE('',#2650,#2648,#1278,.T.);
#3285=EDGE_CURVE('',#2650,#2649,#1279,.T.);
#3286=EDGE_CURVE('',#2649,#2651,#2359,.T.);
#3287=EDGE_CURVE('',#2652,#2650,#2360,.T.);
#3288=EDGE_CURVE('',#2652,#2651,#1280,.T.);
#3289=EDGE_CURVE('',#2651,#2653,#1281,.T.);
#3290=EDGE_CURVE('',#2654,#2652,#1282,.T.);
#3291=EDGE_CURVE('',#2654,#2653,#1283,.T.);
#3292=EDGE_CURVE('',#2653,#2655,#1284,.T.);
#3293=EDGE_CURVE('',#2656,#2654,#1285,.T.);
#3294=EDGE_CURVE('',#2656,#2655,#1286,.T.);
#3295=EDGE_CURVE('',#2655,#2645,#1287,.T.);
#3296=EDGE_CURVE('',#2647,#2656,#1288,.T.);
#3297=EDGE_CURVE('',#2657,#2658,#1289,.T.);
#3298=EDGE_CURVE('',#2659,#2657,#1290,.T.);
#3299=EDGE_CURVE('',#2660,#2659,#1291,.T.);
#3300=EDGE_CURVE('',#2660,#2658,#1292,.T.);
#3301=EDGE_CURVE('',#2658,#2661,#1293,.T.);
#3302=EDGE_CURVE('',#2662,#2660,#1294,.T.);
#3303=EDGE_CURVE('',#2662,#2661,#1295,.T.);
#3304=EDGE_CURVE('',#2661,#2663,#2361,.T.);
#3305=EDGE_CURVE('',#2664,#2662,#2362,.T.);
#3306=EDGE_CURVE('',#2664,#2663,#1296,.T.);
#3307=EDGE_CURVE('',#2663,#2665,#1297,.T.);
#3308=EDGE_CURVE('',#2666,#2664,#1298,.T.);
#3309=EDGE_CURVE('',#2666,#2665,#1299,.T.);
#3310=EDGE_CURVE('',#2665,#2667,#1300,.T.);
#3311=EDGE_CURVE('',#2668,#2666,#1301,.T.);
#3312=EDGE_CURVE('',#2668,#2667,#1302,.T.);
#3313=EDGE_CURVE('',#2667,#2657,#1303,.T.);
#3314=EDGE_CURVE('',#2659,#2668,#1304,.T.);
#3315=EDGE_CURVE('',#2669,#2670,#1305,.T.);
#3316=EDGE_CURVE('',#2671,#2669,#1306,.T.);
#3317=EDGE_CURVE('',#2672,#2671,#1307,.T.);
#3318=EDGE_CURVE('',#2672,#2670,#1308,.T.);
#3319=EDGE_CURVE('',#2670,#2673,#1309,.T.);
#3320=EDGE_CURVE('',#2674,#2672,#1310,.T.);
#3321=EDGE_CURVE('',#2674,#2673,#1311,.T.);
#3322=EDGE_CURVE('',#2673,#2675,#2363,.T.);
#3323=EDGE_CURVE('',#2676,#2674,#2364,.T.);
#3324=EDGE_CURVE('',#2676,#2675,#1312,.T.);
#3325=EDGE_CURVE('',#2675,#2677,#1313,.T.);
#3326=EDGE_CURVE('',#2678,#2676,#1314,.T.);
#3327=EDGE_CURVE('',#2678,#2677,#1315,.T.);
#3328=EDGE_CURVE('',#2677,#2679,#1316,.T.);
#3329=EDGE_CURVE('',#2680,#2678,#1317,.T.);
#3330=EDGE_CURVE('',#2680,#2679,#1318,.T.);
#3331=EDGE_CURVE('',#2679,#2669,#1319,.T.);
#3332=EDGE_CURVE('',#2671,#2680,#1320,.T.);
#3333=EDGE_CURVE('',#2681,#2682,#1321,.T.);
#3334=EDGE_CURVE('',#2683,#2681,#1322,.T.);
#3335=EDGE_CURVE('',#2684,#2683,#1323,.T.);
#3336=EDGE_CURVE('',#2684,#2682,#1324,.T.);
#3337=EDGE_CURVE('',#2682,#2685,#1325,.T.);
#3338=EDGE_CURVE('',#2686,#2684,#1326,.T.);
#3339=EDGE_CURVE('',#2686,#2685,#1327,.T.);
#3340=EDGE_CURVE('',#2685,#2687,#2365,.T.);
#3341=EDGE_CURVE('',#2688,#2686,#2366,.T.);
#3342=EDGE_CURVE('',#2688,#2687,#1328,.T.);
#3343=EDGE_CURVE('',#2687,#2689,#1329,.T.);
#3344=EDGE_CURVE('',#2690,#2688,#1330,.T.);
#3345=EDGE_CURVE('',#2690,#2689,#1331,.T.);
#3346=EDGE_CURVE('',#2689,#2691,#1332,.T.);
#3347=EDGE_CURVE('',#2692,#2690,#1333,.T.);
#3348=EDGE_CURVE('',#2692,#2691,#1334,.T.);
#3349=EDGE_CURVE('',#2691,#2681,#1335,.T.);
#3350=EDGE_CURVE('',#2683,#2692,#1336,.T.);
#3351=EDGE_CURVE('',#2693,#2694,#1337,.T.);
#3352=EDGE_CURVE('',#2695,#2693,#1338,.T.);
#3353=EDGE_CURVE('',#2696,#2695,#1339,.T.);
#3354=EDGE_CURVE('',#2696,#2694,#1340,.T.);
#3355=EDGE_CURVE('',#2694,#2697,#1341,.T.);
#3356=EDGE_CURVE('',#2698,#2696,#1342,.T.);
#3357=EDGE_CURVE('',#2698,#2697,#1343,.T.);
#3358=EDGE_CURVE('',#2697,#2699,#2367,.T.);
#3359=EDGE_CURVE('',#2700,#2698,#2368,.T.);
#3360=EDGE_CURVE('',#2700,#2699,#1344,.T.);
#3361=EDGE_CURVE('',#2699,#2701,#1345,.T.);
#3362=EDGE_CURVE('',#2702,#2700,#1346,.T.);
#3363=EDGE_CURVE('',#2702,#2701,#1347,.T.);
#3364=EDGE_CURVE('',#2701,#2703,#1348,.T.);
#3365=EDGE_CURVE('',#2704,#2702,#1349,.T.);
#3366=EDGE_CURVE('',#2704,#2703,#1350,.T.);
#3367=EDGE_CURVE('',#2703,#2693,#1351,.T.);
#3368=EDGE_CURVE('',#2695,#2704,#1352,.T.);
#3369=EDGE_CURVE('',#2705,#2706,#1353,.T.);
#3370=EDGE_CURVE('',#2707,#2705,#1354,.T.);
#3371=EDGE_CURVE('',#2708,#2707,#1355,.T.);
#3372=EDGE_CURVE('',#2708,#2706,#1356,.T.);
#3373=EDGE_CURVE('',#2706,#2709,#1357,.T.);
#3374=EDGE_CURVE('',#2710,#2708,#1358,.T.);
#3375=EDGE_CURVE('',#2710,#2709,#1359,.T.);
#3376=EDGE_CURVE('',#2709,#2711,#2369,.T.);
#3377=EDGE_CURVE('',#2712,#2710,#2370,.T.);
#3378=EDGE_CURVE('',#2712,#2711,#1360,.T.);
#3379=EDGE_CURVE('',#2711,#2713,#1361,.T.);
#3380=EDGE_CURVE('',#2714,#2712,#1362,.T.);
#3381=EDGE_CURVE('',#2714,#2713,#1363,.T.);
#3382=EDGE_CURVE('',#2713,#2715,#1364,.T.);
#3383=EDGE_CURVE('',#2716,#2714,#1365,.T.);
#3384=EDGE_CURVE('',#2716,#2715,#1366,.T.);
#3385=EDGE_CURVE('',#2715,#2705,#1367,.T.);
#3386=EDGE_CURVE('',#2707,#2716,#1368,.T.);
#3387=EDGE_CURVE('',#2717,#2718,#1369,.T.);
#3388=EDGE_CURVE('',#2719,#2717,#1370,.T.);
#3389=EDGE_CURVE('',#2720,#2719,#1371,.T.);
#3390=EDGE_CURVE('',#2720,#2718,#1372,.T.);
#3391=EDGE_CURVE('',#2718,#2721,#1373,.T.);
#3392=EDGE_CURVE('',#2722,#2720,#1374,.T.);
#3393=EDGE_CURVE('',#2722,#2721,#1375,.T.);
#3394=EDGE_CURVE('',#2721,#2723,#2371,.T.);
#3395=EDGE_CURVE('',#2724,#2722,#2372,.T.);
#3396=EDGE_CURVE('',#2724,#2723,#1376,.T.);
#3397=EDGE_CURVE('',#2723,#2725,#1377,.T.);
#3398=EDGE_CURVE('',#2726,#2724,#1378,.T.);
#3399=EDGE_CURVE('',#2726,#2725,#1379,.T.);
#3400=EDGE_CURVE('',#2725,#2727,#1380,.T.);
#3401=EDGE_CURVE('',#2728,#2726,#1381,.T.);
#3402=EDGE_CURVE('',#2728,#2727,#1382,.T.);
#3403=EDGE_CURVE('',#2727,#2717,#1383,.T.);
#3404=EDGE_CURVE('',#2719,#2728,#1384,.T.);
#3405=EDGE_CURVE('',#2729,#2730,#1385,.T.);
#3406=EDGE_CURVE('',#2731,#2729,#1386,.T.);
#3407=EDGE_CURVE('',#2732,#2731,#1387,.T.);
#3408=EDGE_CURVE('',#2732,#2730,#1388,.T.);
#3409=EDGE_CURVE('',#2730,#2733,#1389,.T.);
#3410=EDGE_CURVE('',#2734,#2732,#1390,.T.);
#3411=EDGE_CURVE('',#2734,#2733,#1391,.T.);
#3412=EDGE_CURVE('',#2733,#2735,#2373,.T.);
#3413=EDGE_CURVE('',#2736,#2734,#2374,.T.);
#3414=EDGE_CURVE('',#2736,#2735,#1392,.T.);
#3415=EDGE_CURVE('',#2735,#2737,#1393,.T.);
#3416=EDGE_CURVE('',#2738,#2736,#1394,.T.);
#3417=EDGE_CURVE('',#2738,#2737,#1395,.T.);
#3418=EDGE_CURVE('',#2737,#2739,#1396,.T.);
#3419=EDGE_CURVE('',#2740,#2738,#1397,.T.);
#3420=EDGE_CURVE('',#2740,#2739,#1398,.T.);
#3421=EDGE_CURVE('',#2739,#2729,#1399,.T.);
#3422=EDGE_CURVE('',#2731,#2740,#1400,.T.);
#3423=EDGE_CURVE('',#2741,#2742,#1401,.T.);
#3424=EDGE_CURVE('',#2743,#2741,#1402,.T.);
#3425=EDGE_CURVE('',#2744,#2743,#1403,.T.);
#3426=EDGE_CURVE('',#2744,#2742,#1404,.T.);
#3427=EDGE_CURVE('',#2742,#2745,#1405,.T.);
#3428=EDGE_CURVE('',#2746,#2744,#1406,.T.);
#3429=EDGE_CURVE('',#2746,#2745,#1407,.T.);
#3430=EDGE_CURVE('',#2745,#2747,#2375,.T.);
#3431=EDGE_CURVE('',#2748,#2746,#2376,.T.);
#3432=EDGE_CURVE('',#2748,#2747,#1408,.T.);
#3433=EDGE_CURVE('',#2747,#2749,#1409,.T.);
#3434=EDGE_CURVE('',#2750,#2748,#1410,.T.);
#3435=EDGE_CURVE('',#2750,#2749,#1411,.T.);
#3436=EDGE_CURVE('',#2749,#2751,#1412,.T.);
#3437=EDGE_CURVE('',#2752,#2750,#1413,.T.);
#3438=EDGE_CURVE('',#2752,#2751,#1414,.T.);
#3439=EDGE_CURVE('',#2751,#2741,#1415,.T.);
#3440=EDGE_CURVE('',#2743,#2752,#1416,.T.);
#3441=EDGE_CURVE('',#2753,#2754,#1417,.T.);
#3442=EDGE_CURVE('',#2755,#2753,#1418,.T.);
#3443=EDGE_CURVE('',#2756,#2755,#1419,.T.);
#3444=EDGE_CURVE('',#2756,#2754,#1420,.T.);
#3445=EDGE_CURVE('',#2754,#2757,#1421,.T.);
#3446=EDGE_CURVE('',#2758,#2756,#1422,.T.);
#3447=EDGE_CURVE('',#2758,#2757,#1423,.T.);
#3448=EDGE_CURVE('',#2757,#2759,#2377,.T.);
#3449=EDGE_CURVE('',#2760,#2758,#2378,.T.);
#3450=EDGE_CURVE('',#2760,#2759,#1424,.T.);
#3451=EDGE_CURVE('',#2759,#2761,#1425,.T.);
#3452=EDGE_CURVE('',#2762,#2760,#1426,.T.);
#3453=EDGE_CURVE('',#2762,#2761,#1427,.T.);
#3454=EDGE_CURVE('',#2761,#2763,#1428,.T.);
#3455=EDGE_CURVE('',#2764,#2762,#1429,.T.);
#3456=EDGE_CURVE('',#2764,#2763,#1430,.T.);
#3457=EDGE_CURVE('',#2763,#2753,#1431,.T.);
#3458=EDGE_CURVE('',#2755,#2764,#1432,.T.);
#3459=EDGE_CURVE('',#2765,#2766,#1433,.T.);
#3460=EDGE_CURVE('',#2767,#2765,#1434,.T.);
#3461=EDGE_CURVE('',#2768,#2767,#1435,.T.);
#3462=EDGE_CURVE('',#2768,#2766,#1436,.T.);
#3463=EDGE_CURVE('',#2766,#2769,#1437,.T.);
#3464=EDGE_CURVE('',#2770,#2768,#1438,.T.);
#3465=EDGE_CURVE('',#2770,#2769,#1439,.T.);
#3466=EDGE_CURVE('',#2769,#2771,#2379,.T.);
#3467=EDGE_CURVE('',#2772,#2770,#2380,.T.);
#3468=EDGE_CURVE('',#2772,#2771,#1440,.T.);
#3469=EDGE_CURVE('',#2771,#2773,#1441,.T.);
#3470=EDGE_CURVE('',#2774,#2772,#1442,.T.);
#3471=EDGE_CURVE('',#2774,#2773,#1443,.T.);
#3472=EDGE_CURVE('',#2773,#2775,#1444,.T.);
#3473=EDGE_CURVE('',#2776,#2774,#1445,.T.);
#3474=EDGE_CURVE('',#2776,#2775,#1446,.T.);
#3475=EDGE_CURVE('',#2775,#2765,#1447,.T.);
#3476=EDGE_CURVE('',#2767,#2776,#1448,.T.);
#3477=EDGE_CURVE('',#2777,#2778,#1449,.T.);
#3478=EDGE_CURVE('',#2779,#2777,#1450,.T.);
#3479=EDGE_CURVE('',#2780,#2779,#1451,.T.);
#3480=EDGE_CURVE('',#2780,#2778,#1452,.T.);
#3481=EDGE_CURVE('',#2778,#2781,#1453,.T.);
#3482=EDGE_CURVE('',#2782,#2780,#1454,.T.);
#3483=EDGE_CURVE('',#2782,#2781,#1455,.T.);
#3484=EDGE_CURVE('',#2781,#2783,#2381,.T.);
#3485=EDGE_CURVE('',#2784,#2782,#2382,.T.);
#3486=EDGE_CURVE('',#2784,#2783,#1456,.T.);
#3487=EDGE_CURVE('',#2783,#2785,#1457,.T.);
#3488=EDGE_CURVE('',#2786,#2784,#1458,.T.);
#3489=EDGE_CURVE('',#2786,#2785,#1459,.T.);
#3490=EDGE_CURVE('',#2785,#2787,#1460,.T.);
#3491=EDGE_CURVE('',#2788,#2786,#1461,.T.);
#3492=EDGE_CURVE('',#2788,#2787,#1462,.T.);
#3493=EDGE_CURVE('',#2787,#2777,#1463,.T.);
#3494=EDGE_CURVE('',#2779,#2788,#1464,.T.);
#3495=EDGE_CURVE('',#2789,#2790,#1465,.T.);
#3496=EDGE_CURVE('',#2791,#2789,#1466,.T.);
#3497=EDGE_CURVE('',#2792,#2791,#1467,.T.);
#3498=EDGE_CURVE('',#2792,#2790,#1468,.T.);
#3499=EDGE_CURVE('',#2790,#2793,#1469,.T.);
#3500=EDGE_CURVE('',#2794,#2792,#1470,.T.);
#3501=EDGE_CURVE('',#2794,#2793,#1471,.T.);
#3502=EDGE_CURVE('',#2793,#2795,#2383,.T.);
#3503=EDGE_CURVE('',#2796,#2794,#2384,.T.);
#3504=EDGE_CURVE('',#2796,#2795,#1472,.T.);
#3505=EDGE_CURVE('',#2795,#2797,#1473,.T.);
#3506=EDGE_CURVE('',#2798,#2796,#1474,.T.);
#3507=EDGE_CURVE('',#2798,#2797,#1475,.T.);
#3508=EDGE_CURVE('',#2797,#2799,#1476,.T.);
#3509=EDGE_CURVE('',#2800,#2798,#1477,.T.);
#3510=EDGE_CURVE('',#2800,#2799,#1478,.T.);
#3511=EDGE_CURVE('',#2799,#2789,#1479,.T.);
#3512=EDGE_CURVE('',#2791,#2800,#1480,.T.);
#3513=EDGE_CURVE('',#2801,#2802,#1481,.T.);
#3514=EDGE_CURVE('',#2803,#2801,#1482,.T.);
#3515=EDGE_CURVE('',#2804,#2803,#1483,.T.);
#3516=EDGE_CURVE('',#2804,#2802,#1484,.T.);
#3517=EDGE_CURVE('',#2802,#2805,#1485,.T.);
#3518=EDGE_CURVE('',#2806,#2804,#1486,.T.);
#3519=EDGE_CURVE('',#2806,#2805,#1487,.T.);
#3520=EDGE_CURVE('',#2805,#2807,#2385,.T.);
#3521=EDGE_CURVE('',#2808,#2806,#2386,.T.);
#3522=EDGE_CURVE('',#2808,#2807,#1488,.T.);
#3523=EDGE_CURVE('',#2807,#2809,#1489,.T.);
#3524=EDGE_CURVE('',#2810,#2808,#1490,.T.);
#3525=EDGE_CURVE('',#2810,#2809,#1491,.T.);
#3526=EDGE_CURVE('',#2809,#2811,#1492,.T.);
#3527=EDGE_CURVE('',#2812,#2810,#1493,.T.);
#3528=EDGE_CURVE('',#2812,#2811,#1494,.T.);
#3529=EDGE_CURVE('',#2811,#2801,#1495,.T.);
#3530=EDGE_CURVE('',#2803,#2812,#1496,.T.);
#3531=EDGE_CURVE('',#2813,#2814,#1497,.T.);
#3532=EDGE_CURVE('',#2815,#2813,#1498,.T.);
#3533=EDGE_CURVE('',#2816,#2815,#1499,.T.);
#3534=EDGE_CURVE('',#2816,#2814,#1500,.T.);
#3535=EDGE_CURVE('',#2814,#2817,#1501,.T.);
#3536=EDGE_CURVE('',#2818,#2816,#1502,.T.);
#3537=EDGE_CURVE('',#2818,#2817,#1503,.T.);
#3538=EDGE_CURVE('',#2817,#2819,#2387,.T.);
#3539=EDGE_CURVE('',#2820,#2818,#2388,.T.);
#3540=EDGE_CURVE('',#2820,#2819,#1504,.T.);
#3541=EDGE_CURVE('',#2819,#2821,#1505,.T.);
#3542=EDGE_CURVE('',#2822,#2820,#1506,.T.);
#3543=EDGE_CURVE('',#2822,#2821,#1507,.T.);
#3544=EDGE_CURVE('',#2821,#2823,#1508,.T.);
#3545=EDGE_CURVE('',#2824,#2822,#1509,.T.);
#3546=EDGE_CURVE('',#2824,#2823,#1510,.T.);
#3547=EDGE_CURVE('',#2823,#2813,#1511,.T.);
#3548=EDGE_CURVE('',#2815,#2824,#1512,.T.);
#3549=EDGE_CURVE('',#2825,#2826,#1513,.T.);
#3550=EDGE_CURVE('',#2827,#2825,#1514,.T.);
#3551=EDGE_CURVE('',#2828,#2827,#1515,.T.);
#3552=EDGE_CURVE('',#2828,#2826,#1516,.T.);
#3553=EDGE_CURVE('',#2826,#2829,#1517,.T.);
#3554=EDGE_CURVE('',#2830,#2828,#1518,.T.);
#3555=EDGE_CURVE('',#2830,#2829,#1519,.T.);
#3556=EDGE_CURVE('',#2829,#2831,#2389,.T.);
#3557=EDGE_CURVE('',#2832,#2830,#2390,.T.);
#3558=EDGE_CURVE('',#2832,#2831,#1520,.T.);
#3559=EDGE_CURVE('',#2831,#2833,#1521,.T.);
#3560=EDGE_CURVE('',#2834,#2832,#1522,.T.);
#3561=EDGE_CURVE('',#2834,#2833,#1523,.T.);
#3562=EDGE_CURVE('',#2833,#2835,#1524,.T.);
#3563=EDGE_CURVE('',#2836,#2834,#1525,.T.);
#3564=EDGE_CURVE('',#2836,#2835,#1526,.T.);
#3565=EDGE_CURVE('',#2835,#2825,#1527,.T.);
#3566=EDGE_CURVE('',#2827,#2836,#1528,.T.);
#3567=EDGE_CURVE('',#2837,#2838,#1529,.T.);
#3568=EDGE_CURVE('',#2839,#2837,#1530,.T.);
#3569=EDGE_CURVE('',#2840,#2839,#1531,.T.);
#3570=EDGE_CURVE('',#2840,#2838,#1532,.T.);
#3571=EDGE_CURVE('',#2838,#2841,#1533,.T.);
#3572=EDGE_CURVE('',#2842,#2840,#1534,.T.);
#3573=EDGE_CURVE('',#2842,#2841,#1535,.T.);
#3574=EDGE_CURVE('',#2841,#2843,#2391,.T.);
#3575=EDGE_CURVE('',#2844,#2842,#2392,.T.);
#3576=EDGE_CURVE('',#2844,#2843,#1536,.T.);
#3577=EDGE_CURVE('',#2843,#2845,#1537,.T.);
#3578=EDGE_CURVE('',#2846,#2844,#1538,.T.);
#3579=EDGE_CURVE('',#2846,#2845,#1539,.T.);
#3580=EDGE_CURVE('',#2845,#2847,#1540,.T.);
#3581=EDGE_CURVE('',#2848,#2846,#1541,.T.);
#3582=EDGE_CURVE('',#2848,#2847,#1542,.T.);
#3583=EDGE_CURVE('',#2847,#2837,#1543,.T.);
#3584=EDGE_CURVE('',#2839,#2848,#1544,.T.);
#3585=EDGE_CURVE('',#2849,#2850,#1545,.T.);
#3586=EDGE_CURVE('',#2851,#2849,#1546,.T.);
#3587=EDGE_CURVE('',#2852,#2851,#1547,.T.);
#3588=EDGE_CURVE('',#2852,#2850,#1548,.T.);
#3589=EDGE_CURVE('',#2850,#2853,#1549,.T.);
#3590=EDGE_CURVE('',#2854,#2852,#1550,.T.);
#3591=EDGE_CURVE('',#2854,#2853,#1551,.T.);
#3592=EDGE_CURVE('',#2853,#2855,#2393,.T.);
#3593=EDGE_CURVE('',#2856,#2854,#2394,.T.);
#3594=EDGE_CURVE('',#2856,#2855,#1552,.T.);
#3595=EDGE_CURVE('',#2855,#2857,#1553,.T.);
#3596=EDGE_CURVE('',#2858,#2856,#1554,.T.);
#3597=EDGE_CURVE('',#2858,#2857,#1555,.T.);
#3598=EDGE_CURVE('',#2857,#2859,#1556,.T.);
#3599=EDGE_CURVE('',#2860,#2858,#1557,.T.);
#3600=EDGE_CURVE('',#2860,#2859,#1558,.T.);
#3601=EDGE_CURVE('',#2859,#2849,#1559,.T.);
#3602=EDGE_CURVE('',#2851,#2860,#1560,.T.);
#3603=EDGE_CURVE('',#2861,#2862,#1561,.T.);
#3604=EDGE_CURVE('',#2863,#2861,#1562,.T.);
#3605=EDGE_CURVE('',#2864,#2863,#1563,.T.);
#3606=EDGE_CURVE('',#2864,#2862,#1564,.T.);
#3607=EDGE_CURVE('',#2862,#2865,#1565,.T.);
#3608=EDGE_CURVE('',#2866,#2864,#1566,.T.);
#3609=EDGE_CURVE('',#2866,#2865,#1567,.T.);
#3610=EDGE_CURVE('',#2865,#2867,#2395,.T.);
#3611=EDGE_CURVE('',#2868,#2866,#2396,.T.);
#3612=EDGE_CURVE('',#2868,#2867,#1568,.T.);
#3613=EDGE_CURVE('',#2867,#2869,#1569,.T.);
#3614=EDGE_CURVE('',#2870,#2868,#1570,.T.);
#3615=EDGE_CURVE('',#2870,#2869,#1571,.T.);
#3616=EDGE_CURVE('',#2869,#2871,#1572,.T.);
#3617=EDGE_CURVE('',#2872,#2870,#1573,.T.);
#3618=EDGE_CURVE('',#2872,#2871,#1574,.T.);
#3619=EDGE_CURVE('',#2871,#2861,#1575,.T.);
#3620=EDGE_CURVE('',#2863,#2872,#1576,.T.);
#3621=EDGE_CURVE('',#2873,#2874,#1577,.T.);
#3622=EDGE_CURVE('',#2875,#2873,#1578,.T.);
#3623=EDGE_CURVE('',#2876,#2875,#1579,.T.);
#3624=EDGE_CURVE('',#2876,#2874,#1580,.T.);
#3625=EDGE_CURVE('',#2874,#2877,#1581,.T.);
#3626=EDGE_CURVE('',#2878,#2876,#1582,.T.);
#3627=EDGE_CURVE('',#2878,#2877,#1583,.T.);
#3628=EDGE_CURVE('',#2877,#2879,#2397,.T.);
#3629=EDGE_CURVE('',#2880,#2878,#2398,.T.);
#3630=EDGE_CURVE('',#2880,#2879,#1584,.T.);
#3631=EDGE_CURVE('',#2879,#2881,#1585,.T.);
#3632=EDGE_CURVE('',#2882,#2880,#1586,.T.);
#3633=EDGE_CURVE('',#2882,#2881,#1587,.T.);
#3634=EDGE_CURVE('',#2881,#2883,#1588,.T.);
#3635=EDGE_CURVE('',#2884,#2882,#1589,.T.);
#3636=EDGE_CURVE('',#2884,#2883,#1590,.T.);
#3637=EDGE_CURVE('',#2883,#2873,#1591,.T.);
#3638=EDGE_CURVE('',#2875,#2884,#1592,.T.);
#3639=EDGE_CURVE('',#2885,#2886,#1593,.T.);
#3640=EDGE_CURVE('',#2887,#2885,#1594,.T.);
#3641=EDGE_CURVE('',#2888,#2887,#1595,.T.);
#3642=EDGE_CURVE('',#2888,#2886,#1596,.T.);
#3643=EDGE_CURVE('',#2886,#2889,#1597,.T.);
#3644=EDGE_CURVE('',#2890,#2888,#1598,.T.);
#3645=EDGE_CURVE('',#2890,#2889,#1599,.T.);
#3646=EDGE_CURVE('',#2889,#2891,#2399,.T.);
#3647=EDGE_CURVE('',#2892,#2890,#2400,.T.);
#3648=EDGE_CURVE('',#2892,#2891,#1600,.T.);
#3649=EDGE_CURVE('',#2891,#2893,#1601,.T.);
#3650=EDGE_CURVE('',#2894,#2892,#1602,.T.);
#3651=EDGE_CURVE('',#2894,#2893,#1603,.T.);
#3652=EDGE_CURVE('',#2893,#2895,#1604,.T.);
#3653=EDGE_CURVE('',#2896,#2894,#1605,.T.);
#3654=EDGE_CURVE('',#2896,#2895,#1606,.T.);
#3655=EDGE_CURVE('',#2895,#2885,#1607,.T.);
#3656=EDGE_CURVE('',#2887,#2896,#1608,.T.);
#3657=EDGE_CURVE('',#2897,#2898,#1609,.T.);
#3658=EDGE_CURVE('',#2897,#2899,#1610,.T.);
#3659=EDGE_CURVE('',#2900,#2899,#1611,.T.);
#3660=EDGE_CURVE('',#2898,#2900,#1612,.T.);
#3661=EDGE_CURVE('',#2898,#2901,#1613,.T.);
#3662=EDGE_CURVE('',#2902,#2900,#1614,.T.);
#3663=EDGE_CURVE('',#2901,#2902,#1615,.T.);
#3664=EDGE_CURVE('',#2901,#2903,#1616,.T.);
#3665=EDGE_CURVE('',#2904,#2902,#1617,.T.);
#3666=EDGE_CURVE('',#2903,#2904,#1618,.T.);
#3667=EDGE_CURVE('',#2903,#2905,#1619,.T.);
#3668=EDGE_CURVE('',#2906,#2904,#1620,.T.);
#3669=EDGE_CURVE('',#2905,#2906,#1621,.T.);
#3670=EDGE_CURVE('',#2905,#2907,#1622,.T.);
#3671=EDGE_CURVE('',#2908,#2906,#1623,.T.);
#3672=EDGE_CURVE('',#2907,#2908,#1624,.T.);
#3673=EDGE_CURVE('',#2909,#2907,#1625,.T.);
#3674=EDGE_CURVE('',#2910,#2908,#1626,.T.);
#3675=EDGE_CURVE('',#2909,#2910,#1627,.T.);
#3676=EDGE_CURVE('',#2911,#2909,#1628,.T.);
#3677=EDGE_CURVE('',#2912,#2910,#1629,.T.);
#3678=EDGE_CURVE('',#2911,#2912,#1630,.T.);
#3679=EDGE_CURVE('',#2897,#2911,#1631,.T.);
#3680=EDGE_CURVE('',#2899,#2912,#1632,.T.);
#3681=ORIENTED_EDGE('',*,*,#2913,.F.);
#3682=ORIENTED_EDGE('',*,*,#2914,.T.);
#3683=ORIENTED_EDGE('',*,*,#2915,.F.);
#3684=ORIENTED_EDGE('',*,*,#2916,.F.);
#3685=ORIENTED_EDGE('',*,*,#2914,.F.);
#3686=ORIENTED_EDGE('',*,*,#2917,.F.);
#3687=ORIENTED_EDGE('',*,*,#2918,.T.);
#3688=ORIENTED_EDGE('',*,*,#2919,.F.);
#3689=ORIENTED_EDGE('',*,*,#2920,.F.);
#3690=ORIENTED_EDGE('',*,*,#2918,.F.);
#3691=ORIENTED_EDGE('',*,*,#2921,.F.);
#3692=ORIENTED_EDGE('',*,*,#2922,.T.);
#3693=ORIENTED_EDGE('',*,*,#2923,.F.);
#3694=ORIENTED_EDGE('',*,*,#2924,.F.);
#3695=ORIENTED_EDGE('',*,*,#2922,.F.);
#3696=ORIENTED_EDGE('',*,*,#2925,.F.);
#3697=ORIENTED_EDGE('',*,*,#2926,.T.);
#3698=ORIENTED_EDGE('',*,*,#2927,.F.);
#3699=ORIENTED_EDGE('',*,*,#2928,.F.);
#3700=ORIENTED_EDGE('',*,*,#2926,.F.);
#3701=ORIENTED_EDGE('',*,*,#2929,.F.);
#3702=ORIENTED_EDGE('',*,*,#2930,.T.);
#3703=ORIENTED_EDGE('',*,*,#2919,.T.);
#3704=ORIENTED_EDGE('',*,*,#2920,.T.);
#3705=ORIENTED_EDGE('',*,*,#2930,.F.);
#3706=ORIENTED_EDGE('',*,*,#2931,.F.);
#3707=ORIENTED_EDGE('',*,*,#2932,.T.);
#3708=ORIENTED_EDGE('',*,*,#2923,.T.);
#3709=ORIENTED_EDGE('',*,*,#2924,.T.);
#3710=ORIENTED_EDGE('',*,*,#2932,.F.);
#3711=ORIENTED_EDGE('',*,*,#2933,.F.);
#3712=ORIENTED_EDGE('',*,*,#2934,.T.);
#3713=ORIENTED_EDGE('',*,*,#2927,.T.);
#3714=ORIENTED_EDGE('',*,*,#2928,.T.);
#3715=ORIENTED_EDGE('',*,*,#2934,.F.);
#3716=ORIENTED_EDGE('',*,*,#2935,.F.);
#3717=ORIENTED_EDGE('',*,*,#2936,.T.);
#3718=ORIENTED_EDGE('',*,*,#2915,.T.);
#3719=ORIENTED_EDGE('',*,*,#2916,.T.);
#3720=ORIENTED_EDGE('',*,*,#2936,.F.);
#3721=ORIENTED_EDGE('',*,*,#2937,.F.);
#3722=ORIENTED_EDGE('',*,*,#2938,.F.);
#3723=ORIENTED_EDGE('',*,*,#2939,.F.);
#3724=ORIENTED_EDGE('',*,*,#2940,.T.);
#3725=ORIENTED_EDGE('',*,*,#2941,.F.);
#3726=ORIENTED_EDGE('',*,*,#2940,.F.);
#3727=ORIENTED_EDGE('',*,*,#2942,.F.);
#3728=ORIENTED_EDGE('',*,*,#2943,.T.);
#3729=ORIENTED_EDGE('',*,*,#2944,.F.);
#3730=ORIENTED_EDGE('',*,*,#2943,.F.);
#3731=ORIENTED_EDGE('',*,*,#2945,.F.);
#3732=ORIENTED_EDGE('',*,*,#2946,.T.);
#3733=ORIENTED_EDGE('',*,*,#2947,.F.);
#3734=ORIENTED_EDGE('',*,*,#2946,.F.);
#3735=ORIENTED_EDGE('',*,*,#2948,.F.);
#3736=ORIENTED_EDGE('',*,*,#2949,.T.);
#3737=ORIENTED_EDGE('',*,*,#2950,.F.);
#3738=ORIENTED_EDGE('',*,*,#2949,.F.);
#3739=ORIENTED_EDGE('',*,*,#2951,.F.);
#3740=ORIENTED_EDGE('',*,*,#2952,.T.);
#3741=ORIENTED_EDGE('',*,*,#2953,.F.);
#3742=ORIENTED_EDGE('',*,*,#2952,.F.);
#3743=ORIENTED_EDGE('',*,*,#2954,.F.);
#3744=ORIENTED_EDGE('',*,*,#2938,.T.);
#3745=ORIENTED_EDGE('',*,*,#2955,.F.);
#3746=ORIENTED_EDGE('',*,*,#2956,.F.);
#3747=ORIENTED_EDGE('',*,*,#2957,.F.);
#3748=ORIENTED_EDGE('',*,*,#2958,.T.);
#3749=ORIENTED_EDGE('',*,*,#2959,.F.);
#3750=ORIENTED_EDGE('',*,*,#2958,.F.);
#3751=ORIENTED_EDGE('',*,*,#2960,.F.);
#3752=ORIENTED_EDGE('',*,*,#2961,.T.);
#3753=ORIENTED_EDGE('',*,*,#2962,.F.);
#3754=ORIENTED_EDGE('',*,*,#2961,.F.);
#3755=ORIENTED_EDGE('',*,*,#2963,.F.);
#3756=ORIENTED_EDGE('',*,*,#2964,.T.);
#3757=ORIENTED_EDGE('',*,*,#2965,.F.);
#3758=ORIENTED_EDGE('',*,*,#2964,.F.);
#3759=ORIENTED_EDGE('',*,*,#2966,.F.);
#3760=ORIENTED_EDGE('',*,*,#2967,.T.);
#3761=ORIENTED_EDGE('',*,*,#2968,.F.);
#3762=ORIENTED_EDGE('',*,*,#2967,.F.);
#3763=ORIENTED_EDGE('',*,*,#2969,.F.);
#3764=ORIENTED_EDGE('',*,*,#2970,.T.);
#3765=ORIENTED_EDGE('',*,*,#2971,.F.);
#3766=ORIENTED_EDGE('',*,*,#2970,.F.);
#3767=ORIENTED_EDGE('',*,*,#2972,.F.);
#3768=ORIENTED_EDGE('',*,*,#2956,.T.);
#3769=ORIENTED_EDGE('',*,*,#2973,.F.);
#3770=ORIENTED_EDGE('',*,*,#2974,.F.);
#3771=ORIENTED_EDGE('',*,*,#2975,.F.);
#3772=ORIENTED_EDGE('',*,*,#2976,.T.);
#3773=ORIENTED_EDGE('',*,*,#2977,.F.);
#3774=ORIENTED_EDGE('',*,*,#2976,.F.);
#3775=ORIENTED_EDGE('',*,*,#2978,.F.);
#3776=ORIENTED_EDGE('',*,*,#2979,.T.);
#3777=ORIENTED_EDGE('',*,*,#2980,.F.);
#3778=ORIENTED_EDGE('',*,*,#2979,.F.);
#3779=ORIENTED_EDGE('',*,*,#2981,.F.);
#3780=ORIENTED_EDGE('',*,*,#2982,.T.);
#3781=ORIENTED_EDGE('',*,*,#2983,.F.);
#3782=ORIENTED_EDGE('',*,*,#2982,.F.);
#3783=ORIENTED_EDGE('',*,*,#2984,.F.);
#3784=ORIENTED_EDGE('',*,*,#2985,.T.);
#3785=ORIENTED_EDGE('',*,*,#2986,.F.);
#3786=ORIENTED_EDGE('',*,*,#2985,.F.);
#3787=ORIENTED_EDGE('',*,*,#2987,.F.);
#3788=ORIENTED_EDGE('',*,*,#2988,.T.);
#3789=ORIENTED_EDGE('',*,*,#2989,.F.);
#3790=ORIENTED_EDGE('',*,*,#2988,.F.);
#3791=ORIENTED_EDGE('',*,*,#2990,.F.);
#3792=ORIENTED_EDGE('',*,*,#2974,.T.);
#3793=ORIENTED_EDGE('',*,*,#2991,.F.);
#3794=ORIENTED_EDGE('',*,*,#2992,.F.);
#3795=ORIENTED_EDGE('',*,*,#2993,.F.);
#3796=ORIENTED_EDGE('',*,*,#2994,.T.);
#3797=ORIENTED_EDGE('',*,*,#2995,.F.);
#3798=ORIENTED_EDGE('',*,*,#2994,.F.);
#3799=ORIENTED_EDGE('',*,*,#2996,.F.);
#3800=ORIENTED_EDGE('',*,*,#2997,.T.);
#3801=ORIENTED_EDGE('',*,*,#2998,.F.);
#3802=ORIENTED_EDGE('',*,*,#2997,.F.);
#3803=ORIENTED_EDGE('',*,*,#2999,.F.);
#3804=ORIENTED_EDGE('',*,*,#3000,.T.);
#3805=ORIENTED_EDGE('',*,*,#3001,.F.);
#3806=ORIENTED_EDGE('',*,*,#3000,.F.);
#3807=ORIENTED_EDGE('',*,*,#3002,.F.);
#3808=ORIENTED_EDGE('',*,*,#3003,.T.);
#3809=ORIENTED_EDGE('',*,*,#3004,.F.);
#3810=ORIENTED_EDGE('',*,*,#3003,.F.);
#3811=ORIENTED_EDGE('',*,*,#3005,.F.);
#3812=ORIENTED_EDGE('',*,*,#3006,.T.);
#3813=ORIENTED_EDGE('',*,*,#3007,.F.);
#3814=ORIENTED_EDGE('',*,*,#3006,.F.);
#3815=ORIENTED_EDGE('',*,*,#3008,.F.);
#3816=ORIENTED_EDGE('',*,*,#2992,.T.);
#3817=ORIENTED_EDGE('',*,*,#3009,.F.);
#3818=ORIENTED_EDGE('',*,*,#3010,.F.);
#3819=ORIENTED_EDGE('',*,*,#3011,.F.);
#3820=ORIENTED_EDGE('',*,*,#3012,.T.);
#3821=ORIENTED_EDGE('',*,*,#3013,.F.);
#3822=ORIENTED_EDGE('',*,*,#3012,.F.);
#3823=ORIENTED_EDGE('',*,*,#3014,.F.);
#3824=ORIENTED_EDGE('',*,*,#3015,.T.);
#3825=ORIENTED_EDGE('',*,*,#3016,.F.);
#3826=ORIENTED_EDGE('',*,*,#3015,.F.);
#3827=ORIENTED_EDGE('',*,*,#3017,.F.);
#3828=ORIENTED_EDGE('',*,*,#3018,.T.);
#3829=ORIENTED_EDGE('',*,*,#3019,.F.);
#3830=ORIENTED_EDGE('',*,*,#3018,.F.);
#3831=ORIENTED_EDGE('',*,*,#3020,.F.);
#3832=ORIENTED_EDGE('',*,*,#3021,.T.);
#3833=ORIENTED_EDGE('',*,*,#3022,.F.);
#3834=ORIENTED_EDGE('',*,*,#3021,.F.);
#3835=ORIENTED_EDGE('',*,*,#3023,.F.);
#3836=ORIENTED_EDGE('',*,*,#3024,.T.);
#3837=ORIENTED_EDGE('',*,*,#3025,.F.);
#3838=ORIENTED_EDGE('',*,*,#3024,.F.);
#3839=ORIENTED_EDGE('',*,*,#3026,.F.);
#3840=ORIENTED_EDGE('',*,*,#3010,.T.);
#3841=ORIENTED_EDGE('',*,*,#3027,.F.);
#3842=ORIENTED_EDGE('',*,*,#3028,.F.);
#3843=ORIENTED_EDGE('',*,*,#3029,.F.);
#3844=ORIENTED_EDGE('',*,*,#3030,.T.);
#3845=ORIENTED_EDGE('',*,*,#3031,.F.);
#3846=ORIENTED_EDGE('',*,*,#3030,.F.);
#3847=ORIENTED_EDGE('',*,*,#3032,.F.);
#3848=ORIENTED_EDGE('',*,*,#3033,.T.);
#3849=ORIENTED_EDGE('',*,*,#3034,.F.);
#3850=ORIENTED_EDGE('',*,*,#3033,.F.);
#3851=ORIENTED_EDGE('',*,*,#3035,.F.);
#3852=ORIENTED_EDGE('',*,*,#3036,.T.);
#3853=ORIENTED_EDGE('',*,*,#3037,.F.);
#3854=ORIENTED_EDGE('',*,*,#3036,.F.);
#3855=ORIENTED_EDGE('',*,*,#3038,.F.);
#3856=ORIENTED_EDGE('',*,*,#3039,.T.);
#3857=ORIENTED_EDGE('',*,*,#3040,.F.);
#3858=ORIENTED_EDGE('',*,*,#3039,.F.);
#3859=ORIENTED_EDGE('',*,*,#3041,.F.);
#3860=ORIENTED_EDGE('',*,*,#3042,.T.);
#3861=ORIENTED_EDGE('',*,*,#3043,.F.);
#3862=ORIENTED_EDGE('',*,*,#3042,.F.);
#3863=ORIENTED_EDGE('',*,*,#3044,.F.);
#3864=ORIENTED_EDGE('',*,*,#3028,.T.);
#3865=ORIENTED_EDGE('',*,*,#3045,.F.);
#3866=ORIENTED_EDGE('',*,*,#3046,.F.);
#3867=ORIENTED_EDGE('',*,*,#3047,.F.);
#3868=ORIENTED_EDGE('',*,*,#3048,.T.);
#3869=ORIENTED_EDGE('',*,*,#3049,.F.);
#3870=ORIENTED_EDGE('',*,*,#3048,.F.);
#3871=ORIENTED_EDGE('',*,*,#3050,.F.);
#3872=ORIENTED_EDGE('',*,*,#3051,.T.);
#3873=ORIENTED_EDGE('',*,*,#3052,.F.);
#3874=ORIENTED_EDGE('',*,*,#3051,.F.);
#3875=ORIENTED_EDGE('',*,*,#3053,.F.);
#3876=ORIENTED_EDGE('',*,*,#3054,.T.);
#3877=ORIENTED_EDGE('',*,*,#3055,.F.);
#3878=ORIENTED_EDGE('',*,*,#3054,.F.);
#3879=ORIENTED_EDGE('',*,*,#3056,.F.);
#3880=ORIENTED_EDGE('',*,*,#3057,.T.);
#3881=ORIENTED_EDGE('',*,*,#3058,.F.);
#3882=ORIENTED_EDGE('',*,*,#3057,.F.);
#3883=ORIENTED_EDGE('',*,*,#3059,.F.);
#3884=ORIENTED_EDGE('',*,*,#3060,.T.);
#3885=ORIENTED_EDGE('',*,*,#3061,.F.);
#3886=ORIENTED_EDGE('',*,*,#3060,.F.);
#3887=ORIENTED_EDGE('',*,*,#3062,.F.);
#3888=ORIENTED_EDGE('',*,*,#3046,.T.);
#3889=ORIENTED_EDGE('',*,*,#3063,.F.);
#3890=ORIENTED_EDGE('',*,*,#3064,.F.);
#3891=ORIENTED_EDGE('',*,*,#3065,.F.);
#3892=ORIENTED_EDGE('',*,*,#3066,.T.);
#3893=ORIENTED_EDGE('',*,*,#3067,.F.);
#3894=ORIENTED_EDGE('',*,*,#3066,.F.);
#3895=ORIENTED_EDGE('',*,*,#3068,.F.);
#3896=ORIENTED_EDGE('',*,*,#3069,.T.);
#3897=ORIENTED_EDGE('',*,*,#3070,.F.);
#3898=ORIENTED_EDGE('',*,*,#3069,.F.);
#3899=ORIENTED_EDGE('',*,*,#3071,.F.);
#3900=ORIENTED_EDGE('',*,*,#3072,.T.);
#3901=ORIENTED_EDGE('',*,*,#3073,.F.);
#3902=ORIENTED_EDGE('',*,*,#3072,.F.);
#3903=ORIENTED_EDGE('',*,*,#3074,.F.);
#3904=ORIENTED_EDGE('',*,*,#3075,.T.);
#3905=ORIENTED_EDGE('',*,*,#3076,.F.);
#3906=ORIENTED_EDGE('',*,*,#3075,.F.);
#3907=ORIENTED_EDGE('',*,*,#3077,.F.);
#3908=ORIENTED_EDGE('',*,*,#3078,.T.);
#3909=ORIENTED_EDGE('',*,*,#3079,.F.);
#3910=ORIENTED_EDGE('',*,*,#3078,.F.);
#3911=ORIENTED_EDGE('',*,*,#3080,.F.);
#3912=ORIENTED_EDGE('',*,*,#3064,.T.);
#3913=ORIENTED_EDGE('',*,*,#3081,.F.);
#3914=ORIENTED_EDGE('',*,*,#3082,.F.);
#3915=ORIENTED_EDGE('',*,*,#3083,.F.);
#3916=ORIENTED_EDGE('',*,*,#3084,.T.);
#3917=ORIENTED_EDGE('',*,*,#3085,.F.);
#3918=ORIENTED_EDGE('',*,*,#3084,.F.);
#3919=ORIENTED_EDGE('',*,*,#3086,.F.);
#3920=ORIENTED_EDGE('',*,*,#3087,.T.);
#3921=ORIENTED_EDGE('',*,*,#3088,.F.);
#3922=ORIENTED_EDGE('',*,*,#3087,.F.);
#3923=ORIENTED_EDGE('',*,*,#3089,.F.);
#3924=ORIENTED_EDGE('',*,*,#3090,.T.);
#3925=ORIENTED_EDGE('',*,*,#3091,.F.);
#3926=ORIENTED_EDGE('',*,*,#3090,.F.);
#3927=ORIENTED_EDGE('',*,*,#3092,.F.);
#3928=ORIENTED_EDGE('',*,*,#3093,.T.);
#3929=ORIENTED_EDGE('',*,*,#3094,.F.);
#3930=ORIENTED_EDGE('',*,*,#3093,.F.);
#3931=ORIENTED_EDGE('',*,*,#3095,.F.);
#3932=ORIENTED_EDGE('',*,*,#3096,.T.);
#3933=ORIENTED_EDGE('',*,*,#3097,.F.);
#3934=ORIENTED_EDGE('',*,*,#3096,.F.);
#3935=ORIENTED_EDGE('',*,*,#3098,.F.);
#3936=ORIENTED_EDGE('',*,*,#3082,.T.);
#3937=ORIENTED_EDGE('',*,*,#3099,.F.);
#3938=ORIENTED_EDGE('',*,*,#3100,.F.);
#3939=ORIENTED_EDGE('',*,*,#3101,.F.);
#3940=ORIENTED_EDGE('',*,*,#3102,.T.);
#3941=ORIENTED_EDGE('',*,*,#3103,.F.);
#3942=ORIENTED_EDGE('',*,*,#3102,.F.);
#3943=ORIENTED_EDGE('',*,*,#3104,.F.);
#3944=ORIENTED_EDGE('',*,*,#3105,.T.);
#3945=ORIENTED_EDGE('',*,*,#3106,.F.);
#3946=ORIENTED_EDGE('',*,*,#3105,.F.);
#3947=ORIENTED_EDGE('',*,*,#3107,.F.);
#3948=ORIENTED_EDGE('',*,*,#3108,.T.);
#3949=ORIENTED_EDGE('',*,*,#3109,.F.);
#3950=ORIENTED_EDGE('',*,*,#3108,.F.);
#3951=ORIENTED_EDGE('',*,*,#3110,.F.);
#3952=ORIENTED_EDGE('',*,*,#3111,.T.);
#3953=ORIENTED_EDGE('',*,*,#3112,.F.);
#3954=ORIENTED_EDGE('',*,*,#3111,.F.);
#3955=ORIENTED_EDGE('',*,*,#3113,.F.);
#3956=ORIENTED_EDGE('',*,*,#3114,.T.);
#3957=ORIENTED_EDGE('',*,*,#3115,.F.);
#3958=ORIENTED_EDGE('',*,*,#3114,.F.);
#3959=ORIENTED_EDGE('',*,*,#3116,.F.);
#3960=ORIENTED_EDGE('',*,*,#3100,.T.);
#3961=ORIENTED_EDGE('',*,*,#3117,.F.);
#3962=ORIENTED_EDGE('',*,*,#3118,.F.);
#3963=ORIENTED_EDGE('',*,*,#3119,.F.);
#3964=ORIENTED_EDGE('',*,*,#3120,.T.);
#3965=ORIENTED_EDGE('',*,*,#3121,.F.);
#3966=ORIENTED_EDGE('',*,*,#3120,.F.);
#3967=ORIENTED_EDGE('',*,*,#3122,.F.);
#3968=ORIENTED_EDGE('',*,*,#3123,.T.);
#3969=ORIENTED_EDGE('',*,*,#3124,.F.);
#3970=ORIENTED_EDGE('',*,*,#3123,.F.);
#3971=ORIENTED_EDGE('',*,*,#3125,.F.);
#3972=ORIENTED_EDGE('',*,*,#3126,.T.);
#3973=ORIENTED_EDGE('',*,*,#3127,.F.);
#3974=ORIENTED_EDGE('',*,*,#3126,.F.);
#3975=ORIENTED_EDGE('',*,*,#3128,.F.);
#3976=ORIENTED_EDGE('',*,*,#3129,.T.);
#3977=ORIENTED_EDGE('',*,*,#3130,.F.);
#3978=ORIENTED_EDGE('',*,*,#3129,.F.);
#3979=ORIENTED_EDGE('',*,*,#3131,.F.);
#3980=ORIENTED_EDGE('',*,*,#3132,.T.);
#3981=ORIENTED_EDGE('',*,*,#3133,.F.);
#3982=ORIENTED_EDGE('',*,*,#3132,.F.);
#3983=ORIENTED_EDGE('',*,*,#3134,.F.);
#3984=ORIENTED_EDGE('',*,*,#3118,.T.);
#3985=ORIENTED_EDGE('',*,*,#3135,.F.);
#3986=ORIENTED_EDGE('',*,*,#3136,.F.);
#3987=ORIENTED_EDGE('',*,*,#3137,.F.);
#3988=ORIENTED_EDGE('',*,*,#3138,.T.);
#3989=ORIENTED_EDGE('',*,*,#3139,.F.);
#3990=ORIENTED_EDGE('',*,*,#3138,.F.);
#3991=ORIENTED_EDGE('',*,*,#3140,.F.);
#3992=ORIENTED_EDGE('',*,*,#3141,.T.);
#3993=ORIENTED_EDGE('',*,*,#3142,.F.);
#3994=ORIENTED_EDGE('',*,*,#3141,.F.);
#3995=ORIENTED_EDGE('',*,*,#3143,.F.);
#3996=ORIENTED_EDGE('',*,*,#3144,.T.);
#3997=ORIENTED_EDGE('',*,*,#3145,.F.);
#3998=ORIENTED_EDGE('',*,*,#3144,.F.);
#3999=ORIENTED_EDGE('',*,*,#3146,.F.);
#4000=ORIENTED_EDGE('',*,*,#3147,.T.);
#4001=ORIENTED_EDGE('',*,*,#3148,.F.);
#4002=ORIENTED_EDGE('',*,*,#3147,.F.);
#4003=ORIENTED_EDGE('',*,*,#3149,.F.);
#4004=ORIENTED_EDGE('',*,*,#3150,.T.);
#4005=ORIENTED_EDGE('',*,*,#3151,.F.);
#4006=ORIENTED_EDGE('',*,*,#3150,.F.);
#4007=ORIENTED_EDGE('',*,*,#3152,.F.);
#4008=ORIENTED_EDGE('',*,*,#3136,.T.);
#4009=ORIENTED_EDGE('',*,*,#3153,.F.);
#4010=ORIENTED_EDGE('',*,*,#3154,.F.);
#4011=ORIENTED_EDGE('',*,*,#3155,.F.);
#4012=ORIENTED_EDGE('',*,*,#3156,.T.);
#4013=ORIENTED_EDGE('',*,*,#3157,.F.);
#4014=ORIENTED_EDGE('',*,*,#3156,.F.);
#4015=ORIENTED_EDGE('',*,*,#3158,.F.);
#4016=ORIENTED_EDGE('',*,*,#3159,.T.);
#4017=ORIENTED_EDGE('',*,*,#3160,.F.);
#4018=ORIENTED_EDGE('',*,*,#3159,.F.);
#4019=ORIENTED_EDGE('',*,*,#3161,.F.);
#4020=ORIENTED_EDGE('',*,*,#3162,.T.);
#4021=ORIENTED_EDGE('',*,*,#3163,.F.);
#4022=ORIENTED_EDGE('',*,*,#3162,.F.);
#4023=ORIENTED_EDGE('',*,*,#3164,.F.);
#4024=ORIENTED_EDGE('',*,*,#3165,.T.);
#4025=ORIENTED_EDGE('',*,*,#3166,.F.);
#4026=ORIENTED_EDGE('',*,*,#3165,.F.);
#4027=ORIENTED_EDGE('',*,*,#3167,.F.);
#4028=ORIENTED_EDGE('',*,*,#3168,.T.);
#4029=ORIENTED_EDGE('',*,*,#3169,.F.);
#4030=ORIENTED_EDGE('',*,*,#3168,.F.);
#4031=ORIENTED_EDGE('',*,*,#3170,.F.);
#4032=ORIENTED_EDGE('',*,*,#3154,.T.);
#4033=ORIENTED_EDGE('',*,*,#3171,.F.);
#4034=ORIENTED_EDGE('',*,*,#3172,.F.);
#4035=ORIENTED_EDGE('',*,*,#3173,.F.);
#4036=ORIENTED_EDGE('',*,*,#3174,.T.);
#4037=ORIENTED_EDGE('',*,*,#3175,.F.);
#4038=ORIENTED_EDGE('',*,*,#3174,.F.);
#4039=ORIENTED_EDGE('',*,*,#3176,.F.);
#4040=ORIENTED_EDGE('',*,*,#3177,.T.);
#4041=ORIENTED_EDGE('',*,*,#3178,.F.);
#4042=ORIENTED_EDGE('',*,*,#3177,.F.);
#4043=ORIENTED_EDGE('',*,*,#3179,.F.);
#4044=ORIENTED_EDGE('',*,*,#3180,.T.);
#4045=ORIENTED_EDGE('',*,*,#3181,.F.);
#4046=ORIENTED_EDGE('',*,*,#3180,.F.);
#4047=ORIENTED_EDGE('',*,*,#3182,.F.);
#4048=ORIENTED_EDGE('',*,*,#3183,.T.);
#4049=ORIENTED_EDGE('',*,*,#3184,.F.);
#4050=ORIENTED_EDGE('',*,*,#3183,.F.);
#4051=ORIENTED_EDGE('',*,*,#3185,.F.);
#4052=ORIENTED_EDGE('',*,*,#3186,.T.);
#4053=ORIENTED_EDGE('',*,*,#3187,.F.);
#4054=ORIENTED_EDGE('',*,*,#3186,.F.);
#4055=ORIENTED_EDGE('',*,*,#3188,.F.);
#4056=ORIENTED_EDGE('',*,*,#3172,.T.);
#4057=ORIENTED_EDGE('',*,*,#3189,.F.);
#4058=ORIENTED_EDGE('',*,*,#3190,.F.);
#4059=ORIENTED_EDGE('',*,*,#3191,.F.);
#4060=ORIENTED_EDGE('',*,*,#3192,.T.);
#4061=ORIENTED_EDGE('',*,*,#3193,.F.);
#4062=ORIENTED_EDGE('',*,*,#3192,.F.);
#4063=ORIENTED_EDGE('',*,*,#3194,.F.);
#4064=ORIENTED_EDGE('',*,*,#3195,.T.);
#4065=ORIENTED_EDGE('',*,*,#3196,.F.);
#4066=ORIENTED_EDGE('',*,*,#3195,.F.);
#4067=ORIENTED_EDGE('',*,*,#3197,.F.);
#4068=ORIENTED_EDGE('',*,*,#3198,.T.);
#4069=ORIENTED_EDGE('',*,*,#3199,.F.);
#4070=ORIENTED_EDGE('',*,*,#3198,.F.);
#4071=ORIENTED_EDGE('',*,*,#3200,.F.);
#4072=ORIENTED_EDGE('',*,*,#3201,.T.);
#4073=ORIENTED_EDGE('',*,*,#3202,.F.);
#4074=ORIENTED_EDGE('',*,*,#3201,.F.);
#4075=ORIENTED_EDGE('',*,*,#3203,.F.);
#4076=ORIENTED_EDGE('',*,*,#3204,.T.);
#4077=ORIENTED_EDGE('',*,*,#3205,.F.);
#4078=ORIENTED_EDGE('',*,*,#3204,.F.);
#4079=ORIENTED_EDGE('',*,*,#3206,.F.);
#4080=ORIENTED_EDGE('',*,*,#3190,.T.);
#4081=ORIENTED_EDGE('',*,*,#3207,.F.);
#4082=ORIENTED_EDGE('',*,*,#3208,.F.);
#4083=ORIENTED_EDGE('',*,*,#3209,.F.);
#4084=ORIENTED_EDGE('',*,*,#3210,.T.);
#4085=ORIENTED_EDGE('',*,*,#3211,.F.);
#4086=ORIENTED_EDGE('',*,*,#3210,.F.);
#4087=ORIENTED_EDGE('',*,*,#3212,.F.);
#4088=ORIENTED_EDGE('',*,*,#3213,.T.);
#4089=ORIENTED_EDGE('',*,*,#3214,.F.);
#4090=ORIENTED_EDGE('',*,*,#3213,.F.);
#4091=ORIENTED_EDGE('',*,*,#3215,.F.);
#4092=ORIENTED_EDGE('',*,*,#3216,.T.);
#4093=ORIENTED_EDGE('',*,*,#3217,.F.);
#4094=ORIENTED_EDGE('',*,*,#3216,.F.);
#4095=ORIENTED_EDGE('',*,*,#3218,.F.);
#4096=ORIENTED_EDGE('',*,*,#3219,.T.);
#4097=ORIENTED_EDGE('',*,*,#3220,.F.);
#4098=ORIENTED_EDGE('',*,*,#3219,.F.);
#4099=ORIENTED_EDGE('',*,*,#3221,.F.);
#4100=ORIENTED_EDGE('',*,*,#3222,.T.);
#4101=ORIENTED_EDGE('',*,*,#3223,.F.);
#4102=ORIENTED_EDGE('',*,*,#3222,.F.);
#4103=ORIENTED_EDGE('',*,*,#3224,.F.);
#4104=ORIENTED_EDGE('',*,*,#3208,.T.);
#4105=ORIENTED_EDGE('',*,*,#3225,.F.);
#4106=ORIENTED_EDGE('',*,*,#3226,.F.);
#4107=ORIENTED_EDGE('',*,*,#3227,.F.);
#4108=ORIENTED_EDGE('',*,*,#3228,.T.);
#4109=ORIENTED_EDGE('',*,*,#3229,.F.);
#4110=ORIENTED_EDGE('',*,*,#3228,.F.);
#4111=ORIENTED_EDGE('',*,*,#3230,.F.);
#4112=ORIENTED_EDGE('',*,*,#3231,.T.);
#4113=ORIENTED_EDGE('',*,*,#3232,.F.);
#4114=ORIENTED_EDGE('',*,*,#3231,.F.);
#4115=ORIENTED_EDGE('',*,*,#3233,.F.);
#4116=ORIENTED_EDGE('',*,*,#3234,.T.);
#4117=ORIENTED_EDGE('',*,*,#3235,.F.);
#4118=ORIENTED_EDGE('',*,*,#3234,.F.);
#4119=ORIENTED_EDGE('',*,*,#3236,.F.);
#4120=ORIENTED_EDGE('',*,*,#3237,.T.);
#4121=ORIENTED_EDGE('',*,*,#3238,.F.);
#4122=ORIENTED_EDGE('',*,*,#3237,.F.);
#4123=ORIENTED_EDGE('',*,*,#3239,.F.);
#4124=ORIENTED_EDGE('',*,*,#3240,.T.);
#4125=ORIENTED_EDGE('',*,*,#3241,.F.);
#4126=ORIENTED_EDGE('',*,*,#3240,.F.);
#4127=ORIENTED_EDGE('',*,*,#3242,.F.);
#4128=ORIENTED_EDGE('',*,*,#3226,.T.);
#4129=ORIENTED_EDGE('',*,*,#3243,.F.);
#4130=ORIENTED_EDGE('',*,*,#3244,.F.);
#4131=ORIENTED_EDGE('',*,*,#3245,.F.);
#4132=ORIENTED_EDGE('',*,*,#3246,.T.);
#4133=ORIENTED_EDGE('',*,*,#3247,.F.);
#4134=ORIENTED_EDGE('',*,*,#3246,.F.);
#4135=ORIENTED_EDGE('',*,*,#3248,.F.);
#4136=ORIENTED_EDGE('',*,*,#3249,.T.);
#4137=ORIENTED_EDGE('',*,*,#3250,.F.);
#4138=ORIENTED_EDGE('',*,*,#3249,.F.);
#4139=ORIENTED_EDGE('',*,*,#3251,.F.);
#4140=ORIENTED_EDGE('',*,*,#3252,.T.);
#4141=ORIENTED_EDGE('',*,*,#3253,.F.);
#4142=ORIENTED_EDGE('',*,*,#3252,.F.);
#4143=ORIENTED_EDGE('',*,*,#3254,.F.);
#4144=ORIENTED_EDGE('',*,*,#3255,.T.);
#4145=ORIENTED_EDGE('',*,*,#3256,.F.);
#4146=ORIENTED_EDGE('',*,*,#3255,.F.);
#4147=ORIENTED_EDGE('',*,*,#3257,.F.);
#4148=ORIENTED_EDGE('',*,*,#3258,.T.);
#4149=ORIENTED_EDGE('',*,*,#3259,.F.);
#4150=ORIENTED_EDGE('',*,*,#3258,.F.);
#4151=ORIENTED_EDGE('',*,*,#3260,.F.);
#4152=ORIENTED_EDGE('',*,*,#3244,.T.);
#4153=ORIENTED_EDGE('',*,*,#3261,.F.);
#4154=ORIENTED_EDGE('',*,*,#3262,.F.);
#4155=ORIENTED_EDGE('',*,*,#3263,.F.);
#4156=ORIENTED_EDGE('',*,*,#3264,.T.);
#4157=ORIENTED_EDGE('',*,*,#3265,.F.);
#4158=ORIENTED_EDGE('',*,*,#3264,.F.);
#4159=ORIENTED_EDGE('',*,*,#3266,.F.);
#4160=ORIENTED_EDGE('',*,*,#3267,.T.);
#4161=ORIENTED_EDGE('',*,*,#3268,.F.);
#4162=ORIENTED_EDGE('',*,*,#3267,.F.);
#4163=ORIENTED_EDGE('',*,*,#3269,.F.);
#4164=ORIENTED_EDGE('',*,*,#3270,.T.);
#4165=ORIENTED_EDGE('',*,*,#3271,.F.);
#4166=ORIENTED_EDGE('',*,*,#3270,.F.);
#4167=ORIENTED_EDGE('',*,*,#3272,.F.);
#4168=ORIENTED_EDGE('',*,*,#3273,.T.);
#4169=ORIENTED_EDGE('',*,*,#3274,.F.);
#4170=ORIENTED_EDGE('',*,*,#3273,.F.);
#4171=ORIENTED_EDGE('',*,*,#3275,.F.);
#4172=ORIENTED_EDGE('',*,*,#3276,.T.);
#4173=ORIENTED_EDGE('',*,*,#3277,.F.);
#4174=ORIENTED_EDGE('',*,*,#3276,.F.);
#4175=ORIENTED_EDGE('',*,*,#3278,.F.);
#4176=ORIENTED_EDGE('',*,*,#3262,.T.);
#4177=ORIENTED_EDGE('',*,*,#3279,.F.);
#4178=ORIENTED_EDGE('',*,*,#3280,.F.);
#4179=ORIENTED_EDGE('',*,*,#3281,.F.);
#4180=ORIENTED_EDGE('',*,*,#3282,.T.);
#4181=ORIENTED_EDGE('',*,*,#3283,.F.);
#4182=ORIENTED_EDGE('',*,*,#3282,.F.);
#4183=ORIENTED_EDGE('',*,*,#3284,.F.);
#4184=ORIENTED_EDGE('',*,*,#3285,.T.);
#4185=ORIENTED_EDGE('',*,*,#3286,.F.);
#4186=ORIENTED_EDGE('',*,*,#3285,.F.);
#4187=ORIENTED_EDGE('',*,*,#3287,.F.);
#4188=ORIENTED_EDGE('',*,*,#3288,.T.);
#4189=ORIENTED_EDGE('',*,*,#3289,.F.);
#4190=ORIENTED_EDGE('',*,*,#3288,.F.);
#4191=ORIENTED_EDGE('',*,*,#3290,.F.);
#4192=ORIENTED_EDGE('',*,*,#3291,.T.);
#4193=ORIENTED_EDGE('',*,*,#3292,.F.);
#4194=ORIENTED_EDGE('',*,*,#3291,.F.);
#4195=ORIENTED_EDGE('',*,*,#3293,.F.);
#4196=ORIENTED_EDGE('',*,*,#3294,.T.);
#4197=ORIENTED_EDGE('',*,*,#3295,.F.);
#4198=ORIENTED_EDGE('',*,*,#3294,.F.);
#4199=ORIENTED_EDGE('',*,*,#3296,.F.);
#4200=ORIENTED_EDGE('',*,*,#3280,.T.);
#4201=ORIENTED_EDGE('',*,*,#3297,.F.);
#4202=ORIENTED_EDGE('',*,*,#3298,.F.);
#4203=ORIENTED_EDGE('',*,*,#3299,.F.);
#4204=ORIENTED_EDGE('',*,*,#3300,.T.);
#4205=ORIENTED_EDGE('',*,*,#3301,.F.);
#4206=ORIENTED_EDGE('',*,*,#3300,.F.);
#4207=ORIENTED_EDGE('',*,*,#3302,.F.);
#4208=ORIENTED_EDGE('',*,*,#3303,.T.);
#4209=ORIENTED_EDGE('',*,*,#3304,.F.);
#4210=ORIENTED_EDGE('',*,*,#3303,.F.);
#4211=ORIENTED_EDGE('',*,*,#3305,.F.);
#4212=ORIENTED_EDGE('',*,*,#3306,.T.);
#4213=ORIENTED_EDGE('',*,*,#3307,.F.);
#4214=ORIENTED_EDGE('',*,*,#3306,.F.);
#4215=ORIENTED_EDGE('',*,*,#3308,.F.);
#4216=ORIENTED_EDGE('',*,*,#3309,.T.);
#4217=ORIENTED_EDGE('',*,*,#3310,.F.);
#4218=ORIENTED_EDGE('',*,*,#3309,.F.);
#4219=ORIENTED_EDGE('',*,*,#3311,.F.);
#4220=ORIENTED_EDGE('',*,*,#3312,.T.);
#4221=ORIENTED_EDGE('',*,*,#3313,.F.);
#4222=ORIENTED_EDGE('',*,*,#3312,.F.);
#4223=ORIENTED_EDGE('',*,*,#3314,.F.);
#4224=ORIENTED_EDGE('',*,*,#3298,.T.);
#4225=ORIENTED_EDGE('',*,*,#3315,.F.);
#4226=ORIENTED_EDGE('',*,*,#3316,.F.);
#4227=ORIENTED_EDGE('',*,*,#3317,.F.);
#4228=ORIENTED_EDGE('',*,*,#3318,.T.);
#4229=ORIENTED_EDGE('',*,*,#3319,.F.);
#4230=ORIENTED_EDGE('',*,*,#3318,.F.);
#4231=ORIENTED_EDGE('',*,*,#3320,.F.);
#4232=ORIENTED_EDGE('',*,*,#3321,.T.);
#4233=ORIENTED_EDGE('',*,*,#3322,.F.);
#4234=ORIENTED_EDGE('',*,*,#3321,.F.);
#4235=ORIENTED_EDGE('',*,*,#3323,.F.);
#4236=ORIENTED_EDGE('',*,*,#3324,.T.);
#4237=ORIENTED_EDGE('',*,*,#3325,.F.);
#4238=ORIENTED_EDGE('',*,*,#3324,.F.);
#4239=ORIENTED_EDGE('',*,*,#3326,.F.);
#4240=ORIENTED_EDGE('',*,*,#3327,.T.);
#4241=ORIENTED_EDGE('',*,*,#3328,.F.);
#4242=ORIENTED_EDGE('',*,*,#3327,.F.);
#4243=ORIENTED_EDGE('',*,*,#3329,.F.);
#4244=ORIENTED_EDGE('',*,*,#3330,.T.);
#4245=ORIENTED_EDGE('',*,*,#3331,.F.);
#4246=ORIENTED_EDGE('',*,*,#3330,.F.);
#4247=ORIENTED_EDGE('',*,*,#3332,.F.);
#4248=ORIENTED_EDGE('',*,*,#3316,.T.);
#4249=ORIENTED_EDGE('',*,*,#3333,.F.);
#4250=ORIENTED_EDGE('',*,*,#3334,.F.);
#4251=ORIENTED_EDGE('',*,*,#3335,.F.);
#4252=ORIENTED_EDGE('',*,*,#3336,.T.);
#4253=ORIENTED_EDGE('',*,*,#3337,.F.);
#4254=ORIENTED_EDGE('',*,*,#3336,.F.);
#4255=ORIENTED_EDGE('',*,*,#3338,.F.);
#4256=ORIENTED_EDGE('',*,*,#3339,.T.);
#4257=ORIENTED_EDGE('',*,*,#3340,.F.);
#4258=ORIENTED_EDGE('',*,*,#3339,.F.);
#4259=ORIENTED_EDGE('',*,*,#3341,.F.);
#4260=ORIENTED_EDGE('',*,*,#3342,.T.);
#4261=ORIENTED_EDGE('',*,*,#3343,.F.);
#4262=ORIENTED_EDGE('',*,*,#3342,.F.);
#4263=ORIENTED_EDGE('',*,*,#3344,.F.);
#4264=ORIENTED_EDGE('',*,*,#3345,.T.);
#4265=ORIENTED_EDGE('',*,*,#3346,.F.);
#4266=ORIENTED_EDGE('',*,*,#3345,.F.);
#4267=ORIENTED_EDGE('',*,*,#3347,.F.);
#4268=ORIENTED_EDGE('',*,*,#3348,.T.);
#4269=ORIENTED_EDGE('',*,*,#3349,.F.);
#4270=ORIENTED_EDGE('',*,*,#3348,.F.);
#4271=ORIENTED_EDGE('',*,*,#3350,.F.);
#4272=ORIENTED_EDGE('',*,*,#3334,.T.);
#4273=ORIENTED_EDGE('',*,*,#3351,.F.);
#4274=ORIENTED_EDGE('',*,*,#3352,.F.);
#4275=ORIENTED_EDGE('',*,*,#3353,.F.);
#4276=ORIENTED_EDGE('',*,*,#3354,.T.);
#4277=ORIENTED_EDGE('',*,*,#3355,.F.);
#4278=ORIENTED_EDGE('',*,*,#3354,.F.);
#4279=ORIENTED_EDGE('',*,*,#3356,.F.);
#4280=ORIENTED_EDGE('',*,*,#3357,.T.);
#4281=ORIENTED_EDGE('',*,*,#3358,.F.);
#4282=ORIENTED_EDGE('',*,*,#3357,.F.);
#4283=ORIENTED_EDGE('',*,*,#3359,.F.);
#4284=ORIENTED_EDGE('',*,*,#3360,.T.);
#4285=ORIENTED_EDGE('',*,*,#3361,.F.);
#4286=ORIENTED_EDGE('',*,*,#3360,.F.);
#4287=ORIENTED_EDGE('',*,*,#3362,.F.);
#4288=ORIENTED_EDGE('',*,*,#3363,.T.);
#4289=ORIENTED_EDGE('',*,*,#3364,.F.);
#4290=ORIENTED_EDGE('',*,*,#3363,.F.);
#4291=ORIENTED_EDGE('',*,*,#3365,.F.);
#4292=ORIENTED_EDGE('',*,*,#3366,.T.);
#4293=ORIENTED_EDGE('',*,*,#3367,.F.);
#4294=ORIENTED_EDGE('',*,*,#3366,.F.);
#4295=ORIENTED_EDGE('',*,*,#3368,.F.);
#4296=ORIENTED_EDGE('',*,*,#3352,.T.);
#4297=ORIENTED_EDGE('',*,*,#3369,.F.);
#4298=ORIENTED_EDGE('',*,*,#3370,.F.);
#4299=ORIENTED_EDGE('',*,*,#3371,.F.);
#4300=ORIENTED_EDGE('',*,*,#3372,.T.);
#4301=ORIENTED_EDGE('',*,*,#3373,.F.);
#4302=ORIENTED_EDGE('',*,*,#3372,.F.);
#4303=ORIENTED_EDGE('',*,*,#3374,.F.);
#4304=ORIENTED_EDGE('',*,*,#3375,.T.);
#4305=ORIENTED_EDGE('',*,*,#3376,.F.);
#4306=ORIENTED_EDGE('',*,*,#3375,.F.);
#4307=ORIENTED_EDGE('',*,*,#3377,.F.);
#4308=ORIENTED_EDGE('',*,*,#3378,.T.);
#4309=ORIENTED_EDGE('',*,*,#3379,.F.);
#4310=ORIENTED_EDGE('',*,*,#3378,.F.);
#4311=ORIENTED_EDGE('',*,*,#3380,.F.);
#4312=ORIENTED_EDGE('',*,*,#3381,.T.);
#4313=ORIENTED_EDGE('',*,*,#3382,.F.);
#4314=ORIENTED_EDGE('',*,*,#3381,.F.);
#4315=ORIENTED_EDGE('',*,*,#3383,.F.);
#4316=ORIENTED_EDGE('',*,*,#3384,.T.);
#4317=ORIENTED_EDGE('',*,*,#3385,.F.);
#4318=ORIENTED_EDGE('',*,*,#3384,.F.);
#4319=ORIENTED_EDGE('',*,*,#3386,.F.);
#4320=ORIENTED_EDGE('',*,*,#3370,.T.);
#4321=ORIENTED_EDGE('',*,*,#3387,.F.);
#4322=ORIENTED_EDGE('',*,*,#3388,.F.);
#4323=ORIENTED_EDGE('',*,*,#3389,.F.);
#4324=ORIENTED_EDGE('',*,*,#3390,.T.);
#4325=ORIENTED_EDGE('',*,*,#3391,.F.);
#4326=ORIENTED_EDGE('',*,*,#3390,.F.);
#4327=ORIENTED_EDGE('',*,*,#3392,.F.);
#4328=ORIENTED_EDGE('',*,*,#3393,.T.);
#4329=ORIENTED_EDGE('',*,*,#3394,.F.);
#4330=ORIENTED_EDGE('',*,*,#3393,.F.);
#4331=ORIENTED_EDGE('',*,*,#3395,.F.);
#4332=ORIENTED_EDGE('',*,*,#3396,.T.);
#4333=ORIENTED_EDGE('',*,*,#3397,.F.);
#4334=ORIENTED_EDGE('',*,*,#3396,.F.);
#4335=ORIENTED_EDGE('',*,*,#3398,.F.);
#4336=ORIENTED_EDGE('',*,*,#3399,.T.);
#4337=ORIENTED_EDGE('',*,*,#3400,.F.);
#4338=ORIENTED_EDGE('',*,*,#3399,.F.);
#4339=ORIENTED_EDGE('',*,*,#3401,.F.);
#4340=ORIENTED_EDGE('',*,*,#3402,.T.);
#4341=ORIENTED_EDGE('',*,*,#3403,.F.);
#4342=ORIENTED_EDGE('',*,*,#3402,.F.);
#4343=ORIENTED_EDGE('',*,*,#3404,.F.);
#4344=ORIENTED_EDGE('',*,*,#3388,.T.);
#4345=ORIENTED_EDGE('',*,*,#3405,.F.);
#4346=ORIENTED_EDGE('',*,*,#3406,.F.);
#4347=ORIENTED_EDGE('',*,*,#3407,.F.);
#4348=ORIENTED_EDGE('',*,*,#3408,.T.);
#4349=ORIENTED_EDGE('',*,*,#3409,.F.);
#4350=ORIENTED_EDGE('',*,*,#3408,.F.);
#4351=ORIENTED_EDGE('',*,*,#3410,.F.);
#4352=ORIENTED_EDGE('',*,*,#3411,.T.);
#4353=ORIENTED_EDGE('',*,*,#3412,.F.);
#4354=ORIENTED_EDGE('',*,*,#3411,.F.);
#4355=ORIENTED_EDGE('',*,*,#3413,.F.);
#4356=ORIENTED_EDGE('',*,*,#3414,.T.);
#4357=ORIENTED_EDGE('',*,*,#3415,.F.);
#4358=ORIENTED_EDGE('',*,*,#3414,.F.);
#4359=ORIENTED_EDGE('',*,*,#3416,.F.);
#4360=ORIENTED_EDGE('',*,*,#3417,.T.);
#4361=ORIENTED_EDGE('',*,*,#3418,.F.);
#4362=ORIENTED_EDGE('',*,*,#3417,.F.);
#4363=ORIENTED_EDGE('',*,*,#3419,.F.);
#4364=ORIENTED_EDGE('',*,*,#3420,.T.);
#4365=ORIENTED_EDGE('',*,*,#3421,.F.);
#4366=ORIENTED_EDGE('',*,*,#3420,.F.);
#4367=ORIENTED_EDGE('',*,*,#3422,.F.);
#4368=ORIENTED_EDGE('',*,*,#3406,.T.);
#4369=ORIENTED_EDGE('',*,*,#3423,.F.);
#4370=ORIENTED_EDGE('',*,*,#3424,.F.);
#4371=ORIENTED_EDGE('',*,*,#3425,.F.);
#4372=ORIENTED_EDGE('',*,*,#3426,.T.);
#4373=ORIENTED_EDGE('',*,*,#3427,.F.);
#4374=ORIENTED_EDGE('',*,*,#3426,.F.);
#4375=ORIENTED_EDGE('',*,*,#3428,.F.);
#4376=ORIENTED_EDGE('',*,*,#3429,.T.);
#4377=ORIENTED_EDGE('',*,*,#3430,.F.);
#4378=ORIENTED_EDGE('',*,*,#3429,.F.);
#4379=ORIENTED_EDGE('',*,*,#3431,.F.);
#4380=ORIENTED_EDGE('',*,*,#3432,.T.);
#4381=ORIENTED_EDGE('',*,*,#3433,.F.);
#4382=ORIENTED_EDGE('',*,*,#3432,.F.);
#4383=ORIENTED_EDGE('',*,*,#3434,.F.);
#4384=ORIENTED_EDGE('',*,*,#3435,.T.);
#4385=ORIENTED_EDGE('',*,*,#3436,.F.);
#4386=ORIENTED_EDGE('',*,*,#3435,.F.);
#4387=ORIENTED_EDGE('',*,*,#3437,.F.);
#4388=ORIENTED_EDGE('',*,*,#3438,.T.);
#4389=ORIENTED_EDGE('',*,*,#3439,.F.);
#4390=ORIENTED_EDGE('',*,*,#3438,.F.);
#4391=ORIENTED_EDGE('',*,*,#3440,.F.);
#4392=ORIENTED_EDGE('',*,*,#3424,.T.);
#4393=ORIENTED_EDGE('',*,*,#3441,.F.);
#4394=ORIENTED_EDGE('',*,*,#3442,.F.);
#4395=ORIENTED_EDGE('',*,*,#3443,.F.);
#4396=ORIENTED_EDGE('',*,*,#3444,.T.);
#4397=ORIENTED_EDGE('',*,*,#3445,.F.);
#4398=ORIENTED_EDGE('',*,*,#3444,.F.);
#4399=ORIENTED_EDGE('',*,*,#3446,.F.);
#4400=ORIENTED_EDGE('',*,*,#3447,.T.);
#4401=ORIENTED_EDGE('',*,*,#3448,.F.);
#4402=ORIENTED_EDGE('',*,*,#3447,.F.);
#4403=ORIENTED_EDGE('',*,*,#3449,.F.);
#4404=ORIENTED_EDGE('',*,*,#3450,.T.);
#4405=ORIENTED_EDGE('',*,*,#3451,.F.);
#4406=ORIENTED_EDGE('',*,*,#3450,.F.);
#4407=ORIENTED_EDGE('',*,*,#3452,.F.);
#4408=ORIENTED_EDGE('',*,*,#3453,.T.);
#4409=ORIENTED_EDGE('',*,*,#3454,.F.);
#4410=ORIENTED_EDGE('',*,*,#3453,.F.);
#4411=ORIENTED_EDGE('',*,*,#3455,.F.);
#4412=ORIENTED_EDGE('',*,*,#3456,.T.);
#4413=ORIENTED_EDGE('',*,*,#3457,.F.);
#4414=ORIENTED_EDGE('',*,*,#3456,.F.);
#4415=ORIENTED_EDGE('',*,*,#3458,.F.);
#4416=ORIENTED_EDGE('',*,*,#3442,.T.);
#4417=ORIENTED_EDGE('',*,*,#3459,.F.);
#4418=ORIENTED_EDGE('',*,*,#3460,.F.);
#4419=ORIENTED_EDGE('',*,*,#3461,.F.);
#4420=ORIENTED_EDGE('',*,*,#3462,.T.);
#4421=ORIENTED_EDGE('',*,*,#3463,.F.);
#4422=ORIENTED_EDGE('',*,*,#3462,.F.);
#4423=ORIENTED_EDGE('',*,*,#3464,.F.);
#4424=ORIENTED_EDGE('',*,*,#3465,.T.);
#4425=ORIENTED_EDGE('',*,*,#3466,.F.);
#4426=ORIENTED_EDGE('',*,*,#3465,.F.);
#4427=ORIENTED_EDGE('',*,*,#3467,.F.);
#4428=ORIENTED_EDGE('',*,*,#3468,.T.);
#4429=ORIENTED_EDGE('',*,*,#3469,.F.);
#4430=ORIENTED_EDGE('',*,*,#3468,.F.);
#4431=ORIENTED_EDGE('',*,*,#3470,.F.);
#4432=ORIENTED_EDGE('',*,*,#3471,.T.);
#4433=ORIENTED_EDGE('',*,*,#3472,.F.);
#4434=ORIENTED_EDGE('',*,*,#3471,.F.);
#4435=ORIENTED_EDGE('',*,*,#3473,.F.);
#4436=ORIENTED_EDGE('',*,*,#3474,.T.);
#4437=ORIENTED_EDGE('',*,*,#3475,.F.);
#4438=ORIENTED_EDGE('',*,*,#3474,.F.);
#4439=ORIENTED_EDGE('',*,*,#3476,.F.);
#4440=ORIENTED_EDGE('',*,*,#3460,.T.);
#4441=ORIENTED_EDGE('',*,*,#3477,.F.);
#4442=ORIENTED_EDGE('',*,*,#3478,.F.);
#4443=ORIENTED_EDGE('',*,*,#3479,.F.);
#4444=ORIENTED_EDGE('',*,*,#3480,.T.);
#4445=ORIENTED_EDGE('',*,*,#3481,.F.);
#4446=ORIENTED_EDGE('',*,*,#3480,.F.);
#4447=ORIENTED_EDGE('',*,*,#3482,.F.);
#4448=ORIENTED_EDGE('',*,*,#3483,.T.);
#4449=ORIENTED_EDGE('',*,*,#3484,.F.);
#4450=ORIENTED_EDGE('',*,*,#3483,.F.);
#4451=ORIENTED_EDGE('',*,*,#3485,.F.);
#4452=ORIENTED_EDGE('',*,*,#3486,.T.);
#4453=ORIENTED_EDGE('',*,*,#3487,.F.);
#4454=ORIENTED_EDGE('',*,*,#3486,.F.);
#4455=ORIENTED_EDGE('',*,*,#3488,.F.);
#4456=ORIENTED_EDGE('',*,*,#3489,.T.);
#4457=ORIENTED_EDGE('',*,*,#3490,.F.);
#4458=ORIENTED_EDGE('',*,*,#3489,.F.);
#4459=ORIENTED_EDGE('',*,*,#3491,.F.);
#4460=ORIENTED_EDGE('',*,*,#3492,.T.);
#4461=ORIENTED_EDGE('',*,*,#3493,.F.);
#4462=ORIENTED_EDGE('',*,*,#3492,.F.);
#4463=ORIENTED_EDGE('',*,*,#3494,.F.);
#4464=ORIENTED_EDGE('',*,*,#3478,.T.);
#4465=ORIENTED_EDGE('',*,*,#3495,.F.);
#4466=ORIENTED_EDGE('',*,*,#3496,.F.);
#4467=ORIENTED_EDGE('',*,*,#3497,.F.);
#4468=ORIENTED_EDGE('',*,*,#3498,.T.);
#4469=ORIENTED_EDGE('',*,*,#3499,.F.);
#4470=ORIENTED_EDGE('',*,*,#3498,.F.);
#4471=ORIENTED_EDGE('',*,*,#3500,.F.);
#4472=ORIENTED_EDGE('',*,*,#3501,.T.);
#4473=ORIENTED_EDGE('',*,*,#3502,.F.);
#4474=ORIENTED_EDGE('',*,*,#3501,.F.);
#4475=ORIENTED_EDGE('',*,*,#3503,.F.);
#4476=ORIENTED_EDGE('',*,*,#3504,.T.);
#4477=ORIENTED_EDGE('',*,*,#3505,.F.);
#4478=ORIENTED_EDGE('',*,*,#3504,.F.);
#4479=ORIENTED_EDGE('',*,*,#3506,.F.);
#4480=ORIENTED_EDGE('',*,*,#3507,.T.);
#4481=ORIENTED_EDGE('',*,*,#3508,.F.);
#4482=ORIENTED_EDGE('',*,*,#3507,.F.);
#4483=ORIENTED_EDGE('',*,*,#3509,.F.);
#4484=ORIENTED_EDGE('',*,*,#3510,.T.);
#4485=ORIENTED_EDGE('',*,*,#3511,.F.);
#4486=ORIENTED_EDGE('',*,*,#3510,.F.);
#4487=ORIENTED_EDGE('',*,*,#3512,.F.);
#4488=ORIENTED_EDGE('',*,*,#3496,.T.);
#4489=ORIENTED_EDGE('',*,*,#3513,.F.);
#4490=ORIENTED_EDGE('',*,*,#3514,.F.);
#4491=ORIENTED_EDGE('',*,*,#3515,.F.);
#4492=ORIENTED_EDGE('',*,*,#3516,.T.);
#4493=ORIENTED_EDGE('',*,*,#3517,.F.);
#4494=ORIENTED_EDGE('',*,*,#3516,.F.);
#4495=ORIENTED_EDGE('',*,*,#3518,.F.);
#4496=ORIENTED_EDGE('',*,*,#3519,.T.);
#4497=ORIENTED_EDGE('',*,*,#3520,.F.);
#4498=ORIENTED_EDGE('',*,*,#3519,.F.);
#4499=ORIENTED_EDGE('',*,*,#3521,.F.);
#4500=ORIENTED_EDGE('',*,*,#3522,.T.);
#4501=ORIENTED_EDGE('',*,*,#3523,.F.);
#4502=ORIENTED_EDGE('',*,*,#3522,.F.);
#4503=ORIENTED_EDGE('',*,*,#3524,.F.);
#4504=ORIENTED_EDGE('',*,*,#3525,.T.);
#4505=ORIENTED_EDGE('',*,*,#3526,.F.);
#4506=ORIENTED_EDGE('',*,*,#3525,.F.);
#4507=ORIENTED_EDGE('',*,*,#3527,.F.);
#4508=ORIENTED_EDGE('',*,*,#3528,.T.);
#4509=ORIENTED_EDGE('',*,*,#3529,.F.);
#4510=ORIENTED_EDGE('',*,*,#3528,.F.);
#4511=ORIENTED_EDGE('',*,*,#3530,.F.);
#4512=ORIENTED_EDGE('',*,*,#3514,.T.);
#4513=ORIENTED_EDGE('',*,*,#3531,.F.);
#4514=ORIENTED_EDGE('',*,*,#3532,.F.);
#4515=ORIENTED_EDGE('',*,*,#3533,.F.);
#4516=ORIENTED_EDGE('',*,*,#3534,.T.);
#4517=ORIENTED_EDGE('',*,*,#3535,.F.);
#4518=ORIENTED_EDGE('',*,*,#3534,.F.);
#4519=ORIENTED_EDGE('',*,*,#3536,.F.);
#4520=ORIENTED_EDGE('',*,*,#3537,.T.);
#4521=ORIENTED_EDGE('',*,*,#3538,.F.);
#4522=ORIENTED_EDGE('',*,*,#3537,.F.);
#4523=ORIENTED_EDGE('',*,*,#3539,.F.);
#4524=ORIENTED_EDGE('',*,*,#3540,.T.);
#4525=ORIENTED_EDGE('',*,*,#3541,.F.);
#4526=ORIENTED_EDGE('',*,*,#3540,.F.);
#4527=ORIENTED_EDGE('',*,*,#3542,.F.);
#4528=ORIENTED_EDGE('',*,*,#3543,.T.);
#4529=ORIENTED_EDGE('',*,*,#3544,.F.);
#4530=ORIENTED_EDGE('',*,*,#3543,.F.);
#4531=ORIENTED_EDGE('',*,*,#3545,.F.);
#4532=ORIENTED_EDGE('',*,*,#3546,.T.);
#4533=ORIENTED_EDGE('',*,*,#3547,.F.);
#4534=ORIENTED_EDGE('',*,*,#3546,.F.);
#4535=ORIENTED_EDGE('',*,*,#3548,.F.);
#4536=ORIENTED_EDGE('',*,*,#3532,.T.);
#4537=ORIENTED_EDGE('',*,*,#3549,.F.);
#4538=ORIENTED_EDGE('',*,*,#3550,.F.);
#4539=ORIENTED_EDGE('',*,*,#3551,.F.);
#4540=ORIENTED_EDGE('',*,*,#3552,.T.);
#4541=ORIENTED_EDGE('',*,*,#3553,.F.);
#4542=ORIENTED_EDGE('',*,*,#3552,.F.);
#4543=ORIENTED_EDGE('',*,*,#3554,.F.);
#4544=ORIENTED_EDGE('',*,*,#3555,.T.);
#4545=ORIENTED_EDGE('',*,*,#3556,.F.);
#4546=ORIENTED_EDGE('',*,*,#3555,.F.);
#4547=ORIENTED_EDGE('',*,*,#3557,.F.);
#4548=ORIENTED_EDGE('',*,*,#3558,.T.);
#4549=ORIENTED_EDGE('',*,*,#3559,.F.);
#4550=ORIENTED_EDGE('',*,*,#3558,.F.);
#4551=ORIENTED_EDGE('',*,*,#3560,.F.);
#4552=ORIENTED_EDGE('',*,*,#3561,.T.);
#4553=ORIENTED_EDGE('',*,*,#3562,.F.);
#4554=ORIENTED_EDGE('',*,*,#3561,.F.);
#4555=ORIENTED_EDGE('',*,*,#3563,.F.);
#4556=ORIENTED_EDGE('',*,*,#3564,.T.);
#4557=ORIENTED_EDGE('',*,*,#3565,.F.);
#4558=ORIENTED_EDGE('',*,*,#3564,.F.);
#4559=ORIENTED_EDGE('',*,*,#3566,.F.);
#4560=ORIENTED_EDGE('',*,*,#3550,.T.);
#4561=ORIENTED_EDGE('',*,*,#3567,.F.);
#4562=ORIENTED_EDGE('',*,*,#3568,.F.);
#4563=ORIENTED_EDGE('',*,*,#3569,.F.);
#4564=ORIENTED_EDGE('',*,*,#3570,.T.);
#4565=ORIENTED_EDGE('',*,*,#3571,.F.);
#4566=ORIENTED_EDGE('',*,*,#3570,.F.);
#4567=ORIENTED_EDGE('',*,*,#3572,.F.);
#4568=ORIENTED_EDGE('',*,*,#3573,.T.);
#4569=ORIENTED_EDGE('',*,*,#3574,.F.);
#4570=ORIENTED_EDGE('',*,*,#3573,.F.);
#4571=ORIENTED_EDGE('',*,*,#3575,.F.);
#4572=ORIENTED_EDGE('',*,*,#3576,.T.);
#4573=ORIENTED_EDGE('',*,*,#3577,.F.);
#4574=ORIENTED_EDGE('',*,*,#3576,.F.);
#4575=ORIENTED_EDGE('',*,*,#3578,.F.);
#4576=ORIENTED_EDGE('',*,*,#3579,.T.);
#4577=ORIENTED_EDGE('',*,*,#3580,.F.);
#4578=ORIENTED_EDGE('',*,*,#3579,.F.);
#4579=ORIENTED_EDGE('',*,*,#3581,.F.);
#4580=ORIENTED_EDGE('',*,*,#3582,.T.);
#4581=ORIENTED_EDGE('',*,*,#3583,.F.);
#4582=ORIENTED_EDGE('',*,*,#3582,.F.);
#4583=ORIENTED_EDGE('',*,*,#3584,.F.);
#4584=ORIENTED_EDGE('',*,*,#3568,.T.);
#4585=ORIENTED_EDGE('',*,*,#3585,.F.);
#4586=ORIENTED_EDGE('',*,*,#3586,.F.);
#4587=ORIENTED_EDGE('',*,*,#3587,.F.);
#4588=ORIENTED_EDGE('',*,*,#3588,.T.);
#4589=ORIENTED_EDGE('',*,*,#3589,.F.);
#4590=ORIENTED_EDGE('',*,*,#3588,.F.);
#4591=ORIENTED_EDGE('',*,*,#3590,.F.);
#4592=ORIENTED_EDGE('',*,*,#3591,.T.);
#4593=ORIENTED_EDGE('',*,*,#3592,.F.);
#4594=ORIENTED_EDGE('',*,*,#3591,.F.);
#4595=ORIENTED_EDGE('',*,*,#3593,.F.);
#4596=ORIENTED_EDGE('',*,*,#3594,.T.);
#4597=ORIENTED_EDGE('',*,*,#3595,.F.);
#4598=ORIENTED_EDGE('',*,*,#3594,.F.);
#4599=ORIENTED_EDGE('',*,*,#3596,.F.);
#4600=ORIENTED_EDGE('',*,*,#3597,.T.);
#4601=ORIENTED_EDGE('',*,*,#3598,.F.);
#4602=ORIENTED_EDGE('',*,*,#3597,.F.);
#4603=ORIENTED_EDGE('',*,*,#3599,.F.);
#4604=ORIENTED_EDGE('',*,*,#3600,.T.);
#4605=ORIENTED_EDGE('',*,*,#3601,.F.);
#4606=ORIENTED_EDGE('',*,*,#3600,.F.);
#4607=ORIENTED_EDGE('',*,*,#3602,.F.);
#4608=ORIENTED_EDGE('',*,*,#3586,.T.);
#4609=ORIENTED_EDGE('',*,*,#3603,.F.);
#4610=ORIENTED_EDGE('',*,*,#3604,.F.);
#4611=ORIENTED_EDGE('',*,*,#3605,.F.);
#4612=ORIENTED_EDGE('',*,*,#3606,.T.);
#4613=ORIENTED_EDGE('',*,*,#3607,.F.);
#4614=ORIENTED_EDGE('',*,*,#3606,.F.);
#4615=ORIENTED_EDGE('',*,*,#3608,.F.);
#4616=ORIENTED_EDGE('',*,*,#3609,.T.);
#4617=ORIENTED_EDGE('',*,*,#3610,.F.);
#4618=ORIENTED_EDGE('',*,*,#3609,.F.);
#4619=ORIENTED_EDGE('',*,*,#3611,.F.);
#4620=ORIENTED_EDGE('',*,*,#3612,.T.);
#4621=ORIENTED_EDGE('',*,*,#3613,.F.);
#4622=ORIENTED_EDGE('',*,*,#3612,.F.);
#4623=ORIENTED_EDGE('',*,*,#3614,.F.);
#4624=ORIENTED_EDGE('',*,*,#3615,.T.);
#4625=ORIENTED_EDGE('',*,*,#3616,.F.);
#4626=ORIENTED_EDGE('',*,*,#3615,.F.);
#4627=ORIENTED_EDGE('',*,*,#3617,.F.);
#4628=ORIENTED_EDGE('',*,*,#3618,.T.);
#4629=ORIENTED_EDGE('',*,*,#3619,.F.);
#4630=ORIENTED_EDGE('',*,*,#3618,.F.);
#4631=ORIENTED_EDGE('',*,*,#3620,.F.);
#4632=ORIENTED_EDGE('',*,*,#3604,.T.);
#4633=ORIENTED_EDGE('',*,*,#3621,.F.);
#4634=ORIENTED_EDGE('',*,*,#3622,.F.);
#4635=ORIENTED_EDGE('',*,*,#3623,.F.);
#4636=ORIENTED_EDGE('',*,*,#3624,.T.);
#4637=ORIENTED_EDGE('',*,*,#3625,.F.);
#4638=ORIENTED_EDGE('',*,*,#3624,.F.);
#4639=ORIENTED_EDGE('',*,*,#3626,.F.);
#4640=ORIENTED_EDGE('',*,*,#3627,.T.);
#4641=ORIENTED_EDGE('',*,*,#3628,.F.);
#4642=ORIENTED_EDGE('',*,*,#3627,.F.);
#4643=ORIENTED_EDGE('',*,*,#3629,.F.);
#4644=ORIENTED_EDGE('',*,*,#3630,.T.);
#4645=ORIENTED_EDGE('',*,*,#3631,.F.);
#4646=ORIENTED_EDGE('',*,*,#3630,.F.);
#4647=ORIENTED_EDGE('',*,*,#3632,.F.);
#4648=ORIENTED_EDGE('',*,*,#3633,.T.);
#4649=ORIENTED_EDGE('',*,*,#3634,.F.);
#4650=ORIENTED_EDGE('',*,*,#3633,.F.);
#4651=ORIENTED_EDGE('',*,*,#3635,.F.);
#4652=ORIENTED_EDGE('',*,*,#3636,.T.);
#4653=ORIENTED_EDGE('',*,*,#3637,.F.);
#4654=ORIENTED_EDGE('',*,*,#3636,.F.);
#4655=ORIENTED_EDGE('',*,*,#3638,.F.);
#4656=ORIENTED_EDGE('',*,*,#3622,.T.);
#4657=ORIENTED_EDGE('',*,*,#3639,.F.);
#4658=ORIENTED_EDGE('',*,*,#3640,.F.);
#4659=ORIENTED_EDGE('',*,*,#3641,.F.);
#4660=ORIENTED_EDGE('',*,*,#3642,.T.);
#4661=ORIENTED_EDGE('',*,*,#3643,.F.);
#4662=ORIENTED_EDGE('',*,*,#3642,.F.);
#4663=ORIENTED_EDGE('',*,*,#3644,.F.);
#4664=ORIENTED_EDGE('',*,*,#3645,.T.);
#4665=ORIENTED_EDGE('',*,*,#3646,.F.);
#4666=ORIENTED_EDGE('',*,*,#3645,.F.);
#4667=ORIENTED_EDGE('',*,*,#3647,.F.);
#4668=ORIENTED_EDGE('',*,*,#3648,.T.);
#4669=ORIENTED_EDGE('',*,*,#3649,.F.);
#4670=ORIENTED_EDGE('',*,*,#3648,.F.);
#4671=ORIENTED_EDGE('',*,*,#3650,.F.);
#4672=ORIENTED_EDGE('',*,*,#3651,.T.);
#4673=ORIENTED_EDGE('',*,*,#3652,.F.);
#4674=ORIENTED_EDGE('',*,*,#3651,.F.);
#4675=ORIENTED_EDGE('',*,*,#3653,.F.);
#4676=ORIENTED_EDGE('',*,*,#3654,.T.);
#4677=ORIENTED_EDGE('',*,*,#3655,.F.);
#4678=ORIENTED_EDGE('',*,*,#3654,.F.);
#4679=ORIENTED_EDGE('',*,*,#3656,.F.);
#4680=ORIENTED_EDGE('',*,*,#3640,.T.);
#4681=ORIENTED_EDGE('',*,*,#3657,.F.);
#4682=ORIENTED_EDGE('',*,*,#3658,.T.);
#4683=ORIENTED_EDGE('',*,*,#3659,.F.);
#4684=ORIENTED_EDGE('',*,*,#3660,.F.);
#4685=ORIENTED_EDGE('',*,*,#3661,.F.);
#4686=ORIENTED_EDGE('',*,*,#3660,.T.);
#4687=ORIENTED_EDGE('',*,*,#3662,.F.);
#4688=ORIENTED_EDGE('',*,*,#3663,.F.);
#4689=ORIENTED_EDGE('',*,*,#3664,.F.);
#4690=ORIENTED_EDGE('',*,*,#3663,.T.);
#4691=ORIENTED_EDGE('',*,*,#3665,.F.);
#4692=ORIENTED_EDGE('',*,*,#3666,.F.);
#4693=ORIENTED_EDGE('',*,*,#3667,.F.);
#4694=ORIENTED_EDGE('',*,*,#3666,.T.);
#4695=ORIENTED_EDGE('',*,*,#3668,.F.);
#4696=ORIENTED_EDGE('',*,*,#3669,.F.);
#4697=ORIENTED_EDGE('',*,*,#3670,.F.);
#4698=ORIENTED_EDGE('',*,*,#3669,.T.);
#4699=ORIENTED_EDGE('',*,*,#3671,.F.);
#4700=ORIENTED_EDGE('',*,*,#3672,.F.);
#4701=ORIENTED_EDGE('',*,*,#3673,.T.);
#4702=ORIENTED_EDGE('',*,*,#3672,.T.);
#4703=ORIENTED_EDGE('',*,*,#3674,.F.);
#4704=ORIENTED_EDGE('',*,*,#3675,.F.);
#4705=ORIENTED_EDGE('',*,*,#3676,.T.);
#4706=ORIENTED_EDGE('',*,*,#3675,.T.);
#4707=ORIENTED_EDGE('',*,*,#3677,.F.);
#4708=ORIENTED_EDGE('',*,*,#3678,.F.);
#4709=ORIENTED_EDGE('',*,*,#3679,.T.);
#4710=ORIENTED_EDGE('',*,*,#3678,.T.);
#4711=ORIENTED_EDGE('',*,*,#3680,.F.);
#4712=ORIENTED_EDGE('',*,*,#3658,.F.);
#4713=ORIENTED_EDGE('',*,*,#3680,.T.);
#4714=ORIENTED_EDGE('',*,*,#3677,.T.);
#4715=ORIENTED_EDGE('',*,*,#3674,.T.);
#4716=ORIENTED_EDGE('',*,*,#3671,.T.);
#4717=ORIENTED_EDGE('',*,*,#3668,.T.);
#4718=ORIENTED_EDGE('',*,*,#3665,.T.);
#4719=ORIENTED_EDGE('',*,*,#3662,.T.);
#4720=ORIENTED_EDGE('',*,*,#3659,.T.);
#4721=ORIENTED_EDGE('',*,*,#3649,.T.);
#4722=ORIENTED_EDGE('',*,*,#3652,.T.);
#4723=ORIENTED_EDGE('',*,*,#3655,.T.);
#4724=ORIENTED_EDGE('',*,*,#3639,.T.);
#4725=ORIENTED_EDGE('',*,*,#3643,.T.);
#4726=ORIENTED_EDGE('',*,*,#3646,.T.);
#4727=ORIENTED_EDGE('',*,*,#3631,.T.);
#4728=ORIENTED_EDGE('',*,*,#3634,.T.);
#4729=ORIENTED_EDGE('',*,*,#3637,.T.);
#4730=ORIENTED_EDGE('',*,*,#3621,.T.);
#4731=ORIENTED_EDGE('',*,*,#3625,.T.);
#4732=ORIENTED_EDGE('',*,*,#3628,.T.);
#4733=ORIENTED_EDGE('',*,*,#3613,.T.);
#4734=ORIENTED_EDGE('',*,*,#3616,.T.);
#4735=ORIENTED_EDGE('',*,*,#3619,.T.);
#4736=ORIENTED_EDGE('',*,*,#3603,.T.);
#4737=ORIENTED_EDGE('',*,*,#3607,.T.);
#4738=ORIENTED_EDGE('',*,*,#3610,.T.);
#4739=ORIENTED_EDGE('',*,*,#3595,.T.);
#4740=ORIENTED_EDGE('',*,*,#3598,.T.);
#4741=ORIENTED_EDGE('',*,*,#3601,.T.);
#4742=ORIENTED_EDGE('',*,*,#3585,.T.);
#4743=ORIENTED_EDGE('',*,*,#3589,.T.);
#4744=ORIENTED_EDGE('',*,*,#3592,.T.);
#4745=ORIENTED_EDGE('',*,*,#3577,.T.);
#4746=ORIENTED_EDGE('',*,*,#3580,.T.);
#4747=ORIENTED_EDGE('',*,*,#3583,.T.);
#4748=ORIENTED_EDGE('',*,*,#3567,.T.);
#4749=ORIENTED_EDGE('',*,*,#3571,.T.);
#4750=ORIENTED_EDGE('',*,*,#3574,.T.);
#4751=ORIENTED_EDGE('',*,*,#3559,.T.);
#4752=ORIENTED_EDGE('',*,*,#3562,.T.);
#4753=ORIENTED_EDGE('',*,*,#3565,.T.);
#4754=ORIENTED_EDGE('',*,*,#3549,.T.);
#4755=ORIENTED_EDGE('',*,*,#3553,.T.);
#4756=ORIENTED_EDGE('',*,*,#3556,.T.);
#4757=ORIENTED_EDGE('',*,*,#3541,.T.);
#4758=ORIENTED_EDGE('',*,*,#3544,.T.);
#4759=ORIENTED_EDGE('',*,*,#3547,.T.);
#4760=ORIENTED_EDGE('',*,*,#3531,.T.);
#4761=ORIENTED_EDGE('',*,*,#3535,.T.);
#4762=ORIENTED_EDGE('',*,*,#3538,.T.);
#4763=ORIENTED_EDGE('',*,*,#3523,.T.);
#4764=ORIENTED_EDGE('',*,*,#3526,.T.);
#4765=ORIENTED_EDGE('',*,*,#3529,.T.);
#4766=ORIENTED_EDGE('',*,*,#3513,.T.);
#4767=ORIENTED_EDGE('',*,*,#3517,.T.);
#4768=ORIENTED_EDGE('',*,*,#3520,.T.);
#4769=ORIENTED_EDGE('',*,*,#3505,.T.);
#4770=ORIENTED_EDGE('',*,*,#3508,.T.);
#4771=ORIENTED_EDGE('',*,*,#3511,.T.);
#4772=ORIENTED_EDGE('',*,*,#3495,.T.);
#4773=ORIENTED_EDGE('',*,*,#3499,.T.);
#4774=ORIENTED_EDGE('',*,*,#3502,.T.);
#4775=ORIENTED_EDGE('',*,*,#3487,.T.);
#4776=ORIENTED_EDGE('',*,*,#3490,.T.);
#4777=ORIENTED_EDGE('',*,*,#3493,.T.);
#4778=ORIENTED_EDGE('',*,*,#3477,.T.);
#4779=ORIENTED_EDGE('',*,*,#3481,.T.);
#4780=ORIENTED_EDGE('',*,*,#3484,.T.);
#4781=ORIENTED_EDGE('',*,*,#3469,.T.);
#4782=ORIENTED_EDGE('',*,*,#3472,.T.);
#4783=ORIENTED_EDGE('',*,*,#3475,.T.);
#4784=ORIENTED_EDGE('',*,*,#3459,.T.);
#4785=ORIENTED_EDGE('',*,*,#3463,.T.);
#4786=ORIENTED_EDGE('',*,*,#3466,.T.);
#4787=ORIENTED_EDGE('',*,*,#3451,.T.);
#4788=ORIENTED_EDGE('',*,*,#3454,.T.);
#4789=ORIENTED_EDGE('',*,*,#3457,.T.);
#4790=ORIENTED_EDGE('',*,*,#3441,.T.);
#4791=ORIENTED_EDGE('',*,*,#3445,.T.);
#4792=ORIENTED_EDGE('',*,*,#3448,.T.);
#4793=ORIENTED_EDGE('',*,*,#3433,.T.);
#4794=ORIENTED_EDGE('',*,*,#3436,.T.);
#4795=ORIENTED_EDGE('',*,*,#3439,.T.);
#4796=ORIENTED_EDGE('',*,*,#3423,.T.);
#4797=ORIENTED_EDGE('',*,*,#3427,.T.);
#4798=ORIENTED_EDGE('',*,*,#3430,.T.);
#4799=ORIENTED_EDGE('',*,*,#3415,.T.);
#4800=ORIENTED_EDGE('',*,*,#3418,.T.);
#4801=ORIENTED_EDGE('',*,*,#3421,.T.);
#4802=ORIENTED_EDGE('',*,*,#3405,.T.);
#4803=ORIENTED_EDGE('',*,*,#3409,.T.);
#4804=ORIENTED_EDGE('',*,*,#3412,.T.);
#4805=ORIENTED_EDGE('',*,*,#3397,.T.);
#4806=ORIENTED_EDGE('',*,*,#3400,.T.);
#4807=ORIENTED_EDGE('',*,*,#3403,.T.);
#4808=ORIENTED_EDGE('',*,*,#3387,.T.);
#4809=ORIENTED_EDGE('',*,*,#3391,.T.);
#4810=ORIENTED_EDGE('',*,*,#3394,.T.);
#4811=ORIENTED_EDGE('',*,*,#3379,.T.);
#4812=ORIENTED_EDGE('',*,*,#3382,.T.);
#4813=ORIENTED_EDGE('',*,*,#3385,.T.);
#4814=ORIENTED_EDGE('',*,*,#3369,.T.);
#4815=ORIENTED_EDGE('',*,*,#3373,.T.);
#4816=ORIENTED_EDGE('',*,*,#3376,.T.);
#4817=ORIENTED_EDGE('',*,*,#3361,.T.);
#4818=ORIENTED_EDGE('',*,*,#3364,.T.);
#4819=ORIENTED_EDGE('',*,*,#3367,.T.);
#4820=ORIENTED_EDGE('',*,*,#3351,.T.);
#4821=ORIENTED_EDGE('',*,*,#3355,.T.);
#4822=ORIENTED_EDGE('',*,*,#3358,.T.);
#4823=ORIENTED_EDGE('',*,*,#3343,.T.);
#4824=ORIENTED_EDGE('',*,*,#3346,.T.);
#4825=ORIENTED_EDGE('',*,*,#3349,.T.);
#4826=ORIENTED_EDGE('',*,*,#3333,.T.);
#4827=ORIENTED_EDGE('',*,*,#3337,.T.);
#4828=ORIENTED_EDGE('',*,*,#3340,.T.);
#4829=ORIENTED_EDGE('',*,*,#3325,.T.);
#4830=ORIENTED_EDGE('',*,*,#3328,.T.);
#4831=ORIENTED_EDGE('',*,*,#3331,.T.);
#4832=ORIENTED_EDGE('',*,*,#3315,.T.);
#4833=ORIENTED_EDGE('',*,*,#3319,.T.);
#4834=ORIENTED_EDGE('',*,*,#3322,.T.);
#4835=ORIENTED_EDGE('',*,*,#3307,.T.);
#4836=ORIENTED_EDGE('',*,*,#3310,.T.);
#4837=ORIENTED_EDGE('',*,*,#3313,.T.);
#4838=ORIENTED_EDGE('',*,*,#3297,.T.);
#4839=ORIENTED_EDGE('',*,*,#3301,.T.);
#4840=ORIENTED_EDGE('',*,*,#3304,.T.);
#4841=ORIENTED_EDGE('',*,*,#3289,.T.);
#4842=ORIENTED_EDGE('',*,*,#3292,.T.);
#4843=ORIENTED_EDGE('',*,*,#3295,.T.);
#4844=ORIENTED_EDGE('',*,*,#3279,.T.);
#4845=ORIENTED_EDGE('',*,*,#3283,.T.);
#4846=ORIENTED_EDGE('',*,*,#3286,.T.);
#4847=ORIENTED_EDGE('',*,*,#3271,.T.);
#4848=ORIENTED_EDGE('',*,*,#3274,.T.);
#4849=ORIENTED_EDGE('',*,*,#3277,.T.);
#4850=ORIENTED_EDGE('',*,*,#3261,.T.);
#4851=ORIENTED_EDGE('',*,*,#3265,.T.);
#4852=ORIENTED_EDGE('',*,*,#3268,.T.);
#4853=ORIENTED_EDGE('',*,*,#3253,.T.);
#4854=ORIENTED_EDGE('',*,*,#3256,.T.);
#4855=ORIENTED_EDGE('',*,*,#3259,.T.);
#4856=ORIENTED_EDGE('',*,*,#3243,.T.);
#4857=ORIENTED_EDGE('',*,*,#3247,.T.);
#4858=ORIENTED_EDGE('',*,*,#3250,.T.);
#4859=ORIENTED_EDGE('',*,*,#3235,.T.);
#4860=ORIENTED_EDGE('',*,*,#3238,.T.);
#4861=ORIENTED_EDGE('',*,*,#3241,.T.);
#4862=ORIENTED_EDGE('',*,*,#3225,.T.);
#4863=ORIENTED_EDGE('',*,*,#3229,.T.);
#4864=ORIENTED_EDGE('',*,*,#3232,.T.);
#4865=ORIENTED_EDGE('',*,*,#3217,.T.);
#4866=ORIENTED_EDGE('',*,*,#3220,.T.);
#4867=ORIENTED_EDGE('',*,*,#3223,.T.);
#4868=ORIENTED_EDGE('',*,*,#3207,.T.);
#4869=ORIENTED_EDGE('',*,*,#3211,.T.);
#4870=ORIENTED_EDGE('',*,*,#3214,.T.);
#4871=ORIENTED_EDGE('',*,*,#3199,.T.);
#4872=ORIENTED_EDGE('',*,*,#3202,.T.);
#4873=ORIENTED_EDGE('',*,*,#3205,.T.);
#4874=ORIENTED_EDGE('',*,*,#3189,.T.);
#4875=ORIENTED_EDGE('',*,*,#3193,.T.);
#4876=ORIENTED_EDGE('',*,*,#3196,.T.);
#4877=ORIENTED_EDGE('',*,*,#3181,.T.);
#4878=ORIENTED_EDGE('',*,*,#3184,.T.);
#4879=ORIENTED_EDGE('',*,*,#3187,.T.);
#4880=ORIENTED_EDGE('',*,*,#3171,.T.);
#4881=ORIENTED_EDGE('',*,*,#3175,.T.);
#4882=ORIENTED_EDGE('',*,*,#3178,.T.);
#4883=ORIENTED_EDGE('',*,*,#3163,.T.);
#4884=ORIENTED_EDGE('',*,*,#3166,.T.);
#4885=ORIENTED_EDGE('',*,*,#3169,.T.);
#4886=ORIENTED_EDGE('',*,*,#3153,.T.);
#4887=ORIENTED_EDGE('',*,*,#3157,.T.);
#4888=ORIENTED_EDGE('',*,*,#3160,.T.);
#4889=ORIENTED_EDGE('',*,*,#3145,.T.);
#4890=ORIENTED_EDGE('',*,*,#3148,.T.);
#4891=ORIENTED_EDGE('',*,*,#3151,.T.);
#4892=ORIENTED_EDGE('',*,*,#3135,.T.);
#4893=ORIENTED_EDGE('',*,*,#3139,.T.);
#4894=ORIENTED_EDGE('',*,*,#3142,.T.);
#4895=ORIENTED_EDGE('',*,*,#3127,.T.);
#4896=ORIENTED_EDGE('',*,*,#3130,.T.);
#4897=ORIENTED_EDGE('',*,*,#3133,.T.);
#4898=ORIENTED_EDGE('',*,*,#3117,.T.);
#4899=ORIENTED_EDGE('',*,*,#3121,.T.);
#4900=ORIENTED_EDGE('',*,*,#3124,.T.);
#4901=ORIENTED_EDGE('',*,*,#3109,.T.);
#4902=ORIENTED_EDGE('',*,*,#3112,.T.);
#4903=ORIENTED_EDGE('',*,*,#3115,.T.);
#4904=ORIENTED_EDGE('',*,*,#3099,.T.);
#4905=ORIENTED_EDGE('',*,*,#3103,.T.);
#4906=ORIENTED_EDGE('',*,*,#3106,.T.);
#4907=ORIENTED_EDGE('',*,*,#3091,.T.);
#4908=ORIENTED_EDGE('',*,*,#3094,.T.);
#4909=ORIENTED_EDGE('',*,*,#3097,.T.);
#4910=ORIENTED_EDGE('',*,*,#3081,.T.);
#4911=ORIENTED_EDGE('',*,*,#3085,.T.);
#4912=ORIENTED_EDGE('',*,*,#3088,.T.);
#4913=ORIENTED_EDGE('',*,*,#3073,.T.);
#4914=ORIENTED_EDGE('',*,*,#3076,.T.);
#4915=ORIENTED_EDGE('',*,*,#3079,.T.);
#4916=ORIENTED_EDGE('',*,*,#3063,.T.);
#4917=ORIENTED_EDGE('',*,*,#3067,.T.);
#4918=ORIENTED_EDGE('',*,*,#3070,.T.);
#4919=ORIENTED_EDGE('',*,*,#3055,.T.);
#4920=ORIENTED_EDGE('',*,*,#3058,.T.);
#4921=ORIENTED_EDGE('',*,*,#3061,.T.);
#4922=ORIENTED_EDGE('',*,*,#3045,.T.);
#4923=ORIENTED_EDGE('',*,*,#3049,.T.);
#4924=ORIENTED_EDGE('',*,*,#3052,.T.);
#4925=ORIENTED_EDGE('',*,*,#3037,.T.);
#4926=ORIENTED_EDGE('',*,*,#3040,.T.);
#4927=ORIENTED_EDGE('',*,*,#3043,.T.);
#4928=ORIENTED_EDGE('',*,*,#3027,.T.);
#4929=ORIENTED_EDGE('',*,*,#3031,.T.);
#4930=ORIENTED_EDGE('',*,*,#3034,.T.);
#4931=ORIENTED_EDGE('',*,*,#3019,.T.);
#4932=ORIENTED_EDGE('',*,*,#3022,.T.);
#4933=ORIENTED_EDGE('',*,*,#3025,.T.);
#4934=ORIENTED_EDGE('',*,*,#3009,.T.);
#4935=ORIENTED_EDGE('',*,*,#3013,.T.);
#4936=ORIENTED_EDGE('',*,*,#3016,.T.);
#4937=ORIENTED_EDGE('',*,*,#3001,.T.);
#4938=ORIENTED_EDGE('',*,*,#3004,.T.);
#4939=ORIENTED_EDGE('',*,*,#3007,.T.);
#4940=ORIENTED_EDGE('',*,*,#2991,.T.);
#4941=ORIENTED_EDGE('',*,*,#2995,.T.);
#4942=ORIENTED_EDGE('',*,*,#2998,.T.);
#4943=ORIENTED_EDGE('',*,*,#2983,.T.);
#4944=ORIENTED_EDGE('',*,*,#2986,.T.);
#4945=ORIENTED_EDGE('',*,*,#2989,.T.);
#4946=ORIENTED_EDGE('',*,*,#2973,.T.);
#4947=ORIENTED_EDGE('',*,*,#2977,.T.);
#4948=ORIENTED_EDGE('',*,*,#2980,.T.);
#4949=ORIENTED_EDGE('',*,*,#2965,.T.);
#4950=ORIENTED_EDGE('',*,*,#2968,.T.);
#4951=ORIENTED_EDGE('',*,*,#2971,.T.);
#4952=ORIENTED_EDGE('',*,*,#2955,.T.);
#4953=ORIENTED_EDGE('',*,*,#2959,.T.);
#4954=ORIENTED_EDGE('',*,*,#2962,.T.);
#4955=ORIENTED_EDGE('',*,*,#2947,.T.);
#4956=ORIENTED_EDGE('',*,*,#2950,.T.);
#4957=ORIENTED_EDGE('',*,*,#2953,.T.);
#4958=ORIENTED_EDGE('',*,*,#2937,.T.);
#4959=ORIENTED_EDGE('',*,*,#2941,.T.);
#4960=ORIENTED_EDGE('',*,*,#2944,.T.);
#4961=ORIENTED_EDGE('',*,*,#2925,.T.);
#4962=ORIENTED_EDGE('',*,*,#2921,.T.);
#4963=ORIENTED_EDGE('',*,*,#2917,.T.);
#4964=ORIENTED_EDGE('',*,*,#2913,.T.);
#4965=ORIENTED_EDGE('',*,*,#3679,.F.);
#4966=ORIENTED_EDGE('',*,*,#3657,.T.);
#4967=ORIENTED_EDGE('',*,*,#3661,.T.);
#4968=ORIENTED_EDGE('',*,*,#3664,.T.);
#4969=ORIENTED_EDGE('',*,*,#3667,.T.);
#4970=ORIENTED_EDGE('',*,*,#3670,.T.);
#4971=ORIENTED_EDGE('',*,*,#3673,.F.);
#4972=ORIENTED_EDGE('',*,*,#3676,.F.);
#4973=ORIENTED_EDGE('',*,*,#2935,.T.);
#4974=ORIENTED_EDGE('',*,*,#2948,.T.);
#4975=ORIENTED_EDGE('',*,*,#2945,.T.);
#4976=ORIENTED_EDGE('',*,*,#2942,.T.);
#4977=ORIENTED_EDGE('',*,*,#2939,.T.);
#4978=ORIENTED_EDGE('',*,*,#2954,.T.);
#4979=ORIENTED_EDGE('',*,*,#2951,.T.);
#4980=ORIENTED_EDGE('',*,*,#2966,.T.);
#4981=ORIENTED_EDGE('',*,*,#2963,.T.);
#4982=ORIENTED_EDGE('',*,*,#2960,.T.);
#4983=ORIENTED_EDGE('',*,*,#2957,.T.);
#4984=ORIENTED_EDGE('',*,*,#2972,.T.);
#4985=ORIENTED_EDGE('',*,*,#2969,.T.);
#4986=ORIENTED_EDGE('',*,*,#2984,.T.);
#4987=ORIENTED_EDGE('',*,*,#2981,.T.);
#4988=ORIENTED_EDGE('',*,*,#2978,.T.);
#4989=ORIENTED_EDGE('',*,*,#2975,.T.);
#4990=ORIENTED_EDGE('',*,*,#2990,.T.);
#4991=ORIENTED_EDGE('',*,*,#2987,.T.);
#4992=ORIENTED_EDGE('',*,*,#3002,.T.);
#4993=ORIENTED_EDGE('',*,*,#2999,.T.);
#4994=ORIENTED_EDGE('',*,*,#2996,.T.);
#4995=ORIENTED_EDGE('',*,*,#2993,.T.);
#4996=ORIENTED_EDGE('',*,*,#3008,.T.);
#4997=ORIENTED_EDGE('',*,*,#3005,.T.);
#4998=ORIENTED_EDGE('',*,*,#3020,.T.);
#4999=ORIENTED_EDGE('',*,*,#3017,.T.);
#5000=ORIENTED_EDGE('',*,*,#3014,.T.);
#5001=ORIENTED_EDGE('',*,*,#3011,.T.);
#5002=ORIENTED_EDGE('',*,*,#3026,.T.);
#5003=ORIENTED_EDGE('',*,*,#3023,.T.);
#5004=ORIENTED_EDGE('',*,*,#3038,.T.);
#5005=ORIENTED_EDGE('',*,*,#3035,.T.);
#5006=ORIENTED_EDGE('',*,*,#3032,.T.);
#5007=ORIENTED_EDGE('',*,*,#3029,.T.);
#5008=ORIENTED_EDGE('',*,*,#3044,.T.);
#5009=ORIENTED_EDGE('',*,*,#3041,.T.);
#5010=ORIENTED_EDGE('',*,*,#3056,.T.);
#5011=ORIENTED_EDGE('',*,*,#3053,.T.);
#5012=ORIENTED_EDGE('',*,*,#3050,.T.);
#5013=ORIENTED_EDGE('',*,*,#3047,.T.);
#5014=ORIENTED_EDGE('',*,*,#3062,.T.);
#5015=ORIENTED_EDGE('',*,*,#3059,.T.);
#5016=ORIENTED_EDGE('',*,*,#3074,.T.);
#5017=ORIENTED_EDGE('',*,*,#3071,.T.);
#5018=ORIENTED_EDGE('',*,*,#3068,.T.);
#5019=ORIENTED_EDGE('',*,*,#3065,.T.);
#5020=ORIENTED_EDGE('',*,*,#3080,.T.);
#5021=ORIENTED_EDGE('',*,*,#3077,.T.);
#5022=ORIENTED_EDGE('',*,*,#3092,.T.);
#5023=ORIENTED_EDGE('',*,*,#3089,.T.);
#5024=ORIENTED_EDGE('',*,*,#3086,.T.);
#5025=ORIENTED_EDGE('',*,*,#3083,.T.);
#5026=ORIENTED_EDGE('',*,*,#3098,.T.);
#5027=ORIENTED_EDGE('',*,*,#3095,.T.);
#5028=ORIENTED_EDGE('',*,*,#3110,.T.);
#5029=ORIENTED_EDGE('',*,*,#3107,.T.);
#5030=ORIENTED_EDGE('',*,*,#3104,.T.);
#5031=ORIENTED_EDGE('',*,*,#3101,.T.);
#5032=ORIENTED_EDGE('',*,*,#3116,.T.);
#5033=ORIENTED_EDGE('',*,*,#3113,.T.);
#5034=ORIENTED_EDGE('',*,*,#3128,.T.);
#5035=ORIENTED_EDGE('',*,*,#3125,.T.);
#5036=ORIENTED_EDGE('',*,*,#3122,.T.);
#5037=ORIENTED_EDGE('',*,*,#3119,.T.);
#5038=ORIENTED_EDGE('',*,*,#3134,.T.);
#5039=ORIENTED_EDGE('',*,*,#3131,.T.);
#5040=ORIENTED_EDGE('',*,*,#3146,.T.);
#5041=ORIENTED_EDGE('',*,*,#3143,.T.);
#5042=ORIENTED_EDGE('',*,*,#3140,.T.);
#5043=ORIENTED_EDGE('',*,*,#3137,.T.);
#5044=ORIENTED_EDGE('',*,*,#3152,.T.);
#5045=ORIENTED_EDGE('',*,*,#3149,.T.);
#5046=ORIENTED_EDGE('',*,*,#3164,.T.);
#5047=ORIENTED_EDGE('',*,*,#3161,.T.);
#5048=ORIENTED_EDGE('',*,*,#3158,.T.);
#5049=ORIENTED_EDGE('',*,*,#3155,.T.);
#5050=ORIENTED_EDGE('',*,*,#3170,.T.);
#5051=ORIENTED_EDGE('',*,*,#3167,.T.);
#5052=ORIENTED_EDGE('',*,*,#3182,.T.);
#5053=ORIENTED_EDGE('',*,*,#3179,.T.);
#5054=ORIENTED_EDGE('',*,*,#3176,.T.);
#5055=ORIENTED_EDGE('',*,*,#3173,.T.);
#5056=ORIENTED_EDGE('',*,*,#3188,.T.);
#5057=ORIENTED_EDGE('',*,*,#3185,.T.);
#5058=ORIENTED_EDGE('',*,*,#3200,.T.);
#5059=ORIENTED_EDGE('',*,*,#3197,.T.);
#5060=ORIENTED_EDGE('',*,*,#3194,.T.);
#5061=ORIENTED_EDGE('',*,*,#3191,.T.);
#5062=ORIENTED_EDGE('',*,*,#3206,.T.);
#5063=ORIENTED_EDGE('',*,*,#3203,.T.);
#5064=ORIENTED_EDGE('',*,*,#3218,.T.);
#5065=ORIENTED_EDGE('',*,*,#3215,.T.);
#5066=ORIENTED_EDGE('',*,*,#3212,.T.);
#5067=ORIENTED_EDGE('',*,*,#3209,.T.);
#5068=ORIENTED_EDGE('',*,*,#3224,.T.);
#5069=ORIENTED_EDGE('',*,*,#3221,.T.);
#5070=ORIENTED_EDGE('',*,*,#3236,.T.);
#5071=ORIENTED_EDGE('',*,*,#3233,.T.);
#5072=ORIENTED_EDGE('',*,*,#3230,.T.);
#5073=ORIENTED_EDGE('',*,*,#3227,.T.);
#5074=ORIENTED_EDGE('',*,*,#3242,.T.);
#5075=ORIENTED_EDGE('',*,*,#3239,.T.);
#5076=ORIENTED_EDGE('',*,*,#3254,.T.);
#5077=ORIENTED_EDGE('',*,*,#3251,.T.);
#5078=ORIENTED_EDGE('',*,*,#3248,.T.);
#5079=ORIENTED_EDGE('',*,*,#3245,.T.);
#5080=ORIENTED_EDGE('',*,*,#3260,.T.);
#5081=ORIENTED_EDGE('',*,*,#3257,.T.);
#5082=ORIENTED_EDGE('',*,*,#3272,.T.);
#5083=ORIENTED_EDGE('',*,*,#3269,.T.);
#5084=ORIENTED_EDGE('',*,*,#3266,.T.);
#5085=ORIENTED_EDGE('',*,*,#3263,.T.);
#5086=ORIENTED_EDGE('',*,*,#3278,.T.);
#5087=ORIENTED_EDGE('',*,*,#3275,.T.);
#5088=ORIENTED_EDGE('',*,*,#3290,.T.);
#5089=ORIENTED_EDGE('',*,*,#3287,.T.);
#5090=ORIENTED_EDGE('',*,*,#3284,.T.);
#5091=ORIENTED_EDGE('',*,*,#3281,.T.);
#5092=ORIENTED_EDGE('',*,*,#3296,.T.);
#5093=ORIENTED_EDGE('',*,*,#3293,.T.);
#5094=ORIENTED_EDGE('',*,*,#3308,.T.);
#5095=ORIENTED_EDGE('',*,*,#3305,.T.);
#5096=ORIENTED_EDGE('',*,*,#3302,.T.);
#5097=ORIENTED_EDGE('',*,*,#3299,.T.);
#5098=ORIENTED_EDGE('',*,*,#3314,.T.);
#5099=ORIENTED_EDGE('',*,*,#3311,.T.);
#5100=ORIENTED_EDGE('',*,*,#3326,.T.);
#5101=ORIENTED_EDGE('',*,*,#3323,.T.);
#5102=ORIENTED_EDGE('',*,*,#3320,.T.);
#5103=ORIENTED_EDGE('',*,*,#3317,.T.);
#5104=ORIENTED_EDGE('',*,*,#3332,.T.);
#5105=ORIENTED_EDGE('',*,*,#3329,.T.);
#5106=ORIENTED_EDGE('',*,*,#3344,.T.);
#5107=ORIENTED_EDGE('',*,*,#3341,.T.);
#5108=ORIENTED_EDGE('',*,*,#3338,.T.);
#5109=ORIENTED_EDGE('',*,*,#3335,.T.);
#5110=ORIENTED_EDGE('',*,*,#3350,.T.);
#5111=ORIENTED_EDGE('',*,*,#3347,.T.);
#5112=ORIENTED_EDGE('',*,*,#3362,.T.);
#5113=ORIENTED_EDGE('',*,*,#3359,.T.);
#5114=ORIENTED_EDGE('',*,*,#3356,.T.);
#5115=ORIENTED_EDGE('',*,*,#3353,.T.);
#5116=ORIENTED_EDGE('',*,*,#3368,.T.);
#5117=ORIENTED_EDGE('',*,*,#3365,.T.);
#5118=ORIENTED_EDGE('',*,*,#3380,.T.);
#5119=ORIENTED_EDGE('',*,*,#3377,.T.);
#5120=ORIENTED_EDGE('',*,*,#3374,.T.);
#5121=ORIENTED_EDGE('',*,*,#3371,.T.);
#5122=ORIENTED_EDGE('',*,*,#3386,.T.);
#5123=ORIENTED_EDGE('',*,*,#3383,.T.);
#5124=ORIENTED_EDGE('',*,*,#3398,.T.);
#5125=ORIENTED_EDGE('',*,*,#3395,.T.);
#5126=ORIENTED_EDGE('',*,*,#3392,.T.);
#5127=ORIENTED_EDGE('',*,*,#3389,.T.);
#5128=ORIENTED_EDGE('',*,*,#3404,.T.);
#5129=ORIENTED_EDGE('',*,*,#3401,.T.);
#5130=ORIENTED_EDGE('',*,*,#3416,.T.);
#5131=ORIENTED_EDGE('',*,*,#3413,.T.);
#5132=ORIENTED_EDGE('',*,*,#3410,.T.);
#5133=ORIENTED_EDGE('',*,*,#3407,.T.);
#5134=ORIENTED_EDGE('',*,*,#3422,.T.);
#5135=ORIENTED_EDGE('',*,*,#3419,.T.);
#5136=ORIENTED_EDGE('',*,*,#3434,.T.);
#5137=ORIENTED_EDGE('',*,*,#3431,.T.);
#5138=ORIENTED_EDGE('',*,*,#3428,.T.);
#5139=ORIENTED_EDGE('',*,*,#3425,.T.);
#5140=ORIENTED_EDGE('',*,*,#3440,.T.);
#5141=ORIENTED_EDGE('',*,*,#3437,.T.);
#5142=ORIENTED_EDGE('',*,*,#3452,.T.);
#5143=ORIENTED_EDGE('',*,*,#3449,.T.);
#5144=ORIENTED_EDGE('',*,*,#3446,.T.);
#5145=ORIENTED_EDGE('',*,*,#3443,.T.);
#5146=ORIENTED_EDGE('',*,*,#3458,.T.);
#5147=ORIENTED_EDGE('',*,*,#3455,.T.);
#5148=ORIENTED_EDGE('',*,*,#3470,.T.);
#5149=ORIENTED_EDGE('',*,*,#3467,.T.);
#5150=ORIENTED_EDGE('',*,*,#3464,.T.);
#5151=ORIENTED_EDGE('',*,*,#3461,.T.);
#5152=ORIENTED_EDGE('',*,*,#3476,.T.);
#5153=ORIENTED_EDGE('',*,*,#3473,.T.);
#5154=ORIENTED_EDGE('',*,*,#3488,.T.);
#5155=ORIENTED_EDGE('',*,*,#3485,.T.);
#5156=ORIENTED_EDGE('',*,*,#3482,.T.);
#5157=ORIENTED_EDGE('',*,*,#3479,.T.);
#5158=ORIENTED_EDGE('',*,*,#3494,.T.);
#5159=ORIENTED_EDGE('',*,*,#3491,.T.);
#5160=ORIENTED_EDGE('',*,*,#3506,.T.);
#5161=ORIENTED_EDGE('',*,*,#3503,.T.);
#5162=ORIENTED_EDGE('',*,*,#3500,.T.);
#5163=ORIENTED_EDGE('',*,*,#3497,.T.);
#5164=ORIENTED_EDGE('',*,*,#3512,.T.);
#5165=ORIENTED_EDGE('',*,*,#3509,.T.);
#5166=ORIENTED_EDGE('',*,*,#3524,.T.);
#5167=ORIENTED_EDGE('',*,*,#3521,.T.);
#5168=ORIENTED_EDGE('',*,*,#3518,.T.);
#5169=ORIENTED_EDGE('',*,*,#3515,.T.);
#5170=ORIENTED_EDGE('',*,*,#3530,.T.);
#5171=ORIENTED_EDGE('',*,*,#3527,.T.);
#5172=ORIENTED_EDGE('',*,*,#3542,.T.);
#5173=ORIENTED_EDGE('',*,*,#3539,.T.);
#5174=ORIENTED_EDGE('',*,*,#3536,.T.);
#5175=ORIENTED_EDGE('',*,*,#3533,.T.);
#5176=ORIENTED_EDGE('',*,*,#3548,.T.);
#5177=ORIENTED_EDGE('',*,*,#3545,.T.);
#5178=ORIENTED_EDGE('',*,*,#3560,.T.);
#5179=ORIENTED_EDGE('',*,*,#3557,.T.);
#5180=ORIENTED_EDGE('',*,*,#3554,.T.);
#5181=ORIENTED_EDGE('',*,*,#3551,.T.);
#5182=ORIENTED_EDGE('',*,*,#3566,.T.);
#5183=ORIENTED_EDGE('',*,*,#3563,.T.);
#5184=ORIENTED_EDGE('',*,*,#3578,.T.);
#5185=ORIENTED_EDGE('',*,*,#3575,.T.);
#5186=ORIENTED_EDGE('',*,*,#3572,.T.);
#5187=ORIENTED_EDGE('',*,*,#3569,.T.);
#5188=ORIENTED_EDGE('',*,*,#3584,.T.);
#5189=ORIENTED_EDGE('',*,*,#3581,.T.);
#5190=ORIENTED_EDGE('',*,*,#3596,.T.);
#5191=ORIENTED_EDGE('',*,*,#3593,.T.);
#5192=ORIENTED_EDGE('',*,*,#3590,.T.);
#5193=ORIENTED_EDGE('',*,*,#3587,.T.);
#5194=ORIENTED_EDGE('',*,*,#3602,.T.);
#5195=ORIENTED_EDGE('',*,*,#3599,.T.);
#5196=ORIENTED_EDGE('',*,*,#3614,.T.);
#5197=ORIENTED_EDGE('',*,*,#3611,.T.);
#5198=ORIENTED_EDGE('',*,*,#3608,.T.);
#5199=ORIENTED_EDGE('',*,*,#3605,.T.);
#5200=ORIENTED_EDGE('',*,*,#3620,.T.);
#5201=ORIENTED_EDGE('',*,*,#3617,.T.);
#5202=ORIENTED_EDGE('',*,*,#3632,.T.);
#5203=ORIENTED_EDGE('',*,*,#3629,.T.);
#5204=ORIENTED_EDGE('',*,*,#3626,.T.);
#5205=ORIENTED_EDGE('',*,*,#3623,.T.);
#5206=ORIENTED_EDGE('',*,*,#3638,.T.);
#5207=ORIENTED_EDGE('',*,*,#3635,.T.);
#5208=ORIENTED_EDGE('',*,*,#3650,.T.);
#5209=ORIENTED_EDGE('',*,*,#3647,.T.);
#5210=ORIENTED_EDGE('',*,*,#3644,.T.);
#5211=ORIENTED_EDGE('',*,*,#3641,.T.);
#5212=ORIENTED_EDGE('',*,*,#3656,.T.);
#5213=ORIENTED_EDGE('',*,*,#3653,.T.);
#5214=ORIENTED_EDGE('',*,*,#2933,.T.);
#5215=ORIENTED_EDGE('',*,*,#2931,.T.);
#5216=ORIENTED_EDGE('',*,*,#2929,.T.);
#5217=CONICAL_SURFACE('',#5493,1.45,0.785398163397448);
#5218=CONICAL_SURFACE('',#5497,1.45,0.785398163397448);
#5219=CONICAL_SURFACE('',#5501,1.45,0.785398163397448);
#5220=CONICAL_SURFACE('',#5505,1.45,0.785398163397448);
#5221=ADVANCED_FACE('',(#357),#5217,.F.);
#5222=ADVANCED_FACE('',(#358),#5218,.F.);
#5223=ADVANCED_FACE('',(#359),#5219,.F.);
#5224=ADVANCED_FACE('',(#360),#5220,.F.);
#5225=ADVANCED_FACE('',(#361),#313,.F.);
#5226=ADVANCED_FACE('',(#362),#314,.F.);
#5227=ADVANCED_FACE('',(#363),#315,.F.);
#5228=ADVANCED_FACE('',(#364),#316,.F.);
#5229=ADVANCED_FACE('',(#365),#103,.F.);
#5230=ADVANCED_FACE('',(#366),#104,.F.);
#5231=ADVANCED_FACE('',(#367),#317,.F.);
#5232=ADVANCED_FACE('',(#368),#105,.F.);
#5233=ADVANCED_FACE('',(#369),#106,.F.);
#5234=ADVANCED_FACE('',(#370),#107,.F.);
#5235=ADVANCED_FACE('',(#371),#108,.F.);
#5236=ADVANCED_FACE('',(#372),#109,.F.);
#5237=ADVANCED_FACE('',(#373),#318,.F.);
#5238=ADVANCED_FACE('',(#374),#110,.F.);
#5239=ADVANCED_FACE('',(#375),#111,.F.);
#5240=ADVANCED_FACE('',(#376),#112,.F.);
#5241=ADVANCED_FACE('',(#377),#113,.F.);
#5242=ADVANCED_FACE('',(#378),#114,.F.);
#5243=ADVANCED_FACE('',(#379),#319,.F.);
#5244=ADVANCED_FACE('',(#380),#115,.F.);
#5245=ADVANCED_FACE('',(#381),#116,.F.);
#5246=ADVANCED_FACE('',(#382),#117,.F.);
#5247=ADVANCED_FACE('',(#383),#118,.F.);
#5248=ADVANCED_FACE('',(#384),#119,.F.);
#5249=ADVANCED_FACE('',(#385),#320,.F.);
#5250=ADVANCED_FACE('',(#386),#120,.F.);
#5251=ADVANCED_FACE('',(#387),#121,.F.);
#5252=ADVANCED_FACE('',(#388),#122,.F.);
#5253=ADVANCED_FACE('',(#389),#123,.F.);
#5254=ADVANCED_FACE('',(#390),#124,.F.);
#5255=ADVANCED_FACE('',(#391),#321,.F.);
#5256=ADVANCED_FACE('',(#392),#125,.F.);
#5257=ADVANCED_FACE('',(#393),#126,.F.);
#5258=ADVANCED_FACE('',(#394),#127,.F.);
#5259=ADVANCED_FACE('',(#395),#128,.F.);
#5260=ADVANCED_FACE('',(#396),#129,.F.);
#5261=ADVANCED_FACE('',(#397),#322,.F.);
#5262=ADVANCED_FACE('',(#398),#130,.F.);
#5263=ADVANCED_FACE('',(#399),#131,.F.);
#5264=ADVANCED_FACE('',(#400),#132,.F.);
#5265=ADVANCED_FACE('',(#401),#133,.F.);
#5266=ADVANCED_FACE('',(#402),#134,.F.);
#5267=ADVANCED_FACE('',(#403),#323,.F.);
#5268=ADVANCED_FACE('',(#404),#135,.F.);
#5269=ADVANCED_FACE('',(#405),#136,.F.);
#5270=ADVANCED_FACE('',(#406),#137,.F.);
#5271=ADVANCED_FACE('',(#407),#138,.F.);
#5272=ADVANCED_FACE('',(#408),#139,.F.);
#5273=ADVANCED_FACE('',(#409),#324,.F.);
#5274=ADVANCED_FACE('',(#410),#140,.F.);
#5275=ADVANCED_FACE('',(#411),#141,.F.);
#5276=ADVANCED_FACE('',(#412),#142,.F.);
#5277=ADVANCED_FACE('',(#413),#143,.F.);
#5278=ADVANCED_FACE('',(#414),#144,.F.);
#5279=ADVANCED_FACE('',(#415),#325,.F.);
#5280=ADVANCED_FACE('',(#416),#145,.F.);
#5281=ADVANCED_FACE('',(#417),#146,.F.);
#5282=ADVANCED_FACE('',(#418),#147,.F.);
#5283=ADVANCED_FACE('',(#419),#148,.F.);
#5284=ADVANCED_FACE('',(#420),#149,.F.);
#5285=ADVANCED_FACE('',(#421),#326,.F.);
#5286=ADVANCED_FACE('',(#422),#150,.F.);
#5287=ADVANCED_FACE('',(#423),#151,.F.);
#5288=ADVANCED_FACE('',(#424),#152,.F.);
#5289=ADVANCED_FACE('',(#425),#153,.F.);
#5290=ADVANCED_FACE('',(#426),#154,.F.);
#5291=ADVANCED_FACE('',(#427),#327,.F.);
#5292=ADVANCED_FACE('',(#428),#155,.F.);
#5293=ADVANCED_FACE('',(#429),#156,.F.);
#5294=ADVANCED_FACE('',(#430),#157,.F.);
#5295=ADVANCED_FACE('',(#431),#158,.F.);
#5296=ADVANCED_FACE('',(#432),#159,.F.);
#5297=ADVANCED_FACE('',(#433),#328,.F.);
#5298=ADVANCED_FACE('',(#434),#160,.F.);
#5299=ADVANCED_FACE('',(#435),#161,.F.);
#5300=ADVANCED_FACE('',(#436),#162,.F.);
#5301=ADVANCED_FACE('',(#437),#163,.F.);
#5302=ADVANCED_FACE('',(#438),#164,.F.);
#5303=ADVANCED_FACE('',(#439),#329,.F.);
#5304=ADVANCED_FACE('',(#440),#165,.F.);
#5305=ADVANCED_FACE('',(#441),#166,.F.);
#5306=ADVANCED_FACE('',(#442),#167,.F.);
#5307=ADVANCED_FACE('',(#443),#168,.F.);
#5308=ADVANCED_FACE('',(#444),#169,.F.);
#5309=ADVANCED_FACE('',(#445),#330,.F.);
#5310=ADVANCED_FACE('',(#446),#170,.F.);
#5311=ADVANCED_FACE('',(#447),#171,.F.);
#5312=ADVANCED_FACE('',(#448),#172,.F.);
#5313=ADVANCED_FACE('',(#449),#173,.F.);
#5314=ADVANCED_FACE('',(#450),#174,.F.);
#5315=ADVANCED_FACE('',(#451),#331,.F.);
#5316=ADVANCED_FACE('',(#452),#175,.F.);
#5317=ADVANCED_FACE('',(#453),#176,.F.);
#5318=ADVANCED_FACE('',(#454),#177,.F.);
#5319=ADVANCED_FACE('',(#455),#178,.F.);
#5320=ADVANCED_FACE('',(#456),#179,.F.);
#5321=ADVANCED_FACE('',(#457),#332,.F.);
#5322=ADVANCED_FACE('',(#458),#180,.F.);
#5323=ADVANCED_FACE('',(#459),#181,.F.);
#5324=ADVANCED_FACE('',(#460),#182,.F.);
#5325=ADVANCED_FACE('',(#461),#183,.F.);
#5326=ADVANCED_FACE('',(#462),#184,.F.);
#5327=ADVANCED_FACE('',(#463),#333,.F.);
#5328=ADVANCED_FACE('',(#464),#185,.F.);
#5329=ADVANCED_FACE('',(#465),#186,.F.);
#5330=ADVANCED_FACE('',(#466),#187,.F.);
#5331=ADVANCED_FACE('',(#467),#188,.F.);
#5332=ADVANCED_FACE('',(#468),#189,.F.);
#5333=ADVANCED_FACE('',(#469),#334,.F.);
#5334=ADVANCED_FACE('',(#470),#190,.F.);
#5335=ADVANCED_FACE('',(#471),#191,.F.);
#5336=ADVANCED_FACE('',(#472),#192,.F.);
#5337=ADVANCED_FACE('',(#473),#193,.F.);
#5338=ADVANCED_FACE('',(#474),#194,.F.);
#5339=ADVANCED_FACE('',(#475),#335,.F.);
#5340=ADVANCED_FACE('',(#476),#195,.F.);
#5341=ADVANCED_FACE('',(#477),#196,.F.);
#5342=ADVANCED_FACE('',(#478),#197,.F.);
#5343=ADVANCED_FACE('',(#479),#198,.F.);
#5344=ADVANCED_FACE('',(#480),#199,.F.);
#5345=ADVANCED_FACE('',(#481),#336,.F.);
#5346=ADVANCED_FACE('',(#482),#200,.F.);
#5347=ADVANCED_FACE('',(#483),#201,.F.);
#5348=ADVANCED_FACE('',(#484),#202,.F.);
#5349=ADVANCED_FACE('',(#485),#203,.F.);
#5350=ADVANCED_FACE('',(#486),#204,.F.);
#5351=ADVANCED_FACE('',(#487),#337,.F.);
#5352=ADVANCED_FACE('',(#488),#205,.F.);
#5353=ADVANCED_FACE('',(#489),#206,.F.);
#5354=ADVANCED_FACE('',(#490),#207,.F.);
#5355=ADVANCED_FACE('',(#491),#208,.F.);
#5356=ADVANCED_FACE('',(#492),#209,.F.);
#5357=ADVANCED_FACE('',(#493),#338,.F.);
#5358=ADVANCED_FACE('',(#494),#210,.F.);
#5359=ADVANCED_FACE('',(#495),#211,.F.);
#5360=ADVANCED_FACE('',(#496),#212,.F.);
#5361=ADVANCED_FACE('',(#497),#213,.F.);
#5362=ADVANCED_FACE('',(#498),#214,.F.);
#5363=ADVANCED_FACE('',(#499),#339,.F.);
#5364=ADVANCED_FACE('',(#500),#215,.F.);
#5365=ADVANCED_FACE('',(#501),#216,.F.);
#5366=ADVANCED_FACE('',(#502),#217,.F.);
#5367=ADVANCED_FACE('',(#503),#218,.F.);
#5368=ADVANCED_FACE('',(#504),#219,.F.);
#5369=ADVANCED_FACE('',(#505),#340,.F.);
#5370=ADVANCED_FACE('',(#506),#220,.F.);
#5371=ADVANCED_FACE('',(#507),#221,.F.);
#5372=ADVANCED_FACE('',(#508),#222,.F.);
#5373=ADVANCED_FACE('',(#509),#223,.F.);
#5374=ADVANCED_FACE('',(#510),#224,.F.);
#5375=ADVANCED_FACE('',(#511),#341,.F.);
#5376=ADVANCED_FACE('',(#512),#225,.F.);
#5377=ADVANCED_FACE('',(#513),#226,.F.);
#5378=ADVANCED_FACE('',(#514),#227,.F.);
#5379=ADVANCED_FACE('',(#515),#228,.F.);
#5380=ADVANCED_FACE('',(#516),#229,.F.);
#5381=ADVANCED_FACE('',(#517),#342,.F.);
#5382=ADVANCED_FACE('',(#518),#230,.F.);
#5383=ADVANCED_FACE('',(#519),#231,.F.);
#5384=ADVANCED_FACE('',(#520),#232,.F.);
#5385=ADVANCED_FACE('',(#521),#233,.F.);
#5386=ADVANCED_FACE('',(#522),#234,.F.);
#5387=ADVANCED_FACE('',(#523),#343,.F.);
#5388=ADVANCED_FACE('',(#524),#235,.F.);
#5389=ADVANCED_FACE('',(#525),#236,.F.);
#5390=ADVANCED_FACE('',(#526),#237,.F.);
#5391=ADVANCED_FACE('',(#527),#238,.F.);
#5392=ADVANCED_FACE('',(#528),#239,.F.);
#5393=ADVANCED_FACE('',(#529),#344,.F.);
#5394=ADVANCED_FACE('',(#530),#240,.F.);
#5395=ADVANCED_FACE('',(#531),#241,.F.);
#5396=ADVANCED_FACE('',(#532),#242,.F.);
#5397=ADVANCED_FACE('',(#533),#243,.F.);
#5398=ADVANCED_FACE('',(#534),#244,.F.);
#5399=ADVANCED_FACE('',(#535),#345,.F.);
#5400=ADVANCED_FACE('',(#536),#245,.F.);
#5401=ADVANCED_FACE('',(#537),#246,.F.);
#5402=ADVANCED_FACE('',(#538),#247,.F.);
#5403=ADVANCED_FACE('',(#539),#248,.F.);
#5404=ADVANCED_FACE('',(#540),#249,.F.);
#5405=ADVANCED_FACE('',(#541),#346,.F.);
#5406=ADVANCED_FACE('',(#542),#250,.F.);
#5407=ADVANCED_FACE('',(#543),#251,.F.);
#5408=ADVANCED_FACE('',(#544),#252,.F.);
#5409=ADVANCED_FACE('',(#545),#253,.F.);
#5410=ADVANCED_FACE('',(#546),#254,.F.);
#5411=ADVANCED_FACE('',(#547),#347,.F.);
#5412=ADVANCED_FACE('',(#548),#255,.F.);
#5413=ADVANCED_FACE('',(#549),#256,.F.);
#5414=ADVANCED_FACE('',(#550),#257,.F.);
#5415=ADVANCED_FACE('',(#551),#258,.F.);
#5416=ADVANCED_FACE('',(#552),#259,.F.);
#5417=ADVANCED_FACE('',(#553),#348,.F.);
#5418=ADVANCED_FACE('',(#554),#260,.F.);
#5419=ADVANCED_FACE('',(#555),#261,.F.);
#5420=ADVANCED_FACE('',(#556),#262,.F.);
#5421=ADVANCED_FACE('',(#557),#263,.F.);
#5422=ADVANCED_FACE('',(#558),#264,.F.);
#5423=ADVANCED_FACE('',(#559),#349,.F.);
#5424=ADVANCED_FACE('',(#560),#265,.F.);
#5425=ADVANCED_FACE('',(#561),#266,.F.);
#5426=ADVANCED_FACE('',(#562),#267,.F.);
#5427=ADVANCED_FACE('',(#563),#268,.F.);
#5428=ADVANCED_FACE('',(#564),#269,.F.);
#5429=ADVANCED_FACE('',(#565),#350,.F.);
#5430=ADVANCED_FACE('',(#566),#270,.F.);
#5431=ADVANCED_FACE('',(#567),#271,.F.);
#5432=ADVANCED_FACE('',(#568),#272,.F.);
#5433=ADVANCED_FACE('',(#569),#273,.F.);
#5434=ADVANCED_FACE('',(#570),#274,.F.);
#5435=ADVANCED_FACE('',(#571),#351,.F.);
#5436=ADVANCED_FACE('',(#572),#275,.F.);
#5437=ADVANCED_FACE('',(#573),#276,.F.);
#5438=ADVANCED_FACE('',(#574),#277,.F.);
#5439=ADVANCED_FACE('',(#575),#278,.F.);
#5440=ADVANCED_FACE('',(#576),#279,.F.);
#5441=ADVANCED_FACE('',(#577),#352,.F.);
#5442=ADVANCED_FACE('',(#578),#280,.F.);
#5443=ADVANCED_FACE('',(#579),#281,.F.);
#5444=ADVANCED_FACE('',(#580),#282,.F.);
#5445=ADVANCED_FACE('',(#581),#283,.F.);
#5446=ADVANCED_FACE('',(#582),#284,.F.);
#5447=ADVANCED_FACE('',(#583),#353,.F.);
#5448=ADVANCED_FACE('',(#584),#285,.F.);
#5449=ADVANCED_FACE('',(#585),#286,.F.);
#5450=ADVANCED_FACE('',(#586),#287,.F.);
#5451=ADVANCED_FACE('',(#587),#288,.F.);
#5452=ADVANCED_FACE('',(#588),#289,.F.);
#5453=ADVANCED_FACE('',(#589),#354,.F.);
#5454=ADVANCED_FACE('',(#590),#290,.F.);
#5455=ADVANCED_FACE('',(#591),#291,.F.);
#5456=ADVANCED_FACE('',(#592),#292,.F.);
#5457=ADVANCED_FACE('',(#593),#293,.F.);
#5458=ADVANCED_FACE('',(#594),#294,.F.);
#5459=ADVANCED_FACE('',(#595),#355,.F.);
#5460=ADVANCED_FACE('',(#596),#295,.F.);
#5461=ADVANCED_FACE('',(#597),#296,.F.);
#5462=ADVANCED_FACE('',(#598),#297,.F.);
#5463=ADVANCED_FACE('',(#599),#298,.F.);
#5464=ADVANCED_FACE('',(#600),#299,.F.);
#5465=ADVANCED_FACE('',(#601),#356,.F.);
#5466=ADVANCED_FACE('',(#602),#300,.F.);
#5467=ADVANCED_FACE('',(#603),#301,.F.);
#5468=ADVANCED_FACE('',(#604),#302,.F.);
#5469=ADVANCED_FACE('',(#605),#303,.T.);
#5470=ADVANCED_FACE('',(#606),#304,.T.);
#5471=ADVANCED_FACE('',(#607),#305,.T.);
#5472=ADVANCED_FACE('',(#608),#306,.T.);
#5473=ADVANCED_FACE('',(#609),#307,.T.);
#5474=ADVANCED_FACE('',(#610),#308,.T.);
#5475=ADVANCED_FACE('',(#611),#309,.T.);
#5476=ADVANCED_FACE('',(#612),#310,.T.);
#5477=ADVANCED_FACE('',(#613,#15,#16,#17,#18,#19,#20,#21,#22,#23,#24,#25,
#26,#27,#28,#29,#30,#31,#32,#33,#34,#35,#36,#37,#38,#39,#40,#41,#42,#43,
#44,#45,#46,#47,#48,#49,#50,#51,#52,#53,#54,#55,#56,#57,#58),#311,.T.);
#5478=ADVANCED_FACE('',(#614,#59,#60,#61,#62,#63,#64,#65,#66,#67,#68,#69,
#70,#71,#72,#73,#74,#75,#76,#77,#78,#79,#80,#81,#82,#83,#84,#85,#86,#87,
#88,#89,#90,#91,#92,#93,#94,#95,#96,#97,#98,#99,#100,#101,#102),#312,.F.);
#5479=CLOSED_SHELL('',(#5221,#5222,#5223,#5224,#5225,#5226,#5227,#5228,
#5229,#5230,#5231,#5232,#5233,#5234,#5235,#5236,#5237,#5238,#5239,#5240,
#5241,#5242,#5243,#5244,#5245,#5246,#5247,#5248,#5249,#5250,#5251,#5252,
#5253,#5254,#5255,#5256,#5257,#5258,#5259,#5260,#5261,#5262,#5263,#5264,
#5265,#5266,#5267,#5268,#5269,#5270,#5271,#5272,#5273,#5274,#5275,#5276,
#5277,#5278,#5279,#5280,#5281,#5282,#5283,#5284,#5285,#5286,#5287,#5288,
#5289,#5290,#5291,#5292,#5293,#5294,#5295,#5296,#5297,#5298,#5299,#5300,
#5301,#5302,#5303,#5304,#5305,#5306,#5307,#5308,#5309,#5310,#5311,#5312,
#5313,#5314,#5315,#5316,#5317,#5318,#5319,#5320,#5321,#5322,#5323,#5324,
#5325,#5326,#5327,#5328,#5329,#5330,#5331,#5332,#5333,#5334,#5335,#5336,
#5337,#5338,#5339,#5340,#5341,#5342,#5343,#5344,#5345,#5346,#5347,#5348,
#5349,#5350,#5351,#5352,#5353,#5354,#5355,#5356,#5357,#5358,#5359,#5360,
#5361,#5362,#5363,#5364,#5365,#5366,#5367,#5368,#5369,#5370,#5371,#5372,
#5373,#5374,#5375,#5376,#5377,#5378,#5379,#5380,#5381,#5382,#5383,#5384,
#5385,#5386,#5387,#5388,#5389,#5390,#5391,#5392,#5393,#5394,#5395,#5396,
#5397,#5398,#5399,#5400,#5401,#5402,#5403,#5404,#5405,#5406,#5407,#5408,
#5409,#5410,#5411,#5412,#5413,#5414,#5415,#5416,#5417,#5418,#5419,#5420,
#5421,#5422,#5423,#5424,#5425,#5426,#5427,#5428,#5429,#5430,#5431,#5432,
#5433,#5434,#5435,#5436,#5437,#5438,#5439,#5440,#5441,#5442,#5443,#5444,
#5445,#5446,#5447,#5448,#5449,#5450,#5451,#5452,#5453,#5454,#5455,#5456,
#5457,#5458,#5459,#5460,#5461,#5462,#5463,#5464,#5465,#5466,#5467,#5468,
#5469,#5470,#5471,#5472,#5473,#5474,#5475,#5476,#5477,#5478));
#5480=DERIVED_UNIT_ELEMENT(#5482,1.);
#5481=DERIVED_UNIT_ELEMENT(#8773,-3.);
#5482=(
MASS_UNIT()
NAMED_UNIT(*)
SI_UNIT(.KILO.,.GRAM.)
);
#5483=DERIVED_UNIT((#5480,#5481));
#5484=MEASURE_REPRESENTATION_ITEM('density measure',
POSITIVE_RATIO_MEASURE(7850.),#5483);
#5485=PROPERTY_DEFINITION_REPRESENTATION(#5490,#5487);
#5486=PROPERTY_DEFINITION_REPRESENTATION(#5491,#5488);
#5487=REPRESENTATION('material name',(#5489),#8770);
#5488=REPRESENTATION('density',(#5484),#8770);
#5489=DESCRIPTIVE_REPRESENTATION_ITEM('Steel','Steel');
#5490=PROPERTY_DEFINITION('material property','material name',#8780);
#5491=PROPERTY_DEFINITION('material property','density of part',#8780);
#5492=AXIS2_PLACEMENT_3D('',#7229,#5847,#5848);
#5493=AXIS2_PLACEMENT_3D('',#7230,#5849,#5850);
#5494=AXIS2_PLACEMENT_3D('',#7232,#5851,#5852);
#5495=AXIS2_PLACEMENT_3D('',#7236,#5854,#5855);
#5496=AXIS2_PLACEMENT_3D('',#7237,#5856,#5857);
#5497=AXIS2_PLACEMENT_3D('',#7238,#5858,#5859);
#5498=AXIS2_PLACEMENT_3D('',#7240,#5860,#5861);
#5499=AXIS2_PLACEMENT_3D('',#7244,#5863,#5864);
#5500=AXIS2_PLACEMENT_3D('',#7245,#5865,#5866);
#5501=AXIS2_PLACEMENT_3D('',#7246,#5867,#5868);
#5502=AXIS2_PLACEMENT_3D('',#7248,#5869,#5870);
#5503=AXIS2_PLACEMENT_3D('',#7252,#5872,#5873);
#5504=AXIS2_PLACEMENT_3D('',#7253,#5874,#5875);
#5505=AXIS2_PLACEMENT_3D('',#7254,#5876,#5877);
#5506=AXIS2_PLACEMENT_3D('',#7256,#5878,#5879);
#5507=AXIS2_PLACEMENT_3D('',#7260,#5881,#5882);
#5508=AXIS2_PLACEMENT_3D('',#7261,#5883,#5884);
#5509=AXIS2_PLACEMENT_3D('',#7262,#5885,#5886);
#5510=AXIS2_PLACEMENT_3D('',#7264,#5887,#5888);
#5511=AXIS2_PLACEMENT_3D('',#7266,#5890,#5891);
#5512=AXIS2_PLACEMENT_3D('',#7268,#5892,#5893);
#5513=AXIS2_PLACEMENT_3D('',#7270,#5895,#5896);
#5514=AXIS2_PLACEMENT_3D('',#7272,#5897,#5898);
#5515=AXIS2_PLACEMENT_3D('',#7274,#5900,#5901);
#5516=AXIS2_PLACEMENT_3D('',#7276,#5902,#5903);
#5517=AXIS2_PLACEMENT_3D('',#7278,#5905,#5906);
#5518=AXIS2_PLACEMENT_3D('',#7287,#5911,#5912);
#5519=AXIS2_PLACEMENT_3D('',#7293,#5916,#5917);
#5520=AXIS2_PLACEMENT_3D('',#7295,#5918,#5919);
#5521=AXIS2_PLACEMENT_3D('',#7297,#5920,#5921);
#5522=AXIS2_PLACEMENT_3D('',#7299,#5923,#5924);
#5523=AXIS2_PLACEMENT_3D('',#7305,#5928,#5929);
#5524=AXIS2_PLACEMENT_3D('',#7311,#5933,#5934);
#5525=AXIS2_PLACEMENT_3D('',#7314,#5937,#5938);
#5526=AXIS2_PLACEMENT_3D('',#7323,#5943,#5944);
#5527=AXIS2_PLACEMENT_3D('',#7329,#5948,#5949);
#5528=AXIS2_PLACEMENT_3D('',#7331,#5950,#5951);
#5529=AXIS2_PLACEMENT_3D('',#7333,#5952,#5953);
#5530=AXIS2_PLACEMENT_3D('',#7335,#5955,#5956);
#5531=AXIS2_PLACEMENT_3D('',#7341,#5960,#5961);
#5532=AXIS2_PLACEMENT_3D('',#7347,#5965,#5966);
#5533=AXIS2_PLACEMENT_3D('',#7350,#5969,#5970);
#5534=AXIS2_PLACEMENT_3D('',#7359,#5975,#5976);
#5535=AXIS2_PLACEMENT_3D('',#7365,#5980,#5981);
#5536=AXIS2_PLACEMENT_3D('',#7367,#5982,#5983);
#5537=AXIS2_PLACEMENT_3D('',#7369,#5984,#5985);
#5538=AXIS2_PLACEMENT_3D('',#7371,#5987,#5988);
#5539=AXIS2_PLACEMENT_3D('',#7377,#5992,#5993);
#5540=AXIS2_PLACEMENT_3D('',#7383,#5997,#5998);
#5541=AXIS2_PLACEMENT_3D('',#7386,#6001,#6002);
#5542=AXIS2_PLACEMENT_3D('',#7395,#6007,#6008);
#5543=AXIS2_PLACEMENT_3D('',#7401,#6012,#6013);
#5544=AXIS2_PLACEMENT_3D('',#7403,#6014,#6015);
#5545=AXIS2_PLACEMENT_3D('',#7405,#6016,#6017);
#5546=AXIS2_PLACEMENT_3D('',#7407,#6019,#6020);
#5547=AXIS2_PLACEMENT_3D('',#7413,#6024,#6025);
#5548=AXIS2_PLACEMENT_3D('',#7419,#6029,#6030);
#5549=AXIS2_PLACEMENT_3D('',#7422,#6033,#6034);
#5550=AXIS2_PLACEMENT_3D('',#7431,#6039,#6040);
#5551=AXIS2_PLACEMENT_3D('',#7437,#6044,#6045);
#5552=AXIS2_PLACEMENT_3D('',#7439,#6046,#6047);
#5553=AXIS2_PLACEMENT_3D('',#7441,#6048,#6049);
#5554=AXIS2_PLACEMENT_3D('',#7443,#6051,#6052);
#5555=AXIS2_PLACEMENT_3D('',#7449,#6056,#6057);
#5556=AXIS2_PLACEMENT_3D('',#7455,#6061,#6062);
#5557=AXIS2_PLACEMENT_3D('',#7458,#6065,#6066);
#5558=AXIS2_PLACEMENT_3D('',#7467,#6071,#6072);
#5559=AXIS2_PLACEMENT_3D('',#7473,#6076,#6077);
#5560=AXIS2_PLACEMENT_3D('',#7475,#6078,#6079);
#5561=AXIS2_PLACEMENT_3D('',#7477,#6080,#6081);
#5562=AXIS2_PLACEMENT_3D('',#7479,#6083,#6084);
#5563=AXIS2_PLACEMENT_3D('',#7485,#6088,#6089);
#5564=AXIS2_PLACEMENT_3D('',#7491,#6093,#6094);
#5565=AXIS2_PLACEMENT_3D('',#7494,#6097,#6098);
#5566=AXIS2_PLACEMENT_3D('',#7503,#6103,#6104);
#5567=AXIS2_PLACEMENT_3D('',#7509,#6108,#6109);
#5568=AXIS2_PLACEMENT_3D('',#7511,#6110,#6111);
#5569=AXIS2_PLACEMENT_3D('',#7513,#6112,#6113);
#5570=AXIS2_PLACEMENT_3D('',#7515,#6115,#6116);
#5571=AXIS2_PLACEMENT_3D('',#7521,#6120,#6121);
#5572=AXIS2_PLACEMENT_3D('',#7527,#6125,#6126);
#5573=AXIS2_PLACEMENT_3D('',#7530,#6129,#6130);
#5574=AXIS2_PLACEMENT_3D('',#7539,#6135,#6136);
#5575=AXIS2_PLACEMENT_3D('',#7545,#6140,#6141);
#5576=AXIS2_PLACEMENT_3D('',#7547,#6142,#6143);
#5577=AXIS2_PLACEMENT_3D('',#7549,#6144,#6145);
#5578=AXIS2_PLACEMENT_3D('',#7551,#6147,#6148);
#5579=AXIS2_PLACEMENT_3D('',#7557,#6152,#6153);
#5580=AXIS2_PLACEMENT_3D('',#7563,#6157,#6158);
#5581=AXIS2_PLACEMENT_3D('',#7566,#6161,#6162);
#5582=AXIS2_PLACEMENT_3D('',#7575,#6167,#6168);
#5583=AXIS2_PLACEMENT_3D('',#7581,#6172,#6173);
#5584=AXIS2_PLACEMENT_3D('',#7583,#6174,#6175);
#5585=AXIS2_PLACEMENT_3D('',#7585,#6176,#6177);
#5586=AXIS2_PLACEMENT_3D('',#7587,#6179,#6180);
#5587=AXIS2_PLACEMENT_3D('',#7593,#6184,#6185);
#5588=AXIS2_PLACEMENT_3D('',#7599,#6189,#6190);
#5589=AXIS2_PLACEMENT_3D('',#7602,#6193,#6194);
#5590=AXIS2_PLACEMENT_3D('',#7611,#6199,#6200);
#5591=AXIS2_PLACEMENT_3D('',#7617,#6204,#6205);
#5592=AXIS2_PLACEMENT_3D('',#7619,#6206,#6207);
#5593=AXIS2_PLACEMENT_3D('',#7621,#6208,#6209);
#5594=AXIS2_PLACEMENT_3D('',#7623,#6211,#6212);
#5595=AXIS2_PLACEMENT_3D('',#7629,#6216,#6217);
#5596=AXIS2_PLACEMENT_3D('',#7635,#6221,#6222);
#5597=AXIS2_PLACEMENT_3D('',#7638,#6225,#6226);
#5598=AXIS2_PLACEMENT_3D('',#7647,#6231,#6232);
#5599=AXIS2_PLACEMENT_3D('',#7653,#6236,#6237);
#5600=AXIS2_PLACEMENT_3D('',#7655,#6238,#6239);
#5601=AXIS2_PLACEMENT_3D('',#7657,#6240,#6241);
#5602=AXIS2_PLACEMENT_3D('',#7659,#6243,#6244);
#5603=AXIS2_PLACEMENT_3D('',#7665,#6248,#6249);
#5604=AXIS2_PLACEMENT_3D('',#7671,#6253,#6254);
#5605=AXIS2_PLACEMENT_3D('',#7674,#6257,#6258);
#5606=AXIS2_PLACEMENT_3D('',#7683,#6263,#6264);
#5607=AXIS2_PLACEMENT_3D('',#7689,#6268,#6269);
#5608=AXIS2_PLACEMENT_3D('',#7691,#6270,#6271);
#5609=AXIS2_PLACEMENT_3D('',#7693,#6272,#6273);
#5610=AXIS2_PLACEMENT_3D('',#7695,#6275,#6276);
#5611=AXIS2_PLACEMENT_3D('',#7701,#6280,#6281);
#5612=AXIS2_PLACEMENT_3D('',#7707,#6285,#6286);
#5613=AXIS2_PLACEMENT_3D('',#7710,#6289,#6290);
#5614=AXIS2_PLACEMENT_3D('',#7719,#6295,#6296);
#5615=AXIS2_PLACEMENT_3D('',#7725,#6300,#6301);
#5616=AXIS2_PLACEMENT_3D('',#7727,#6302,#6303);
#5617=AXIS2_PLACEMENT_3D('',#7729,#6304,#6305);
#5618=AXIS2_PLACEMENT_3D('',#7731,#6307,#6308);
#5619=AXIS2_PLACEMENT_3D('',#7737,#6312,#6313);
#5620=AXIS2_PLACEMENT_3D('',#7743,#6317,#6318);
#5621=AXIS2_PLACEMENT_3D('',#7746,#6321,#6322);
#5622=AXIS2_PLACEMENT_3D('',#7755,#6327,#6328);
#5623=AXIS2_PLACEMENT_3D('',#7761,#6332,#6333);
#5624=AXIS2_PLACEMENT_3D('',#7763,#6334,#6335);
#5625=AXIS2_PLACEMENT_3D('',#7765,#6336,#6337);
#5626=AXIS2_PLACEMENT_3D('',#7767,#6339,#6340);
#5627=AXIS2_PLACEMENT_3D('',#7773,#6344,#6345);
#5628=AXIS2_PLACEMENT_3D('',#7779,#6349,#6350);
#5629=AXIS2_PLACEMENT_3D('',#7782,#6353,#6354);
#5630=AXIS2_PLACEMENT_3D('',#7791,#6359,#6360);
#5631=AXIS2_PLACEMENT_3D('',#7797,#6364,#6365);
#5632=AXIS2_PLACEMENT_3D('',#7799,#6366,#6367);
#5633=AXIS2_PLACEMENT_3D('',#7801,#6368,#6369);
#5634=AXIS2_PLACEMENT_3D('',#7803,#6371,#6372);
#5635=AXIS2_PLACEMENT_3D('',#7809,#6376,#6377);
#5636=AXIS2_PLACEMENT_3D('',#7815,#6381,#6382);
#5637=AXIS2_PLACEMENT_3D('',#7818,#6385,#6386);
#5638=AXIS2_PLACEMENT_3D('',#7827,#6391,#6392);
#5639=AXIS2_PLACEMENT_3D('',#7833,#6396,#6397);
#5640=AXIS2_PLACEMENT_3D('',#7835,#6398,#6399);
#5641=AXIS2_PLACEMENT_3D('',#7837,#6400,#6401);
#5642=AXIS2_PLACEMENT_3D('',#7839,#6403,#6404);
#5643=AXIS2_PLACEMENT_3D('',#7845,#6408,#6409);
#5644=AXIS2_PLACEMENT_3D('',#7851,#6413,#6414);
#5645=AXIS2_PLACEMENT_3D('',#7854,#6417,#6418);
#5646=AXIS2_PLACEMENT_3D('',#7863,#6423,#6424);
#5647=AXIS2_PLACEMENT_3D('',#7869,#6428,#6429);
#5648=AXIS2_PLACEMENT_3D('',#7871,#6430,#6431);
#5649=AXIS2_PLACEMENT_3D('',#7873,#6432,#6433);
#5650=AXIS2_PLACEMENT_3D('',#7875,#6435,#6436);
#5651=AXIS2_PLACEMENT_3D('',#7881,#6440,#6441);
#5652=AXIS2_PLACEMENT_3D('',#7887,#6445,#6446);
#5653=AXIS2_PLACEMENT_3D('',#7890,#6449,#6450);
#5654=AXIS2_PLACEMENT_3D('',#7899,#6455,#6456);
#5655=AXIS2_PLACEMENT_3D('',#7905,#6460,#6461);
#5656=AXIS2_PLACEMENT_3D('',#7907,#6462,#6463);
#5657=AXIS2_PLACEMENT_3D('',#7909,#6464,#6465);
#5658=AXIS2_PLACEMENT_3D('',#7911,#6467,#6468);
#5659=AXIS2_PLACEMENT_3D('',#7917,#6472,#6473);
#5660=AXIS2_PLACEMENT_3D('',#7923,#6477,#6478);
#5661=AXIS2_PLACEMENT_3D('',#7926,#6481,#6482);
#5662=AXIS2_PLACEMENT_3D('',#7935,#6487,#6488);
#5663=AXIS2_PLACEMENT_3D('',#7941,#6492,#6493);
#5664=AXIS2_PLACEMENT_3D('',#7943,#6494,#6495);
#5665=AXIS2_PLACEMENT_3D('',#7945,#6496,#6497);
#5666=AXIS2_PLACEMENT_3D('',#7947,#6499,#6500);
#5667=AXIS2_PLACEMENT_3D('',#7953,#6504,#6505);
#5668=AXIS2_PLACEMENT_3D('',#7959,#6509,#6510);
#5669=AXIS2_PLACEMENT_3D('',#7962,#6513,#6514);
#5670=AXIS2_PLACEMENT_3D('',#7971,#6519,#6520);
#5671=AXIS2_PLACEMENT_3D('',#7977,#6524,#6525);
#5672=AXIS2_PLACEMENT_3D('',#7979,#6526,#6527);
#5673=AXIS2_PLACEMENT_3D('',#7981,#6528,#6529);
#5674=AXIS2_PLACEMENT_3D('',#7983,#6531,#6532);
#5675=AXIS2_PLACEMENT_3D('',#7989,#6536,#6537);
#5676=AXIS2_PLACEMENT_3D('',#7995,#6541,#6542);
#5677=AXIS2_PLACEMENT_3D('',#7998,#6545,#6546);
#5678=AXIS2_PLACEMENT_3D('',#8007,#6551,#6552);
#5679=AXIS2_PLACEMENT_3D('',#8013,#6556,#6557);
#5680=AXIS2_PLACEMENT_3D('',#8015,#6558,#6559);
#5681=AXIS2_PLACEMENT_3D('',#8017,#6560,#6561);
#5682=AXIS2_PLACEMENT_3D('',#8019,#6563,#6564);
#5683=AXIS2_PLACEMENT_3D('',#8025,#6568,#6569);
#5684=AXIS2_PLACEMENT_3D('',#8031,#6573,#6574);
#5685=AXIS2_PLACEMENT_3D('',#8034,#6577,#6578);
#5686=AXIS2_PLACEMENT_3D('',#8043,#6583,#6584);
#5687=AXIS2_PLACEMENT_3D('',#8049,#6588,#6589);
#5688=AXIS2_PLACEMENT_3D('',#8051,#6590,#6591);
#5689=AXIS2_PLACEMENT_3D('',#8053,#6592,#6593);
#5690=AXIS2_PLACEMENT_3D('',#8055,#6595,#6596);
#5691=AXIS2_PLACEMENT_3D('',#8061,#6600,#6601);
#5692=AXIS2_PLACEMENT_3D('',#8067,#6605,#6606);
#5693=AXIS2_PLACEMENT_3D('',#8070,#6609,#6610);
#5694=AXIS2_PLACEMENT_3D('',#8079,#6615,#6616);
#5695=AXIS2_PLACEMENT_3D('',#8085,#6620,#6621);
#5696=AXIS2_PLACEMENT_3D('',#8087,#6622,#6623);
#5697=AXIS2_PLACEMENT_3D('',#8089,#6624,#6625);
#5698=AXIS2_PLACEMENT_3D('',#8091,#6627,#6628);
#5699=AXIS2_PLACEMENT_3D('',#8097,#6632,#6633);
#5700=AXIS2_PLACEMENT_3D('',#8103,#6637,#6638);
#5701=AXIS2_PLACEMENT_3D('',#8106,#6641,#6642);
#5702=AXIS2_PLACEMENT_3D('',#8115,#6647,#6648);
#5703=AXIS2_PLACEMENT_3D('',#8121,#6652,#6653);
#5704=AXIS2_PLACEMENT_3D('',#8123,#6654,#6655);
#5705=AXIS2_PLACEMENT_3D('',#8125,#6656,#6657);
#5706=AXIS2_PLACEMENT_3D('',#8127,#6659,#6660);
#5707=AXIS2_PLACEMENT_3D('',#8133,#6664,#6665);
#5708=AXIS2_PLACEMENT_3D('',#8139,#6669,#6670);
#5709=AXIS2_PLACEMENT_3D('',#8142,#6673,#6674);
#5710=AXIS2_PLACEMENT_3D('',#8151,#6679,#6680);
#5711=AXIS2_PLACEMENT_3D('',#8157,#6684,#6685);
#5712=AXIS2_PLACEMENT_3D('',#8159,#6686,#6687);
#5713=AXIS2_PLACEMENT_3D('',#8161,#6688,#6689);
#5714=AXIS2_PLACEMENT_3D('',#8163,#6691,#6692);
#5715=AXIS2_PLACEMENT_3D('',#8169,#6696,#6697);
#5716=AXIS2_PLACEMENT_3D('',#8175,#6701,#6702);
#5717=AXIS2_PLACEMENT_3D('',#8178,#6705,#6706);
#5718=AXIS2_PLACEMENT_3D('',#8187,#6711,#6712);
#5719=AXIS2_PLACEMENT_3D('',#8193,#6716,#6717);
#5720=AXIS2_PLACEMENT_3D('',#8195,#6718,#6719);
#5721=AXIS2_PLACEMENT_3D('',#8197,#6720,#6721);
#5722=AXIS2_PLACEMENT_3D('',#8199,#6723,#6724);
#5723=AXIS2_PLACEMENT_3D('',#8205,#6728,#6729);
#5724=AXIS2_PLACEMENT_3D('',#8211,#6733,#6734);
#5725=AXIS2_PLACEMENT_3D('',#8214,#6737,#6738);
#5726=AXIS2_PLACEMENT_3D('',#8223,#6743,#6744);
#5727=AXIS2_PLACEMENT_3D('',#8229,#6748,#6749);
#5728=AXIS2_PLACEMENT_3D('',#8231,#6750,#6751);
#5729=AXIS2_PLACEMENT_3D('',#8233,#6752,#6753);
#5730=AXIS2_PLACEMENT_3D('',#8235,#6755,#6756);
#5731=AXIS2_PLACEMENT_3D('',#8241,#6760,#6761);
#5732=AXIS2_PLACEMENT_3D('',#8247,#6765,#6766);
#5733=AXIS2_PLACEMENT_3D('',#8250,#6769,#6770);
#5734=AXIS2_PLACEMENT_3D('',#8259,#6775,#6776);
#5735=AXIS2_PLACEMENT_3D('',#8265,#6780,#6781);
#5736=AXIS2_PLACEMENT_3D('',#8267,#6782,#6783);
#5737=AXIS2_PLACEMENT_3D('',#8269,#6784,#6785);
#5738=AXIS2_PLACEMENT_3D('',#8271,#6787,#6788);
#5739=AXIS2_PLACEMENT_3D('',#8277,#6792,#6793);
#5740=AXIS2_PLACEMENT_3D('',#8283,#6797,#6798);
#5741=AXIS2_PLACEMENT_3D('',#8286,#6801,#6802);
#5742=AXIS2_PLACEMENT_3D('',#8295,#6807,#6808);
#5743=AXIS2_PLACEMENT_3D('',#8301,#6812,#6813);
#5744=AXIS2_PLACEMENT_3D('',#8303,#6814,#6815);
#5745=AXIS2_PLACEMENT_3D('',#8305,#6816,#6817);
#5746=AXIS2_PLACEMENT_3D('',#8307,#6819,#6820);
#5747=AXIS2_PLACEMENT_3D('',#8313,#6824,#6825);
#5748=AXIS2_PLACEMENT_3D('',#8319,#6829,#6830);
#5749=AXIS2_PLACEMENT_3D('',#8322,#6833,#6834);
#5750=AXIS2_PLACEMENT_3D('',#8331,#6839,#6840);
#5751=AXIS2_PLACEMENT_3D('',#8337,#6844,#6845);
#5752=AXIS2_PLACEMENT_3D('',#8339,#6846,#6847);
#5753=AXIS2_PLACEMENT_3D('',#8341,#6848,#6849);
#5754=AXIS2_PLACEMENT_3D('',#8343,#6851,#6852);
#5755=AXIS2_PLACEMENT_3D('',#8349,#6856,#6857);
#5756=AXIS2_PLACEMENT_3D('',#8355,#6861,#6862);
#5757=AXIS2_PLACEMENT_3D('',#8358,#6865,#6866);
#5758=AXIS2_PLACEMENT_3D('',#8367,#6871,#6872);
#5759=AXIS2_PLACEMENT_3D('',#8373,#6876,#6877);
#5760=AXIS2_PLACEMENT_3D('',#8375,#6878,#6879);
#5761=AXIS2_PLACEMENT_3D('',#8377,#6880,#6881);
#5762=AXIS2_PLACEMENT_3D('',#8379,#6883,#6884);
#5763=AXIS2_PLACEMENT_3D('',#8385,#6888,#6889);
#5764=AXIS2_PLACEMENT_3D('',#8391,#6893,#6894);
#5765=AXIS2_PLACEMENT_3D('',#8394,#6897,#6898);
#5766=AXIS2_PLACEMENT_3D('',#8403,#6903,#6904);
#5767=AXIS2_PLACEMENT_3D('',#8409,#6908,#6909);
#5768=AXIS2_PLACEMENT_3D('',#8411,#6910,#6911);
#5769=AXIS2_PLACEMENT_3D('',#8413,#6912,#6913);
#5770=AXIS2_PLACEMENT_3D('',#8415,#6915,#6916);
#5771=AXIS2_PLACEMENT_3D('',#8421,#6920,#6921);
#5772=AXIS2_PLACEMENT_3D('',#8427,#6925,#6926);
#5773=AXIS2_PLACEMENT_3D('',#8430,#6929,#6930);
#5774=AXIS2_PLACEMENT_3D('',#8439,#6935,#6936);
#5775=AXIS2_PLACEMENT_3D('',#8445,#6940,#6941);
#5776=AXIS2_PLACEMENT_3D('',#8447,#6942,#6943);
#5777=AXIS2_PLACEMENT_3D('',#8449,#6944,#6945);
#5778=AXIS2_PLACEMENT_3D('',#8451,#6947,#6948);
#5779=AXIS2_PLACEMENT_3D('',#8457,#6952,#6953);
#5780=AXIS2_PLACEMENT_3D('',#8463,#6957,#6958);
#5781=AXIS2_PLACEMENT_3D('',#8466,#6961,#6962);
#5782=AXIS2_PLACEMENT_3D('',#8475,#6967,#6968);
#5783=AXIS2_PLACEMENT_3D('',#8481,#6972,#6973);
#5784=AXIS2_PLACEMENT_3D('',#8483,#6974,#6975);
#5785=AXIS2_PLACEMENT_3D('',#8485,#6976,#6977);
#5786=AXIS2_PLACEMENT_3D('',#8487,#6979,#6980);
#5787=AXIS2_PLACEMENT_3D('',#8493,#6984,#6985);
#5788=AXIS2_PLACEMENT_3D('',#8499,#6989,#6990);
#5789=AXIS2_PLACEMENT_3D('',#8502,#6993,#6994);
#5790=AXIS2_PLACEMENT_3D('',#8511,#6999,#7000);
#5791=AXIS2_PLACEMENT_3D('',#8517,#7004,#7005);
#5792=AXIS2_PLACEMENT_3D('',#8519,#7006,#7007);
#5793=AXIS2_PLACEMENT_3D('',#8521,#7008,#7009);
#5794=AXIS2_PLACEMENT_3D('',#8523,#7011,#7012);
#5795=AXIS2_PLACEMENT_3D('',#8529,#7016,#7017);
#5796=AXIS2_PLACEMENT_3D('',#8535,#7021,#7022);
#5797=AXIS2_PLACEMENT_3D('',#8538,#7025,#7026);
#5798=AXIS2_PLACEMENT_3D('',#8547,#7031,#7032);
#5799=AXIS2_PLACEMENT_3D('',#8553,#7036,#7037);
#5800=AXIS2_PLACEMENT_3D('',#8555,#7038,#7039);
#5801=AXIS2_PLACEMENT_3D('',#8557,#7040,#7041);
#5802=AXIS2_PLACEMENT_3D('',#8559,#7043,#7044);
#5803=AXIS2_PLACEMENT_3D('',#8565,#7048,#7049);
#5804=AXIS2_PLACEMENT_3D('',#8571,#7053,#7054);
#5805=AXIS2_PLACEMENT_3D('',#8574,#7057,#7058);
#5806=AXIS2_PLACEMENT_3D('',#8583,#7063,#7064);
#5807=AXIS2_PLACEMENT_3D('',#8589,#7068,#7069);
#5808=AXIS2_PLACEMENT_3D('',#8591,#7070,#7071);
#5809=AXIS2_PLACEMENT_3D('',#8593,#7072,#7073);
#5810=AXIS2_PLACEMENT_3D('',#8595,#7075,#7076);
#5811=AXIS2_PLACEMENT_3D('',#8601,#7080,#7081);
#5812=AXIS2_PLACEMENT_3D('',#8607,#7085,#7086);
#5813=AXIS2_PLACEMENT_3D('',#8610,#7089,#7090);
#5814=AXIS2_PLACEMENT_3D('',#8619,#7095,#7096);
#5815=AXIS2_PLACEMENT_3D('',#8625,#7100,#7101);
#5816=AXIS2_PLACEMENT_3D('',#8627,#7102,#7103);
#5817=AXIS2_PLACEMENT_3D('',#8629,#7104,#7105);
#5818=AXIS2_PLACEMENT_3D('',#8631,#7107,#7108);
#5819=AXIS2_PLACEMENT_3D('',#8637,#7112,#7113);
#5820=AXIS2_PLACEMENT_3D('',#8643,#7117,#7118);
#5821=AXIS2_PLACEMENT_3D('',#8646,#7121,#7122);
#5822=AXIS2_PLACEMENT_3D('',#8655,#7127,#7128);
#5823=AXIS2_PLACEMENT_3D('',#8661,#7132,#7133);
#5824=AXIS2_PLACEMENT_3D('',#8663,#7134,#7135);
#5825=AXIS2_PLACEMENT_3D('',#8665,#7136,#7137);
#5826=AXIS2_PLACEMENT_3D('',#8667,#7139,#7140);
#5827=AXIS2_PLACEMENT_3D('',#8673,#7144,#7145);
#5828=AXIS2_PLACEMENT_3D('',#8679,#7149,#7150);
#5829=AXIS2_PLACEMENT_3D('',#8682,#7153,#7154);
#5830=AXIS2_PLACEMENT_3D('',#8691,#7159,#7160);
#5831=AXIS2_PLACEMENT_3D('',#8697,#7164,#7165);
#5832=AXIS2_PLACEMENT_3D('',#8699,#7166,#7167);
#5833=AXIS2_PLACEMENT_3D('',#8701,#7168,#7169);
#5834=AXIS2_PLACEMENT_3D('',#8703,#7171,#7172);
#5835=AXIS2_PLACEMENT_3D('',#8709,#7176,#7177);
#5836=AXIS2_PLACEMENT_3D('',#8715,#7181,#7182);
#5837=AXIS2_PLACEMENT_3D('',#8718,#7185,#7186);
#5838=AXIS2_PLACEMENT_3D('',#8727,#7191,#7192);
#5839=AXIS2_PLACEMENT_3D('',#8733,#7196,#7197);
#5840=AXIS2_PLACEMENT_3D('',#8739,#7201,#7202);
#5841=AXIS2_PLACEMENT_3D('',#8745,#7206,#7207);
#5842=AXIS2_PLACEMENT_3D('',#8751,#7211,#7212);
#5843=AXIS2_PLACEMENT_3D('',#8757,#7216,#7217);
#5844=AXIS2_PLACEMENT_3D('',#8763,#7221,#7222);
#5845=AXIS2_PLACEMENT_3D('',#8766,#7225,#7226);
#5846=AXIS2_PLACEMENT_3D('',#8767,#7227,#7228);
#5847=DIRECTION('axis',(0.,0.,1.));
#5848=DIRECTION('refdir',(1.,0.,0.));
#5849=DIRECTION('center_axis',(0.,1.,0.));
#5850=DIRECTION('ref_axis',(0.,0.,1.));
#5851=DIRECTION('center_axis',(0.,-1.,0.));
#5852=DIRECTION('ref_axis',(0.,0.,1.));
#5853=DIRECTION('',(-8.65956056235493E-17,-0.707106781186548,0.707106781186547));
#5854=DIRECTION('center_axis',(0.,1.,0.));
#5855=DIRECTION('ref_axis',(-1.,0.,0.));
#5856=DIRECTION('center_axis',(0.,1.,0.));
#5857=DIRECTION('ref_axis',(-1.,0.,0.));
#5858=DIRECTION('center_axis',(0.,1.,0.));
#5859=DIRECTION('ref_axis',(0.,0.,1.));
#5860=DIRECTION('center_axis',(0.,-1.,0.));
#5861=DIRECTION('ref_axis',(0.,0.,1.));
#5862=DIRECTION('',(-8.65956056235493E-17,-0.707106781186548,0.707106781186547));
#5863=DIRECTION('center_axis',(0.,1.,0.));
#5864=DIRECTION('ref_axis',(-1.,0.,0.));
#5865=DIRECTION('center_axis',(0.,1.,0.));
#5866=DIRECTION('ref_axis',(-1.,0.,0.));
#5867=DIRECTION('center_axis',(0.,1.,0.));
#5868=DIRECTION('ref_axis',(0.,0.,1.));
#5869=DIRECTION('center_axis',(0.,-1.,0.));
#5870=DIRECTION('ref_axis',(0.,0.,1.));
#5871=DIRECTION('',(-8.65956056235493E-17,-0.707106781186548,0.707106781186547));
#5872=DIRECTION('center_axis',(0.,1.,0.));
#5873=DIRECTION('ref_axis',(-1.,0.,0.));
#5874=DIRECTION('center_axis',(0.,1.,0.));
#5875=DIRECTION('ref_axis',(-1.,0.,0.));
#5876=DIRECTION('center_axis',(0.,1.,0.));
#5877=DIRECTION('ref_axis',(0.,0.,1.));
#5878=DIRECTION('center_axis',(0.,-1.,0.));
#5879=DIRECTION('ref_axis',(0.,0.,1.));
#5880=DIRECTION('',(-8.65956056235493E-17,-0.707106781186548,0.707106781186547));
#5881=DIRECTION('center_axis',(0.,1.,0.));
#5882=DIRECTION('ref_axis',(-1.,0.,0.));
#5883=DIRECTION('center_axis',(0.,1.,0.));
#5884=DIRECTION('ref_axis',(-1.,0.,0.));
#5885=DIRECTION('center_axis',(0.,1.,0.));
#5886=DIRECTION('ref_axis',(-1.,0.,0.));
#5887=DIRECTION('center_axis',(0.,1.,0.));
#5888=DIRECTION('ref_axis',(-1.,0.,0.));
#5889=DIRECTION('',(0.,1.,0.));
#5890=DIRECTION('center_axis',(0.,1.,0.));
#5891=DIRECTION('ref_axis',(-1.,0.,0.));
#5892=DIRECTION('center_axis',(0.,1.,0.));
#5893=DIRECTION('ref_axis',(-1.,0.,0.));
#5894=DIRECTION('',(0.,1.,0.));
#5895=DIRECTION('center_axis',(0.,1.,0.));
#5896=DIRECTION('ref_axis',(-1.,0.,0.));
#5897=DIRECTION('center_axis',(0.,1.,0.));
#5898=DIRECTION('ref_axis',(-1.,0.,0.));
#5899=DIRECTION('',(0.,1.,0.));
#5900=DIRECTION('center_axis',(0.,1.,0.));
#5901=DIRECTION('ref_axis',(-1.,0.,0.));
#5902=DIRECTION('center_axis',(0.,1.,0.));
#5903=DIRECTION('ref_axis',(-1.,0.,0.));
#5904=DIRECTION('',(0.,1.,0.));
#5905=DIRECTION('center_axis',(-1.,0.,0.));
#5906=DIRECTION('ref_axis',(0.,0.,1.));
#5907=DIRECTION('',(0.,0.,-1.));
#5908=DIRECTION('',(0.,1.,0.));
#5909=DIRECTION('',(0.,0.,1.));
#5910=DIRECTION('',(0.,1.,0.));
#5911=DIRECTION('center_axis',(1.26882631385732E-15,0.,-1.));
#5912=DIRECTION('ref_axis',(-1.,0.,-1.26882631385732E-15));
#5913=DIRECTION('',(1.,0.,1.26882631385732E-15));
#5914=DIRECTION('',(-1.,0.,-1.26882631385732E-15));
#5915=DIRECTION('',(0.,1.,0.));
#5916=DIRECTION('center_axis',(0.,1.,0.));
#5917=DIRECTION('ref_axis',(-1.,0.,0.));
#5918=DIRECTION('center_axis',(0.,-1.,0.));
#5919=DIRECTION('ref_axis',(-1.,0.,0.));
#5920=DIRECTION('center_axis',(0.,1.,0.));
#5921=DIRECTION('ref_axis',(-1.,0.,0.));
#5922=DIRECTION('',(0.,1.,0.));
#5923=DIRECTION('center_axis',(1.26882631385732E-15,0.,-1.));
#5924=DIRECTION('ref_axis',(-1.,0.,-1.26882631385732E-15));
#5925=DIRECTION('',(1.,0.,1.26882631385732E-15));
#5926=DIRECTION('',(-1.,0.,-1.26882631385732E-15));
#5927=DIRECTION('',(0.,1.,0.));
#5928=DIRECTION('center_axis',(1.,0.,0.));
#5929=DIRECTION('ref_axis',(0.,0.,-1.));
#5930=DIRECTION('',(0.,0.,1.));
#5931=DIRECTION('',(0.,0.,-1.));
#5932=DIRECTION('',(0.,1.,0.));
#5933=DIRECTION('center_axis',(0.,0.,1.));
#5934=DIRECTION('ref_axis',(1.,0.,0.));
#5935=DIRECTION('',(-1.,0.,0.));
#5936=DIRECTION('',(1.,0.,0.));
#5937=DIRECTION('center_axis',(-1.,0.,0.));
#5938=DIRECTION('ref_axis',(0.,0.,1.));
#5939=DIRECTION('',(0.,0.,-1.));
#5940=DIRECTION('',(0.,1.,0.));
#5941=DIRECTION('',(0.,0.,1.));
#5942=DIRECTION('',(0.,1.,0.));
#5943=DIRECTION('center_axis',(0.,0.,-1.));
#5944=DIRECTION('ref_axis',(-1.,0.,0.));
#5945=DIRECTION('',(1.,0.,0.));
#5946=DIRECTION('',(-1.,0.,0.));
#5947=DIRECTION('',(0.,1.,0.));
#5948=DIRECTION('center_axis',(0.,1.,0.));
#5949=DIRECTION('ref_axis',(-1.,0.,0.));
#5950=DIRECTION('center_axis',(0.,-1.,0.));
#5951=DIRECTION('ref_axis',(-1.,0.,0.));
#5952=DIRECTION('center_axis',(0.,1.,0.));
#5953=DIRECTION('ref_axis',(-1.,0.,0.));
#5954=DIRECTION('',(0.,1.,0.));
#5955=DIRECTION('center_axis',(0.,0.,-1.));
#5956=DIRECTION('ref_axis',(-1.,0.,0.));
#5957=DIRECTION('',(1.,0.,0.));
#5958=DIRECTION('',(-1.,0.,0.));
#5959=DIRECTION('',(0.,1.,0.));
#5960=DIRECTION('center_axis',(1.,0.,0.));
#5961=DIRECTION('ref_axis',(0.,0.,-1.));
#5962=DIRECTION('',(0.,0.,1.));
#5963=DIRECTION('',(0.,0.,-1.));
#5964=DIRECTION('',(0.,1.,0.));
#5965=DIRECTION('center_axis',(0.,0.,1.));
#5966=DIRECTION('ref_axis',(1.,0.,0.));
#5967=DIRECTION('',(-1.,0.,0.));
#5968=DIRECTION('',(1.,0.,0.));
#5969=DIRECTION('center_axis',(-1.,0.,0.));
#5970=DIRECTION('ref_axis',(0.,0.,1.));
#5971=DIRECTION('',(0.,0.,-1.));
#5972=DIRECTION('',(0.,1.,0.));
#5973=DIRECTION('',(0.,0.,1.));
#5974=DIRECTION('',(0.,1.,0.));
#5975=DIRECTION('center_axis',(0.,0.,-1.));
#5976=DIRECTION('ref_axis',(-1.,0.,0.));
#5977=DIRECTION('',(1.,0.,0.));
#5978=DIRECTION('',(-1.,0.,0.));
#5979=DIRECTION('',(0.,1.,0.));
#5980=DIRECTION('center_axis',(0.,1.,0.));
#5981=DIRECTION('ref_axis',(-1.,0.,0.));
#5982=DIRECTION('center_axis',(0.,-1.,0.));
#5983=DIRECTION('ref_axis',(-1.,0.,0.));
#5984=DIRECTION('center_axis',(0.,1.,0.));
#5985=DIRECTION('ref_axis',(-1.,0.,0.));
#5986=DIRECTION('',(0.,1.,0.));
#5987=DIRECTION('center_axis',(0.,0.,-1.));
#5988=DIRECTION('ref_axis',(-1.,0.,0.));
#5989=DIRECTION('',(1.,0.,0.));
#5990=DIRECTION('',(-1.,0.,0.));
#5991=DIRECTION('',(0.,1.,0.));
#5992=DIRECTION('center_axis',(1.,0.,0.));
#5993=DIRECTION('ref_axis',(0.,0.,-1.));
#5994=DIRECTION('',(0.,0.,1.));
#5995=DIRECTION('',(0.,0.,-1.));
#5996=DIRECTION('',(0.,1.,0.));
#5997=DIRECTION('center_axis',(0.,0.,1.));
#5998=DIRECTION('ref_axis',(1.,0.,0.));
#5999=DIRECTION('',(-1.,0.,0.));
#6000=DIRECTION('',(1.,0.,0.));
#6001=DIRECTION('center_axis',(-1.,0.,0.));
#6002=DIRECTION('ref_axis',(0.,0.,1.));
#6003=DIRECTION('',(0.,0.,-1.));
#6004=DIRECTION('',(0.,1.,0.));
#6005=DIRECTION('',(0.,0.,1.));
#6006=DIRECTION('',(0.,1.,0.));
#6007=DIRECTION('center_axis',(0.,0.,-1.));
#6008=DIRECTION('ref_axis',(-1.,0.,0.));
#6009=DIRECTION('',(1.,0.,0.));
#6010=DIRECTION('',(-1.,0.,0.));
#6011=DIRECTION('',(0.,1.,0.));
#6012=DIRECTION('center_axis',(0.,1.,0.));
#6013=DIRECTION('ref_axis',(-1.,0.,0.));
#6014=DIRECTION('center_axis',(0.,-1.,0.));
#6015=DIRECTION('ref_axis',(-1.,0.,0.));
#6016=DIRECTION('center_axis',(0.,1.,0.));
#6017=DIRECTION('ref_axis',(-1.,0.,0.));
#6018=DIRECTION('',(0.,1.,0.));
#6019=DIRECTION('center_axis',(0.,0.,-1.));
#6020=DIRECTION('ref_axis',(-1.,0.,0.));
#6021=DIRECTION('',(1.,0.,0.));
#6022=DIRECTION('',(-1.,0.,0.));
#6023=DIRECTION('',(0.,1.,0.));
#6024=DIRECTION('center_axis',(1.,0.,0.));
#6025=DIRECTION('ref_axis',(0.,0.,-1.));
#6026=DIRECTION('',(0.,0.,1.));
#6027=DIRECTION('',(0.,0.,-1.));
#6028=DIRECTION('',(0.,1.,0.));
#6029=DIRECTION('center_axis',(-1.26882631385732E-15,0.,1.));
#6030=DIRECTION('ref_axis',(1.,0.,1.26882631385732E-15));
#6031=DIRECTION('',(-1.,0.,-1.26882631385732E-15));
#6032=DIRECTION('',(1.,0.,1.26882631385732E-15));
#6033=DIRECTION('center_axis',(-1.,0.,0.));
#6034=DIRECTION('ref_axis',(0.,0.,1.));
#6035=DIRECTION('',(0.,0.,-1.));
#6036=DIRECTION('',(0.,1.,0.));
#6037=DIRECTION('',(0.,0.,1.));
#6038=DIRECTION('',(0.,1.,0.));
#6039=DIRECTION('center_axis',(0.,0.,-1.));
#6040=DIRECTION('ref_axis',(-1.,0.,0.));
#6041=DIRECTION('',(1.,0.,0.));
#6042=DIRECTION('',(-1.,0.,0.));
#6043=DIRECTION('',(0.,1.,0.));
#6044=DIRECTION('center_axis',(0.,1.,0.));
#6045=DIRECTION('ref_axis',(-1.,0.,0.));
#6046=DIRECTION('center_axis',(0.,-1.,0.));
#6047=DIRECTION('ref_axis',(-1.,0.,0.));
#6048=DIRECTION('center_axis',(0.,1.,0.));
#6049=DIRECTION('ref_axis',(-1.,0.,0.));
#6050=DIRECTION('',(0.,1.,0.));
#6051=DIRECTION('center_axis',(0.,0.,-1.));
#6052=DIRECTION('ref_axis',(-1.,0.,0.));
#6053=DIRECTION('',(1.,0.,0.));
#6054=DIRECTION('',(-1.,0.,0.));
#6055=DIRECTION('',(0.,1.,0.));
#6056=DIRECTION('center_axis',(1.,0.,0.));
#6057=DIRECTION('ref_axis',(0.,0.,-1.));
#6058=DIRECTION('',(0.,0.,1.));
#6059=DIRECTION('',(0.,0.,-1.));
#6060=DIRECTION('',(0.,1.,0.));
#6061=DIRECTION('center_axis',(0.,0.,1.));
#6062=DIRECTION('ref_axis',(1.,0.,0.));
#6063=DIRECTION('',(-1.,0.,0.));
#6064=DIRECTION('',(1.,0.,0.));
#6065=DIRECTION('center_axis',(-1.,0.,0.));
#6066=DIRECTION('ref_axis',(0.,0.,1.));
#6067=DIRECTION('',(0.,0.,-1.));
#6068=DIRECTION('',(0.,1.,0.));
#6069=DIRECTION('',(0.,0.,1.));
#6070=DIRECTION('',(0.,1.,0.));
#6071=DIRECTION('center_axis',(0.,0.,-1.));
#6072=DIRECTION('ref_axis',(-1.,0.,0.));
#6073=DIRECTION('',(1.,0.,0.));
#6074=DIRECTION('',(-1.,0.,0.));
#6075=DIRECTION('',(0.,1.,0.));
#6076=DIRECTION('center_axis',(0.,1.,0.));
#6077=DIRECTION('ref_axis',(-1.,0.,0.));
#6078=DIRECTION('center_axis',(0.,-1.,0.));
#6079=DIRECTION('ref_axis',(-1.,0.,0.));
#6080=DIRECTION('center_axis',(0.,1.,0.));
#6081=DIRECTION('ref_axis',(-1.,0.,0.));
#6082=DIRECTION('',(0.,1.,0.));
#6083=DIRECTION('center_axis',(0.,0.,-1.));
#6084=DIRECTION('ref_axis',(-1.,0.,0.));
#6085=DIRECTION('',(1.,0.,0.));
#6086=DIRECTION('',(-1.,0.,0.));
#6087=DIRECTION('',(0.,1.,0.));
#6088=DIRECTION('center_axis',(1.,0.,0.));
#6089=DIRECTION('ref_axis',(0.,0.,-1.));
#6090=DIRECTION('',(0.,0.,1.));
#6091=DIRECTION('',(0.,0.,-1.));
#6092=DIRECTION('',(0.,1.,0.));
#6093=DIRECTION('center_axis',(0.,0.,1.));
#6094=DIRECTION('ref_axis',(1.,0.,0.));
#6095=DIRECTION('',(-1.,0.,0.));
#6096=DIRECTION('',(1.,0.,0.));
#6097=DIRECTION('center_axis',(-1.,0.,0.));
#6098=DIRECTION('ref_axis',(0.,0.,1.));
#6099=DIRECTION('',(0.,0.,-1.));
#6100=DIRECTION('',(0.,1.,0.));
#6101=DIRECTION('',(0.,0.,1.));
#6102=DIRECTION('',(0.,1.,0.));
#6103=DIRECTION('center_axis',(1.26882631385732E-15,0.,-1.));
#6104=DIRECTION('ref_axis',(-1.,0.,-1.26882631385732E-15));
#6105=DIRECTION('',(1.,0.,1.26882631385732E-15));
#6106=DIRECTION('',(-1.,0.,-1.26882631385732E-15));
#6107=DIRECTION('',(0.,1.,0.));
#6108=DIRECTION('center_axis',(0.,1.,0.));
#6109=DIRECTION('ref_axis',(-1.,0.,0.));
#6110=DIRECTION('center_axis',(0.,-1.,0.));
#6111=DIRECTION('ref_axis',(-1.,0.,0.));
#6112=DIRECTION('center_axis',(0.,1.,0.));
#6113=DIRECTION('ref_axis',(-1.,0.,0.));
#6114=DIRECTION('',(0.,1.,0.));
#6115=DIRECTION('center_axis',(1.26882631385732E-15,0.,-1.));
#6116=DIRECTION('ref_axis',(-1.,0.,-1.26882631385732E-15));
#6117=DIRECTION('',(1.,0.,1.26882631385732E-15));
#6118=DIRECTION('',(-1.,0.,-1.26882631385732E-15));
#6119=DIRECTION('',(0.,1.,0.));
#6120=DIRECTION('center_axis',(1.,0.,0.));
#6121=DIRECTION('ref_axis',(0.,0.,-1.));
#6122=DIRECTION('',(0.,0.,1.));
#6123=DIRECTION('',(0.,0.,-1.));
#6124=DIRECTION('',(0.,1.,0.));
#6125=DIRECTION('center_axis',(0.,0.,1.));
#6126=DIRECTION('ref_axis',(1.,0.,0.));
#6127=DIRECTION('',(-1.,0.,0.));
#6128=DIRECTION('',(1.,0.,0.));
#6129=DIRECTION('center_axis',(-1.,0.,0.));
#6130=DIRECTION('ref_axis',(0.,0.,1.));
#6131=DIRECTION('',(0.,0.,-1.));
#6132=DIRECTION('',(0.,1.,0.));
#6133=DIRECTION('',(0.,0.,1.));
#6134=DIRECTION('',(0.,1.,0.));
#6135=DIRECTION('center_axis',(0.,0.,-1.));
#6136=DIRECTION('ref_axis',(-1.,0.,0.));
#6137=DIRECTION('',(1.,0.,0.));
#6138=DIRECTION('',(-1.,0.,0.));
#6139=DIRECTION('',(0.,1.,0.));
#6140=DIRECTION('center_axis',(0.,1.,0.));
#6141=DIRECTION('ref_axis',(-1.,0.,0.));
#6142=DIRECTION('center_axis',(0.,-1.,0.));
#6143=DIRECTION('ref_axis',(-1.,0.,0.));
#6144=DIRECTION('center_axis',(0.,1.,0.));
#6145=DIRECTION('ref_axis',(-1.,0.,0.));
#6146=DIRECTION('',(0.,1.,0.));
#6147=DIRECTION('center_axis',(0.,0.,-1.));
#6148=DIRECTION('ref_axis',(-1.,0.,0.));
#6149=DIRECTION('',(1.,0.,0.));
#6150=DIRECTION('',(-1.,0.,0.));
#6151=DIRECTION('',(0.,1.,0.));
#6152=DIRECTION('center_axis',(1.,0.,0.));
#6153=DIRECTION('ref_axis',(0.,0.,-1.));
#6154=DIRECTION('',(0.,0.,1.));
#6155=DIRECTION('',(0.,0.,-1.));
#6156=DIRECTION('',(0.,1.,0.));
#6157=DIRECTION('center_axis',(0.,0.,1.));
#6158=DIRECTION('ref_axis',(1.,0.,0.));
#6159=DIRECTION('',(-1.,0.,0.));
#6160=DIRECTION('',(1.,0.,0.));
#6161=DIRECTION('center_axis',(-1.,0.,0.));
#6162=DIRECTION('ref_axis',(0.,0.,1.));
#6163=DIRECTION('',(0.,0.,-1.));
#6164=DIRECTION('',(0.,1.,0.));
#6165=DIRECTION('',(0.,0.,1.));
#6166=DIRECTION('',(0.,1.,0.));
#6167=DIRECTION('center_axis',(0.,0.,-1.));
#6168=DIRECTION('ref_axis',(-1.,0.,0.));
#6169=DIRECTION('',(1.,0.,0.));
#6170=DIRECTION('',(-1.,0.,0.));
#6171=DIRECTION('',(0.,1.,0.));
#6172=DIRECTION('center_axis',(0.,1.,0.));
#6173=DIRECTION('ref_axis',(-1.,0.,0.));
#6174=DIRECTION('center_axis',(0.,-1.,0.));
#6175=DIRECTION('ref_axis',(-1.,0.,0.));
#6176=DIRECTION('center_axis',(0.,1.,0.));
#6177=DIRECTION('ref_axis',(-1.,0.,0.));
#6178=DIRECTION('',(0.,1.,0.));
#6179=DIRECTION('center_axis',(0.,0.,-1.));
#6180=DIRECTION('ref_axis',(-1.,0.,0.));
#6181=DIRECTION('',(1.,0.,0.));
#6182=DIRECTION('',(-1.,0.,0.));
#6183=DIRECTION('',(0.,1.,0.));
#6184=DIRECTION('center_axis',(1.,0.,0.));
#6185=DIRECTION('ref_axis',(0.,0.,-1.));
#6186=DIRECTION('',(0.,0.,1.));
#6187=DIRECTION('',(0.,0.,-1.));
#6188=DIRECTION('',(0.,1.,0.));
#6189=DIRECTION('center_axis',(0.,0.,1.));
#6190=DIRECTION('ref_axis',(1.,0.,0.));
#6191=DIRECTION('',(-1.,0.,0.));
#6192=DIRECTION('',(1.,0.,0.));
#6193=DIRECTION('center_axis',(-1.,0.,0.));
#6194=DIRECTION('ref_axis',(0.,0.,1.));
#6195=DIRECTION('',(0.,0.,-1.));
#6196=DIRECTION('',(0.,1.,0.));
#6197=DIRECTION('',(0.,0.,1.));
#6198=DIRECTION('',(0.,1.,0.));
#6199=DIRECTION('center_axis',(0.,0.,-1.));
#6200=DIRECTION('ref_axis',(-1.,0.,0.));
#6201=DIRECTION('',(1.,0.,0.));
#6202=DIRECTION('',(-1.,0.,0.));
#6203=DIRECTION('',(0.,1.,0.));
#6204=DIRECTION('center_axis',(0.,1.,0.));
#6205=DIRECTION('ref_axis',(-1.,0.,0.));
#6206=DIRECTION('center_axis',(0.,-1.,0.));
#6207=DIRECTION('ref_axis',(-1.,0.,0.));
#6208=DIRECTION('center_axis',(0.,1.,0.));
#6209=DIRECTION('ref_axis',(-1.,0.,0.));
#6210=DIRECTION('',(0.,1.,0.));
#6211=DIRECTION('center_axis',(0.,0.,-1.));
#6212=DIRECTION('ref_axis',(-1.,0.,0.));
#6213=DIRECTION('',(1.,0.,0.));
#6214=DIRECTION('',(-1.,0.,0.));
#6215=DIRECTION('',(0.,1.,0.));
#6216=DIRECTION('center_axis',(1.,0.,0.));
#6217=DIRECTION('ref_axis',(0.,0.,-1.));
#6218=DIRECTION('',(0.,0.,1.));
#6219=DIRECTION('',(0.,0.,-1.));
#6220=DIRECTION('',(0.,1.,0.));
#6221=DIRECTION('center_axis',(0.,0.,1.));
#6222=DIRECTION('ref_axis',(1.,0.,0.));
#6223=DIRECTION('',(-1.,0.,0.));
#6224=DIRECTION('',(1.,0.,0.));
#6225=DIRECTION('center_axis',(-1.,0.,0.));
#6226=DIRECTION('ref_axis',(0.,0.,1.));
#6227=DIRECTION('',(0.,0.,-1.));
#6228=DIRECTION('',(0.,1.,0.));
#6229=DIRECTION('',(0.,0.,1.));
#6230=DIRECTION('',(0.,1.,0.));
#6231=DIRECTION('center_axis',(0.,0.,-1.));
#6232=DIRECTION('ref_axis',(-1.,0.,0.));
#6233=DIRECTION('',(1.,0.,0.));
#6234=DIRECTION('',(-1.,0.,0.));
#6235=DIRECTION('',(0.,1.,0.));
#6236=DIRECTION('center_axis',(0.,1.,0.));
#6237=DIRECTION('ref_axis',(-1.,0.,0.));
#6238=DIRECTION('center_axis',(0.,-1.,0.));
#6239=DIRECTION('ref_axis',(-1.,0.,0.));
#6240=DIRECTION('center_axis',(0.,1.,0.));
#6241=DIRECTION('ref_axis',(-1.,0.,0.));
#6242=DIRECTION('',(0.,1.,0.));
#6243=DIRECTION('center_axis',(0.,0.,-1.));
#6244=DIRECTION('ref_axis',(-1.,0.,0.));
#6245=DIRECTION('',(1.,0.,0.));
#6246=DIRECTION('',(-1.,0.,0.));
#6247=DIRECTION('',(0.,1.,0.));
#6248=DIRECTION('center_axis',(1.,0.,0.));
#6249=DIRECTION('ref_axis',(0.,0.,-1.));
#6250=DIRECTION('',(0.,0.,1.));
#6251=DIRECTION('',(0.,0.,-1.));
#6252=DIRECTION('',(0.,1.,0.));
#6253=DIRECTION('center_axis',(0.,0.,1.));
#6254=DIRECTION('ref_axis',(1.,0.,0.));
#6255=DIRECTION('',(-1.,0.,0.));
#6256=DIRECTION('',(1.,0.,0.));
#6257=DIRECTION('center_axis',(-1.,0.,0.));
#6258=DIRECTION('ref_axis',(0.,0.,1.));
#6259=DIRECTION('',(0.,0.,-1.));
#6260=DIRECTION('',(0.,1.,0.));
#6261=DIRECTION('',(0.,0.,1.));
#6262=DIRECTION('',(0.,1.,0.));
#6263=DIRECTION('center_axis',(0.,0.,-1.));
#6264=DIRECTION('ref_axis',(-1.,0.,0.));
#6265=DIRECTION('',(1.,0.,0.));
#6266=DIRECTION('',(-1.,0.,0.));
#6267=DIRECTION('',(0.,1.,0.));
#6268=DIRECTION('center_axis',(0.,1.,0.));
#6269=DIRECTION('ref_axis',(-1.,0.,0.));
#6270=DIRECTION('center_axis',(0.,-1.,0.));
#6271=DIRECTION('ref_axis',(-1.,0.,0.));
#6272=DIRECTION('center_axis',(0.,1.,0.));
#6273=DIRECTION('ref_axis',(-1.,0.,0.));
#6274=DIRECTION('',(0.,1.,0.));
#6275=DIRECTION('center_axis',(0.,0.,-1.));
#6276=DIRECTION('ref_axis',(-1.,0.,0.));
#6277=DIRECTION('',(1.,0.,0.));
#6278=DIRECTION('',(-1.,0.,0.));
#6279=DIRECTION('',(0.,1.,0.));
#6280=DIRECTION('center_axis',(1.,0.,0.));
#6281=DIRECTION('ref_axis',(0.,0.,-1.));
#6282=DIRECTION('',(0.,0.,1.));
#6283=DIRECTION('',(0.,0.,-1.));
#6284=DIRECTION('',(0.,1.,0.));
#6285=DIRECTION('center_axis',(0.,0.,1.));
#6286=DIRECTION('ref_axis',(1.,0.,0.));
#6287=DIRECTION('',(-1.,0.,0.));
#6288=DIRECTION('',(1.,0.,0.));
#6289=DIRECTION('center_axis',(-1.,0.,0.));
#6290=DIRECTION('ref_axis',(0.,0.,1.));
#6291=DIRECTION('',(0.,0.,-1.));
#6292=DIRECTION('',(0.,1.,0.));
#6293=DIRECTION('',(0.,0.,1.));
#6294=DIRECTION('',(0.,1.,0.));
#6295=DIRECTION('center_axis',(0.,0.,-1.));
#6296=DIRECTION('ref_axis',(-1.,0.,0.));
#6297=DIRECTION('',(1.,0.,0.));
#6298=DIRECTION('',(-1.,0.,0.));
#6299=DIRECTION('',(0.,1.,0.));
#6300=DIRECTION('center_axis',(0.,1.,0.));
#6301=DIRECTION('ref_axis',(-1.,0.,0.));
#6302=DIRECTION('center_axis',(0.,-1.,0.));
#6303=DIRECTION('ref_axis',(-1.,0.,0.));
#6304=DIRECTION('center_axis',(0.,1.,0.));
#6305=DIRECTION('ref_axis',(-1.,0.,0.));
#6306=DIRECTION('',(0.,1.,0.));
#6307=DIRECTION('center_axis',(0.,0.,-1.));
#6308=DIRECTION('ref_axis',(-1.,0.,0.));
#6309=DIRECTION('',(1.,0.,0.));
#6310=DIRECTION('',(-1.,0.,0.));
#6311=DIRECTION('',(0.,1.,0.));
#6312=DIRECTION('center_axis',(1.,0.,0.));
#6313=DIRECTION('ref_axis',(0.,0.,-1.));
#6314=DIRECTION('',(0.,0.,1.));
#6315=DIRECTION('',(0.,0.,-1.));
#6316=DIRECTION('',(0.,1.,0.));
#6317=DIRECTION('center_axis',(0.,0.,1.));
#6318=DIRECTION('ref_axis',(1.,0.,0.));
#6319=DIRECTION('',(-1.,0.,0.));
#6320=DIRECTION('',(1.,0.,0.));
#6321=DIRECTION('center_axis',(-1.,0.,0.));
#6322=DIRECTION('ref_axis',(0.,0.,1.));
#6323=DIRECTION('',(0.,0.,-1.));
#6324=DIRECTION('',(0.,1.,0.));
#6325=DIRECTION('',(0.,0.,1.));
#6326=DIRECTION('',(0.,1.,0.));
#6327=DIRECTION('center_axis',(0.,0.,-1.));
#6328=DIRECTION('ref_axis',(-1.,0.,0.));
#6329=DIRECTION('',(1.,0.,0.));
#6330=DIRECTION('',(-1.,0.,0.));
#6331=DIRECTION('',(0.,1.,0.));
#6332=DIRECTION('center_axis',(0.,1.,0.));
#6333=DIRECTION('ref_axis',(-1.,0.,0.));
#6334=DIRECTION('center_axis',(0.,-1.,0.));
#6335=DIRECTION('ref_axis',(-1.,0.,0.));
#6336=DIRECTION('center_axis',(0.,1.,0.));
#6337=DIRECTION('ref_axis',(-1.,0.,0.));
#6338=DIRECTION('',(0.,1.,0.));
#6339=DIRECTION('center_axis',(0.,0.,-1.));
#6340=DIRECTION('ref_axis',(-1.,0.,0.));
#6341=DIRECTION('',(1.,0.,0.));
#6342=DIRECTION('',(-1.,0.,0.));
#6343=DIRECTION('',(0.,1.,0.));
#6344=DIRECTION('center_axis',(1.,0.,0.));
#6345=DIRECTION('ref_axis',(0.,0.,-1.));
#6346=DIRECTION('',(0.,0.,1.));
#6347=DIRECTION('',(0.,0.,-1.));
#6348=DIRECTION('',(0.,1.,0.));
#6349=DIRECTION('center_axis',(0.,0.,1.));
#6350=DIRECTION('ref_axis',(1.,0.,0.));
#6351=DIRECTION('',(-1.,0.,0.));
#6352=DIRECTION('',(1.,0.,0.));
#6353=DIRECTION('center_axis',(-1.,0.,0.));
#6354=DIRECTION('ref_axis',(0.,0.,1.));
#6355=DIRECTION('',(0.,0.,-1.));
#6356=DIRECTION('',(0.,1.,0.));
#6357=DIRECTION('',(0.,0.,1.));
#6358=DIRECTION('',(0.,1.,0.));
#6359=DIRECTION('center_axis',(0.,0.,-1.));
#6360=DIRECTION('ref_axis',(-1.,0.,0.));
#6361=DIRECTION('',(1.,0.,0.));
#6362=DIRECTION('',(-1.,0.,0.));
#6363=DIRECTION('',(0.,1.,0.));
#6364=DIRECTION('center_axis',(0.,1.,0.));
#6365=DIRECTION('ref_axis',(-1.,0.,0.));
#6366=DIRECTION('center_axis',(0.,-1.,0.));
#6367=DIRECTION('ref_axis',(-1.,0.,0.));
#6368=DIRECTION('center_axis',(0.,1.,0.));
#6369=DIRECTION('ref_axis',(-1.,0.,0.));
#6370=DIRECTION('',(0.,1.,0.));
#6371=DIRECTION('center_axis',(0.,0.,-1.));
#6372=DIRECTION('ref_axis',(-1.,0.,0.));
#6373=DIRECTION('',(1.,0.,0.));
#6374=DIRECTION('',(-1.,0.,0.));
#6375=DIRECTION('',(0.,1.,0.));
#6376=DIRECTION('center_axis',(1.,0.,0.));
#6377=DIRECTION('ref_axis',(0.,0.,-1.));
#6378=DIRECTION('',(0.,0.,1.));
#6379=DIRECTION('',(0.,0.,-1.));
#6380=DIRECTION('',(0.,1.,0.));
#6381=DIRECTION('center_axis',(-6.3441315692866E-16,0.,1.));
#6382=DIRECTION('ref_axis',(1.,0.,6.3441315692866E-16));
#6383=DIRECTION('',(-1.,0.,-6.3441315692866E-16));
#6384=DIRECTION('',(1.,0.,6.3441315692866E-16));
#6385=DIRECTION('center_axis',(-1.,0.,0.));
#6386=DIRECTION('ref_axis',(0.,0.,1.));
#6387=DIRECTION('',(0.,0.,-1.));
#6388=DIRECTION('',(0.,1.,0.));
#6389=DIRECTION('',(0.,0.,1.));
#6390=DIRECTION('',(0.,1.,0.));
#6391=DIRECTION('center_axis',(0.,0.,-1.));
#6392=DIRECTION('ref_axis',(-1.,0.,0.));
#6393=DIRECTION('',(1.,0.,0.));
#6394=DIRECTION('',(-1.,0.,0.));
#6395=DIRECTION('',(0.,1.,0.));
#6396=DIRECTION('center_axis',(0.,1.,0.));
#6397=DIRECTION('ref_axis',(-1.,0.,0.));
#6398=DIRECTION('center_axis',(0.,-1.,0.));
#6399=DIRECTION('ref_axis',(-1.,0.,0.));
#6400=DIRECTION('center_axis',(0.,1.,0.));
#6401=DIRECTION('ref_axis',(-1.,0.,0.));
#6402=DIRECTION('',(0.,1.,0.));
#6403=DIRECTION('center_axis',(0.,0.,-1.));
#6404=DIRECTION('ref_axis',(-1.,0.,0.));
#6405=DIRECTION('',(1.,0.,0.));
#6406=DIRECTION('',(-1.,0.,0.));
#6407=DIRECTION('',(0.,1.,0.));
#6408=DIRECTION('center_axis',(1.,0.,0.));
#6409=DIRECTION('ref_axis',(0.,0.,-1.));
#6410=DIRECTION('',(0.,0.,1.));
#6411=DIRECTION('',(0.,0.,-1.));
#6412=DIRECTION('',(0.,1.,0.));
#6413=DIRECTION('center_axis',(0.,0.,1.));
#6414=DIRECTION('ref_axis',(1.,0.,0.));
#6415=DIRECTION('',(-1.,0.,0.));
#6416=DIRECTION('',(1.,0.,0.));
#6417=DIRECTION('center_axis',(-1.,0.,0.));
#6418=DIRECTION('ref_axis',(0.,0.,1.));
#6419=DIRECTION('',(0.,0.,-1.));
#6420=DIRECTION('',(0.,1.,0.));
#6421=DIRECTION('',(0.,0.,1.));
#6422=DIRECTION('',(0.,1.,0.));
#6423=DIRECTION('center_axis',(0.,0.,-1.));
#6424=DIRECTION('ref_axis',(-1.,0.,0.));
#6425=DIRECTION('',(1.,0.,0.));
#6426=DIRECTION('',(-1.,0.,0.));
#6427=DIRECTION('',(0.,1.,0.));
#6428=DIRECTION('center_axis',(0.,1.,0.));
#6429=DIRECTION('ref_axis',(-1.,0.,0.));
#6430=DIRECTION('center_axis',(0.,-1.,0.));
#6431=DIRECTION('ref_axis',(-1.,0.,0.));
#6432=DIRECTION('center_axis',(0.,1.,0.));
#6433=DIRECTION('ref_axis',(-1.,0.,0.));
#6434=DIRECTION('',(0.,1.,0.));
#6435=DIRECTION('center_axis',(0.,0.,-1.));
#6436=DIRECTION('ref_axis',(-1.,0.,0.));
#6437=DIRECTION('',(1.,0.,0.));
#6438=DIRECTION('',(-1.,0.,0.));
#6439=DIRECTION('',(0.,1.,0.));
#6440=DIRECTION('center_axis',(1.,0.,0.));
#6441=DIRECTION('ref_axis',(0.,0.,-1.));
#6442=DIRECTION('',(0.,0.,1.));
#6443=DIRECTION('',(0.,0.,-1.));
#6444=DIRECTION('',(0.,1.,0.));
#6445=DIRECTION('center_axis',(0.,0.,1.));
#6446=DIRECTION('ref_axis',(1.,0.,0.));
#6447=DIRECTION('',(-1.,0.,0.));
#6448=DIRECTION('',(1.,0.,0.));
#6449=DIRECTION('center_axis',(-1.,0.,0.));
#6450=DIRECTION('ref_axis',(0.,0.,1.));
#6451=DIRECTION('',(0.,0.,-1.));
#6452=DIRECTION('',(0.,1.,0.));
#6453=DIRECTION('',(0.,0.,1.));
#6454=DIRECTION('',(0.,1.,0.));
#6455=DIRECTION('center_axis',(1.26882631385732E-15,0.,-1.));
#6456=DIRECTION('ref_axis',(-1.,0.,-1.26882631385732E-15));
#6457=DIRECTION('',(1.,0.,1.26882631385732E-15));
#6458=DIRECTION('',(-1.,0.,-1.26882631385732E-15));
#6459=DIRECTION('',(0.,1.,0.));
#6460=DIRECTION('center_axis',(0.,1.,0.));
#6461=DIRECTION('ref_axis',(-1.,0.,0.));
#6462=DIRECTION('center_axis',(0.,-1.,0.));
#6463=DIRECTION('ref_axis',(-1.,0.,0.));
#6464=DIRECTION('center_axis',(0.,1.,0.));
#6465=DIRECTION('ref_axis',(-1.,0.,0.));
#6466=DIRECTION('',(0.,1.,0.));
#6467=DIRECTION('center_axis',(1.26882631385732E-15,0.,-1.));
#6468=DIRECTION('ref_axis',(-1.,0.,-1.26882631385732E-15));
#6469=DIRECTION('',(1.,0.,1.26882631385732E-15));
#6470=DIRECTION('',(-1.,0.,-1.26882631385732E-15));
#6471=DIRECTION('',(0.,1.,0.));
#6472=DIRECTION('center_axis',(1.,0.,0.));
#6473=DIRECTION('ref_axis',(0.,0.,-1.));
#6474=DIRECTION('',(0.,0.,1.));
#6475=DIRECTION('',(0.,0.,-1.));
#6476=DIRECTION('',(0.,1.,0.));
#6477=DIRECTION('center_axis',(0.,0.,1.));
#6478=DIRECTION('ref_axis',(1.,0.,0.));
#6479=DIRECTION('',(-1.,0.,0.));
#6480=DIRECTION('',(1.,0.,0.));
#6481=DIRECTION('center_axis',(-1.,0.,0.));
#6482=DIRECTION('ref_axis',(0.,0.,1.));
#6483=DIRECTION('',(0.,0.,-1.));
#6484=DIRECTION('',(0.,1.,0.));
#6485=DIRECTION('',(0.,0.,1.));
#6486=DIRECTION('',(0.,1.,0.));
#6487=DIRECTION('center_axis',(0.,0.,-1.));
#6488=DIRECTION('ref_axis',(-1.,0.,0.));
#6489=DIRECTION('',(1.,0.,0.));
#6490=DIRECTION('',(-1.,0.,0.));
#6491=DIRECTION('',(0.,1.,0.));
#6492=DIRECTION('center_axis',(0.,1.,0.));
#6493=DIRECTION('ref_axis',(-1.,0.,0.));
#6494=DIRECTION('center_axis',(0.,-1.,0.));
#6495=DIRECTION('ref_axis',(-1.,0.,0.));
#6496=DIRECTION('center_axis',(0.,1.,0.));
#6497=DIRECTION('ref_axis',(-1.,0.,0.));
#6498=DIRECTION('',(0.,1.,0.));
#6499=DIRECTION('center_axis',(0.,0.,-1.));
#6500=DIRECTION('ref_axis',(-1.,0.,0.));
#6501=DIRECTION('',(1.,0.,0.));
#6502=DIRECTION('',(-1.,0.,0.));
#6503=DIRECTION('',(0.,1.,0.));
#6504=DIRECTION('center_axis',(1.,0.,0.));
#6505=DIRECTION('ref_axis',(0.,0.,-1.));
#6506=DIRECTION('',(0.,0.,1.));
#6507=DIRECTION('',(0.,0.,-1.));
#6508=DIRECTION('',(0.,1.,0.));
#6509=DIRECTION('center_axis',(0.,0.,1.));
#6510=DIRECTION('ref_axis',(1.,0.,0.));
#6511=DIRECTION('',(-1.,0.,0.));
#6512=DIRECTION('',(1.,0.,0.));
#6513=DIRECTION('center_axis',(-1.,0.,0.));
#6514=DIRECTION('ref_axis',(0.,0.,1.));
#6515=DIRECTION('',(0.,0.,-1.));
#6516=DIRECTION('',(0.,1.,0.));
#6517=DIRECTION('',(0.,0.,1.));
#6518=DIRECTION('',(0.,1.,0.));
#6519=DIRECTION('center_axis',(0.,0.,-1.));
#6520=DIRECTION('ref_axis',(-1.,0.,0.));
#6521=DIRECTION('',(1.,0.,0.));
#6522=DIRECTION('',(-1.,0.,0.));
#6523=DIRECTION('',(0.,1.,0.));
#6524=DIRECTION('center_axis',(0.,1.,0.));
#6525=DIRECTION('ref_axis',(-1.,0.,0.));
#6526=DIRECTION('center_axis',(0.,-1.,0.));
#6527=DIRECTION('ref_axis',(-1.,0.,0.));
#6528=DIRECTION('center_axis',(0.,1.,0.));
#6529=DIRECTION('ref_axis',(-1.,0.,0.));
#6530=DIRECTION('',(0.,1.,0.));
#6531=DIRECTION('center_axis',(0.,0.,-1.));
#6532=DIRECTION('ref_axis',(-1.,0.,0.));
#6533=DIRECTION('',(1.,0.,0.));
#6534=DIRECTION('',(-1.,0.,0.));
#6535=DIRECTION('',(0.,1.,0.));
#6536=DIRECTION('center_axis',(1.,0.,0.));
#6537=DIRECTION('ref_axis',(0.,0.,-1.));
#6538=DIRECTION('',(0.,0.,1.));
#6539=DIRECTION('',(0.,0.,-1.));
#6540=DIRECTION('',(0.,1.,0.));
#6541=DIRECTION('center_axis',(0.,0.,1.));
#6542=DIRECTION('ref_axis',(1.,0.,0.));
#6543=DIRECTION('',(-1.,0.,0.));
#6544=DIRECTION('',(1.,0.,0.));
#6545=DIRECTION('center_axis',(-1.,0.,0.));
#6546=DIRECTION('ref_axis',(0.,0.,1.));
#6547=DIRECTION('',(0.,0.,-1.));
#6548=DIRECTION('',(0.,1.,0.));
#6549=DIRECTION('',(0.,0.,1.));
#6550=DIRECTION('',(0.,1.,0.));
#6551=DIRECTION('center_axis',(0.,0.,-1.));
#6552=DIRECTION('ref_axis',(-1.,0.,0.));
#6553=DIRECTION('',(1.,0.,0.));
#6554=DIRECTION('',(-1.,0.,0.));
#6555=DIRECTION('',(0.,1.,0.));
#6556=DIRECTION('center_axis',(0.,1.,0.));
#6557=DIRECTION('ref_axis',(-1.,0.,0.));
#6558=DIRECTION('center_axis',(0.,-1.,0.));
#6559=DIRECTION('ref_axis',(-1.,0.,0.));
#6560=DIRECTION('center_axis',(0.,1.,0.));
#6561=DIRECTION('ref_axis',(-1.,0.,0.));
#6562=DIRECTION('',(0.,1.,0.));
#6563=DIRECTION('center_axis',(0.,0.,-1.));
#6564=DIRECTION('ref_axis',(-1.,0.,0.));
#6565=DIRECTION('',(1.,0.,0.));
#6566=DIRECTION('',(-1.,0.,0.));
#6567=DIRECTION('',(0.,1.,0.));
#6568=DIRECTION('center_axis',(1.,0.,0.));
#6569=DIRECTION('ref_axis',(0.,0.,-1.));
#6570=DIRECTION('',(0.,0.,1.));
#6571=DIRECTION('',(0.,0.,-1.));
#6572=DIRECTION('',(0.,1.,0.));
#6573=DIRECTION('center_axis',(-1.26882631385732E-15,0.,1.));
#6574=DIRECTION('ref_axis',(1.,0.,1.26882631385732E-15));
#6575=DIRECTION('',(-1.,0.,-1.26882631385732E-15));
#6576=DIRECTION('',(1.,0.,1.26882631385732E-15));
#6577=DIRECTION('center_axis',(-1.,0.,0.));
#6578=DIRECTION('ref_axis',(0.,0.,1.));
#6579=DIRECTION('',(0.,0.,-1.));
#6580=DIRECTION('',(0.,1.,0.));
#6581=DIRECTION('',(0.,0.,1.));
#6582=DIRECTION('',(0.,1.,0.));
#6583=DIRECTION('center_axis',(0.,0.,-1.));
#6584=DIRECTION('ref_axis',(-1.,0.,0.));
#6585=DIRECTION('',(1.,0.,0.));
#6586=DIRECTION('',(-1.,0.,0.));
#6587=DIRECTION('',(0.,1.,0.));
#6588=DIRECTION('center_axis',(0.,1.,0.));
#6589=DIRECTION('ref_axis',(-1.,0.,0.));
#6590=DIRECTION('center_axis',(0.,-1.,0.));
#6591=DIRECTION('ref_axis',(-1.,0.,0.));
#6592=DIRECTION('center_axis',(0.,1.,0.));
#6593=DIRECTION('ref_axis',(-1.,0.,0.));
#6594=DIRECTION('',(0.,1.,0.));
#6595=DIRECTION('center_axis',(0.,0.,-1.));
#6596=DIRECTION('ref_axis',(-1.,0.,0.));
#6597=DIRECTION('',(1.,0.,0.));
#6598=DIRECTION('',(-1.,0.,0.));
#6599=DIRECTION('',(0.,1.,0.));
#6600=DIRECTION('center_axis',(1.,0.,0.));
#6601=DIRECTION('ref_axis',(0.,0.,-1.));
#6602=DIRECTION('',(0.,0.,1.));
#6603=DIRECTION('',(0.,0.,-1.));
#6604=DIRECTION('',(0.,1.,0.));
#6605=DIRECTION('center_axis',(0.,0.,1.));
#6606=DIRECTION('ref_axis',(1.,0.,0.));
#6607=DIRECTION('',(-1.,0.,0.));
#6608=DIRECTION('',(1.,0.,0.));
#6609=DIRECTION('center_axis',(-1.,0.,0.));
#6610=DIRECTION('ref_axis',(0.,0.,1.));
#6611=DIRECTION('',(0.,0.,-1.));
#6612=DIRECTION('',(0.,1.,0.));
#6613=DIRECTION('',(0.,0.,1.));
#6614=DIRECTION('',(0.,1.,0.));
#6615=DIRECTION('center_axis',(0.,0.,-1.));
#6616=DIRECTION('ref_axis',(-1.,0.,0.));
#6617=DIRECTION('',(1.,0.,0.));
#6618=DIRECTION('',(-1.,0.,0.));
#6619=DIRECTION('',(0.,1.,0.));
#6620=DIRECTION('center_axis',(0.,1.,0.));
#6621=DIRECTION('ref_axis',(-1.,0.,0.));
#6622=DIRECTION('center_axis',(0.,-1.,0.));
#6623=DIRECTION('ref_axis',(-1.,0.,0.));
#6624=DIRECTION('center_axis',(0.,1.,0.));
#6625=DIRECTION('ref_axis',(-1.,0.,0.));
#6626=DIRECTION('',(0.,1.,0.));
#6627=DIRECTION('center_axis',(0.,0.,-1.));
#6628=DIRECTION('ref_axis',(-1.,0.,0.));
#6629=DIRECTION('',(1.,0.,0.));
#6630=DIRECTION('',(-1.,0.,0.));
#6631=DIRECTION('',(0.,1.,0.));
#6632=DIRECTION('center_axis',(1.,0.,0.));
#6633=DIRECTION('ref_axis',(0.,0.,-1.));
#6634=DIRECTION('',(0.,0.,1.));
#6635=DIRECTION('',(0.,0.,-1.));
#6636=DIRECTION('',(0.,1.,0.));
#6637=DIRECTION('center_axis',(0.,0.,1.));
#6638=DIRECTION('ref_axis',(1.,0.,0.));
#6639=DIRECTION('',(-1.,0.,0.));
#6640=DIRECTION('',(1.,0.,0.));
#6641=DIRECTION('center_axis',(-1.,0.,0.));
#6642=DIRECTION('ref_axis',(0.,0.,1.));
#6643=DIRECTION('',(0.,0.,-1.));
#6644=DIRECTION('',(0.,1.,0.));
#6645=DIRECTION('',(0.,0.,1.));
#6646=DIRECTION('',(0.,1.,0.));
#6647=DIRECTION('center_axis',(0.,0.,-1.));
#6648=DIRECTION('ref_axis',(-1.,0.,0.));
#6649=DIRECTION('',(1.,0.,0.));
#6650=DIRECTION('',(-1.,0.,0.));
#6651=DIRECTION('',(0.,1.,0.));
#6652=DIRECTION('center_axis',(0.,1.,0.));
#6653=DIRECTION('ref_axis',(-1.,0.,0.));
#6654=DIRECTION('center_axis',(0.,-1.,0.));
#6655=DIRECTION('ref_axis',(-1.,0.,0.));
#6656=DIRECTION('center_axis',(0.,1.,0.));
#6657=DIRECTION('ref_axis',(-1.,0.,0.));
#6658=DIRECTION('',(0.,1.,0.));
#6659=DIRECTION('center_axis',(0.,0.,-1.));
#6660=DIRECTION('ref_axis',(-1.,0.,0.));
#6661=DIRECTION('',(1.,0.,0.));
#6662=DIRECTION('',(-1.,0.,0.));
#6663=DIRECTION('',(0.,1.,0.));
#6664=DIRECTION('center_axis',(1.,0.,0.));
#6665=DIRECTION('ref_axis',(0.,0.,-1.));
#6666=DIRECTION('',(0.,0.,1.));
#6667=DIRECTION('',(0.,0.,-1.));
#6668=DIRECTION('',(0.,1.,0.));
#6669=DIRECTION('center_axis',(0.,0.,1.));
#6670=DIRECTION('ref_axis',(1.,0.,0.));
#6671=DIRECTION('',(-1.,0.,0.));
#6672=DIRECTION('',(1.,0.,0.));
#6673=DIRECTION('center_axis',(-1.,0.,0.));
#6674=DIRECTION('ref_axis',(0.,0.,1.));
#6675=DIRECTION('',(0.,0.,-1.));
#6676=DIRECTION('',(0.,1.,0.));
#6677=DIRECTION('',(0.,0.,1.));
#6678=DIRECTION('',(0.,1.,0.));
#6679=DIRECTION('center_axis',(6.3441315692866E-16,0.,-1.));
#6680=DIRECTION('ref_axis',(-1.,0.,-6.3441315692866E-16));
#6681=DIRECTION('',(1.,0.,6.3441315692866E-16));
#6682=DIRECTION('',(-1.,0.,-6.3441315692866E-16));
#6683=DIRECTION('',(0.,1.,0.));
#6684=DIRECTION('center_axis',(0.,1.,0.));
#6685=DIRECTION('ref_axis',(-1.,0.,0.));
#6686=DIRECTION('center_axis',(0.,-1.,0.));
#6687=DIRECTION('ref_axis',(-1.,0.,0.));
#6688=DIRECTION('center_axis',(0.,1.,0.));
#6689=DIRECTION('ref_axis',(-1.,0.,0.));
#6690=DIRECTION('',(0.,1.,0.));
#6691=DIRECTION('center_axis',(6.3441315692866E-16,0.,-1.));
#6692=DIRECTION('ref_axis',(-1.,0.,-6.3441315692866E-16));
#6693=DIRECTION('',(1.,0.,6.3441315692866E-16));
#6694=DIRECTION('',(-1.,0.,-6.3441315692866E-16));
#6695=DIRECTION('',(0.,1.,0.));
#6696=DIRECTION('center_axis',(1.,0.,0.));
#6697=DIRECTION('ref_axis',(0.,0.,-1.));
#6698=DIRECTION('',(0.,0.,1.));
#6699=DIRECTION('',(0.,0.,-1.));
#6700=DIRECTION('',(0.,1.,0.));
#6701=DIRECTION('center_axis',(0.,0.,1.));
#6702=DIRECTION('ref_axis',(1.,0.,0.));
#6703=DIRECTION('',(-1.,0.,0.));
#6704=DIRECTION('',(1.,0.,0.));
#6705=DIRECTION('center_axis',(-1.,0.,0.));
#6706=DIRECTION('ref_axis',(0.,0.,1.));
#6707=DIRECTION('',(0.,0.,-1.));
#6708=DIRECTION('',(0.,1.,0.));
#6709=DIRECTION('',(0.,0.,1.));
#6710=DIRECTION('',(0.,1.,0.));
#6711=DIRECTION('center_axis',(0.,0.,-1.));
#6712=DIRECTION('ref_axis',(-1.,0.,0.));
#6713=DIRECTION('',(1.,0.,0.));
#6714=DIRECTION('',(-1.,0.,0.));
#6715=DIRECTION('',(0.,1.,0.));
#6716=DIRECTION('center_axis',(0.,1.,0.));
#6717=DIRECTION('ref_axis',(-1.,0.,0.));
#6718=DIRECTION('center_axis',(0.,-1.,0.));
#6719=DIRECTION('ref_axis',(-1.,0.,0.));
#6720=DIRECTION('center_axis',(0.,1.,0.));
#6721=DIRECTION('ref_axis',(-1.,0.,0.));
#6722=DIRECTION('',(0.,1.,0.));
#6723=DIRECTION('center_axis',(0.,0.,-1.));
#6724=DIRECTION('ref_axis',(-1.,0.,0.));
#6725=DIRECTION('',(1.,0.,0.));
#6726=DIRECTION('',(-1.,0.,0.));
#6727=DIRECTION('',(0.,1.,0.));
#6728=DIRECTION('center_axis',(1.,0.,0.));
#6729=DIRECTION('ref_axis',(0.,0.,-1.));
#6730=DIRECTION('',(0.,0.,1.));
#6731=DIRECTION('',(0.,0.,-1.));
#6732=DIRECTION('',(0.,1.,0.));
#6733=DIRECTION('center_axis',(0.,0.,1.));
#6734=DIRECTION('ref_axis',(1.,0.,0.));
#6735=DIRECTION('',(-1.,0.,0.));
#6736=DIRECTION('',(1.,0.,0.));
#6737=DIRECTION('center_axis',(-1.,0.,0.));
#6738=DIRECTION('ref_axis',(0.,0.,1.));
#6739=DIRECTION('',(0.,0.,-1.));
#6740=DIRECTION('',(0.,1.,0.));
#6741=DIRECTION('',(0.,0.,1.));
#6742=DIRECTION('',(0.,1.,0.));
#6743=DIRECTION('center_axis',(1.26882631385732E-15,0.,-1.));
#6744=DIRECTION('ref_axis',(-1.,0.,-1.26882631385732E-15));
#6745=DIRECTION('',(1.,0.,1.26882631385732E-15));
#6746=DIRECTION('',(-1.,0.,-1.26882631385732E-15));
#6747=DIRECTION('',(0.,1.,0.));
#6748=DIRECTION('center_axis',(0.,1.,0.));
#6749=DIRECTION('ref_axis',(-1.,0.,0.));
#6750=DIRECTION('center_axis',(0.,-1.,0.));
#6751=DIRECTION('ref_axis',(-1.,0.,0.));
#6752=DIRECTION('center_axis',(0.,1.,0.));
#6753=DIRECTION('ref_axis',(-1.,0.,0.));
#6754=DIRECTION('',(0.,1.,0.));
#6755=DIRECTION('center_axis',(1.26882631385732E-15,0.,-1.));
#6756=DIRECTION('ref_axis',(-1.,0.,-1.26882631385732E-15));
#6757=DIRECTION('',(1.,0.,1.26882631385732E-15));
#6758=DIRECTION('',(-1.,0.,-1.26882631385732E-15));
#6759=DIRECTION('',(0.,1.,0.));
#6760=DIRECTION('center_axis',(1.,0.,0.));
#6761=DIRECTION('ref_axis',(0.,0.,-1.));
#6762=DIRECTION('',(0.,0.,1.));
#6763=DIRECTION('',(0.,0.,-1.));
#6764=DIRECTION('',(0.,1.,0.));
#6765=DIRECTION('center_axis',(0.,0.,1.));
#6766=DIRECTION('ref_axis',(1.,0.,0.));
#6767=DIRECTION('',(-1.,0.,0.));
#6768=DIRECTION('',(1.,0.,0.));
#6769=DIRECTION('center_axis',(-1.,0.,0.));
#6770=DIRECTION('ref_axis',(0.,0.,1.));
#6771=DIRECTION('',(0.,0.,-1.));
#6772=DIRECTION('',(0.,1.,0.));
#6773=DIRECTION('',(0.,0.,1.));
#6774=DIRECTION('',(0.,1.,0.));
#6775=DIRECTION('center_axis',(1.26882631385732E-15,0.,-1.));
#6776=DIRECTION('ref_axis',(-1.,0.,-1.26882631385732E-15));
#6777=DIRECTION('',(1.,0.,1.26882631385732E-15));
#6778=DIRECTION('',(-1.,0.,-1.26882631385732E-15));
#6779=DIRECTION('',(0.,1.,0.));
#6780=DIRECTION('center_axis',(0.,1.,0.));
#6781=DIRECTION('ref_axis',(-1.,0.,0.));
#6782=DIRECTION('center_axis',(0.,-1.,0.));
#6783=DIRECTION('ref_axis',(-1.,0.,0.));
#6784=DIRECTION('center_axis',(0.,1.,0.));
#6785=DIRECTION('ref_axis',(-1.,0.,0.));
#6786=DIRECTION('',(0.,1.,0.));
#6787=DIRECTION('center_axis',(1.26882631385732E-15,0.,-1.));
#6788=DIRECTION('ref_axis',(-1.,0.,-1.26882631385732E-15));
#6789=DIRECTION('',(1.,0.,1.26882631385732E-15));
#6790=DIRECTION('',(-1.,0.,-1.26882631385732E-15));
#6791=DIRECTION('',(0.,1.,0.));
#6792=DIRECTION('center_axis',(1.,0.,0.));
#6793=DIRECTION('ref_axis',(0.,0.,-1.));
#6794=DIRECTION('',(0.,0.,1.));
#6795=DIRECTION('',(0.,0.,-1.));
#6796=DIRECTION('',(0.,1.,0.));
#6797=DIRECTION('center_axis',(0.,0.,1.));
#6798=DIRECTION('ref_axis',(1.,0.,0.));
#6799=DIRECTION('',(-1.,0.,0.));
#6800=DIRECTION('',(1.,0.,0.));
#6801=DIRECTION('center_axis',(-1.,0.,0.));
#6802=DIRECTION('ref_axis',(0.,0.,1.));
#6803=DIRECTION('',(0.,0.,-1.));
#6804=DIRECTION('',(0.,1.,0.));
#6805=DIRECTION('',(0.,0.,1.));
#6806=DIRECTION('',(0.,1.,0.));
#6807=DIRECTION('center_axis',(0.,0.,-1.));
#6808=DIRECTION('ref_axis',(-1.,0.,0.));
#6809=DIRECTION('',(1.,0.,0.));
#6810=DIRECTION('',(-1.,0.,0.));
#6811=DIRECTION('',(0.,1.,0.));
#6812=DIRECTION('center_axis',(0.,1.,0.));
#6813=DIRECTION('ref_axis',(-1.,0.,0.));
#6814=DIRECTION('center_axis',(0.,-1.,0.));
#6815=DIRECTION('ref_axis',(-1.,0.,0.));
#6816=DIRECTION('center_axis',(0.,1.,0.));
#6817=DIRECTION('ref_axis',(-1.,0.,0.));
#6818=DIRECTION('',(0.,1.,0.));
#6819=DIRECTION('center_axis',(0.,0.,-1.));
#6820=DIRECTION('ref_axis',(-1.,0.,0.));
#6821=DIRECTION('',(1.,0.,0.));
#6822=DIRECTION('',(-1.,0.,0.));
#6823=DIRECTION('',(0.,1.,0.));
#6824=DIRECTION('center_axis',(1.,0.,0.));
#6825=DIRECTION('ref_axis',(0.,0.,-1.));
#6826=DIRECTION('',(0.,0.,1.));
#6827=DIRECTION('',(0.,0.,-1.));
#6828=DIRECTION('',(0.,1.,0.));
#6829=DIRECTION('center_axis',(0.,0.,1.));
#6830=DIRECTION('ref_axis',(1.,0.,0.));
#6831=DIRECTION('',(-1.,0.,0.));
#6832=DIRECTION('',(1.,0.,0.));
#6833=DIRECTION('center_axis',(-1.,0.,0.));
#6834=DIRECTION('ref_axis',(0.,0.,1.));
#6835=DIRECTION('',(0.,0.,-1.));
#6836=DIRECTION('',(0.,1.,0.));
#6837=DIRECTION('',(0.,0.,1.));
#6838=DIRECTION('',(0.,1.,0.));
#6839=DIRECTION('center_axis',(0.,0.,-1.));
#6840=DIRECTION('ref_axis',(-1.,0.,0.));
#6841=DIRECTION('',(1.,0.,0.));
#6842=DIRECTION('',(-1.,0.,0.));
#6843=DIRECTION('',(0.,1.,0.));
#6844=DIRECTION('center_axis',(0.,1.,0.));
#6845=DIRECTION('ref_axis',(-1.,0.,0.));
#6846=DIRECTION('center_axis',(0.,-1.,0.));
#6847=DIRECTION('ref_axis',(-1.,0.,0.));
#6848=DIRECTION('center_axis',(0.,1.,0.));
#6849=DIRECTION('ref_axis',(-1.,0.,0.));
#6850=DIRECTION('',(0.,1.,0.));
#6851=DIRECTION('center_axis',(0.,0.,-1.));
#6852=DIRECTION('ref_axis',(-1.,0.,0.));
#6853=DIRECTION('',(1.,0.,0.));
#6854=DIRECTION('',(-1.,0.,0.));
#6855=DIRECTION('',(0.,1.,0.));
#6856=DIRECTION('center_axis',(1.,0.,0.));
#6857=DIRECTION('ref_axis',(0.,0.,-1.));
#6858=DIRECTION('',(0.,0.,1.));
#6859=DIRECTION('',(0.,0.,-1.));
#6860=DIRECTION('',(0.,1.,0.));
#6861=DIRECTION('center_axis',(-6.34413156928661E-16,0.,1.));
#6862=DIRECTION('ref_axis',(1.,0.,6.34413156928661E-16));
#6863=DIRECTION('',(-1.,0.,-6.34413156928661E-16));
#6864=DIRECTION('',(1.,0.,6.34413156928661E-16));
#6865=DIRECTION('center_axis',(-1.,0.,0.));
#6866=DIRECTION('ref_axis',(0.,0.,1.));
#6867=DIRECTION('',(0.,0.,-1.));
#6868=DIRECTION('',(0.,1.,0.));
#6869=DIRECTION('',(0.,0.,1.));
#6870=DIRECTION('',(0.,1.,0.));
#6871=DIRECTION('center_axis',(0.,0.,-1.));
#6872=DIRECTION('ref_axis',(-1.,0.,0.));
#6873=DIRECTION('',(1.,0.,0.));
#6874=DIRECTION('',(-1.,0.,0.));
#6875=DIRECTION('',(0.,1.,0.));
#6876=DIRECTION('center_axis',(0.,1.,0.));
#6877=DIRECTION('ref_axis',(-1.,0.,0.));
#6878=DIRECTION('center_axis',(0.,-1.,0.));
#6879=DIRECTION('ref_axis',(-1.,0.,0.));
#6880=DIRECTION('center_axis',(0.,1.,0.));
#6881=DIRECTION('ref_axis',(-1.,0.,0.));
#6882=DIRECTION('',(0.,1.,0.));
#6883=DIRECTION('center_axis',(0.,0.,-1.));
#6884=DIRECTION('ref_axis',(-1.,0.,0.));
#6885=DIRECTION('',(1.,0.,0.));
#6886=DIRECTION('',(-1.,0.,0.));
#6887=DIRECTION('',(0.,1.,0.));
#6888=DIRECTION('center_axis',(1.,0.,0.));
#6889=DIRECTION('ref_axis',(0.,0.,-1.));
#6890=DIRECTION('',(0.,0.,1.));
#6891=DIRECTION('',(0.,0.,-1.));
#6892=DIRECTION('',(0.,1.,0.));
#6893=DIRECTION('center_axis',(0.,0.,1.));
#6894=DIRECTION('ref_axis',(1.,0.,0.));
#6895=DIRECTION('',(-1.,0.,0.));
#6896=DIRECTION('',(1.,0.,0.));
#6897=DIRECTION('center_axis',(-1.,0.,0.));
#6898=DIRECTION('ref_axis',(0.,0.,1.));
#6899=DIRECTION('',(0.,0.,-1.));
#6900=DIRECTION('',(0.,1.,0.));
#6901=DIRECTION('',(0.,0.,1.));
#6902=DIRECTION('',(0.,1.,0.));
#6903=DIRECTION('center_axis',(0.,0.,-1.));
#6904=DIRECTION('ref_axis',(-1.,0.,0.));
#6905=DIRECTION('',(1.,0.,0.));
#6906=DIRECTION('',(-1.,0.,0.));
#6907=DIRECTION('',(0.,1.,0.));
#6908=DIRECTION('center_axis',(0.,1.,0.));
#6909=DIRECTION('ref_axis',(-1.,0.,0.));
#6910=DIRECTION('center_axis',(0.,-1.,0.));
#6911=DIRECTION('ref_axis',(-1.,0.,0.));
#6912=DIRECTION('center_axis',(0.,1.,0.));
#6913=DIRECTION('ref_axis',(-1.,0.,0.));
#6914=DIRECTION('',(0.,1.,0.));
#6915=DIRECTION('center_axis',(0.,0.,-1.));
#6916=DIRECTION('ref_axis',(-1.,0.,0.));
#6917=DIRECTION('',(1.,0.,0.));
#6918=DIRECTION('',(-1.,0.,0.));
#6919=DIRECTION('',(0.,1.,0.));
#6920=DIRECTION('center_axis',(1.,0.,0.));
#6921=DIRECTION('ref_axis',(0.,0.,-1.));
#6922=DIRECTION('',(0.,0.,1.));
#6923=DIRECTION('',(0.,0.,-1.));
#6924=DIRECTION('',(0.,1.,0.));
#6925=DIRECTION('center_axis',(0.,0.,1.));
#6926=DIRECTION('ref_axis',(1.,0.,0.));
#6927=DIRECTION('',(-1.,0.,0.));
#6928=DIRECTION('',(1.,0.,0.));
#6929=DIRECTION('center_axis',(-1.,0.,0.));
#6930=DIRECTION('ref_axis',(0.,0.,1.));
#6931=DIRECTION('',(0.,0.,-1.));
#6932=DIRECTION('',(0.,1.,0.));
#6933=DIRECTION('',(0.,0.,1.));
#6934=DIRECTION('',(0.,1.,0.));
#6935=DIRECTION('center_axis',(0.,0.,-1.));
#6936=DIRECTION('ref_axis',(-1.,0.,0.));
#6937=DIRECTION('',(1.,0.,0.));
#6938=DIRECTION('',(-1.,0.,0.));
#6939=DIRECTION('',(0.,1.,0.));
#6940=DIRECTION('center_axis',(0.,1.,0.));
#6941=DIRECTION('ref_axis',(-1.,0.,0.));
#6942=DIRECTION('center_axis',(0.,-1.,0.));
#6943=DIRECTION('ref_axis',(-1.,0.,0.));
#6944=DIRECTION('center_axis',(0.,1.,0.));
#6945=DIRECTION('ref_axis',(-1.,0.,0.));
#6946=DIRECTION('',(0.,1.,0.));
#6947=DIRECTION('center_axis',(0.,0.,-1.));
#6948=DIRECTION('ref_axis',(-1.,0.,0.));
#6949=DIRECTION('',(1.,0.,0.));
#6950=DIRECTION('',(-1.,0.,0.));
#6951=DIRECTION('',(0.,1.,0.));
#6952=DIRECTION('center_axis',(1.,0.,0.));
#6953=DIRECTION('ref_axis',(0.,0.,-1.));
#6954=DIRECTION('',(0.,0.,1.));
#6955=DIRECTION('',(0.,0.,-1.));
#6956=DIRECTION('',(0.,1.,0.));
#6957=DIRECTION('center_axis',(0.,0.,1.));
#6958=DIRECTION('ref_axis',(1.,0.,0.));
#6959=DIRECTION('',(-1.,0.,0.));
#6960=DIRECTION('',(1.,0.,0.));
#6961=DIRECTION('center_axis',(-1.,0.,0.));
#6962=DIRECTION('ref_axis',(0.,0.,1.));
#6963=DIRECTION('',(0.,0.,-1.));
#6964=DIRECTION('',(0.,1.,0.));
#6965=DIRECTION('',(0.,0.,1.));
#6966=DIRECTION('',(0.,1.,0.));
#6967=DIRECTION('center_axis',(0.,0.,-1.));
#6968=DIRECTION('ref_axis',(-1.,0.,0.));
#6969=DIRECTION('',(1.,0.,0.));
#6970=DIRECTION('',(-1.,0.,0.));
#6971=DIRECTION('',(0.,1.,0.));
#6972=DIRECTION('center_axis',(0.,1.,0.));
#6973=DIRECTION('ref_axis',(-1.,0.,0.));
#6974=DIRECTION('center_axis',(0.,-1.,0.));
#6975=DIRECTION('ref_axis',(-1.,0.,0.));
#6976=DIRECTION('center_axis',(0.,1.,0.));
#6977=DIRECTION('ref_axis',(-1.,0.,0.));
#6978=DIRECTION('',(0.,1.,0.));
#6979=DIRECTION('center_axis',(0.,0.,-1.));
#6980=DIRECTION('ref_axis',(-1.,0.,0.));
#6981=DIRECTION('',(1.,0.,0.));
#6982=DIRECTION('',(-1.,0.,0.));
#6983=DIRECTION('',(0.,1.,0.));
#6984=DIRECTION('center_axis',(1.,0.,0.));
#6985=DIRECTION('ref_axis',(0.,0.,-1.));
#6986=DIRECTION('',(0.,0.,1.));
#6987=DIRECTION('',(0.,0.,-1.));
#6988=DIRECTION('',(0.,1.,0.));
#6989=DIRECTION('center_axis',(0.,0.,1.));
#6990=DIRECTION('ref_axis',(1.,0.,0.));
#6991=DIRECTION('',(-1.,0.,0.));
#6992=DIRECTION('',(1.,0.,0.));
#6993=DIRECTION('center_axis',(-1.,0.,0.));
#6994=DIRECTION('ref_axis',(0.,0.,1.));
#6995=DIRECTION('',(0.,0.,-1.));
#6996=DIRECTION('',(0.,1.,0.));
#6997=DIRECTION('',(0.,0.,1.));
#6998=DIRECTION('',(0.,1.,0.));
#6999=DIRECTION('center_axis',(0.,0.,-1.));
#7000=DIRECTION('ref_axis',(-1.,0.,0.));
#7001=DIRECTION('',(1.,0.,0.));
#7002=DIRECTION('',(-1.,0.,0.));
#7003=DIRECTION('',(0.,1.,0.));
#7004=DIRECTION('center_axis',(0.,1.,0.));
#7005=DIRECTION('ref_axis',(-1.,0.,0.));
#7006=DIRECTION('center_axis',(0.,-1.,0.));
#7007=DIRECTION('ref_axis',(-1.,0.,0.));
#7008=DIRECTION('center_axis',(0.,1.,0.));
#7009=DIRECTION('ref_axis',(-1.,0.,0.));
#7010=DIRECTION('',(0.,1.,0.));
#7011=DIRECTION('center_axis',(0.,0.,-1.));
#7012=DIRECTION('ref_axis',(-1.,0.,0.));
#7013=DIRECTION('',(1.,0.,0.));
#7014=DIRECTION('',(-1.,0.,0.));
#7015=DIRECTION('',(0.,1.,0.));
#7016=DIRECTION('center_axis',(1.,0.,0.));
#7017=DIRECTION('ref_axis',(0.,0.,-1.));
#7018=DIRECTION('',(0.,0.,1.));
#7019=DIRECTION('',(0.,0.,-1.));
#7020=DIRECTION('',(0.,1.,0.));
#7021=DIRECTION('center_axis',(0.,0.,1.));
#7022=DIRECTION('ref_axis',(1.,0.,0.));
#7023=DIRECTION('',(-1.,0.,0.));
#7024=DIRECTION('',(1.,0.,0.));
#7025=DIRECTION('center_axis',(-1.,0.,0.));
#7026=DIRECTION('ref_axis',(0.,0.,1.));
#7027=DIRECTION('',(0.,0.,-1.));
#7028=DIRECTION('',(0.,1.,0.));
#7029=DIRECTION('',(0.,0.,1.));
#7030=DIRECTION('',(0.,1.,0.));
#7031=DIRECTION('center_axis',(0.,0.,-1.));
#7032=DIRECTION('ref_axis',(-1.,0.,0.));
#7033=DIRECTION('',(1.,0.,0.));
#7034=DIRECTION('',(-1.,0.,0.));
#7035=DIRECTION('',(0.,1.,0.));
#7036=DIRECTION('center_axis',(0.,1.,0.));
#7037=DIRECTION('ref_axis',(-1.,0.,0.));
#7038=DIRECTION('center_axis',(0.,-1.,0.));
#7039=DIRECTION('ref_axis',(-1.,0.,0.));
#7040=DIRECTION('center_axis',(0.,1.,0.));
#7041=DIRECTION('ref_axis',(-1.,0.,0.));
#7042=DIRECTION('',(0.,1.,0.));
#7043=DIRECTION('center_axis',(0.,0.,-1.));
#7044=DIRECTION('ref_axis',(-1.,0.,0.));
#7045=DIRECTION('',(1.,0.,0.));
#7046=DIRECTION('',(-1.,0.,0.));
#7047=DIRECTION('',(0.,1.,0.));
#7048=DIRECTION('center_axis',(1.,0.,0.));
#7049=DIRECTION('ref_axis',(0.,0.,-1.));
#7050=DIRECTION('',(0.,0.,1.));
#7051=DIRECTION('',(0.,0.,-1.));
#7052=DIRECTION('',(0.,1.,0.));
#7053=DIRECTION('center_axis',(0.,0.,1.));
#7054=DIRECTION('ref_axis',(1.,0.,0.));
#7055=DIRECTION('',(-1.,0.,0.));
#7056=DIRECTION('',(1.,0.,0.));
#7057=DIRECTION('center_axis',(-1.,0.,0.));
#7058=DIRECTION('ref_axis',(0.,0.,1.));
#7059=DIRECTION('',(0.,0.,-1.));
#7060=DIRECTION('',(0.,1.,0.));
#7061=DIRECTION('',(0.,0.,1.));
#7062=DIRECTION('',(0.,1.,0.));
#7063=DIRECTION('center_axis',(0.,0.,-1.));
#7064=DIRECTION('ref_axis',(-1.,0.,0.));
#7065=DIRECTION('',(1.,0.,0.));
#7066=DIRECTION('',(-1.,0.,0.));
#7067=DIRECTION('',(0.,1.,0.));
#7068=DIRECTION('center_axis',(0.,1.,0.));
#7069=DIRECTION('ref_axis',(-1.,0.,0.));
#7070=DIRECTION('center_axis',(0.,-1.,0.));
#7071=DIRECTION('ref_axis',(-1.,0.,0.));
#7072=DIRECTION('center_axis',(0.,1.,0.));
#7073=DIRECTION('ref_axis',(-1.,0.,0.));
#7074=DIRECTION('',(0.,1.,0.));
#7075=DIRECTION('center_axis',(0.,0.,-1.));
#7076=DIRECTION('ref_axis',(-1.,0.,0.));
#7077=DIRECTION('',(1.,0.,0.));
#7078=DIRECTION('',(-1.,0.,0.));
#7079=DIRECTION('',(0.,1.,0.));
#7080=DIRECTION('center_axis',(1.,0.,0.));
#7081=DIRECTION('ref_axis',(0.,0.,-1.));
#7082=DIRECTION('',(0.,0.,1.));
#7083=DIRECTION('',(0.,0.,-1.));
#7084=DIRECTION('',(0.,1.,0.));
#7085=DIRECTION('center_axis',(0.,0.,1.));
#7086=DIRECTION('ref_axis',(1.,0.,0.));
#7087=DIRECTION('',(-1.,0.,0.));
#7088=DIRECTION('',(1.,0.,0.));
#7089=DIRECTION('center_axis',(-1.,0.,0.));
#7090=DIRECTION('ref_axis',(0.,0.,1.));
#7091=DIRECTION('',(0.,0.,-1.));
#7092=DIRECTION('',(0.,1.,0.));
#7093=DIRECTION('',(0.,0.,1.));
#7094=DIRECTION('',(0.,1.,0.));
#7095=DIRECTION('center_axis',(0.,0.,-1.));
#7096=DIRECTION('ref_axis',(-1.,0.,0.));
#7097=DIRECTION('',(1.,0.,0.));
#7098=DIRECTION('',(-1.,0.,0.));
#7099=DIRECTION('',(0.,1.,0.));
#7100=DIRECTION('center_axis',(0.,1.,0.));
#7101=DIRECTION('ref_axis',(-1.,0.,0.));
#7102=DIRECTION('center_axis',(0.,-1.,0.));
#7103=DIRECTION('ref_axis',(-1.,0.,0.));
#7104=DIRECTION('center_axis',(0.,1.,0.));
#7105=DIRECTION('ref_axis',(-1.,0.,0.));
#7106=DIRECTION('',(0.,1.,0.));
#7107=DIRECTION('center_axis',(0.,0.,-1.));
#7108=DIRECTION('ref_axis',(-1.,0.,0.));
#7109=DIRECTION('',(1.,0.,0.));
#7110=DIRECTION('',(-1.,0.,0.));
#7111=DIRECTION('',(0.,1.,0.));
#7112=DIRECTION('center_axis',(1.,0.,0.));
#7113=DIRECTION('ref_axis',(0.,0.,-1.));
#7114=DIRECTION('',(0.,0.,1.));
#7115=DIRECTION('',(0.,0.,-1.));
#7116=DIRECTION('',(0.,1.,0.));
#7117=DIRECTION('center_axis',(0.,0.,1.));
#7118=DIRECTION('ref_axis',(1.,0.,0.));
#7119=DIRECTION('',(-1.,0.,0.));
#7120=DIRECTION('',(1.,0.,0.));
#7121=DIRECTION('center_axis',(-1.,0.,0.));
#7122=DIRECTION('ref_axis',(0.,0.,1.));
#7123=DIRECTION('',(0.,0.,-1.));
#7124=DIRECTION('',(0.,1.,0.));
#7125=DIRECTION('',(0.,0.,1.));
#7126=DIRECTION('',(0.,1.,0.));
#7127=DIRECTION('center_axis',(0.,0.,-1.));
#7128=DIRECTION('ref_axis',(-1.,0.,0.));
#7129=DIRECTION('',(1.,0.,0.));
#7130=DIRECTION('',(-1.,0.,0.));
#7131=DIRECTION('',(0.,1.,0.));
#7132=DIRECTION('center_axis',(0.,1.,0.));
#7133=DIRECTION('ref_axis',(-1.,0.,0.));
#7134=DIRECTION('center_axis',(0.,-1.,0.));
#7135=DIRECTION('ref_axis',(-1.,0.,0.));
#7136=DIRECTION('center_axis',(0.,1.,0.));
#7137=DIRECTION('ref_axis',(-1.,0.,0.));
#7138=DIRECTION('',(0.,1.,0.));
#7139=DIRECTION('center_axis',(0.,0.,-1.));
#7140=DIRECTION('ref_axis',(-1.,0.,0.));
#7141=DIRECTION('',(1.,0.,0.));
#7142=DIRECTION('',(-1.,0.,0.));
#7143=DIRECTION('',(0.,1.,0.));
#7144=DIRECTION('center_axis',(1.,0.,0.));
#7145=DIRECTION('ref_axis',(0.,0.,-1.));
#7146=DIRECTION('',(0.,0.,1.));
#7147=DIRECTION('',(0.,0.,-1.));
#7148=DIRECTION('',(0.,1.,0.));
#7149=DIRECTION('center_axis',(0.,0.,1.));
#7150=DIRECTION('ref_axis',(1.,0.,0.));
#7151=DIRECTION('',(-1.,0.,0.));
#7152=DIRECTION('',(1.,0.,0.));
#7153=DIRECTION('center_axis',(-1.,0.,0.));
#7154=DIRECTION('ref_axis',(0.,0.,1.));
#7155=DIRECTION('',(0.,0.,-1.));
#7156=DIRECTION('',(0.,1.,0.));
#7157=DIRECTION('',(0.,0.,1.));
#7158=DIRECTION('',(0.,1.,0.));
#7159=DIRECTION('center_axis',(0.,0.,-1.));
#7160=DIRECTION('ref_axis',(-1.,0.,0.));
#7161=DIRECTION('',(1.,0.,0.));
#7162=DIRECTION('',(-1.,0.,0.));
#7163=DIRECTION('',(0.,1.,0.));
#7164=DIRECTION('center_axis',(0.,1.,0.));
#7165=DIRECTION('ref_axis',(-1.,0.,0.));
#7166=DIRECTION('center_axis',(0.,-1.,0.));
#7167=DIRECTION('ref_axis',(-1.,0.,0.));
#7168=DIRECTION('center_axis',(0.,1.,0.));
#7169=DIRECTION('ref_axis',(-1.,0.,0.));
#7170=DIRECTION('',(0.,1.,0.));
#7171=DIRECTION('center_axis',(0.,0.,-1.));
#7172=DIRECTION('ref_axis',(-1.,0.,0.));
#7173=DIRECTION('',(1.,0.,0.));
#7174=DIRECTION('',(-1.,0.,0.));
#7175=DIRECTION('',(0.,1.,0.));
#7176=DIRECTION('center_axis',(1.,0.,0.));
#7177=DIRECTION('ref_axis',(0.,0.,-1.));
#7178=DIRECTION('',(0.,0.,1.));
#7179=DIRECTION('',(0.,0.,-1.));
#7180=DIRECTION('',(0.,1.,0.));
#7181=DIRECTION('center_axis',(0.,0.,1.));
#7182=DIRECTION('ref_axis',(1.,0.,0.));
#7183=DIRECTION('',(-1.,0.,0.));
#7184=DIRECTION('',(1.,0.,0.));
#7185=DIRECTION('center_axis',(0.,0.,-1.));
#7186=DIRECTION('ref_axis',(-1.,0.,0.));
#7187=DIRECTION('',(1.,0.,0.));
#7188=DIRECTION('',(0.,1.,0.));
#7189=DIRECTION('',(-1.,0.,0.));
#7190=DIRECTION('',(0.,1.,0.));
#7191=DIRECTION('center_axis',(0.28216632399155,0.,-0.959365501571271));
#7192=DIRECTION('ref_axis',(-0.959365501571271,0.,-0.28216632399155));
#7193=DIRECTION('',(0.959365501571271,0.,0.28216632399155));
#7194=DIRECTION('',(-0.959365501571271,0.,-0.28216632399155));
#7195=DIRECTION('',(0.,1.,0.));
#7196=DIRECTION('center_axis',(0.,0.,-1.));
#7197=DIRECTION('ref_axis',(-1.,0.,0.));
#7198=DIRECTION('',(1.,0.,0.));
#7199=DIRECTION('',(-1.,0.,0.));
#7200=DIRECTION('',(0.,1.,0.));
#7201=DIRECTION('center_axis',(1.,0.,0.));
#7202=DIRECTION('ref_axis',(0.,-1.60770824454724E-16,-1.));
#7203=DIRECTION('',(0.,1.60770824454724E-16,1.));
#7204=DIRECTION('',(0.,-1.60770824454724E-16,-1.));
#7205=DIRECTION('',(0.,1.,0.));
#7206=DIRECTION('center_axis',(0.,0.,1.));
#7207=DIRECTION('ref_axis',(1.,0.,0.));
#7208=DIRECTION('',(-1.,0.,0.));
#7209=DIRECTION('',(1.,0.,0.));
#7210=DIRECTION('',(0.,1.,0.));
#7211=DIRECTION('center_axis',(-1.,0.,0.));
#7212=DIRECTION('ref_axis',(0.,1.62640252646058E-16,1.));
#7213=DIRECTION('',(0.,1.62640252646058E-16,1.));
#7214=DIRECTION('',(0.,1.62640252646058E-16,1.));
#7215=DIRECTION('',(0.,1.,0.));
#7216=DIRECTION('center_axis',(-0.169906916507646,0.,-0.985460115744348));
#7217=DIRECTION('ref_axis',(-0.985460115744348,0.,0.169906916507646));
#7218=DIRECTION('',(-0.985460115744348,0.,0.169906916507646));
#7219=DIRECTION('',(-0.985460115744348,0.,0.169906916507646));
#7220=DIRECTION('',(0.,1.,0.));
#7221=DIRECTION('center_axis',(-0.164398987305356,0.,-0.986393923832144));
#7222=DIRECTION('ref_axis',(-0.986393923832144,0.,0.164398987305356));
#7223=DIRECTION('',(-0.986393923832144,0.,0.164398987305356));
#7224=DIRECTION('',(-0.986393923832144,0.,0.164398987305356));
#7225=DIRECTION('center_axis',(0.,1.,0.));
#7226=DIRECTION('ref_axis',(0.,0.,1.));
#7227=DIRECTION('center_axis',(0.,1.,0.));
#7228=DIRECTION('ref_axis',(-1.,0.,0.));
#7229=CARTESIAN_POINT('',(0.,0.,0.));
#7230=CARTESIAN_POINT('Origin',(-60.7961511913741,19.0740960046748,45.0098298358158));
#7231=CARTESIAN_POINT('',(-60.7961511913741,19.5240960046748,43.1098298358158));
#7232=CARTESIAN_POINT('Origin',(-60.7961511913741,19.5240960046748,45.0098298358158));
#7233=CARTESIAN_POINT('',(-60.7961511913741,18.7240960046748,43.9098298358158));
#7234=CARTESIAN_POINT('',(-60.7961511913741,19.0740960046748,43.5598298358158));
#7235=CARTESIAN_POINT('',(-59.6961511913741,18.7240960046748,45.0098298358158));
#7236=CARTESIAN_POINT('Origin',(-60.7961511913741,18.7240960046748,45.0098298358158));
#7237=CARTESIAN_POINT('Origin',(-60.7961511913741,18.7240960046748,45.0098298358158));
#7238=CARTESIAN_POINT('Origin',(62.1906488086259,19.0740960046748,-58.0125701641842));
#7239=CARTESIAN_POINT('',(62.1906488086259,19.5240960046748,-59.9125701641842));
#7240=CARTESIAN_POINT('Origin',(62.1906488086259,19.5240960046748,-58.0125701641842));
#7241=CARTESIAN_POINT('',(62.1906488086259,18.7240960046748,-59.1125701641842));
#7242=CARTESIAN_POINT('',(62.1906488086259,19.0740960046748,-59.4625701641842));
#7243=CARTESIAN_POINT('',(63.2906488086259,18.7240960046748,-58.0125701641842));
#7244=CARTESIAN_POINT('Origin',(62.1906488086259,18.7240960046748,-58.0125701641842));
#7245=CARTESIAN_POINT('Origin',(62.1906488086259,18.7240960046748,-58.0125701641842));
#7246=CARTESIAN_POINT('Origin',(62.0890488086259,19.0740960046748,45.4162298358158));
#7247=CARTESIAN_POINT('',(62.0890488086259,19.5240960046748,43.5162298358158));
#7248=CARTESIAN_POINT('Origin',(62.0890488086259,19.5240960046748,45.4162298358158));
#7249=CARTESIAN_POINT('',(62.0890488086259,18.7240960046748,44.3162298358158));
#7250=CARTESIAN_POINT('',(62.0890488086259,19.0740960046748,43.9662298358158));
#7251=CARTESIAN_POINT('',(63.1890488086259,18.7240960046748,45.4162298358158));
#7252=CARTESIAN_POINT('Origin',(62.0890488086259,18.7240960046748,45.4162298358158));
#7253=CARTESIAN_POINT('Origin',(62.0890488086259,18.7240960046748,45.4162298358158));
#7254=CARTESIAN_POINT('Origin',(-48.3501511913741,19.0740960046748,-60.5525701641842));
#7255=CARTESIAN_POINT('',(-48.3501511913741,19.5240960046748,-62.4525701641842));
#7256=CARTESIAN_POINT('Origin',(-48.3501511913741,19.5240960046748,-60.5525701641842));
#7257=CARTESIAN_POINT('',(-48.3501511913741,18.7240960046748,-61.6525701641842));
#7258=CARTESIAN_POINT('',(-48.3501511913741,19.0740960046748,-62.0025701641842));
#7259=CARTESIAN_POINT('',(-47.2501511913741,18.7240960046748,-60.5525701641842));
#7260=CARTESIAN_POINT('Origin',(-48.3501511913741,18.7240960046748,-60.5525701641842));
#7261=CARTESIAN_POINT('Origin',(-48.3501511913741,18.7240960046748,-60.5525701641842));
#7262=CARTESIAN_POINT('Origin',(62.1906488086259,8.52409600467477,-58.0125701641842));
#7263=CARTESIAN_POINT('',(63.2906488086259,17.0240960046748,-58.0125701641842));
#7264=CARTESIAN_POINT('Origin',(62.1906488086259,17.0240960046748,-58.0125701641842));
#7265=CARTESIAN_POINT('',(63.2906488086259,8.52409600467477,-58.0125701641842));
#7266=CARTESIAN_POINT('Origin',(62.0890488086259,8.52409600467477,45.4162298358158));
#7267=CARTESIAN_POINT('',(63.1890488086259,17.0240960046748,45.4162298358158));
#7268=CARTESIAN_POINT('Origin',(62.0890488086259,17.0240960046748,45.4162298358158));
#7269=CARTESIAN_POINT('',(63.1890488086259,8.52409600467477,45.4162298358158));
#7270=CARTESIAN_POINT('Origin',(-48.3501511913741,8.52409600467477,-60.5525701641842));
#7271=CARTESIAN_POINT('',(-47.2501511913741,17.0240960046748,-60.5525701641842));
#7272=CARTESIAN_POINT('Origin',(-48.3501511913741,17.0240960046748,-60.5525701641842));
#7273=CARTESIAN_POINT('',(-47.2501511913741,8.52409600467477,-60.5525701641842));
#7274=CARTESIAN_POINT('Origin',(-60.7961511913741,8.52409600467477,45.0098298358158));
#7275=CARTESIAN_POINT('',(-59.6961511913741,17.0240960046748,45.0098298358158));
#7276=CARTESIAN_POINT('Origin',(-60.7961511913741,17.0240960046748,45.0098298358158));
#7277=CARTESIAN_POINT('',(-59.6961511913741,8.52409600467477,45.0098298358158));
#7278=CARTESIAN_POINT('Origin',(-9.18005042163035,7.02409600467479,-47.0935995869444));
#7279=CARTESIAN_POINT('',(-9.18005042163035,19.5240960046748,-33.0935995869444));
#7280=CARTESIAN_POINT('',(-9.18005042163035,19.5240960046748,-47.0935995869444));
#7281=CARTESIAN_POINT('',(-9.18005042163035,19.5240960046748,-28.4484848755643));
#7282=CARTESIAN_POINT('',(-9.18005042163035,17.0240960046748,-33.0935995869444));
#7283=CARTESIAN_POINT('',(-9.18005042163035,7.02409600467479,-33.0935995869444));
#7284=CARTESIAN_POINT('',(-9.18005042163035,17.0240960046748,-47.0935995869444));
#7285=CARTESIAN_POINT('',(-9.18005042163035,17.0240960046748,-28.4484848755643));
#7286=CARTESIAN_POINT('',(-9.18005042163035,7.02409600467479,-47.0935995869444));
#7287=CARTESIAN_POINT('Origin',(-3.23769591203773,7.02409600467479,-47.0935995869444));
#7288=CARTESIAN_POINT('',(-3.23769591203773,19.5240960046748,-47.0935995869444));
#7289=CARTESIAN_POINT('',(-1.42262355170586,19.5240960046748,-47.0935995869444));
#7290=CARTESIAN_POINT('',(-3.23769591203773,17.0240960046748,-47.0935995869444));
#7291=CARTESIAN_POINT('',(-1.42262355170586,17.0240960046748,-47.0935995869444));
#7292=CARTESIAN_POINT('',(-3.23769591203773,7.02409600467479,-47.0935995869444));
#7293=CARTESIAN_POINT('Origin',(-2.12255119137403,7.02409600467479,-46.0533701641842));
#7294=CARTESIAN_POINT('',(-1.00740647071033,19.5240960046748,-47.0935995869444));
#7295=CARTESIAN_POINT('Origin',(-2.12255119137403,19.5240960046748,-46.0533701641842));
#7296=CARTESIAN_POINT('',(-1.00740647071033,17.0240960046748,-47.0935995869444));
#7297=CARTESIAN_POINT('Origin',(-2.12255119137403,17.0240960046748,-46.0533701641842));
#7298=CARTESIAN_POINT('',(-1.00740647071033,7.02409600467479,-47.0935995869444));
#7299=CARTESIAN_POINT('Origin',(4.81994957836967,7.02409600467479,-47.0935995869444));
#7300=CARTESIAN_POINT('',(4.81994957836967,19.5240960046748,-47.0935995869444));
#7301=CARTESIAN_POINT('',(2.60619919349784,19.5240960046748,-47.0935995869444));
#7302=CARTESIAN_POINT('',(4.81994957836967,17.0240960046748,-47.0935995869444));
#7303=CARTESIAN_POINT('',(2.60619919349784,17.0240960046748,-47.0935995869444));
#7304=CARTESIAN_POINT('',(4.81994957836967,7.02409600467479,-47.0935995869444));
#7305=CARTESIAN_POINT('Origin',(4.81994957836967,7.02409600467479,-33.0935995869444));
#7306=CARTESIAN_POINT('',(4.81994957836967,19.5240960046748,-33.0935995869444));
#7307=CARTESIAN_POINT('',(4.81994957836967,19.5240960046748,-21.4484848755643));
#7308=CARTESIAN_POINT('',(4.81994957836967,17.0240960046748,-33.0935995869444));
#7309=CARTESIAN_POINT('',(4.81994957836967,17.0240960046748,-21.4484848755643));
#7310=CARTESIAN_POINT('',(4.81994957836967,7.02409600467479,-33.0935995869444));
#7311=CARTESIAN_POINT('Origin',(-9.18005042163035,7.02409600467479,-33.0935995869444));
#7312=CARTESIAN_POINT('',(-4.3938008065022,19.5240960046748,-33.0935995869444));
#7313=CARTESIAN_POINT('',(-4.3938008065022,17.0240960046748,-33.0935995869444));
#7314=CARTESIAN_POINT('Origin',(8.81994957836966,7.02409600467479,24.3064004130556));
#7315=CARTESIAN_POINT('',(8.81994957836966,19.5240960046748,38.3064004130556));
#7316=CARTESIAN_POINT('',(8.81994957836966,19.5240960046748,24.3064004130556));
#7317=CARTESIAN_POINT('',(8.81994957836966,19.5240960046748,7.25151512443571));
#7318=CARTESIAN_POINT('',(8.81994957836966,17.0240960046748,38.3064004130556));
#7319=CARTESIAN_POINT('',(8.81994957836966,7.02409600467479,38.3064004130556));
#7320=CARTESIAN_POINT('',(8.81994957836966,17.0240960046748,24.3064004130556));
#7321=CARTESIAN_POINT('',(8.81994957836966,17.0240960046748,7.25151512443571));
#7322=CARTESIAN_POINT('',(8.81994957836966,7.02409600467479,24.3064004130556));
#7323=CARTESIAN_POINT('Origin',(14.7623040879623,7.02409600467479,24.3064004130556));
#7324=CARTESIAN_POINT('',(14.7623040879623,19.5240960046748,24.3064004130556));
#7325=CARTESIAN_POINT('',(7.57737644829413,19.5240960046748,24.3064004130556));
#7326=CARTESIAN_POINT('',(14.7623040879623,17.0240960046748,24.3064004130556));
#7327=CARTESIAN_POINT('',(7.57737644829413,17.0240960046748,24.3064004130556));
#7328=CARTESIAN_POINT('',(14.7623040879623,7.02409600467479,24.3064004130556));
#7329=CARTESIAN_POINT('Origin',(15.877448808626,7.02409600467479,25.3466298358158));
#7330=CARTESIAN_POINT('',(16.9925935292897,19.5240960046748,24.3064004130556));
#7331=CARTESIAN_POINT('Origin',(15.877448808626,19.5240960046748,25.3466298358158));
#7332=CARTESIAN_POINT('',(16.9925935292897,17.0240960046748,24.3064004130556));
#7333=CARTESIAN_POINT('Origin',(15.877448808626,17.0240960046748,25.3466298358158));
#7334=CARTESIAN_POINT('',(16.9925935292897,7.02409600467479,24.3064004130556));
#7335=CARTESIAN_POINT('Origin',(22.8199495783697,7.02409600467479,24.3064004130556));
#7336=CARTESIAN_POINT('',(22.8199495783697,19.5240960046748,24.3064004130556));
#7337=CARTESIAN_POINT('',(11.6061991934978,19.5240960046748,24.3064004130556));
#7338=CARTESIAN_POINT('',(22.8199495783697,17.0240960046748,24.3064004130556));
#7339=CARTESIAN_POINT('',(11.6061991934978,17.0240960046748,24.3064004130556));
#7340=CARTESIAN_POINT('',(22.8199495783697,7.02409600467479,24.3064004130556));
#7341=CARTESIAN_POINT('Origin',(22.8199495783697,7.02409600467479,38.3064004130556));
#7342=CARTESIAN_POINT('',(22.8199495783697,19.5240960046748,38.3064004130556));
#7343=CARTESIAN_POINT('',(22.8199495783697,19.5240960046748,14.2515151244357));
#7344=CARTESIAN_POINT('',(22.8199495783697,17.0240960046748,38.3064004130556));
#7345=CARTESIAN_POINT('',(22.8199495783697,17.0240960046748,14.2515151244357));
#7346=CARTESIAN_POINT('',(22.8199495783697,7.02409600467479,38.3064004130556));
#7347=CARTESIAN_POINT('Origin',(8.81994957836966,7.02409600467479,38.3064004130556));
#7348=CARTESIAN_POINT('',(4.60619919349781,19.5240960046748,38.3064004130556));
#7349=CARTESIAN_POINT('',(4.60619919349781,17.0240960046748,38.3064004130556));
#7350=CARTESIAN_POINT('Origin',(-27.1800504216304,7.02409600467479,-9.69359958694437));
#7351=CARTESIAN_POINT('',(-27.1800504216304,19.5240960046748,4.30640041305564));
#7352=CARTESIAN_POINT('',(-27.1800504216304,19.5240960046748,-9.69359958694437));
#7353=CARTESIAN_POINT('',(-27.1800504216304,19.5240960046748,-9.74848487556429));
#7354=CARTESIAN_POINT('',(-27.1800504216304,17.0240960046748,4.30640041305564));
#7355=CARTESIAN_POINT('',(-27.1800504216304,7.02409600467479,4.30640041305564));
#7356=CARTESIAN_POINT('',(-27.1800504216304,17.0240960046748,-9.69359958694437));
#7357=CARTESIAN_POINT('',(-27.1800504216304,17.0240960046748,-9.74848487556429));
#7358=CARTESIAN_POINT('',(-27.1800504216304,7.02409600467479,-9.69359958694437));
#7359=CARTESIAN_POINT('Origin',(-21.2376959120378,7.02409600467479,-9.69359958694437));
#7360=CARTESIAN_POINT('',(-21.2376959120378,19.5240960046748,-9.69359958694437));
#7361=CARTESIAN_POINT('',(-10.4226235517059,19.5240960046748,-9.69359958694437));
#7362=CARTESIAN_POINT('',(-21.2376959120378,17.0240960046748,-9.69359958694437));
#7363=CARTESIAN_POINT('',(-10.4226235517059,17.0240960046748,-9.69359958694437));
#7364=CARTESIAN_POINT('',(-21.2376959120378,7.02409600467479,-9.69359958694437));
#7365=CARTESIAN_POINT('Origin',(-20.1225511913741,7.02409600467479,-8.65337016418422));
#7366=CARTESIAN_POINT('',(-19.0074064707105,19.5240960046748,-9.69359958694437));
#7367=CARTESIAN_POINT('Origin',(-20.1225511913741,19.5240960046748,-8.65337016418422));
#7368=CARTESIAN_POINT('',(-19.0074064707105,17.0240960046748,-9.69359958694437));
#7369=CARTESIAN_POINT('Origin',(-20.1225511913741,17.0240960046748,-8.65337016418422));
#7370=CARTESIAN_POINT('',(-19.0074064707105,7.02409600467479,-9.69359958694437));
#7371=CARTESIAN_POINT('Origin',(-13.1800504216303,7.02409600467479,-9.69359958694437));
#7372=CARTESIAN_POINT('',(-13.1800504216303,19.5240960046748,-9.69359958694437));
#7373=CARTESIAN_POINT('',(-6.39380080650219,19.5240960046748,-9.69359958694437));
#7374=CARTESIAN_POINT('',(-13.1800504216303,17.0240960046748,-9.69359958694437));
#7375=CARTESIAN_POINT('',(-6.39380080650219,17.0240960046748,-9.69359958694437));
#7376=CARTESIAN_POINT('',(-13.1800504216303,7.02409600467479,-9.69359958694437));
#7377=CARTESIAN_POINT('Origin',(-13.1800504216303,7.02409600467479,4.30640041305564));
#7378=CARTESIAN_POINT('',(-13.1800504216303,19.5240960046748,4.30640041305564));
#7379=CARTESIAN_POINT('',(-13.1800504216303,19.5240960046748,-2.74848487556429));
#7380=CARTESIAN_POINT('',(-13.1800504216303,17.0240960046748,4.30640041305564));
#7381=CARTESIAN_POINT('',(-13.1800504216303,17.0240960046748,-2.74848487556429));
#7382=CARTESIAN_POINT('',(-13.1800504216303,7.02409600467479,4.30640041305564));
#7383=CARTESIAN_POINT('Origin',(-27.1800504216304,7.02409600467479,4.30640041305564));
#7384=CARTESIAN_POINT('',(-13.3938008065022,19.5240960046748,4.30640041305564));
#7385=CARTESIAN_POINT('',(-13.3938008065022,17.0240960046748,4.30640041305564));
#7386=CARTESIAN_POINT('Origin',(-63.1800504216304,7.02409600467479,-23.2935995869444));
#7387=CARTESIAN_POINT('',(-63.1800504216304,19.5240960046748,-9.29359958694437));
#7388=CARTESIAN_POINT('',(-63.1800504216304,19.5240960046748,-23.2935995869444));
#7389=CARTESIAN_POINT('',(-63.1800504216304,19.5240960046748,-16.5484848755643));
#7390=CARTESIAN_POINT('',(-63.1800504216304,17.0240960046748,-9.29359958694437));
#7391=CARTESIAN_POINT('',(-63.1800504216304,7.02409600467479,-9.29359958694437));
#7392=CARTESIAN_POINT('',(-63.1800504216304,17.0240960046748,-23.2935995869444));
#7393=CARTESIAN_POINT('',(-63.1800504216304,17.0240960046748,-16.5484848755643));
#7394=CARTESIAN_POINT('',(-63.1800504216304,7.02409600467479,-23.2935995869444));
#7395=CARTESIAN_POINT('Origin',(-57.2376959120378,7.02409600467479,-23.2935995869444));
#7396=CARTESIAN_POINT('',(-57.2376959120378,19.5240960046748,-23.2935995869444));
#7397=CARTESIAN_POINT('',(-28.4226235517059,19.5240960046748,-23.2935995869444));
#7398=CARTESIAN_POINT('',(-57.2376959120378,17.0240960046748,-23.2935995869444));
#7399=CARTESIAN_POINT('',(-28.4226235517059,17.0240960046748,-23.2935995869444));
#7400=CARTESIAN_POINT('',(-57.2376959120378,7.02409600467479,-23.2935995869444));
#7401=CARTESIAN_POINT('Origin',(-56.1225511913741,7.02409600467479,-22.2533701641842));
#7402=CARTESIAN_POINT('',(-55.0074064707104,19.5240960046748,-23.2935995869444));
#7403=CARTESIAN_POINT('Origin',(-56.1225511913741,19.5240960046748,-22.2533701641842));
#7404=CARTESIAN_POINT('',(-55.0074064707104,17.0240960046748,-23.2935995869444));
#7405=CARTESIAN_POINT('Origin',(-56.1225511913741,17.0240960046748,-22.2533701641842));
#7406=CARTESIAN_POINT('',(-55.0074064707104,7.02409600467479,-23.2935995869444));
#7407=CARTESIAN_POINT('Origin',(-49.1800504216303,7.02409600467479,-23.2935995869444));
#7408=CARTESIAN_POINT('',(-49.1800504216303,19.5240960046748,-23.2935995869444));
#7409=CARTESIAN_POINT('',(-24.3938008065022,19.5240960046748,-23.2935995869444));
#7410=CARTESIAN_POINT('',(-49.1800504216303,17.0240960046748,-23.2935995869444));
#7411=CARTESIAN_POINT('',(-24.3938008065022,17.0240960046748,-23.2935995869444));
#7412=CARTESIAN_POINT('',(-49.1800504216303,7.02409600467479,-23.2935995869444));
#7413=CARTESIAN_POINT('Origin',(-49.1800504216303,7.02409600467479,-9.29359958694436));
#7414=CARTESIAN_POINT('',(-49.1800504216303,19.5240960046748,-9.29359958694436));
#7415=CARTESIAN_POINT('',(-49.1800504216303,19.5240960046748,-9.54848487556429));
#7416=CARTESIAN_POINT('',(-49.1800504216303,17.0240960046748,-9.29359958694436));
#7417=CARTESIAN_POINT('',(-49.1800504216303,17.0240960046748,-9.54848487556429));
#7418=CARTESIAN_POINT('',(-49.1800504216303,7.02409600467479,-9.29359958694436));
#7419=CARTESIAN_POINT('Origin',(-63.1800504216304,7.02409600467479,-9.29359958694437));
#7420=CARTESIAN_POINT('',(-31.3938008065022,19.5240960046748,-9.29359958694434));
#7421=CARTESIAN_POINT('',(-31.3938008065022,17.0240960046748,-9.29359958694434));
#7422=CARTESIAN_POINT('Origin',(-9.18005042163035,7.02409600467479,-30.0935995869444));
#7423=CARTESIAN_POINT('',(-9.18005042163035,19.5240960046748,-16.0935995869444));
#7424=CARTESIAN_POINT('',(-9.18005042163035,19.5240960046748,-30.0935995869444));
#7425=CARTESIAN_POINT('',(-9.18005042163035,19.5240960046748,-19.9484848755643));
#7426=CARTESIAN_POINT('',(-9.18005042163035,17.0240960046748,-16.0935995869444));
#7427=CARTESIAN_POINT('',(-9.18005042163035,7.02409600467479,-16.0935995869444));
#7428=CARTESIAN_POINT('',(-9.18005042163035,17.0240960046748,-30.0935995869444));
#7429=CARTESIAN_POINT('',(-9.18005042163035,17.0240960046748,-19.9484848755643));
#7430=CARTESIAN_POINT('',(-9.18005042163035,7.02409600467479,-30.0935995869444));
#7431=CARTESIAN_POINT('Origin',(-3.23769591203772,7.02409600467479,-30.0935995869444));
#7432=CARTESIAN_POINT('',(-3.23769591203772,19.5240960046748,-30.0935995869444));
#7433=CARTESIAN_POINT('',(-1.42262355170588,19.5240960046748,-30.0935995869444));
#7434=CARTESIAN_POINT('',(-3.23769591203772,17.0240960046748,-30.0935995869444));
#7435=CARTESIAN_POINT('',(-1.42262355170588,17.0240960046748,-30.0935995869444));
#7436=CARTESIAN_POINT('',(-3.23769591203772,7.02409600467479,-30.0935995869444));
#7437=CARTESIAN_POINT('Origin',(-2.12255119137403,7.02409600467479,-29.0533701641842));
#7438=CARTESIAN_POINT('',(-1.00740647071034,19.5240960046748,-30.0935995869444));
#7439=CARTESIAN_POINT('Origin',(-2.12255119137403,19.5240960046748,-29.0533701641842));
#7440=CARTESIAN_POINT('',(-1.00740647071034,17.0240960046748,-30.0935995869444));
#7441=CARTESIAN_POINT('Origin',(-2.12255119137403,17.0240960046748,-29.0533701641842));
#7442=CARTESIAN_POINT('',(-1.00740647071034,7.02409600467479,-30.0935995869444));
#7443=CARTESIAN_POINT('Origin',(4.81994957836967,7.02409600467479,-30.0935995869444));
#7444=CARTESIAN_POINT('',(4.81994957836967,19.5240960046748,-30.0935995869444));
#7445=CARTESIAN_POINT('',(2.60619919349781,19.5240960046748,-30.0935995869444));
#7446=CARTESIAN_POINT('',(4.81994957836967,17.0240960046748,-30.0935995869444));
#7447=CARTESIAN_POINT('',(2.60619919349781,17.0240960046748,-30.0935995869444));
#7448=CARTESIAN_POINT('',(4.81994957836967,7.02409600467479,-30.0935995869444));
#7449=CARTESIAN_POINT('Origin',(4.81994957836967,7.02409600467479,-16.0935995869444));
#7450=CARTESIAN_POINT('',(4.81994957836967,19.5240960046748,-16.0935995869444));
#7451=CARTESIAN_POINT('',(4.81994957836967,19.5240960046748,-12.9484848755643));
#7452=CARTESIAN_POINT('',(4.81994957836967,17.0240960046748,-16.0935995869444));
#7453=CARTESIAN_POINT('',(4.81994957836967,17.0240960046748,-12.9484848755643));
#7454=CARTESIAN_POINT('',(4.81994957836967,7.02409600467479,-16.0935995869444));
#7455=CARTESIAN_POINT('Origin',(-9.18005042163035,7.02409600467479,-16.0935995869444));
#7456=CARTESIAN_POINT('',(-4.3938008065022,19.5240960046748,-16.0935995869444));
#7457=CARTESIAN_POINT('',(-4.3938008065022,17.0240960046748,-16.0935995869444));
#7458=CARTESIAN_POINT('Origin',(-63.1800504216304,7.02409600467479,27.7064004130556));
#7459=CARTESIAN_POINT('',(-63.1800504216304,19.5240960046748,41.7064004130556));
#7460=CARTESIAN_POINT('',(-63.1800504216304,19.5240960046748,27.7064004130556));
#7461=CARTESIAN_POINT('',(-63.1800504216304,19.5240960046748,8.95151512443571));
#7462=CARTESIAN_POINT('',(-63.1800504216304,17.0240960046748,41.7064004130556));
#7463=CARTESIAN_POINT('',(-63.1800504216304,7.02409600467479,41.7064004130556));
#7464=CARTESIAN_POINT('',(-63.1800504216304,17.0240960046748,27.7064004130556));
#7465=CARTESIAN_POINT('',(-63.1800504216304,17.0240960046748,8.95151512443571));
#7466=CARTESIAN_POINT('',(-63.1800504216304,7.02409600467479,27.7064004130556));
#7467=CARTESIAN_POINT('Origin',(-57.2376959120378,7.02409600467479,27.7064004130556));
#7468=CARTESIAN_POINT('',(-57.2376959120378,19.5240960046748,27.7064004130556));
#7469=CARTESIAN_POINT('',(-28.4226235517059,19.5240960046748,27.7064004130556));
#7470=CARTESIAN_POINT('',(-57.2376959120378,17.0240960046748,27.7064004130556));
#7471=CARTESIAN_POINT('',(-28.4226235517059,17.0240960046748,27.7064004130556));
#7472=CARTESIAN_POINT('',(-57.2376959120378,7.02409600467479,27.7064004130556));
#7473=CARTESIAN_POINT('Origin',(-56.1225511913741,7.02409600467479,28.7466298358158));
#7474=CARTESIAN_POINT('',(-55.0074064707104,19.5240960046748,27.7064004130556));
#7475=CARTESIAN_POINT('Origin',(-56.1225511913741,19.5240960046748,28.7466298358158));
#7476=CARTESIAN_POINT('',(-55.0074064707104,17.0240960046748,27.7064004130556));
#7477=CARTESIAN_POINT('Origin',(-56.1225511913741,17.0240960046748,28.7466298358158));
#7478=CARTESIAN_POINT('',(-55.0074064707104,7.02409600467479,27.7064004130556));
#7479=CARTESIAN_POINT('Origin',(-49.1800504216303,7.02409600467479,27.7064004130556));
#7480=CARTESIAN_POINT('',(-49.1800504216303,19.5240960046748,27.7064004130556));
#7481=CARTESIAN_POINT('',(-24.3938008065022,19.5240960046748,27.7064004130556));
#7482=CARTESIAN_POINT('',(-49.1800504216303,17.0240960046748,27.7064004130556));
#7483=CARTESIAN_POINT('',(-24.3938008065022,17.0240960046748,27.7064004130556));
#7484=CARTESIAN_POINT('',(-49.1800504216303,7.02409600467479,27.7064004130556));
#7485=CARTESIAN_POINT('Origin',(-49.1800504216303,7.02409600467479,41.7064004130556));
#7486=CARTESIAN_POINT('',(-49.1800504216303,19.5240960046748,41.7064004130556));
#7487=CARTESIAN_POINT('',(-49.1800504216303,19.5240960046748,15.9515151244357));
#7488=CARTESIAN_POINT('',(-49.1800504216303,17.0240960046748,41.7064004130556));
#7489=CARTESIAN_POINT('',(-49.1800504216303,17.0240960046748,15.9515151244357));
#7490=CARTESIAN_POINT('',(-49.1800504216303,7.02409600467479,41.7064004130556));
#7491=CARTESIAN_POINT('Origin',(-63.1800504216304,7.02409600467479,41.7064004130556));
#7492=CARTESIAN_POINT('',(-31.3938008065022,19.5240960046748,41.7064004130556));
#7493=CARTESIAN_POINT('',(-31.3938008065022,17.0240960046748,41.7064004130556));
#7494=CARTESIAN_POINT('Origin',(26.8199495783697,7.02409600467479,-40.2935995869444));
#7495=CARTESIAN_POINT('',(26.8199495783697,19.5240960046748,-26.2935995869443));
#7496=CARTESIAN_POINT('',(26.8199495783697,19.5240960046748,-40.2935995869444));
#7497=CARTESIAN_POINT('',(26.8199495783697,19.5240960046748,-25.0484848755643));
#7498=CARTESIAN_POINT('',(26.8199495783697,17.0240960046748,-26.2935995869443));
#7499=CARTESIAN_POINT('',(26.8199495783697,7.02409600467479,-26.2935995869443));
#7500=CARTESIAN_POINT('',(26.8199495783697,17.0240960046748,-40.2935995869444));
#7501=CARTESIAN_POINT('',(26.8199495783697,17.0240960046748,-25.0484848755643));
#7502=CARTESIAN_POINT('',(26.8199495783697,7.02409600467479,-40.2935995869444));
#7503=CARTESIAN_POINT('Origin',(32.7623040879623,7.02409600467479,-40.2935995869444));
#7504=CARTESIAN_POINT('',(32.7623040879623,19.5240960046748,-40.2935995869444));
#7505=CARTESIAN_POINT('',(16.5773764482941,19.5240960046748,-40.2935995869444));
#7506=CARTESIAN_POINT('',(32.7623040879623,17.0240960046748,-40.2935995869444));
#7507=CARTESIAN_POINT('',(16.5773764482941,17.0240960046748,-40.2935995869444));
#7508=CARTESIAN_POINT('',(32.7623040879623,7.02409600467479,-40.2935995869444));
#7509=CARTESIAN_POINT('Origin',(33.8774488086259,7.02409600467479,-39.2533701641842));
#7510=CARTESIAN_POINT('',(34.9925935292896,19.5240960046748,-40.2935995869444));
#7511=CARTESIAN_POINT('Origin',(33.8774488086259,19.5240960046748,-39.2533701641842));
#7512=CARTESIAN_POINT('',(34.9925935292896,17.0240960046748,-40.2935995869444));
#7513=CARTESIAN_POINT('Origin',(33.8774488086259,17.0240960046748,-39.2533701641842));
#7514=CARTESIAN_POINT('',(34.9925935292896,7.02409600467479,-40.2935995869444));
#7515=CARTESIAN_POINT('Origin',(40.8199495783697,7.02409600467479,-40.2935995869444));
#7516=CARTESIAN_POINT('',(40.8199495783697,19.5240960046748,-40.2935995869444));
#7517=CARTESIAN_POINT('',(20.6061991934978,19.5240960046748,-40.2935995869444));
#7518=CARTESIAN_POINT('',(40.8199495783697,17.0240960046748,-40.2935995869444));
#7519=CARTESIAN_POINT('',(20.6061991934978,17.0240960046748,-40.2935995869444));
#7520=CARTESIAN_POINT('',(40.8199495783697,7.02409600467479,-40.2935995869444));
#7521=CARTESIAN_POINT('Origin',(40.8199495783697,7.02409600467479,-26.2935995869443));
#7522=CARTESIAN_POINT('',(40.8199495783697,19.5240960046748,-26.2935995869443));
#7523=CARTESIAN_POINT('',(40.8199495783697,19.5240960046748,-18.0484848755643));
#7524=CARTESIAN_POINT('',(40.8199495783697,17.0240960046748,-26.2935995869443));
#7525=CARTESIAN_POINT('',(40.8199495783697,17.0240960046748,-18.0484848755643));
#7526=CARTESIAN_POINT('',(40.8199495783697,7.02409600467479,-26.2935995869443));
#7527=CARTESIAN_POINT('Origin',(26.8199495783697,7.02409600467479,-26.2935995869443));
#7528=CARTESIAN_POINT('',(13.6061991934978,19.5240960046748,-26.2935995869443));
#7529=CARTESIAN_POINT('',(13.6061991934978,17.0240960046748,-26.2935995869443));
#7530=CARTESIAN_POINT('Origin',(44.8199495783697,7.02409600467479,-23.2935995869444));
#7531=CARTESIAN_POINT('',(44.8199495783697,19.5240960046748,-9.29359958694436));
#7532=CARTESIAN_POINT('',(44.8199495783697,19.5240960046748,-23.2935995869444));
#7533=CARTESIAN_POINT('',(44.8199495783697,19.5240960046748,-16.5484848755643));
#7534=CARTESIAN_POINT('',(44.8199495783697,17.0240960046748,-9.29359958694436));
#7535=CARTESIAN_POINT('',(44.8199495783697,7.02409600467479,-9.29359958694436));
#7536=CARTESIAN_POINT('',(44.8199495783697,17.0240960046748,-23.2935995869444));
#7537=CARTESIAN_POINT('',(44.8199495783697,17.0240960046748,-16.5484848755643));
#7538=CARTESIAN_POINT('',(44.8199495783697,7.02409600467479,-23.2935995869444));
#7539=CARTESIAN_POINT('Origin',(50.7623040879623,7.02409600467479,-23.2935995869444));
#7540=CARTESIAN_POINT('',(50.7623040879623,19.5240960046748,-23.2935995869444));
#7541=CARTESIAN_POINT('',(25.5773764482941,19.5240960046748,-23.2935995869444));
#7542=CARTESIAN_POINT('',(50.7623040879623,17.0240960046748,-23.2935995869444));
#7543=CARTESIAN_POINT('',(25.5773764482941,17.0240960046748,-23.2935995869444));
#7544=CARTESIAN_POINT('',(50.7623040879623,7.02409600467479,-23.2935995869444));
#7545=CARTESIAN_POINT('Origin',(51.877448808626,7.02409600467479,-22.2533701641842));
#7546=CARTESIAN_POINT('',(52.9925935292896,19.5240960046748,-23.2935995869444));
#7547=CARTESIAN_POINT('Origin',(51.877448808626,19.5240960046748,-22.2533701641842));
#7548=CARTESIAN_POINT('',(52.9925935292896,17.0240960046748,-23.2935995869444));
#7549=CARTESIAN_POINT('Origin',(51.877448808626,17.0240960046748,-22.2533701641842));
#7550=CARTESIAN_POINT('',(52.9925935292896,7.02409600467479,-23.2935995869444));
#7551=CARTESIAN_POINT('Origin',(58.8199495783697,7.02409600467479,-23.2935995869444));
#7552=CARTESIAN_POINT('',(58.8199495783697,19.5240960046748,-23.2935995869444));
#7553=CARTESIAN_POINT('',(29.6061991934978,19.5240960046748,-23.2935995869444));
#7554=CARTESIAN_POINT('',(58.8199495783697,17.0240960046748,-23.2935995869444));
#7555=CARTESIAN_POINT('',(29.6061991934978,17.0240960046748,-23.2935995869444));
#7556=CARTESIAN_POINT('',(58.8199495783697,7.02409600467479,-23.2935995869444));
#7557=CARTESIAN_POINT('Origin',(58.8199495783697,7.02409600467479,-9.29359958694436));
#7558=CARTESIAN_POINT('',(58.8199495783697,19.5240960046748,-9.29359958694436));
#7559=CARTESIAN_POINT('',(58.8199495783697,19.5240960046748,-9.54848487556429));
#7560=CARTESIAN_POINT('',(58.8199495783697,17.0240960046748,-9.29359958694436));
#7561=CARTESIAN_POINT('',(58.8199495783697,17.0240960046748,-9.54848487556429));
#7562=CARTESIAN_POINT('',(58.8199495783697,7.02409600467479,-9.29359958694436));
#7563=CARTESIAN_POINT('Origin',(44.8199495783697,7.02409600467479,-9.29359958694436));
#7564=CARTESIAN_POINT('',(22.6061991934978,19.5240960046748,-9.29359958694436));
#7565=CARTESIAN_POINT('',(22.6061991934978,17.0240960046748,-9.29359958694436));
#7566=CARTESIAN_POINT('Origin',(-27.1800504216304,7.02409600467479,-43.6935995869444));
#7567=CARTESIAN_POINT('',(-27.1800504216304,19.5240960046748,-29.6935995869444));
#7568=CARTESIAN_POINT('',(-27.1800504216304,19.5240960046748,-43.6935995869444));
#7569=CARTESIAN_POINT('',(-27.1800504216304,19.5240960046748,-26.7484848755643));
#7570=CARTESIAN_POINT('',(-27.1800504216304,17.0240960046748,-29.6935995869444));
#7571=CARTESIAN_POINT('',(-27.1800504216304,7.02409600467479,-29.6935995869444));
#7572=CARTESIAN_POINT('',(-27.1800504216304,17.0240960046748,-43.6935995869444));
#7573=CARTESIAN_POINT('',(-27.1800504216304,17.0240960046748,-26.7484848755643));
#7574=CARTESIAN_POINT('',(-27.1800504216304,7.02409600467479,-43.6935995869444));
#7575=CARTESIAN_POINT('Origin',(-21.2376959120378,7.02409600467479,-43.6935995869444));
#7576=CARTESIAN_POINT('',(-21.2376959120378,19.5240960046748,-43.6935995869444));
#7577=CARTESIAN_POINT('',(-10.4226235517059,19.5240960046748,-43.6935995869444));
#7578=CARTESIAN_POINT('',(-21.2376959120378,17.0240960046748,-43.6935995869444));
#7579=CARTESIAN_POINT('',(-10.4226235517059,17.0240960046748,-43.6935995869444));
#7580=CARTESIAN_POINT('',(-21.2376959120378,7.02409600467479,-43.6935995869444));
#7581=CARTESIAN_POINT('Origin',(-20.1225511913741,7.02409600467479,-42.6533701641842));
#7582=CARTESIAN_POINT('',(-19.0074064707105,19.5240960046748,-43.6935995869444));
#7583=CARTESIAN_POINT('Origin',(-20.1225511913741,19.5240960046748,-42.6533701641842));
#7584=CARTESIAN_POINT('',(-19.0074064707105,17.0240960046748,-43.6935995869444));
#7585=CARTESIAN_POINT('Origin',(-20.1225511913741,17.0240960046748,-42.6533701641842));
#7586=CARTESIAN_POINT('',(-19.0074064707105,7.02409600467479,-43.6935995869444));
#7587=CARTESIAN_POINT('Origin',(-13.1800504216303,7.02409600467479,-43.6935995869444));
#7588=CARTESIAN_POINT('',(-13.1800504216303,19.5240960046748,-43.6935995869444));
#7589=CARTESIAN_POINT('',(-6.39380080650219,19.5240960046748,-43.6935995869444));
#7590=CARTESIAN_POINT('',(-13.1800504216303,17.0240960046748,-43.6935995869444));
#7591=CARTESIAN_POINT('',(-6.39380080650219,17.0240960046748,-43.6935995869444));
#7592=CARTESIAN_POINT('',(-13.1800504216303,7.02409600467479,-43.6935995869444));
#7593=CARTESIAN_POINT('Origin',(-13.1800504216303,7.02409600467479,-29.6935995869444));
#7594=CARTESIAN_POINT('',(-13.1800504216303,19.5240960046748,-29.6935995869444));
#7595=CARTESIAN_POINT('',(-13.1800504216303,19.5240960046748,-19.7484848755643));
#7596=CARTESIAN_POINT('',(-13.1800504216303,17.0240960046748,-29.6935995869444));
#7597=CARTESIAN_POINT('',(-13.1800504216303,17.0240960046748,-19.7484848755643));
#7598=CARTESIAN_POINT('',(-13.1800504216303,7.02409600467479,-29.6935995869444));
#7599=CARTESIAN_POINT('Origin',(-27.1800504216304,7.02409600467479,-29.6935995869444));
#7600=CARTESIAN_POINT('',(-13.3938008065022,19.5240960046748,-29.6935995869444));
#7601=CARTESIAN_POINT('',(-13.3938008065022,17.0240960046748,-29.6935995869444));
#7602=CARTESIAN_POINT('Origin',(26.8199495783697,7.02409600467479,-57.2935995869444));
#7603=CARTESIAN_POINT('',(26.8199495783697,19.5240960046748,-43.2935995869444));
#7604=CARTESIAN_POINT('',(26.8199495783697,19.5240960046748,-57.2935995869444));
#7605=CARTESIAN_POINT('',(26.8199495783697,19.5240960046748,-33.5484848755643));
#7606=CARTESIAN_POINT('',(26.8199495783697,17.0240960046748,-43.2935995869444));
#7607=CARTESIAN_POINT('',(26.8199495783697,7.02409600467479,-43.2935995869444));
#7608=CARTESIAN_POINT('',(26.8199495783697,17.0240960046748,-57.2935995869444));
#7609=CARTESIAN_POINT('',(26.8199495783697,17.0240960046748,-33.5484848755643));
#7610=CARTESIAN_POINT('',(26.8199495783697,7.02409600467479,-57.2935995869444));
#7611=CARTESIAN_POINT('Origin',(32.7623040879623,7.02409600467479,-57.2935995869444));
#7612=CARTESIAN_POINT('',(32.7623040879623,19.5240960046748,-57.2935995869444));
#7613=CARTESIAN_POINT('',(16.5773764482941,19.5240960046748,-57.2935995869444));
#7614=CARTESIAN_POINT('',(32.7623040879623,17.0240960046748,-57.2935995869444));
#7615=CARTESIAN_POINT('',(16.5773764482941,17.0240960046748,-57.2935995869444));
#7616=CARTESIAN_POINT('',(32.7623040879623,7.02409600467479,-57.2935995869444));
#7617=CARTESIAN_POINT('Origin',(33.8774488086259,7.02409600467479,-56.2533701641842));
#7618=CARTESIAN_POINT('',(34.9925935292896,19.5240960046748,-57.2935995869444));
#7619=CARTESIAN_POINT('Origin',(33.8774488086259,19.5240960046748,-56.2533701641842));
#7620=CARTESIAN_POINT('',(34.9925935292896,17.0240960046748,-57.2935995869444));
#7621=CARTESIAN_POINT('Origin',(33.8774488086259,17.0240960046748,-56.2533701641842));
#7622=CARTESIAN_POINT('',(34.9925935292896,7.02409600467479,-57.2935995869444));
#7623=CARTESIAN_POINT('Origin',(40.8199495783697,7.02409600467479,-57.2935995869444));
#7624=CARTESIAN_POINT('',(40.8199495783697,19.5240960046748,-57.2935995869444));
#7625=CARTESIAN_POINT('',(20.6061991934978,19.5240960046748,-57.2935995869444));
#7626=CARTESIAN_POINT('',(40.8199495783697,17.0240960046748,-57.2935995869444));
#7627=CARTESIAN_POINT('',(20.6061991934978,17.0240960046748,-57.2935995869444));
#7628=CARTESIAN_POINT('',(40.8199495783697,7.02409600467479,-57.2935995869444));
#7629=CARTESIAN_POINT('Origin',(40.8199495783697,7.02409600467479,-43.2935995869444));
#7630=CARTESIAN_POINT('',(40.8199495783697,19.5240960046748,-43.2935995869444));
#7631=CARTESIAN_POINT('',(40.8199495783697,19.5240960046748,-26.5484848755643));
#7632=CARTESIAN_POINT('',(40.8199495783697,17.0240960046748,-43.2935995869444));
#7633=CARTESIAN_POINT('',(40.8199495783697,17.0240960046748,-26.5484848755643));
#7634=CARTESIAN_POINT('',(40.8199495783697,7.02409600467479,-43.2935995869444));
#7635=CARTESIAN_POINT('Origin',(26.8199495783697,7.02409600467479,-43.2935995869444));
#7636=CARTESIAN_POINT('',(13.6061991934978,19.5240960046748,-43.2935995869444));
#7637=CARTESIAN_POINT('',(13.6061991934978,17.0240960046748,-43.2935995869444));
#7638=CARTESIAN_POINT('Origin',(-45.1800504216304,7.02409600467479,-43.6935995869444));
#7639=CARTESIAN_POINT('',(-45.1800504216304,19.5240960046748,-29.6935995869444));
#7640=CARTESIAN_POINT('',(-45.1800504216304,19.5240960046748,-43.6935995869444));
#7641=CARTESIAN_POINT('',(-45.1800504216304,19.5240960046748,-26.7484848755643));
#7642=CARTESIAN_POINT('',(-45.1800504216304,17.0240960046748,-29.6935995869444));
#7643=CARTESIAN_POINT('',(-45.1800504216304,7.02409600467479,-29.6935995869444));
#7644=CARTESIAN_POINT('',(-45.1800504216304,17.0240960046748,-43.6935995869444));
#7645=CARTESIAN_POINT('',(-45.1800504216304,17.0240960046748,-26.7484848755643));
#7646=CARTESIAN_POINT('',(-45.1800504216304,7.02409600467479,-43.6935995869444));
#7647=CARTESIAN_POINT('Origin',(-39.2376959120378,7.02409600467479,-43.6935995869444));
#7648=CARTESIAN_POINT('',(-39.2376959120378,19.5240960046748,-43.6935995869444));
#7649=CARTESIAN_POINT('',(-19.4226235517059,19.5240960046748,-43.6935995869444));
#7650=CARTESIAN_POINT('',(-39.2376959120378,17.0240960046748,-43.6935995869444));
#7651=CARTESIAN_POINT('',(-19.4226235517059,17.0240960046748,-43.6935995869444));
#7652=CARTESIAN_POINT('',(-39.2376959120378,7.02409600467479,-43.6935995869444));
#7653=CARTESIAN_POINT('Origin',(-38.1225511913741,7.02409600467479,-42.6533701641842));
#7654=CARTESIAN_POINT('',(-37.0074064707104,19.5240960046748,-43.6935995869444));
#7655=CARTESIAN_POINT('Origin',(-38.1225511913741,19.5240960046748,-42.6533701641842));
#7656=CARTESIAN_POINT('',(-37.0074064707104,17.0240960046748,-43.6935995869444));
#7657=CARTESIAN_POINT('Origin',(-38.1225511913741,17.0240960046748,-42.6533701641842));
#7658=CARTESIAN_POINT('',(-37.0074064707104,7.02409600467479,-43.6935995869444));
#7659=CARTESIAN_POINT('Origin',(-31.1800504216304,7.02409600467479,-43.6935995869444));
#7660=CARTESIAN_POINT('',(-31.1800504216304,19.5240960046748,-43.6935995869444));
#7661=CARTESIAN_POINT('',(-15.3938008065022,19.5240960046748,-43.6935995869444));
#7662=CARTESIAN_POINT('',(-31.1800504216304,17.0240960046748,-43.6935995869444));
#7663=CARTESIAN_POINT('',(-15.3938008065022,17.0240960046748,-43.6935995869444));
#7664=CARTESIAN_POINT('',(-31.1800504216304,7.02409600467479,-43.6935995869444));
#7665=CARTESIAN_POINT('Origin',(-31.1800504216304,7.02409600467479,-29.6935995869444));
#7666=CARTESIAN_POINT('',(-31.1800504216304,19.5240960046748,-29.6935995869444));
#7667=CARTESIAN_POINT('',(-31.1800504216304,19.5240960046748,-19.7484848755643));
#7668=CARTESIAN_POINT('',(-31.1800504216304,17.0240960046748,-29.6935995869444));
#7669=CARTESIAN_POINT('',(-31.1800504216304,17.0240960046748,-19.7484848755643));
#7670=CARTESIAN_POINT('',(-31.1800504216304,7.02409600467479,-29.6935995869444));
#7671=CARTESIAN_POINT('Origin',(-45.1800504216304,7.02409600467479,-29.6935995869444));
#7672=CARTESIAN_POINT('',(-22.3938008065022,19.5240960046748,-29.6935995869444));
#7673=CARTESIAN_POINT('',(-22.3938008065022,17.0240960046748,-29.6935995869444));
#7674=CARTESIAN_POINT('Origin',(44.8199495783697,7.02409600467479,10.7064004130556));
#7675=CARTESIAN_POINT('',(44.8199495783697,19.5240960046748,24.7064004130556));
#7676=CARTESIAN_POINT('',(44.8199495783697,19.5240960046748,10.7064004130556));
#7677=CARTESIAN_POINT('',(44.8199495783697,19.5240960046748,0.451515124435713));
#7678=CARTESIAN_POINT('',(44.8199495783697,17.0240960046748,24.7064004130556));
#7679=CARTESIAN_POINT('',(44.8199495783697,7.02409600467479,24.7064004130556));
#7680=CARTESIAN_POINT('',(44.8199495783697,17.0240960046748,10.7064004130556));
#7681=CARTESIAN_POINT('',(44.8199495783697,17.0240960046748,0.451515124435713));
#7682=CARTESIAN_POINT('',(44.8199495783697,7.02409600467479,10.7064004130556));
#7683=CARTESIAN_POINT('Origin',(50.7623040879623,7.02409600467479,10.7064004130556));
#7684=CARTESIAN_POINT('',(50.7623040879623,19.5240960046748,10.7064004130556));
#7685=CARTESIAN_POINT('',(25.5773764482941,19.5240960046748,10.7064004130556));
#7686=CARTESIAN_POINT('',(50.7623040879623,17.0240960046748,10.7064004130556));
#7687=CARTESIAN_POINT('',(25.5773764482941,17.0240960046748,10.7064004130556));
#7688=CARTESIAN_POINT('',(50.7623040879623,7.02409600467479,10.7064004130556));
#7689=CARTESIAN_POINT('Origin',(51.877448808626,7.02409600467479,11.7466298358158));
#7690=CARTESIAN_POINT('',(52.9925935292896,19.5240960046748,10.7064004130556));
#7691=CARTESIAN_POINT('Origin',(51.877448808626,19.5240960046748,11.7466298358158));
#7692=CARTESIAN_POINT('',(52.9925935292896,17.0240960046748,10.7064004130556));
#7693=CARTESIAN_POINT('Origin',(51.877448808626,17.0240960046748,11.7466298358158));
#7694=CARTESIAN_POINT('',(52.9925935292896,7.02409600467479,10.7064004130556));
#7695=CARTESIAN_POINT('Origin',(58.8199495783697,7.02409600467479,10.7064004130556));
#7696=CARTESIAN_POINT('',(58.8199495783697,19.5240960046748,10.7064004130556));
#7697=CARTESIAN_POINT('',(29.6061991934978,19.5240960046748,10.7064004130556));
#7698=CARTESIAN_POINT('',(58.8199495783697,17.0240960046748,10.7064004130556));
#7699=CARTESIAN_POINT('',(29.6061991934978,17.0240960046748,10.7064004130556));
#7700=CARTESIAN_POINT('',(58.8199495783697,7.02409600467479,10.7064004130556));
#7701=CARTESIAN_POINT('Origin',(58.8199495783697,7.02409600467479,24.7064004130556));
#7702=CARTESIAN_POINT('',(58.8199495783697,19.5240960046748,24.7064004130556));
#7703=CARTESIAN_POINT('',(58.8199495783697,19.5240960046748,7.45151512443571));
#7704=CARTESIAN_POINT('',(58.8199495783697,17.0240960046748,24.7064004130556));
#7705=CARTESIAN_POINT('',(58.8199495783697,17.0240960046748,7.45151512443571));
#7706=CARTESIAN_POINT('',(58.8199495783697,7.02409600467479,24.7064004130556));
#7707=CARTESIAN_POINT('Origin',(44.8199495783697,7.02409600467479,24.7064004130556));
#7708=CARTESIAN_POINT('',(22.6061991934978,19.5240960046748,24.7064004130556));
#7709=CARTESIAN_POINT('',(22.6061991934978,17.0240960046748,24.7064004130556));
#7710=CARTESIAN_POINT('Origin',(-63.1800504216304,7.02409600467479,-40.2935995869444));
#7711=CARTESIAN_POINT('',(-63.1800504216304,19.5240960046748,-26.2935995869444));
#7712=CARTESIAN_POINT('',(-63.1800504216304,19.5240960046748,-40.2935995869444));
#7713=CARTESIAN_POINT('',(-63.1800504216304,19.5240960046748,-25.0484848755643));
#7714=CARTESIAN_POINT('',(-63.1800504216304,17.0240960046748,-26.2935995869444));
#7715=CARTESIAN_POINT('',(-63.1800504216304,7.02409600467479,-26.2935995869444));
#7716=CARTESIAN_POINT('',(-63.1800504216304,17.0240960046748,-40.2935995869444));
#7717=CARTESIAN_POINT('',(-63.1800504216304,17.0240960046748,-25.0484848755643));
#7718=CARTESIAN_POINT('',(-63.1800504216304,7.02409600467479,-40.2935995869444));
#7719=CARTESIAN_POINT('Origin',(-57.2376959120378,7.02409600467479,-40.2935995869444));
#7720=CARTESIAN_POINT('',(-57.2376959120378,19.5240960046748,-40.2935995869444));
#7721=CARTESIAN_POINT('',(-28.4226235517059,19.5240960046748,-40.2935995869444));
#7722=CARTESIAN_POINT('',(-57.2376959120378,17.0240960046748,-40.2935995869444));
#7723=CARTESIAN_POINT('',(-28.4226235517059,17.0240960046748,-40.2935995869444));
#7724=CARTESIAN_POINT('',(-57.2376959120378,7.02409600467479,-40.2935995869444));
#7725=CARTESIAN_POINT('Origin',(-56.1225511913741,7.02409600467479,-39.2533701641842));
#7726=CARTESIAN_POINT('',(-55.0074064707104,19.5240960046748,-40.2935995869444));
#7727=CARTESIAN_POINT('Origin',(-56.1225511913741,19.5240960046748,-39.2533701641842));
#7728=CARTESIAN_POINT('',(-55.0074064707104,17.0240960046748,-40.2935995869444));
#7729=CARTESIAN_POINT('Origin',(-56.1225511913741,17.0240960046748,-39.2533701641842));
#7730=CARTESIAN_POINT('',(-55.0074064707104,7.02409600467479,-40.2935995869444));
#7731=CARTESIAN_POINT('Origin',(-49.1800504216303,7.02409600467479,-40.2935995869444));
#7732=CARTESIAN_POINT('',(-49.1800504216303,19.5240960046748,-40.2935995869444));
#7733=CARTESIAN_POINT('',(-24.3938008065022,19.5240960046748,-40.2935995869444));
#7734=CARTESIAN_POINT('',(-49.1800504216303,17.0240960046748,-40.2935995869444));
#7735=CARTESIAN_POINT('',(-24.3938008065022,17.0240960046748,-40.2935995869444));
#7736=CARTESIAN_POINT('',(-49.1800504216303,7.02409600467479,-40.2935995869444));
#7737=CARTESIAN_POINT('Origin',(-49.1800504216303,7.02409600467479,-26.2935995869444));
#7738=CARTESIAN_POINT('',(-49.1800504216303,19.5240960046748,-26.2935995869444));
#7739=CARTESIAN_POINT('',(-49.1800504216303,19.5240960046748,-18.0484848755643));
#7740=CARTESIAN_POINT('',(-49.1800504216303,17.0240960046748,-26.2935995869444));
#7741=CARTESIAN_POINT('',(-49.1800504216303,17.0240960046748,-18.0484848755643));
#7742=CARTESIAN_POINT('',(-49.1800504216303,7.02409600467479,-26.2935995869444));
#7743=CARTESIAN_POINT('Origin',(-63.1800504216304,7.02409600467479,-26.2935995869444));
#7744=CARTESIAN_POINT('',(-31.3938008065022,19.5240960046748,-26.2935995869444));
#7745=CARTESIAN_POINT('',(-31.3938008065022,17.0240960046748,-26.2935995869444));
#7746=CARTESIAN_POINT('Origin',(-63.1800504216304,7.02409600467479,-57.2935995869444));
#7747=CARTESIAN_POINT('',(-63.1800504216304,19.5240960046748,-43.2935995869444));
#7748=CARTESIAN_POINT('',(-63.1800504216304,19.5240960046748,-57.2935995869444));
#7749=CARTESIAN_POINT('',(-63.1800504216304,19.5240960046748,-33.5484848755643));
#7750=CARTESIAN_POINT('',(-63.1800504216304,17.0240960046748,-43.2935995869444));
#7751=CARTESIAN_POINT('',(-63.1800504216304,7.02409600467479,-43.2935995869444));
#7752=CARTESIAN_POINT('',(-63.1800504216304,17.0240960046748,-57.2935995869444));
#7753=CARTESIAN_POINT('',(-63.1800504216304,17.0240960046748,-33.5484848755643));
#7754=CARTESIAN_POINT('',(-63.1800504216304,7.02409600467479,-57.2935995869444));
#7755=CARTESIAN_POINT('Origin',(-57.2376959120378,7.02409600467479,-57.2935995869444));
#7756=CARTESIAN_POINT('',(-57.2376959120378,19.5240960046748,-57.2935995869444));
#7757=CARTESIAN_POINT('',(-28.4226235517059,19.5240960046748,-57.2935995869444));
#7758=CARTESIAN_POINT('',(-57.2376959120378,17.0240960046748,-57.2935995869444));
#7759=CARTESIAN_POINT('',(-28.4226235517059,17.0240960046748,-57.2935995869444));
#7760=CARTESIAN_POINT('',(-57.2376959120378,7.02409600467479,-57.2935995869444));
#7761=CARTESIAN_POINT('Origin',(-56.1225511913741,7.02409600467479,-56.2533701641842));
#7762=CARTESIAN_POINT('',(-55.0074064707104,19.5240960046748,-57.2935995869444));
#7763=CARTESIAN_POINT('Origin',(-56.1225511913741,19.5240960046748,-56.2533701641842));
#7764=CARTESIAN_POINT('',(-55.0074064707104,17.0240960046748,-57.2935995869444));
#7765=CARTESIAN_POINT('Origin',(-56.1225511913741,17.0240960046748,-56.2533701641842));
#7766=CARTESIAN_POINT('',(-55.0074064707104,7.02409600467479,-57.2935995869444));
#7767=CARTESIAN_POINT('Origin',(-49.1800504216303,7.02409600467479,-57.2935995869444));
#7768=CARTESIAN_POINT('',(-49.1800504216303,19.5240960046748,-57.2935995869444));
#7769=CARTESIAN_POINT('',(-24.3938008065022,19.5240960046748,-57.2935995869444));
#7770=CARTESIAN_POINT('',(-49.1800504216303,17.0240960046748,-57.2935995869444));
#7771=CARTESIAN_POINT('',(-24.3938008065022,17.0240960046748,-57.2935995869444));
#7772=CARTESIAN_POINT('',(-49.1800504216303,7.02409600467479,-57.2935995869444));
#7773=CARTESIAN_POINT('Origin',(-49.1800504216303,7.02409600467479,-43.2935995869444));
#7774=CARTESIAN_POINT('',(-49.1800504216303,19.5240960046748,-43.2935995869444));
#7775=CARTESIAN_POINT('',(-49.1800504216303,19.5240960046748,-26.5484848755643));
#7776=CARTESIAN_POINT('',(-49.1800504216303,17.0240960046748,-43.2935995869444));
#7777=CARTESIAN_POINT('',(-49.1800504216303,17.0240960046748,-26.5484848755643));
#7778=CARTESIAN_POINT('',(-49.1800504216303,7.02409600467479,-43.2935995869444));
#7779=CARTESIAN_POINT('Origin',(-63.1800504216304,7.02409600467479,-43.2935995869444));
#7780=CARTESIAN_POINT('',(-31.3938008065022,19.5240960046748,-43.2935995869444));
#7781=CARTESIAN_POINT('',(-31.3938008065022,17.0240960046748,-43.2935995869444));
#7782=CARTESIAN_POINT('Origin',(-27.1800504216304,7.02409600467479,24.3064004130556));
#7783=CARTESIAN_POINT('',(-27.1800504216304,19.5240960046748,38.3064004130556));
#7784=CARTESIAN_POINT('',(-27.1800504216304,19.5240960046748,24.3064004130556));
#7785=CARTESIAN_POINT('',(-27.1800504216304,19.5240960046748,7.25151512443571));
#7786=CARTESIAN_POINT('',(-27.1800504216304,17.0240960046748,38.3064004130556));
#7787=CARTESIAN_POINT('',(-27.1800504216304,7.02409600467479,38.3064004130556));
#7788=CARTESIAN_POINT('',(-27.1800504216304,17.0240960046748,24.3064004130556));
#7789=CARTESIAN_POINT('',(-27.1800504216304,17.0240960046748,7.25151512443571));
#7790=CARTESIAN_POINT('',(-27.1800504216304,7.02409600467479,24.3064004130556));
#7791=CARTESIAN_POINT('Origin',(-21.2376959120378,7.02409600467479,24.3064004130556));
#7792=CARTESIAN_POINT('',(-21.2376959120378,19.5240960046748,24.3064004130556));
#7793=CARTESIAN_POINT('',(-10.4226235517059,19.5240960046748,24.3064004130556));
#7794=CARTESIAN_POINT('',(-21.2376959120378,17.0240960046748,24.3064004130556));
#7795=CARTESIAN_POINT('',(-10.4226235517059,17.0240960046748,24.3064004130556));
#7796=CARTESIAN_POINT('',(-21.2376959120378,7.02409600467479,24.3064004130556));
#7797=CARTESIAN_POINT('Origin',(-20.1225511913741,7.02409600467479,25.3466298358158));
#7798=CARTESIAN_POINT('',(-19.0074064707105,19.5240960046748,24.3064004130556));
#7799=CARTESIAN_POINT('Origin',(-20.1225511913741,19.5240960046748,25.3466298358158));
#7800=CARTESIAN_POINT('',(-19.0074064707105,17.0240960046748,24.3064004130556));
#7801=CARTESIAN_POINT('Origin',(-20.1225511913741,17.0240960046748,25.3466298358158));
#7802=CARTESIAN_POINT('',(-19.0074064707105,7.02409600467479,24.3064004130556));
#7803=CARTESIAN_POINT('Origin',(-13.1800504216303,7.02409600467479,24.3064004130556));
#7804=CARTESIAN_POINT('',(-13.1800504216303,19.5240960046748,24.3064004130556));
#7805=CARTESIAN_POINT('',(-6.39380080650219,19.5240960046748,24.3064004130556));
#7806=CARTESIAN_POINT('',(-13.1800504216303,17.0240960046748,24.3064004130556));
#7807=CARTESIAN_POINT('',(-6.39380080650219,17.0240960046748,24.3064004130556));
#7808=CARTESIAN_POINT('',(-13.1800504216303,7.02409600467479,24.3064004130556));
#7809=CARTESIAN_POINT('Origin',(-13.1800504216303,7.02409600467479,38.3064004130556));
#7810=CARTESIAN_POINT('',(-13.1800504216303,19.5240960046748,38.3064004130556));
#7811=CARTESIAN_POINT('',(-13.1800504216303,19.5240960046748,14.2515151244357));
#7812=CARTESIAN_POINT('',(-13.1800504216303,17.0240960046748,38.3064004130556));
#7813=CARTESIAN_POINT('',(-13.1800504216303,17.0240960046748,14.2515151244357));
#7814=CARTESIAN_POINT('',(-13.1800504216303,7.02409600467479,38.3064004130556));
#7815=CARTESIAN_POINT('Origin',(-27.1800504216304,7.02409600467479,38.3064004130556));
#7816=CARTESIAN_POINT('',(-13.3938008065022,19.5240960046748,38.3064004130556));
#7817=CARTESIAN_POINT('',(-13.3938008065022,17.0240960046748,38.3064004130556));
#7818=CARTESIAN_POINT('Origin',(26.8199495783697,7.02409600467479,-23.2935995869444));
#7819=CARTESIAN_POINT('',(26.8199495783697,19.5240960046748,-9.29359958694436));
#7820=CARTESIAN_POINT('',(26.8199495783697,19.5240960046748,-23.2935995869444));
#7821=CARTESIAN_POINT('',(26.8199495783697,19.5240960046748,-16.5484848755643));
#7822=CARTESIAN_POINT('',(26.8199495783697,17.0240960046748,-9.29359958694436));
#7823=CARTESIAN_POINT('',(26.8199495783697,7.02409600467479,-9.29359958694436));
#7824=CARTESIAN_POINT('',(26.8199495783697,17.0240960046748,-23.2935995869444));
#7825=CARTESIAN_POINT('',(26.8199495783697,17.0240960046748,-16.5484848755643));
#7826=CARTESIAN_POINT('',(26.8199495783697,7.02409600467479,-23.2935995869444));
#7827=CARTESIAN_POINT('Origin',(32.7623040879623,7.02409600467479,-23.2935995869444));
#7828=CARTESIAN_POINT('',(32.7623040879623,19.5240960046748,-23.2935995869444));
#7829=CARTESIAN_POINT('',(16.5773764482941,19.5240960046748,-23.2935995869444));
#7830=CARTESIAN_POINT('',(32.7623040879623,17.0240960046748,-23.2935995869444));
#7831=CARTESIAN_POINT('',(16.5773764482941,17.0240960046748,-23.2935995869444));
#7832=CARTESIAN_POINT('',(32.7623040879623,7.02409600467479,-23.2935995869444));
#7833=CARTESIAN_POINT('Origin',(33.8774488086259,7.02409600467479,-22.2533701641842));
#7834=CARTESIAN_POINT('',(34.9925935292896,19.5240960046748,-23.2935995869444));
#7835=CARTESIAN_POINT('Origin',(33.8774488086259,19.5240960046748,-22.2533701641842));
#7836=CARTESIAN_POINT('',(34.9925935292896,17.0240960046748,-23.2935995869444));
#7837=CARTESIAN_POINT('Origin',(33.8774488086259,17.0240960046748,-22.2533701641842));
#7838=CARTESIAN_POINT('',(34.9925935292896,7.02409600467479,-23.2935995869444));
#7839=CARTESIAN_POINT('Origin',(40.8199495783697,7.02409600467479,-23.2935995869444));
#7840=CARTESIAN_POINT('',(40.8199495783697,19.5240960046748,-23.2935995869444));
#7841=CARTESIAN_POINT('',(20.6061991934978,19.5240960046748,-23.2935995869444));
#7842=CARTESIAN_POINT('',(40.8199495783697,17.0240960046748,-23.2935995869444));
#7843=CARTESIAN_POINT('',(20.6061991934978,17.0240960046748,-23.2935995869444));
#7844=CARTESIAN_POINT('',(40.8199495783697,7.02409600467479,-23.2935995869444));
#7845=CARTESIAN_POINT('Origin',(40.8199495783697,7.02409600467479,-9.29359958694436));
#7846=CARTESIAN_POINT('',(40.8199495783697,19.5240960046748,-9.29359958694436));
#7847=CARTESIAN_POINT('',(40.8199495783697,19.5240960046748,-9.54848487556429));
#7848=CARTESIAN_POINT('',(40.8199495783697,17.0240960046748,-9.29359958694436));
#7849=CARTESIAN_POINT('',(40.8199495783697,17.0240960046748,-9.54848487556429));
#7850=CARTESIAN_POINT('',(40.8199495783697,7.02409600467479,-9.29359958694436));
#7851=CARTESIAN_POINT('Origin',(26.8199495783697,7.02409600467479,-9.29359958694436));
#7852=CARTESIAN_POINT('',(13.6061991934978,19.5240960046748,-9.29359958694436));
#7853=CARTESIAN_POINT('',(13.6061991934978,17.0240960046748,-9.29359958694436));
#7854=CARTESIAN_POINT('Origin',(-63.1800504216304,7.02409600467479,-6.29359958694437));
#7855=CARTESIAN_POINT('',(-63.1800504216304,19.5240960046748,7.70640041305564));
#7856=CARTESIAN_POINT('',(-63.1800504216304,19.5240960046748,-6.29359958694437));
#7857=CARTESIAN_POINT('',(-63.1800504216304,19.5240960046748,-8.04848487556429));
#7858=CARTESIAN_POINT('',(-63.1800504216304,17.0240960046748,7.70640041305564));
#7859=CARTESIAN_POINT('',(-63.1800504216304,7.02409600467479,7.70640041305564));
#7860=CARTESIAN_POINT('',(-63.1800504216304,17.0240960046748,-6.29359958694437));
#7861=CARTESIAN_POINT('',(-63.1800504216304,17.0240960046748,-8.04848487556429));
#7862=CARTESIAN_POINT('',(-63.1800504216304,7.02409600467479,-6.29359958694437));
#7863=CARTESIAN_POINT('Origin',(-57.2376959120378,7.02409600467479,-6.29359958694437));
#7864=CARTESIAN_POINT('',(-57.2376959120378,19.5240960046748,-6.29359958694437));
#7865=CARTESIAN_POINT('',(-28.4226235517059,19.5240960046748,-6.29359958694437));
#7866=CARTESIAN_POINT('',(-57.2376959120378,17.0240960046748,-6.29359958694437));
#7867=CARTESIAN_POINT('',(-28.4226235517059,17.0240960046748,-6.29359958694437));
#7868=CARTESIAN_POINT('',(-57.2376959120378,7.02409600467479,-6.29359958694437));
#7869=CARTESIAN_POINT('Origin',(-56.1225511913741,7.02409600467479,-5.25337016418424));
#7870=CARTESIAN_POINT('',(-55.0074064707104,19.5240960046748,-6.29359958694437));
#7871=CARTESIAN_POINT('Origin',(-56.1225511913741,19.5240960046748,-5.25337016418424));
#7872=CARTESIAN_POINT('',(-55.0074064707104,17.0240960046748,-6.29359958694437));
#7873=CARTESIAN_POINT('Origin',(-56.1225511913741,17.0240960046748,-5.25337016418424));
#7874=CARTESIAN_POINT('',(-55.0074064707104,7.02409600467479,-6.29359958694437));
#7875=CARTESIAN_POINT('Origin',(-49.1800504216303,7.02409600467479,-6.29359958694437));
#7876=CARTESIAN_POINT('',(-49.1800504216303,19.5240960046748,-6.29359958694437));
#7877=CARTESIAN_POINT('',(-24.3938008065022,19.5240960046748,-6.29359958694437));
#7878=CARTESIAN_POINT('',(-49.1800504216303,17.0240960046748,-6.29359958694437));
#7879=CARTESIAN_POINT('',(-24.3938008065022,17.0240960046748,-6.29359958694437));
#7880=CARTESIAN_POINT('',(-49.1800504216303,7.02409600467479,-6.29359958694437));
#7881=CARTESIAN_POINT('Origin',(-49.1800504216303,7.02409600467479,7.70640041305564));
#7882=CARTESIAN_POINT('',(-49.1800504216303,19.5240960046748,7.70640041305564));
#7883=CARTESIAN_POINT('',(-49.1800504216303,19.5240960046748,-1.04848487556429));
#7884=CARTESIAN_POINT('',(-49.1800504216303,17.0240960046748,7.70640041305564));
#7885=CARTESIAN_POINT('',(-49.1800504216303,17.0240960046748,-1.04848487556429));
#7886=CARTESIAN_POINT('',(-49.1800504216303,7.02409600467479,7.70640041305564));
#7887=CARTESIAN_POINT('Origin',(-63.1800504216304,7.02409600467479,7.70640041305564));
#7888=CARTESIAN_POINT('',(-31.3938008065022,19.5240960046748,7.70640041305564));
#7889=CARTESIAN_POINT('',(-31.3938008065022,17.0240960046748,7.70640041305564));
#7890=CARTESIAN_POINT('Origin',(-27.1800504216304,7.02409600467479,-60.6935995869444));
#7891=CARTESIAN_POINT('',(-27.1800504216304,19.5240960046748,-46.6935995869444));
#7892=CARTESIAN_POINT('',(-27.1800504216304,19.5240960046748,-60.6935995869444));
#7893=CARTESIAN_POINT('',(-27.1800504216304,19.5240960046748,-35.2484848755643));
#7894=CARTESIAN_POINT('',(-27.1800504216304,17.0240960046748,-46.6935995869444));
#7895=CARTESIAN_POINT('',(-27.1800504216304,7.02409600467479,-46.6935995869444));
#7896=CARTESIAN_POINT('',(-27.1800504216304,17.0240960046748,-60.6935995869444));
#7897=CARTESIAN_POINT('',(-27.1800504216304,17.0240960046748,-35.2484848755643));
#7898=CARTESIAN_POINT('',(-27.1800504216304,7.02409600467479,-60.6935995869444));
#7899=CARTESIAN_POINT('Origin',(-21.2376959120378,7.02409600467479,-60.6935995869444));
#7900=CARTESIAN_POINT('',(-21.2376959120378,19.5240960046748,-60.6935995869444));
#7901=CARTESIAN_POINT('',(-10.4226235517059,19.5240960046748,-60.6935995869444));
#7902=CARTESIAN_POINT('',(-21.2376959120378,17.0240960046748,-60.6935995869444));
#7903=CARTESIAN_POINT('',(-10.4226235517059,17.0240960046748,-60.6935995869444));
#7904=CARTESIAN_POINT('',(-21.2376959120378,7.02409600467479,-60.6935995869444));
#7905=CARTESIAN_POINT('Origin',(-20.1225511913741,7.02409600467479,-59.6533701641842));
#7906=CARTESIAN_POINT('',(-19.0074064707105,19.5240960046748,-60.6935995869444));
#7907=CARTESIAN_POINT('Origin',(-20.1225511913741,19.5240960046748,-59.6533701641842));
#7908=CARTESIAN_POINT('',(-19.0074064707105,17.0240960046748,-60.6935995869444));
#7909=CARTESIAN_POINT('Origin',(-20.1225511913741,17.0240960046748,-59.6533701641842));
#7910=CARTESIAN_POINT('',(-19.0074064707105,7.02409600467479,-60.6935995869444));
#7911=CARTESIAN_POINT('Origin',(-13.1800504216303,7.02409600467479,-60.6935995869444));
#7912=CARTESIAN_POINT('',(-13.1800504216303,19.5240960046748,-60.6935995869444));
#7913=CARTESIAN_POINT('',(-6.39380080650216,19.5240960046748,-60.6935995869444));
#7914=CARTESIAN_POINT('',(-13.1800504216303,17.0240960046748,-60.6935995869444));
#7915=CARTESIAN_POINT('',(-6.39380080650216,17.0240960046748,-60.6935995869444));
#7916=CARTESIAN_POINT('',(-13.1800504216303,7.02409600467479,-60.6935995869444));
#7917=CARTESIAN_POINT('Origin',(-13.1800504216303,7.02409600467479,-46.6935995869444));
#7918=CARTESIAN_POINT('',(-13.1800504216303,19.5240960046748,-46.6935995869444));
#7919=CARTESIAN_POINT('',(-13.1800504216303,19.5240960046748,-28.2484848755643));
#7920=CARTESIAN_POINT('',(-13.1800504216303,17.0240960046748,-46.6935995869444));
#7921=CARTESIAN_POINT('',(-13.1800504216303,17.0240960046748,-28.2484848755643));
#7922=CARTESIAN_POINT('',(-13.1800504216303,7.02409600467479,-46.6935995869444));
#7923=CARTESIAN_POINT('Origin',(-27.1800504216304,7.02409600467479,-46.6935995869444));
#7924=CARTESIAN_POINT('',(-13.3938008065022,19.5240960046748,-46.6935995869444));
#7925=CARTESIAN_POINT('',(-13.3938008065022,17.0240960046748,-46.6935995869444));
#7926=CARTESIAN_POINT('Origin',(8.81994957836966,7.02409600467479,-43.6935995869444));
#7927=CARTESIAN_POINT('',(8.81994957836966,19.5240960046748,-29.6935995869444));
#7928=CARTESIAN_POINT('',(8.81994957836966,19.5240960046748,-43.6935995869444));
#7929=CARTESIAN_POINT('',(8.81994957836966,19.5240960046748,-26.7484848755643));
#7930=CARTESIAN_POINT('',(8.81994957836966,17.0240960046748,-29.6935995869444));
#7931=CARTESIAN_POINT('',(8.81994957836966,7.02409600467479,-29.6935995869444));
#7932=CARTESIAN_POINT('',(8.81994957836966,17.0240960046748,-43.6935995869444));
#7933=CARTESIAN_POINT('',(8.81994957836966,17.0240960046748,-26.7484848755643));
#7934=CARTESIAN_POINT('',(8.81994957836966,7.02409600467479,-43.6935995869444));
#7935=CARTESIAN_POINT('Origin',(14.7623040879623,7.02409600467479,-43.6935995869444));
#7936=CARTESIAN_POINT('',(14.7623040879623,19.5240960046748,-43.6935995869444));
#7937=CARTESIAN_POINT('',(7.57737644829412,19.5240960046748,-43.6935995869444));
#7938=CARTESIAN_POINT('',(14.7623040879623,17.0240960046748,-43.6935995869444));
#7939=CARTESIAN_POINT('',(7.57737644829412,17.0240960046748,-43.6935995869444));
#7940=CARTESIAN_POINT('',(14.7623040879623,7.02409600467479,-43.6935995869444));
#7941=CARTESIAN_POINT('Origin',(15.877448808626,7.02409600467479,-42.6533701641842));
#7942=CARTESIAN_POINT('',(16.9925935292897,19.5240960046748,-43.6935995869444));
#7943=CARTESIAN_POINT('Origin',(15.877448808626,19.5240960046748,-42.6533701641842));
#7944=CARTESIAN_POINT('',(16.9925935292897,17.0240960046748,-43.6935995869444));
#7945=CARTESIAN_POINT('Origin',(15.877448808626,17.0240960046748,-42.6533701641842));
#7946=CARTESIAN_POINT('',(16.9925935292897,7.02409600467479,-43.6935995869444));
#7947=CARTESIAN_POINT('Origin',(22.8199495783697,7.02409600467479,-43.6935995869444));
#7948=CARTESIAN_POINT('',(22.8199495783697,19.5240960046748,-43.6935995869444));
#7949=CARTESIAN_POINT('',(11.6061991934978,19.5240960046748,-43.6935995869444));
#7950=CARTESIAN_POINT('',(22.8199495783697,17.0240960046748,-43.6935995869444));
#7951=CARTESIAN_POINT('',(11.6061991934978,17.0240960046748,-43.6935995869444));
#7952=CARTESIAN_POINT('',(22.8199495783697,7.02409600467479,-43.6935995869444));
#7953=CARTESIAN_POINT('Origin',(22.8199495783697,7.02409600467479,-29.6935995869444));
#7954=CARTESIAN_POINT('',(22.8199495783697,19.5240960046748,-29.6935995869444));
#7955=CARTESIAN_POINT('',(22.8199495783697,19.5240960046748,-19.7484848755643));
#7956=CARTESIAN_POINT('',(22.8199495783697,17.0240960046748,-29.6935995869444));
#7957=CARTESIAN_POINT('',(22.8199495783697,17.0240960046748,-19.7484848755643));
#7958=CARTESIAN_POINT('',(22.8199495783697,7.02409600467479,-29.6935995869444));
#7959=CARTESIAN_POINT('Origin',(8.81994957836966,7.02409600467479,-29.6935995869444));
#7960=CARTESIAN_POINT('',(4.60619919349781,19.5240960046748,-29.6935995869444));
#7961=CARTESIAN_POINT('',(4.60619919349781,17.0240960046748,-29.6935995869444));
#7962=CARTESIAN_POINT('Origin',(26.8199495783697,7.02409600467479,-6.29359958694435));
#7963=CARTESIAN_POINT('',(26.8199495783697,19.5240960046748,7.70640041305565));
#7964=CARTESIAN_POINT('',(26.8199495783697,19.5240960046748,-6.29359958694435));
#7965=CARTESIAN_POINT('',(26.8199495783697,19.5240960046748,-8.04848487556428));
#7966=CARTESIAN_POINT('',(26.8199495783697,17.0240960046748,7.70640041305565));
#7967=CARTESIAN_POINT('',(26.8199495783697,7.02409600467479,7.70640041305565));
#7968=CARTESIAN_POINT('',(26.8199495783697,17.0240960046748,-6.29359958694435));
#7969=CARTESIAN_POINT('',(26.8199495783697,17.0240960046748,-8.04848487556428));
#7970=CARTESIAN_POINT('',(26.8199495783697,7.02409600467479,-6.29359958694435));
#7971=CARTESIAN_POINT('Origin',(32.7623040879622,7.02409600467479,-6.29359958694435));
#7972=CARTESIAN_POINT('',(32.7623040879622,19.5240960046748,-6.29359958694435));
#7973=CARTESIAN_POINT('',(16.5773764482941,19.5240960046748,-6.29359958694435));
#7974=CARTESIAN_POINT('',(32.7623040879622,17.0240960046748,-6.29359958694435));
#7975=CARTESIAN_POINT('',(16.5773764482941,17.0240960046748,-6.29359958694435));
#7976=CARTESIAN_POINT('',(32.7623040879622,7.02409600467479,-6.29359958694435));
#7977=CARTESIAN_POINT('Origin',(33.8774488086259,7.02409600467479,-5.25337016418423));
#7978=CARTESIAN_POINT('',(34.9925935292897,19.5240960046748,-6.29359958694435));
#7979=CARTESIAN_POINT('Origin',(33.8774488086259,19.5240960046748,-5.25337016418423));
#7980=CARTESIAN_POINT('',(34.9925935292897,17.0240960046748,-6.29359958694435));
#7981=CARTESIAN_POINT('Origin',(33.8774488086259,17.0240960046748,-5.25337016418423));
#7982=CARTESIAN_POINT('',(34.9925935292897,7.02409600467479,-6.29359958694435));
#7983=CARTESIAN_POINT('Origin',(40.8199495783697,7.02409600467479,-6.29359958694435));
#7984=CARTESIAN_POINT('',(40.8199495783697,19.5240960046748,-6.29359958694435));
#7985=CARTESIAN_POINT('',(20.6061991934978,19.5240960046748,-6.29359958694435));
#7986=CARTESIAN_POINT('',(40.8199495783697,17.0240960046748,-6.29359958694435));
#7987=CARTESIAN_POINT('',(20.6061991934978,17.0240960046748,-6.29359958694435));
#7988=CARTESIAN_POINT('',(40.8199495783697,7.02409600467479,-6.29359958694435));
#7989=CARTESIAN_POINT('Origin',(40.8199495783697,7.02409600467479,7.70640041305565));
#7990=CARTESIAN_POINT('',(40.8199495783697,19.5240960046748,7.70640041305565));
#7991=CARTESIAN_POINT('',(40.8199495783697,19.5240960046748,-1.04848487556428));
#7992=CARTESIAN_POINT('',(40.8199495783697,17.0240960046748,7.70640041305565));
#7993=CARTESIAN_POINT('',(40.8199495783697,17.0240960046748,-1.04848487556428));
#7994=CARTESIAN_POINT('',(40.8199495783697,7.02409600467479,7.70640041305565));
#7995=CARTESIAN_POINT('Origin',(26.8199495783697,7.02409600467479,7.70640041305565));
#7996=CARTESIAN_POINT('',(13.6061991934978,19.5240960046748,7.70640041305565));
#7997=CARTESIAN_POINT('',(13.6061991934978,17.0240960046748,7.70640041305565));
#7998=CARTESIAN_POINT('Origin',(-45.1800504216304,7.02409600467479,-60.6935995869444));
#7999=CARTESIAN_POINT('',(-45.1800504216304,19.5240960046748,-46.6935995869444));
#8000=CARTESIAN_POINT('',(-45.1800504216304,19.5240960046748,-60.6935995869444));
#8001=CARTESIAN_POINT('',(-45.1800504216304,19.5240960046748,-35.2484848755643));
#8002=CARTESIAN_POINT('',(-45.1800504216304,17.0240960046748,-46.6935995869444));
#8003=CARTESIAN_POINT('',(-45.1800504216304,7.02409600467479,-46.6935995869444));
#8004=CARTESIAN_POINT('',(-45.1800504216304,17.0240960046748,-60.6935995869444));
#8005=CARTESIAN_POINT('',(-45.1800504216304,17.0240960046748,-35.2484848755643));
#8006=CARTESIAN_POINT('',(-45.1800504216304,7.02409600467479,-60.6935995869444));
#8007=CARTESIAN_POINT('Origin',(-39.2376959120378,7.02409600467479,-60.6935995869444));
#8008=CARTESIAN_POINT('',(-39.2376959120378,19.5240960046748,-60.6935995869444));
#8009=CARTESIAN_POINT('',(-19.4226235517059,19.5240960046748,-60.6935995869444));
#8010=CARTESIAN_POINT('',(-39.2376959120378,17.0240960046748,-60.6935995869444));
#8011=CARTESIAN_POINT('',(-19.4226235517059,17.0240960046748,-60.6935995869444));
#8012=CARTESIAN_POINT('',(-39.2376959120378,7.02409600467479,-60.6935995869444));
#8013=CARTESIAN_POINT('Origin',(-38.1225511913741,7.02409600467479,-59.6533701641842));
#8014=CARTESIAN_POINT('',(-37.0074064707104,19.5240960046748,-60.6935995869444));
#8015=CARTESIAN_POINT('Origin',(-38.1225511913741,19.5240960046748,-59.6533701641842));
#8016=CARTESIAN_POINT('',(-37.0074064707104,17.0240960046748,-60.6935995869444));
#8017=CARTESIAN_POINT('Origin',(-38.1225511913741,17.0240960046748,-59.6533701641842));
#8018=CARTESIAN_POINT('',(-37.0074064707104,7.02409600467479,-60.6935995869444));
#8019=CARTESIAN_POINT('Origin',(-31.1800504216304,7.02409600467479,-60.6935995869444));
#8020=CARTESIAN_POINT('',(-31.1800504216304,19.5240960046748,-60.6935995869444));
#8021=CARTESIAN_POINT('',(-15.3938008065022,19.5240960046748,-60.6935995869444));
#8022=CARTESIAN_POINT('',(-31.1800504216304,17.0240960046748,-60.6935995869444));
#8023=CARTESIAN_POINT('',(-15.3938008065022,17.0240960046748,-60.6935995869444));
#8024=CARTESIAN_POINT('',(-31.1800504216304,7.02409600467479,-60.6935995869444));
#8025=CARTESIAN_POINT('Origin',(-31.1800504216304,7.02409600467479,-46.6935995869444));
#8026=CARTESIAN_POINT('',(-31.1800504216304,19.5240960046748,-46.6935995869444));
#8027=CARTESIAN_POINT('',(-31.1800504216304,19.5240960046748,-28.2484848755643));
#8028=CARTESIAN_POINT('',(-31.1800504216304,17.0240960046748,-46.6935995869444));
#8029=CARTESIAN_POINT('',(-31.1800504216304,17.0240960046748,-28.2484848755643));
#8030=CARTESIAN_POINT('',(-31.1800504216304,7.02409600467479,-46.6935995869444));
#8031=CARTESIAN_POINT('Origin',(-45.1800504216304,7.02409600467479,-46.6935995869444));
#8032=CARTESIAN_POINT('',(-22.3938008065022,19.5240960046748,-46.6935995869444));
#8033=CARTESIAN_POINT('',(-22.3938008065022,17.0240960046748,-46.6935995869444));
#8034=CARTESIAN_POINT('Origin',(-45.1800504216304,7.02409600467479,-9.69359958694437));
#8035=CARTESIAN_POINT('',(-45.1800504216304,19.5240960046748,4.30640041305564));
#8036=CARTESIAN_POINT('',(-45.1800504216304,19.5240960046748,-9.69359958694437));
#8037=CARTESIAN_POINT('',(-45.1800504216304,19.5240960046748,-9.74848487556429));
#8038=CARTESIAN_POINT('',(-45.1800504216304,17.0240960046748,4.30640041305564));
#8039=CARTESIAN_POINT('',(-45.1800504216304,7.02409600467479,4.30640041305564));
#8040=CARTESIAN_POINT('',(-45.1800504216304,17.0240960046748,-9.69359958694437));
#8041=CARTESIAN_POINT('',(-45.1800504216304,17.0240960046748,-9.74848487556429));
#8042=CARTESIAN_POINT('',(-45.1800504216304,7.02409600467479,-9.69359958694437));
#8043=CARTESIAN_POINT('Origin',(-39.2376959120378,7.02409600467479,-9.69359958694437));
#8044=CARTESIAN_POINT('',(-39.2376959120378,19.5240960046748,-9.69359958694437));
#8045=CARTESIAN_POINT('',(-19.4226235517059,19.5240960046748,-9.69359958694437));
#8046=CARTESIAN_POINT('',(-39.2376959120378,17.0240960046748,-9.69359958694437));
#8047=CARTESIAN_POINT('',(-19.4226235517059,17.0240960046748,-9.69359958694437));
#8048=CARTESIAN_POINT('',(-39.2376959120378,7.02409600467479,-9.69359958694437));
#8049=CARTESIAN_POINT('Origin',(-38.1225511913741,7.02409600467479,-8.65337016418422));
#8050=CARTESIAN_POINT('',(-37.0074064707104,19.5240960046748,-9.69359958694437));
#8051=CARTESIAN_POINT('Origin',(-38.1225511913741,19.5240960046748,-8.65337016418422));
#8052=CARTESIAN_POINT('',(-37.0074064707104,17.0240960046748,-9.69359958694437));
#8053=CARTESIAN_POINT('Origin',(-38.1225511913741,17.0240960046748,-8.65337016418422));
#8054=CARTESIAN_POINT('',(-37.0074064707104,7.02409600467479,-9.69359958694437));
#8055=CARTESIAN_POINT('Origin',(-31.1800504216304,7.02409600467479,-9.69359958694437));
#8056=CARTESIAN_POINT('',(-31.1800504216304,19.5240960046748,-9.69359958694437));
#8057=CARTESIAN_POINT('',(-15.3938008065022,19.5240960046748,-9.69359958694437));
#8058=CARTESIAN_POINT('',(-31.1800504216304,17.0240960046748,-9.69359958694437));
#8059=CARTESIAN_POINT('',(-15.3938008065022,17.0240960046748,-9.69359958694437));
#8060=CARTESIAN_POINT('',(-31.1800504216304,7.02409600467479,-9.69359958694437));
#8061=CARTESIAN_POINT('Origin',(-31.1800504216304,7.02409600467479,4.30640041305564));
#8062=CARTESIAN_POINT('',(-31.1800504216304,19.5240960046748,4.30640041305564));
#8063=CARTESIAN_POINT('',(-31.1800504216304,19.5240960046748,-2.74848487556429));
#8064=CARTESIAN_POINT('',(-31.1800504216304,17.0240960046748,4.30640041305564));
#8065=CARTESIAN_POINT('',(-31.1800504216304,17.0240960046748,-2.74848487556429));
#8066=CARTESIAN_POINT('',(-31.1800504216304,7.02409600467479,4.30640041305564));
#8067=CARTESIAN_POINT('Origin',(-45.1800504216304,7.02409600467479,4.30640041305564));
#8068=CARTESIAN_POINT('',(-22.3938008065022,19.5240960046748,4.30640041305564));
#8069=CARTESIAN_POINT('',(-22.3938008065022,17.0240960046748,4.30640041305564));
#8070=CARTESIAN_POINT('Origin',(-45.1800504216304,7.02409600467479,-26.6935995869444));
#8071=CARTESIAN_POINT('',(-45.1800504216304,19.5240960046748,-12.6935995869444));
#8072=CARTESIAN_POINT('',(-45.1800504216304,19.5240960046748,-26.6935995869444));
#8073=CARTESIAN_POINT('',(-45.1800504216304,19.5240960046748,-18.2484848755643));
#8074=CARTESIAN_POINT('',(-45.1800504216304,17.0240960046748,-12.6935995869444));
#8075=CARTESIAN_POINT('',(-45.1800504216304,7.02409600467479,-12.6935995869444));
#8076=CARTESIAN_POINT('',(-45.1800504216304,17.0240960046748,-26.6935995869444));
#8077=CARTESIAN_POINT('',(-45.1800504216304,17.0240960046748,-18.2484848755643));
#8078=CARTESIAN_POINT('',(-45.1800504216304,7.02409600467479,-26.6935995869444));
#8079=CARTESIAN_POINT('Origin',(-39.2376959120378,7.02409600467479,-26.6935995869444));
#8080=CARTESIAN_POINT('',(-39.2376959120378,19.5240960046748,-26.6935995869444));
#8081=CARTESIAN_POINT('',(-19.4226235517059,19.5240960046748,-26.6935995869444));
#8082=CARTESIAN_POINT('',(-39.2376959120378,17.0240960046748,-26.6935995869444));
#8083=CARTESIAN_POINT('',(-19.4226235517059,17.0240960046748,-26.6935995869444));
#8084=CARTESIAN_POINT('',(-39.2376959120378,7.02409600467479,-26.6935995869444));
#8085=CARTESIAN_POINT('Origin',(-38.1225511913741,7.02409600467479,-25.6533701641842));
#8086=CARTESIAN_POINT('',(-37.0074064707104,19.5240960046748,-26.6935995869444));
#8087=CARTESIAN_POINT('Origin',(-38.1225511913741,19.5240960046748,-25.6533701641842));
#8088=CARTESIAN_POINT('',(-37.0074064707104,17.0240960046748,-26.6935995869444));
#8089=CARTESIAN_POINT('Origin',(-38.1225511913741,17.0240960046748,-25.6533701641842));
#8090=CARTESIAN_POINT('',(-37.0074064707104,7.02409600467479,-26.6935995869444));
#8091=CARTESIAN_POINT('Origin',(-31.1800504216304,7.02409600467479,-26.6935995869444));
#8092=CARTESIAN_POINT('',(-31.1800504216304,19.5240960046748,-26.6935995869444));
#8093=CARTESIAN_POINT('',(-15.3938008065022,19.5240960046748,-26.6935995869444));
#8094=CARTESIAN_POINT('',(-31.1800504216304,17.0240960046748,-26.6935995869444));
#8095=CARTESIAN_POINT('',(-15.3938008065022,17.0240960046748,-26.6935995869444));
#8096=CARTESIAN_POINT('',(-31.1800504216304,7.02409600467479,-26.6935995869444));
#8097=CARTESIAN_POINT('Origin',(-31.1800504216304,7.02409600467479,-12.6935995869444));
#8098=CARTESIAN_POINT('',(-31.1800504216304,19.5240960046748,-12.6935995869444));
#8099=CARTESIAN_POINT('',(-31.1800504216304,19.5240960046748,-11.2484848755643));
#8100=CARTESIAN_POINT('',(-31.1800504216304,17.0240960046748,-12.6935995869444));
#8101=CARTESIAN_POINT('',(-31.1800504216304,17.0240960046748,-11.2484848755643));
#8102=CARTESIAN_POINT('',(-31.1800504216304,7.02409600467479,-12.6935995869444));
#8103=CARTESIAN_POINT('Origin',(-45.1800504216304,7.02409600467479,-12.6935995869444));
#8104=CARTESIAN_POINT('',(-22.3938008065022,19.5240960046748,-12.6935995869444));
#8105=CARTESIAN_POINT('',(-22.3938008065022,17.0240960046748,-12.6935995869444));
#8106=CARTESIAN_POINT('Origin',(-9.18005042163035,7.02409600467479,3.90640041305565));
#8107=CARTESIAN_POINT('',(-9.18005042163035,19.5240960046748,17.9064004130556));
#8108=CARTESIAN_POINT('',(-9.18005042163035,19.5240960046748,3.90640041305565));
#8109=CARTESIAN_POINT('',(-9.18005042163035,19.5240960046748,-2.94848487556429));
#8110=CARTESIAN_POINT('',(-9.18005042163035,17.0240960046748,17.9064004130556));
#8111=CARTESIAN_POINT('',(-9.18005042163035,7.02409600467479,17.9064004130556));
#8112=CARTESIAN_POINT('',(-9.18005042163035,17.0240960046748,3.90640041305565));
#8113=CARTESIAN_POINT('',(-9.18005042163035,17.0240960046748,-2.94848487556429));
#8114=CARTESIAN_POINT('',(-9.18005042163035,7.02409600467479,3.90640041305565));
#8115=CARTESIAN_POINT('Origin',(-3.23769591203773,7.02409600467479,3.90640041305565));
#8116=CARTESIAN_POINT('',(-3.23769591203773,19.5240960046748,3.90640041305565));
#8117=CARTESIAN_POINT('',(-1.42262355170589,19.5240960046748,3.90640041305565));
#8118=CARTESIAN_POINT('',(-3.23769591203773,17.0240960046748,3.90640041305565));
#8119=CARTESIAN_POINT('',(-1.42262355170589,17.0240960046748,3.90640041305565));
#8120=CARTESIAN_POINT('',(-3.23769591203773,7.02409600467479,3.90640041305565));
#8121=CARTESIAN_POINT('Origin',(-2.12255119137403,7.02409600467479,4.94662983581578));
#8122=CARTESIAN_POINT('',(-1.00740647071033,19.5240960046748,3.90640041305565));
#8123=CARTESIAN_POINT('Origin',(-2.12255119137403,19.5240960046748,4.94662983581578));
#8124=CARTESIAN_POINT('',(-1.00740647071033,17.0240960046748,3.90640041305565));
#8125=CARTESIAN_POINT('Origin',(-2.12255119137403,17.0240960046748,4.94662983581578));
#8126=CARTESIAN_POINT('',(-1.00740647071033,7.02409600467479,3.90640041305565));
#8127=CARTESIAN_POINT('Origin',(4.81994957836967,7.02409600467479,3.90640041305565));
#8128=CARTESIAN_POINT('',(4.81994957836967,19.5240960046748,3.90640041305565));
#8129=CARTESIAN_POINT('',(2.60619919349781,19.5240960046748,3.90640041305565));
#8130=CARTESIAN_POINT('',(4.81994957836967,17.0240960046748,3.90640041305565));
#8131=CARTESIAN_POINT('',(2.60619919349781,17.0240960046748,3.90640041305565));
#8132=CARTESIAN_POINT('',(4.81994957836967,7.02409600467479,3.90640041305565));
#8133=CARTESIAN_POINT('Origin',(4.81994957836967,7.02409600467479,17.9064004130556));
#8134=CARTESIAN_POINT('',(4.81994957836967,19.5240960046748,17.9064004130556));
#8135=CARTESIAN_POINT('',(4.81994957836967,19.5240960046748,4.05151512443572));
#8136=CARTESIAN_POINT('',(4.81994957836967,17.0240960046748,17.9064004130556));
#8137=CARTESIAN_POINT('',(4.81994957836967,17.0240960046748,4.05151512443572));
#8138=CARTESIAN_POINT('',(4.81994957836967,7.02409600467479,17.9064004130556));
#8139=CARTESIAN_POINT('Origin',(-9.18005042163035,7.02409600467479,17.9064004130556));
#8140=CARTESIAN_POINT('',(-4.3938008065022,19.5240960046748,17.9064004130556));
#8141=CARTESIAN_POINT('',(-4.3938008065022,17.0240960046748,17.9064004130556));
#8142=CARTESIAN_POINT('Origin',(-9.18005042163035,7.02409600467479,20.9064004130556));
#8143=CARTESIAN_POINT('',(-9.18005042163035,19.5240960046748,34.9064004130557));
#8144=CARTESIAN_POINT('',(-9.18005042163035,19.5240960046748,20.9064004130556));
#8145=CARTESIAN_POINT('',(-9.18005042163035,19.5240960046748,5.55151512443571));
#8146=CARTESIAN_POINT('',(-9.18005042163035,17.0240960046748,34.9064004130557));
#8147=CARTESIAN_POINT('',(-9.18005042163035,7.02409600467479,34.9064004130557));
#8148=CARTESIAN_POINT('',(-9.18005042163035,17.0240960046748,20.9064004130556));
#8149=CARTESIAN_POINT('',(-9.18005042163035,17.0240960046748,5.55151512443571));
#8150=CARTESIAN_POINT('',(-9.18005042163035,7.02409600467479,20.9064004130556));
#8151=CARTESIAN_POINT('Origin',(-3.23769591203773,7.02409600467479,20.9064004130556));
#8152=CARTESIAN_POINT('',(-3.23769591203773,19.5240960046748,20.9064004130556));
#8153=CARTESIAN_POINT('',(-1.4226235517059,19.5240960046748,20.9064004130556));
#8154=CARTESIAN_POINT('',(-3.23769591203773,17.0240960046748,20.9064004130556));
#8155=CARTESIAN_POINT('',(-1.4226235517059,17.0240960046748,20.9064004130556));
#8156=CARTESIAN_POINT('',(-3.23769591203773,7.02409600467479,20.9064004130556));
#8157=CARTESIAN_POINT('Origin',(-2.12255119137403,7.02409600467479,21.9466298358158));
#8158=CARTESIAN_POINT('',(-1.00740647071033,19.5240960046748,20.9064004130556));
#8159=CARTESIAN_POINT('Origin',(-2.12255119137403,19.5240960046748,21.9466298358158));
#8160=CARTESIAN_POINT('',(-1.00740647071033,17.0240960046748,20.9064004130556));
#8161=CARTESIAN_POINT('Origin',(-2.12255119137403,17.0240960046748,21.9466298358158));
#8162=CARTESIAN_POINT('',(-1.00740647071033,7.02409600467479,20.9064004130556));
#8163=CARTESIAN_POINT('Origin',(4.81994957836967,7.02409600467479,20.9064004130556));
#8164=CARTESIAN_POINT('',(4.81994957836967,19.5240960046748,20.9064004130556));
#8165=CARTESIAN_POINT('',(2.6061991934978,19.5240960046748,20.9064004130556));
#8166=CARTESIAN_POINT('',(4.81994957836967,17.0240960046748,20.9064004130556));
#8167=CARTESIAN_POINT('',(2.6061991934978,17.0240960046748,20.9064004130556));
#8168=CARTESIAN_POINT('',(4.81994957836967,7.02409600467479,20.9064004130556));
#8169=CARTESIAN_POINT('Origin',(4.81994957836967,7.02409600467479,34.9064004130557));
#8170=CARTESIAN_POINT('',(4.81994957836967,19.5240960046748,34.9064004130557));
#8171=CARTESIAN_POINT('',(4.81994957836967,19.5240960046748,12.5515151244357));
#8172=CARTESIAN_POINT('',(4.81994957836967,17.0240960046748,34.9064004130557));
#8173=CARTESIAN_POINT('',(4.81994957836967,17.0240960046748,12.5515151244357));
#8174=CARTESIAN_POINT('',(4.81994957836967,7.02409600467479,34.9064004130557));
#8175=CARTESIAN_POINT('Origin',(-9.18005042163035,7.02409600467479,34.9064004130557));
#8176=CARTESIAN_POINT('',(-4.3938008065022,19.5240960046748,34.9064004130557));
#8177=CARTESIAN_POINT('',(-4.3938008065022,17.0240960046748,34.9064004130557));
#8178=CARTESIAN_POINT('Origin',(-63.1800504216304,7.02409600467479,10.7064004130556));
#8179=CARTESIAN_POINT('',(-63.1800504216304,19.5240960046748,24.7064004130556));
#8180=CARTESIAN_POINT('',(-63.1800504216304,19.5240960046748,10.7064004130556));
#8181=CARTESIAN_POINT('',(-63.1800504216304,19.5240960046748,0.451515124435709));
#8182=CARTESIAN_POINT('',(-63.1800504216304,17.0240960046748,24.7064004130556));
#8183=CARTESIAN_POINT('',(-63.1800504216304,7.02409600467479,24.7064004130556));
#8184=CARTESIAN_POINT('',(-63.1800504216304,17.0240960046748,10.7064004130556));
#8185=CARTESIAN_POINT('',(-63.1800504216304,17.0240960046748,0.451515124435709));
#8186=CARTESIAN_POINT('',(-63.1800504216304,7.02409600467479,10.7064004130556));
#8187=CARTESIAN_POINT('Origin',(-57.2376959120378,7.02409600467479,10.7064004130556));
#8188=CARTESIAN_POINT('',(-57.2376959120378,19.5240960046748,10.7064004130556));
#8189=CARTESIAN_POINT('',(-28.4226235517059,19.5240960046748,10.7064004130556));
#8190=CARTESIAN_POINT('',(-57.2376959120378,17.0240960046748,10.7064004130556));
#8191=CARTESIAN_POINT('',(-28.4226235517059,17.0240960046748,10.7064004130556));
#8192=CARTESIAN_POINT('',(-57.2376959120378,7.02409600467479,10.7064004130556));
#8193=CARTESIAN_POINT('Origin',(-56.1225511913741,7.02409600467479,11.7466298358158));
#8194=CARTESIAN_POINT('',(-55.0074064707104,19.5240960046748,10.7064004130556));
#8195=CARTESIAN_POINT('Origin',(-56.1225511913741,19.5240960046748,11.7466298358158));
#8196=CARTESIAN_POINT('',(-55.0074064707104,17.0240960046748,10.7064004130556));
#8197=CARTESIAN_POINT('Origin',(-56.1225511913741,17.0240960046748,11.7466298358158));
#8198=CARTESIAN_POINT('',(-55.0074064707104,7.02409600467479,10.7064004130556));
#8199=CARTESIAN_POINT('Origin',(-49.1800504216303,7.02409600467479,10.7064004130556));
#8200=CARTESIAN_POINT('',(-49.1800504216303,19.5240960046748,10.7064004130556));
#8201=CARTESIAN_POINT('',(-24.3938008065022,19.5240960046748,10.7064004130556));
#8202=CARTESIAN_POINT('',(-49.1800504216303,17.0240960046748,10.7064004130556));
#8203=CARTESIAN_POINT('',(-24.3938008065022,17.0240960046748,10.7064004130556));
#8204=CARTESIAN_POINT('',(-49.1800504216303,7.02409600467479,10.7064004130556));
#8205=CARTESIAN_POINT('Origin',(-49.1800504216303,7.02409600467479,24.7064004130556));
#8206=CARTESIAN_POINT('',(-49.1800504216303,19.5240960046748,24.7064004130556));
#8207=CARTESIAN_POINT('',(-49.1800504216303,19.5240960046748,7.45151512443571));
#8208=CARTESIAN_POINT('',(-49.1800504216303,17.0240960046748,24.7064004130556));
#8209=CARTESIAN_POINT('',(-49.1800504216303,17.0240960046748,7.45151512443571));
#8210=CARTESIAN_POINT('',(-49.1800504216303,7.02409600467479,24.7064004130556));
#8211=CARTESIAN_POINT('Origin',(-63.1800504216304,7.02409600467479,24.7064004130556));
#8212=CARTESIAN_POINT('',(-31.3938008065022,19.5240960046748,24.7064004130556));
#8213=CARTESIAN_POINT('',(-31.3938008065022,17.0240960046748,24.7064004130556));
#8214=CARTESIAN_POINT('Origin',(8.81994957836966,7.02409600467479,-9.69359958694437));
#8215=CARTESIAN_POINT('',(8.81994957836966,19.5240960046748,4.30640041305565));
#8216=CARTESIAN_POINT('',(8.81994957836966,19.5240960046748,-9.69359958694437));
#8217=CARTESIAN_POINT('',(8.81994957836966,19.5240960046748,-9.74848487556429));
#8218=CARTESIAN_POINT('',(8.81994957836966,17.0240960046748,4.30640041305565));
#8219=CARTESIAN_POINT('',(8.81994957836966,7.02409600467479,4.30640041305565));
#8220=CARTESIAN_POINT('',(8.81994957836966,17.0240960046748,-9.69359958694437));
#8221=CARTESIAN_POINT('',(8.81994957836966,17.0240960046748,-9.74848487556429));
#8222=CARTESIAN_POINT('',(8.81994957836966,7.02409600467479,-9.69359958694437));
#8223=CARTESIAN_POINT('Origin',(14.7623040879623,7.02409600467479,-9.69359958694436));
#8224=CARTESIAN_POINT('',(14.7623040879623,19.5240960046748,-9.69359958694436));
#8225=CARTESIAN_POINT('',(7.57737644829412,19.5240960046748,-9.69359958694437));
#8226=CARTESIAN_POINT('',(14.7623040879623,17.0240960046748,-9.69359958694436));
#8227=CARTESIAN_POINT('',(7.57737644829412,17.0240960046748,-9.69359958694437));
#8228=CARTESIAN_POINT('',(14.7623040879623,7.02409600467479,-9.69359958694436));
#8229=CARTESIAN_POINT('Origin',(15.877448808626,7.02409600467479,-8.65337016418421));
#8230=CARTESIAN_POINT('',(16.9925935292897,19.5240960046748,-9.69359958694436));
#8231=CARTESIAN_POINT('Origin',(15.877448808626,19.5240960046748,-8.65337016418421));
#8232=CARTESIAN_POINT('',(16.9925935292897,17.0240960046748,-9.69359958694436));
#8233=CARTESIAN_POINT('Origin',(15.877448808626,17.0240960046748,-8.65337016418421));
#8234=CARTESIAN_POINT('',(16.9925935292897,7.02409600467479,-9.69359958694436));
#8235=CARTESIAN_POINT('Origin',(22.8199495783697,7.02409600467479,-9.69359958694435));
#8236=CARTESIAN_POINT('',(22.8199495783697,19.5240960046748,-9.69359958694435));
#8237=CARTESIAN_POINT('',(11.6061991934978,19.5240960046748,-9.69359958694436));
#8238=CARTESIAN_POINT('',(22.8199495783697,17.0240960046748,-9.69359958694435));
#8239=CARTESIAN_POINT('',(11.6061991934978,17.0240960046748,-9.69359958694436));
#8240=CARTESIAN_POINT('',(22.8199495783697,7.02409600467479,-9.69359958694435));
#8241=CARTESIAN_POINT('Origin',(22.8199495783697,7.02409600467479,4.30640041305565));
#8242=CARTESIAN_POINT('',(22.8199495783697,19.5240960046748,4.30640041305565));
#8243=CARTESIAN_POINT('',(22.8199495783697,19.5240960046748,-2.74848487556429));
#8244=CARTESIAN_POINT('',(22.8199495783697,17.0240960046748,4.30640041305565));
#8245=CARTESIAN_POINT('',(22.8199495783697,17.0240960046748,-2.74848487556429));
#8246=CARTESIAN_POINT('',(22.8199495783697,7.02409600467479,4.30640041305565));
#8247=CARTESIAN_POINT('Origin',(8.81994957836966,7.02409600467479,4.30640041305565));
#8248=CARTESIAN_POINT('',(4.60619919349781,19.5240960046748,4.30640041305565));
#8249=CARTESIAN_POINT('',(4.60619919349781,17.0240960046748,4.30640041305565));
#8250=CARTESIAN_POINT('Origin',(44.8199495783697,7.02409600467479,-57.2935995869444));
#8251=CARTESIAN_POINT('',(44.8199495783697,19.5240960046748,-43.2935995869444));
#8252=CARTESIAN_POINT('',(44.8199495783697,19.5240960046748,-57.2935995869444));
#8253=CARTESIAN_POINT('',(44.8199495783697,19.5240960046748,-33.5484848755643));
#8254=CARTESIAN_POINT('',(44.8199495783697,17.0240960046748,-43.2935995869444));
#8255=CARTESIAN_POINT('',(44.8199495783697,7.02409600467479,-43.2935995869444));
#8256=CARTESIAN_POINT('',(44.8199495783697,17.0240960046748,-57.2935995869444));
#8257=CARTESIAN_POINT('',(44.8199495783697,17.0240960046748,-33.5484848755643));
#8258=CARTESIAN_POINT('',(44.8199495783697,7.02409600467479,-57.2935995869444));
#8259=CARTESIAN_POINT('Origin',(50.7623040879623,7.02409600467479,-57.2935995869444));
#8260=CARTESIAN_POINT('',(50.7623040879623,19.5240960046748,-57.2935995869444));
#8261=CARTESIAN_POINT('',(25.5773764482941,19.5240960046748,-57.2935995869444));
#8262=CARTESIAN_POINT('',(50.7623040879623,17.0240960046748,-57.2935995869444));
#8263=CARTESIAN_POINT('',(25.5773764482941,17.0240960046748,-57.2935995869444));
#8264=CARTESIAN_POINT('',(50.7623040879623,7.02409600467479,-57.2935995869444));
#8265=CARTESIAN_POINT('Origin',(51.877448808626,7.02409600467479,-56.2533701641842));
#8266=CARTESIAN_POINT('',(52.9925935292896,19.5240960046748,-57.2935995869444));
#8267=CARTESIAN_POINT('Origin',(51.877448808626,19.5240960046748,-56.2533701641842));
#8268=CARTESIAN_POINT('',(52.9925935292896,17.0240960046748,-57.2935995869444));
#8269=CARTESIAN_POINT('Origin',(51.877448808626,17.0240960046748,-56.2533701641842));
#8270=CARTESIAN_POINT('',(52.9925935292896,7.02409600467479,-57.2935995869444));
#8271=CARTESIAN_POINT('Origin',(58.8199495783697,7.02409600467479,-57.2935995869443));
#8272=CARTESIAN_POINT('',(58.8199495783697,19.5240960046748,-57.2935995869443));
#8273=CARTESIAN_POINT('',(29.6061991934978,19.5240960046748,-57.2935995869444));
#8274=CARTESIAN_POINT('',(58.8199495783697,17.0240960046748,-57.2935995869443));
#8275=CARTESIAN_POINT('',(29.6061991934978,17.0240960046748,-57.2935995869444));
#8276=CARTESIAN_POINT('',(58.8199495783697,7.02409600467479,-57.2935995869443));
#8277=CARTESIAN_POINT('Origin',(58.8199495783697,7.02409600467479,-43.2935995869444));
#8278=CARTESIAN_POINT('',(58.8199495783697,19.5240960046748,-43.2935995869444));
#8279=CARTESIAN_POINT('',(58.8199495783697,19.5240960046748,-26.5484848755643));
#8280=CARTESIAN_POINT('',(58.8199495783697,17.0240960046748,-43.2935995869444));
#8281=CARTESIAN_POINT('',(58.8199495783697,17.0240960046748,-26.5484848755643));
#8282=CARTESIAN_POINT('',(58.8199495783697,7.02409600467479,-43.2935995869444));
#8283=CARTESIAN_POINT('Origin',(44.8199495783697,7.02409600467479,-43.2935995869444));
#8284=CARTESIAN_POINT('',(22.6061991934978,19.5240960046748,-43.2935995869444));
#8285=CARTESIAN_POINT('',(22.6061991934978,17.0240960046748,-43.2935995869444));
#8286=CARTESIAN_POINT('Origin',(-27.1800504216304,7.02409600467479,7.30640041305564));
#8287=CARTESIAN_POINT('',(-27.1800504216304,19.5240960046748,21.3064004130556));
#8288=CARTESIAN_POINT('',(-27.1800504216304,19.5240960046748,7.30640041305564));
#8289=CARTESIAN_POINT('',(-27.1800504216304,19.5240960046748,-1.24848487556429));
#8290=CARTESIAN_POINT('',(-27.1800504216304,17.0240960046748,21.3064004130556));
#8291=CARTESIAN_POINT('',(-27.1800504216304,7.02409600467479,21.3064004130556));
#8292=CARTESIAN_POINT('',(-27.1800504216304,17.0240960046748,7.30640041305564));
#8293=CARTESIAN_POINT('',(-27.1800504216304,17.0240960046748,-1.24848487556429));
#8294=CARTESIAN_POINT('',(-27.1800504216304,7.02409600467479,7.30640041305564));
#8295=CARTESIAN_POINT('Origin',(-21.2376959120378,7.02409600467479,7.30640041305564));
#8296=CARTESIAN_POINT('',(-21.2376959120378,19.5240960046748,7.30640041305564));
#8297=CARTESIAN_POINT('',(-10.4226235517059,19.5240960046748,7.30640041305564));
#8298=CARTESIAN_POINT('',(-21.2376959120378,17.0240960046748,7.30640041305564));
#8299=CARTESIAN_POINT('',(-10.4226235517059,17.0240960046748,7.30640041305564));
#8300=CARTESIAN_POINT('',(-21.2376959120378,7.02409600467479,7.30640041305564));
#8301=CARTESIAN_POINT('Origin',(-20.1225511913741,7.02409600467479,8.34662983581578));
#8302=CARTESIAN_POINT('',(-19.0074064707104,19.5240960046748,7.30640041305564));
#8303=CARTESIAN_POINT('Origin',(-20.1225511913741,19.5240960046748,8.34662983581578));
#8304=CARTESIAN_POINT('',(-19.0074064707104,17.0240960046748,7.30640041305564));
#8305=CARTESIAN_POINT('Origin',(-20.1225511913741,17.0240960046748,8.34662983581578));
#8306=CARTESIAN_POINT('',(-19.0074064707104,7.02409600467479,7.30640041305564));
#8307=CARTESIAN_POINT('Origin',(-13.1800504216303,7.02409600467479,7.30640041305564));
#8308=CARTESIAN_POINT('',(-13.1800504216303,19.5240960046748,7.30640041305564));
#8309=CARTESIAN_POINT('',(-6.39380080650219,19.5240960046748,7.30640041305564));
#8310=CARTESIAN_POINT('',(-13.1800504216303,17.0240960046748,7.30640041305564));
#8311=CARTESIAN_POINT('',(-6.39380080650219,17.0240960046748,7.30640041305564));
#8312=CARTESIAN_POINT('',(-13.1800504216303,7.02409600467479,7.30640041305564));
#8313=CARTESIAN_POINT('Origin',(-13.1800504216303,7.02409600467479,21.3064004130556));
#8314=CARTESIAN_POINT('',(-13.1800504216303,19.5240960046748,21.3064004130556));
#8315=CARTESIAN_POINT('',(-13.1800504216303,19.5240960046748,5.75151512443571));
#8316=CARTESIAN_POINT('',(-13.1800504216303,17.0240960046748,21.3064004130556));
#8317=CARTESIAN_POINT('',(-13.1800504216303,17.0240960046748,5.75151512443571));
#8318=CARTESIAN_POINT('',(-13.1800504216303,7.02409600467479,21.3064004130556));
#8319=CARTESIAN_POINT('Origin',(-27.1800504216304,7.02409600467479,21.3064004130556));
#8320=CARTESIAN_POINT('',(-13.3938008065022,19.5240960046748,21.3064004130556));
#8321=CARTESIAN_POINT('',(-13.3938008065022,17.0240960046748,21.3064004130556));
#8322=CARTESIAN_POINT('Origin',(26.8199495783697,7.02409600467479,10.7064004130556));
#8323=CARTESIAN_POINT('',(26.8199495783697,19.5240960046748,24.7064004130556));
#8324=CARTESIAN_POINT('',(26.8199495783697,19.5240960046748,10.7064004130556));
#8325=CARTESIAN_POINT('',(26.8199495783697,19.5240960046748,0.451515124435713));
#8326=CARTESIAN_POINT('',(26.8199495783697,17.0240960046748,24.7064004130556));
#8327=CARTESIAN_POINT('',(26.8199495783697,7.02409600467479,24.7064004130556));
#8328=CARTESIAN_POINT('',(26.8199495783697,17.0240960046748,10.7064004130556));
#8329=CARTESIAN_POINT('',(26.8199495783697,17.0240960046748,0.451515124435713));
#8330=CARTESIAN_POINT('',(26.8199495783697,7.02409600467479,10.7064004130556));
#8331=CARTESIAN_POINT('Origin',(32.7623040879623,7.02409600467479,10.7064004130556));
#8332=CARTESIAN_POINT('',(32.7623040879623,19.5240960046748,10.7064004130556));
#8333=CARTESIAN_POINT('',(16.5773764482941,19.5240960046748,10.7064004130556));
#8334=CARTESIAN_POINT('',(32.7623040879623,17.0240960046748,10.7064004130556));
#8335=CARTESIAN_POINT('',(16.5773764482941,17.0240960046748,10.7064004130556));
#8336=CARTESIAN_POINT('',(32.7623040879623,7.02409600467479,10.7064004130556));
#8337=CARTESIAN_POINT('Origin',(33.8774488086259,7.02409600467479,11.7466298358158));
#8338=CARTESIAN_POINT('',(34.9925935292896,19.5240960046748,10.7064004130556));
#8339=CARTESIAN_POINT('Origin',(33.8774488086259,19.5240960046748,11.7466298358158));
#8340=CARTESIAN_POINT('',(34.9925935292896,17.0240960046748,10.7064004130556));
#8341=CARTESIAN_POINT('Origin',(33.8774488086259,17.0240960046748,11.7466298358158));
#8342=CARTESIAN_POINT('',(34.9925935292896,7.02409600467479,10.7064004130556));
#8343=CARTESIAN_POINT('Origin',(40.8199495783697,7.02409600467479,10.7064004130556));
#8344=CARTESIAN_POINT('',(40.8199495783697,19.5240960046748,10.7064004130556));
#8345=CARTESIAN_POINT('',(20.6061991934978,19.5240960046748,10.7064004130556));
#8346=CARTESIAN_POINT('',(40.8199495783697,17.0240960046748,10.7064004130556));
#8347=CARTESIAN_POINT('',(20.6061991934978,17.0240960046748,10.7064004130556));
#8348=CARTESIAN_POINT('',(40.8199495783697,7.02409600467479,10.7064004130556));
#8349=CARTESIAN_POINT('Origin',(40.8199495783697,7.02409600467479,24.7064004130556));
#8350=CARTESIAN_POINT('',(40.8199495783697,19.5240960046748,24.7064004130556));
#8351=CARTESIAN_POINT('',(40.8199495783697,19.5240960046748,7.45151512443571));
#8352=CARTESIAN_POINT('',(40.8199495783697,17.0240960046748,24.7064004130556));
#8353=CARTESIAN_POINT('',(40.8199495783697,17.0240960046748,7.45151512443571));
#8354=CARTESIAN_POINT('',(40.8199495783697,7.02409600467479,24.7064004130556));
#8355=CARTESIAN_POINT('Origin',(26.8199495783697,7.02409600467479,24.7064004130556));
#8356=CARTESIAN_POINT('',(13.6061991934978,19.5240960046748,24.7064004130556));
#8357=CARTESIAN_POINT('',(13.6061991934978,17.0240960046748,24.7064004130556));
#8358=CARTESIAN_POINT('Origin',(44.8199495783697,7.02409600467479,-40.2935995869444));
#8359=CARTESIAN_POINT('',(44.8199495783697,19.5240960046748,-26.2935995869443));
#8360=CARTESIAN_POINT('',(44.8199495783697,19.5240960046748,-40.2935995869444));
#8361=CARTESIAN_POINT('',(44.8199495783697,19.5240960046748,-25.0484848755643));
#8362=CARTESIAN_POINT('',(44.8199495783697,17.0240960046748,-26.2935995869443));
#8363=CARTESIAN_POINT('',(44.8199495783697,7.02409600467479,-26.2935995869443));
#8364=CARTESIAN_POINT('',(44.8199495783697,17.0240960046748,-40.2935995869444));
#8365=CARTESIAN_POINT('',(44.8199495783697,17.0240960046748,-25.0484848755643));
#8366=CARTESIAN_POINT('',(44.8199495783697,7.02409600467479,-40.2935995869444));
#8367=CARTESIAN_POINT('Origin',(50.7623040879623,7.02409600467479,-40.2935995869444));
#8368=CARTESIAN_POINT('',(50.7623040879623,19.5240960046748,-40.2935995869444));
#8369=CARTESIAN_POINT('',(25.5773764482941,19.5240960046748,-40.2935995869444));
#8370=CARTESIAN_POINT('',(50.7623040879623,17.0240960046748,-40.2935995869444));
#8371=CARTESIAN_POINT('',(25.5773764482941,17.0240960046748,-40.2935995869444));
#8372=CARTESIAN_POINT('',(50.7623040879623,7.02409600467479,-40.2935995869444));
#8373=CARTESIAN_POINT('Origin',(51.877448808626,7.02409600467479,-39.2533701641842));
#8374=CARTESIAN_POINT('',(52.9925935292896,19.5240960046748,-40.2935995869444));
#8375=CARTESIAN_POINT('Origin',(51.877448808626,19.5240960046748,-39.2533701641842));
#8376=CARTESIAN_POINT('',(52.9925935292896,17.0240960046748,-40.2935995869444));
#8377=CARTESIAN_POINT('Origin',(51.877448808626,17.0240960046748,-39.2533701641842));
#8378=CARTESIAN_POINT('',(52.9925935292896,7.02409600467479,-40.2935995869444));
#8379=CARTESIAN_POINT('Origin',(58.8199495783697,7.02409600467479,-40.2935995869444));
#8380=CARTESIAN_POINT('',(58.8199495783697,19.5240960046748,-40.2935995869444));
#8381=CARTESIAN_POINT('',(29.6061991934978,19.5240960046748,-40.2935995869444));
#8382=CARTESIAN_POINT('',(58.8199495783697,17.0240960046748,-40.2935995869444));
#8383=CARTESIAN_POINT('',(29.6061991934978,17.0240960046748,-40.2935995869444));
#8384=CARTESIAN_POINT('',(58.8199495783697,7.02409600467479,-40.2935995869444));
#8385=CARTESIAN_POINT('Origin',(58.8199495783697,7.02409600467479,-26.2935995869443));
#8386=CARTESIAN_POINT('',(58.8199495783697,19.5240960046748,-26.2935995869443));
#8387=CARTESIAN_POINT('',(58.8199495783697,19.5240960046748,-18.0484848755643));
#8388=CARTESIAN_POINT('',(58.8199495783697,17.0240960046748,-26.2935995869443));
#8389=CARTESIAN_POINT('',(58.8199495783697,17.0240960046748,-18.0484848755643));
#8390=CARTESIAN_POINT('',(58.8199495783697,7.02409600467479,-26.2935995869443));
#8391=CARTESIAN_POINT('Origin',(44.8199495783697,7.02409600467479,-26.2935995869443));
#8392=CARTESIAN_POINT('',(22.6061991934978,19.5240960046748,-26.2935995869443));
#8393=CARTESIAN_POINT('',(22.6061991934978,17.0240960046748,-26.2935995869443));
#8394=CARTESIAN_POINT('Origin',(-9.18005042163035,7.02409600467479,-64.0935995869444));
#8395=CARTESIAN_POINT('',(-9.18005042163035,19.5240960046748,-50.0935995869444));
#8396=CARTESIAN_POINT('',(-9.18005042163035,19.5240960046748,-64.0935995869444));
#8397=CARTESIAN_POINT('',(-9.18005042163035,19.5240960046748,-36.9484848755643));
#8398=CARTESIAN_POINT('',(-9.18005042163035,17.0240960046748,-50.0935995869444));
#8399=CARTESIAN_POINT('',(-9.18005042163035,7.02409600467479,-50.0935995869444));
#8400=CARTESIAN_POINT('',(-9.18005042163035,17.0240960046748,-64.0935995869444));
#8401=CARTESIAN_POINT('',(-9.18005042163035,17.0240960046748,-36.9484848755643));
#8402=CARTESIAN_POINT('',(-9.18005042163035,7.02409600467479,-64.0935995869444));
#8403=CARTESIAN_POINT('Origin',(-3.23769591203774,7.02409600467479,-64.0935995869444));
#8404=CARTESIAN_POINT('',(-3.23769591203774,19.5240960046748,-64.0935995869444));
#8405=CARTESIAN_POINT('',(-1.42262355170589,19.5240960046748,-64.0935995869444));
#8406=CARTESIAN_POINT('',(-3.23769591203774,17.0240960046748,-64.0935995869444));
#8407=CARTESIAN_POINT('',(-1.42262355170589,17.0240960046748,-64.0935995869444));
#8408=CARTESIAN_POINT('',(-3.23769591203774,7.02409600467479,-64.0935995869444));
#8409=CARTESIAN_POINT('Origin',(-2.12255119137403,7.02409600467479,-63.0533701641842));
#8410=CARTESIAN_POINT('',(-1.00740647071032,19.5240960046748,-64.0935995869444));
#8411=CARTESIAN_POINT('Origin',(-2.12255119137403,19.5240960046748,-63.0533701641842));
#8412=CARTESIAN_POINT('',(-1.00740647071032,17.0240960046748,-64.0935995869444));
#8413=CARTESIAN_POINT('Origin',(-2.12255119137403,17.0240960046748,-63.0533701641842));
#8414=CARTESIAN_POINT('',(-1.00740647071032,7.02409600467479,-64.0935995869444));
#8415=CARTESIAN_POINT('Origin',(4.81994957836967,7.02409600467479,-64.0935995869444));
#8416=CARTESIAN_POINT('',(4.81994957836967,19.5240960046748,-64.0935995869444));
#8417=CARTESIAN_POINT('',(2.60619919349781,19.5240960046748,-64.0935995869444));
#8418=CARTESIAN_POINT('',(4.81994957836967,17.0240960046748,-64.0935995869444));
#8419=CARTESIAN_POINT('',(2.60619919349781,17.0240960046748,-64.0935995869444));
#8420=CARTESIAN_POINT('',(4.81994957836967,7.02409600467479,-64.0935995869444));
#8421=CARTESIAN_POINT('Origin',(4.81994957836967,7.02409600467479,-50.0935995869444));
#8422=CARTESIAN_POINT('',(4.81994957836967,19.5240960046748,-50.0935995869444));
#8423=CARTESIAN_POINT('',(4.81994957836967,19.5240960046748,-29.9484848755643));
#8424=CARTESIAN_POINT('',(4.81994957836967,17.0240960046748,-50.0935995869444));
#8425=CARTESIAN_POINT('',(4.81994957836967,17.0240960046748,-29.9484848755643));
#8426=CARTESIAN_POINT('',(4.81994957836967,7.02409600467479,-50.0935995869444));
#8427=CARTESIAN_POINT('Origin',(-9.18005042163035,7.02409600467479,-50.0935995869444));
#8428=CARTESIAN_POINT('',(-4.3938008065022,19.5240960046748,-50.0935995869444));
#8429=CARTESIAN_POINT('',(-4.3938008065022,17.0240960046748,-50.0935995869444));
#8430=CARTESIAN_POINT('Origin',(8.81994957836966,7.02409600467479,7.30640041305564));
#8431=CARTESIAN_POINT('',(8.81994957836966,19.5240960046748,21.3064004130556));
#8432=CARTESIAN_POINT('',(8.81994957836966,19.5240960046748,7.30640041305564));
#8433=CARTESIAN_POINT('',(8.81994957836966,19.5240960046748,-1.24848487556429));
#8434=CARTESIAN_POINT('',(8.81994957836966,17.0240960046748,21.3064004130556));
#8435=CARTESIAN_POINT('',(8.81994957836966,7.02409600467479,21.3064004130556));
#8436=CARTESIAN_POINT('',(8.81994957836966,17.0240960046748,7.30640041305564));
#8437=CARTESIAN_POINT('',(8.81994957836966,17.0240960046748,-1.24848487556429));
#8438=CARTESIAN_POINT('',(8.81994957836966,7.02409600467479,7.30640041305564));
#8439=CARTESIAN_POINT('Origin',(14.7623040879623,7.02409600467479,7.30640041305564));
#8440=CARTESIAN_POINT('',(14.7623040879623,19.5240960046748,7.30640041305564));
#8441=CARTESIAN_POINT('',(7.57737644829412,19.5240960046748,7.30640041305564));
#8442=CARTESIAN_POINT('',(14.7623040879623,17.0240960046748,7.30640041305564));
#8443=CARTESIAN_POINT('',(7.57737644829412,17.0240960046748,7.30640041305564));
#8444=CARTESIAN_POINT('',(14.7623040879623,7.02409600467479,7.30640041305564));
#8445=CARTESIAN_POINT('Origin',(15.877448808626,7.02409600467479,8.34662983581579));
#8446=CARTESIAN_POINT('',(16.9925935292897,19.5240960046748,7.30640041305564));
#8447=CARTESIAN_POINT('Origin',(15.877448808626,19.5240960046748,8.34662983581579));
#8448=CARTESIAN_POINT('',(16.9925935292897,17.0240960046748,7.30640041305564));
#8449=CARTESIAN_POINT('Origin',(15.877448808626,17.0240960046748,8.34662983581579));
#8450=CARTESIAN_POINT('',(16.9925935292897,7.02409600467479,7.30640041305564));
#8451=CARTESIAN_POINT('Origin',(22.8199495783697,7.02409600467479,7.30640041305564));
#8452=CARTESIAN_POINT('',(22.8199495783697,19.5240960046748,7.30640041305564));
#8453=CARTESIAN_POINT('',(11.6061991934978,19.5240960046748,7.30640041305564));
#8454=CARTESIAN_POINT('',(22.8199495783697,17.0240960046748,7.30640041305564));
#8455=CARTESIAN_POINT('',(11.6061991934978,17.0240960046748,7.30640041305564));
#8456=CARTESIAN_POINT('',(22.8199495783697,7.02409600467479,7.30640041305564));
#8457=CARTESIAN_POINT('Origin',(22.8199495783697,7.02409600467479,21.3064004130556));
#8458=CARTESIAN_POINT('',(22.8199495783697,19.5240960046748,21.3064004130556));
#8459=CARTESIAN_POINT('',(22.8199495783697,19.5240960046748,5.75151512443571));
#8460=CARTESIAN_POINT('',(22.8199495783697,17.0240960046748,21.3064004130556));
#8461=CARTESIAN_POINT('',(22.8199495783697,17.0240960046748,5.75151512443571));
#8462=CARTESIAN_POINT('',(22.8199495783697,7.02409600467479,21.3064004130556));
#8463=CARTESIAN_POINT('Origin',(8.81994957836966,7.02409600467479,21.3064004130556));
#8464=CARTESIAN_POINT('',(4.60619919349781,19.5240960046748,21.3064004130556));
#8465=CARTESIAN_POINT('',(4.60619919349781,17.0240960046748,21.3064004130556));
#8466=CARTESIAN_POINT('Origin',(8.81994957836966,7.02409600467479,-26.6935995869444));
#8467=CARTESIAN_POINT('',(8.81994957836966,19.5240960046748,-12.6935995869444));
#8468=CARTESIAN_POINT('',(8.81994957836966,19.5240960046748,-26.6935995869444));
#8469=CARTESIAN_POINT('',(8.81994957836966,19.5240960046748,-18.2484848755643));
#8470=CARTESIAN_POINT('',(8.81994957836966,17.0240960046748,-12.6935995869444));
#8471=CARTESIAN_POINT('',(8.81994957836966,7.02409600467479,-12.6935995869444));
#8472=CARTESIAN_POINT('',(8.81994957836966,17.0240960046748,-26.6935995869444));
#8473=CARTESIAN_POINT('',(8.81994957836966,17.0240960046748,-18.2484848755643));
#8474=CARTESIAN_POINT('',(8.81994957836966,7.02409600467479,-26.6935995869444));
#8475=CARTESIAN_POINT('Origin',(14.7623040879623,7.02409600467479,-26.6935995869444));
#8476=CARTESIAN_POINT('',(14.7623040879623,19.5240960046748,-26.6935995869444));
#8477=CARTESIAN_POINT('',(7.57737644829412,19.5240960046748,-26.6935995869444));
#8478=CARTESIAN_POINT('',(14.7623040879623,17.0240960046748,-26.6935995869444));
#8479=CARTESIAN_POINT('',(7.57737644829412,17.0240960046748,-26.6935995869444));
#8480=CARTESIAN_POINT('',(14.7623040879623,7.02409600467479,-26.6935995869444));
#8481=CARTESIAN_POINT('Origin',(15.877448808626,7.02409600467479,-25.6533701641842));
#8482=CARTESIAN_POINT('',(16.9925935292897,19.5240960046748,-26.6935995869444));
#8483=CARTESIAN_POINT('Origin',(15.877448808626,19.5240960046748,-25.6533701641842));
#8484=CARTESIAN_POINT('',(16.9925935292897,17.0240960046748,-26.6935995869444));
#8485=CARTESIAN_POINT('Origin',(15.877448808626,17.0240960046748,-25.6533701641842));
#8486=CARTESIAN_POINT('',(16.9925935292897,7.02409600467479,-26.6935995869444));
#8487=CARTESIAN_POINT('Origin',(22.8199495783697,7.02409600467479,-26.6935995869444));
#8488=CARTESIAN_POINT('',(22.8199495783697,19.5240960046748,-26.6935995869444));
#8489=CARTESIAN_POINT('',(11.6061991934978,19.5240960046748,-26.6935995869444));
#8490=CARTESIAN_POINT('',(22.8199495783697,17.0240960046748,-26.6935995869444));
#8491=CARTESIAN_POINT('',(11.6061991934978,17.0240960046748,-26.6935995869444));
#8492=CARTESIAN_POINT('',(22.8199495783697,7.02409600467479,-26.6935995869444));
#8493=CARTESIAN_POINT('Origin',(22.8199495783697,7.02409600467479,-12.6935995869444));
#8494=CARTESIAN_POINT('',(22.8199495783697,19.5240960046748,-12.6935995869444));
#8495=CARTESIAN_POINT('',(22.8199495783697,19.5240960046748,-11.2484848755643));
#8496=CARTESIAN_POINT('',(22.8199495783697,17.0240960046748,-12.6935995869444));
#8497=CARTESIAN_POINT('',(22.8199495783697,17.0240960046748,-11.2484848755643));
#8498=CARTESIAN_POINT('',(22.8199495783697,7.02409600467479,-12.6935995869444));
#8499=CARTESIAN_POINT('Origin',(8.81994957836966,7.02409600467479,-12.6935995869444));
#8500=CARTESIAN_POINT('',(4.60619919349781,19.5240960046748,-12.6935995869444));
#8501=CARTESIAN_POINT('',(4.60619919349781,17.0240960046748,-12.6935995869444));
#8502=CARTESIAN_POINT('Origin',(-27.1800504216304,7.02409600467479,-26.6935995869444));
#8503=CARTESIAN_POINT('',(-27.1800504216304,19.5240960046748,-12.6935995869444));
#8504=CARTESIAN_POINT('',(-27.1800504216304,19.5240960046748,-26.6935995869444));
#8505=CARTESIAN_POINT('',(-27.1800504216304,19.5240960046748,-18.2484848755643));
#8506=CARTESIAN_POINT('',(-27.1800504216304,17.0240960046748,-12.6935995869444));
#8507=CARTESIAN_POINT('',(-27.1800504216304,7.02409600467479,-12.6935995869444));
#8508=CARTESIAN_POINT('',(-27.1800504216304,17.0240960046748,-26.6935995869444));
#8509=CARTESIAN_POINT('',(-27.1800504216304,17.0240960046748,-18.2484848755643));
#8510=CARTESIAN_POINT('',(-27.1800504216304,7.02409600467479,-26.6935995869444));
#8511=CARTESIAN_POINT('Origin',(-21.2376959120379,7.02409600467479,-26.6935995869444));
#8512=CARTESIAN_POINT('',(-21.2376959120379,19.5240960046748,-26.6935995869444));
#8513=CARTESIAN_POINT('',(-10.4226235517059,19.5240960046748,-26.6935995869444));
#8514=CARTESIAN_POINT('',(-21.2376959120379,17.0240960046748,-26.6935995869444));
#8515=CARTESIAN_POINT('',(-10.4226235517059,17.0240960046748,-26.6935995869444));
#8516=CARTESIAN_POINT('',(-21.2376959120379,7.02409600467479,-26.6935995869444));
#8517=CARTESIAN_POINT('Origin',(-20.1225511913741,7.02409600467479,-25.6533701641842));
#8518=CARTESIAN_POINT('',(-19.0074064707104,19.5240960046748,-26.6935995869444));
#8519=CARTESIAN_POINT('Origin',(-20.1225511913741,19.5240960046748,-25.6533701641842));
#8520=CARTESIAN_POINT('',(-19.0074064707104,17.0240960046748,-26.6935995869444));
#8521=CARTESIAN_POINT('Origin',(-20.1225511913741,17.0240960046748,-25.6533701641842));
#8522=CARTESIAN_POINT('',(-19.0074064707104,7.02409600467479,-26.6935995869444));
#8523=CARTESIAN_POINT('Origin',(-13.1800504216303,7.02409600467479,-26.6935995869444));
#8524=CARTESIAN_POINT('',(-13.1800504216303,19.5240960046748,-26.6935995869444));
#8525=CARTESIAN_POINT('',(-6.39380080650219,19.5240960046748,-26.6935995869444));
#8526=CARTESIAN_POINT('',(-13.1800504216303,17.0240960046748,-26.6935995869444));
#8527=CARTESIAN_POINT('',(-6.39380080650219,17.0240960046748,-26.6935995869444));
#8528=CARTESIAN_POINT('',(-13.1800504216303,7.02409600467479,-26.6935995869444));
#8529=CARTESIAN_POINT('Origin',(-13.1800504216303,7.02409600467479,-12.6935995869444));
#8530=CARTESIAN_POINT('',(-13.1800504216303,19.5240960046748,-12.6935995869444));
#8531=CARTESIAN_POINT('',(-13.1800504216303,19.5240960046748,-11.2484848755643));
#8532=CARTESIAN_POINT('',(-13.1800504216303,17.0240960046748,-12.6935995869444));
#8533=CARTESIAN_POINT('',(-13.1800504216303,17.0240960046748,-11.2484848755643));
#8534=CARTESIAN_POINT('',(-13.1800504216303,7.02409600467479,-12.6935995869444));
#8535=CARTESIAN_POINT('Origin',(-27.1800504216304,7.02409600467479,-12.6935995869444));
#8536=CARTESIAN_POINT('',(-13.3938008065022,19.5240960046748,-12.6935995869444));
#8537=CARTESIAN_POINT('',(-13.3938008065022,17.0240960046748,-12.6935995869444));
#8538=CARTESIAN_POINT('Origin',(-45.1800504216304,7.02409600467479,24.3064004130556));
#8539=CARTESIAN_POINT('',(-45.1800504216304,19.5240960046748,38.3064004130556));
#8540=CARTESIAN_POINT('',(-45.1800504216304,19.5240960046748,24.3064004130556));
#8541=CARTESIAN_POINT('',(-45.1800504216304,19.5240960046748,7.25151512443571));
#8542=CARTESIAN_POINT('',(-45.1800504216304,17.0240960046748,38.3064004130556));
#8543=CARTESIAN_POINT('',(-45.1800504216304,7.02409600467479,38.3064004130556));
#8544=CARTESIAN_POINT('',(-45.1800504216304,17.0240960046748,24.3064004130556));
#8545=CARTESIAN_POINT('',(-45.1800504216304,17.0240960046748,7.25151512443571));
#8546=CARTESIAN_POINT('',(-45.1800504216304,7.02409600467479,24.3064004130556));
#8547=CARTESIAN_POINT('Origin',(-39.2376959120378,7.02409600467479,24.3064004130556));
#8548=CARTESIAN_POINT('',(-39.2376959120378,19.5240960046748,24.3064004130556));
#8549=CARTESIAN_POINT('',(-19.4226235517059,19.5240960046748,24.3064004130556));
#8550=CARTESIAN_POINT('',(-39.2376959120378,17.0240960046748,24.3064004130556));
#8551=CARTESIAN_POINT('',(-19.4226235517059,17.0240960046748,24.3064004130556));
#8552=CARTESIAN_POINT('',(-39.2376959120378,7.02409600467479,24.3064004130556));
#8553=CARTESIAN_POINT('Origin',(-38.1225511913741,7.02409600467479,25.3466298358158));
#8554=CARTESIAN_POINT('',(-37.0074064707104,19.5240960046748,24.3064004130556));
#8555=CARTESIAN_POINT('Origin',(-38.1225511913741,19.5240960046748,25.3466298358158));
#8556=CARTESIAN_POINT('',(-37.0074064707104,17.0240960046748,24.3064004130556));
#8557=CARTESIAN_POINT('Origin',(-38.1225511913741,17.0240960046748,25.3466298358158));
#8558=CARTESIAN_POINT('',(-37.0074064707104,7.02409600467479,24.3064004130556));
#8559=CARTESIAN_POINT('Origin',(-31.1800504216304,7.02409600467479,24.3064004130556));
#8560=CARTESIAN_POINT('',(-31.1800504216304,19.5240960046748,24.3064004130556));
#8561=CARTESIAN_POINT('',(-15.3938008065022,19.5240960046748,24.3064004130556));
#8562=CARTESIAN_POINT('',(-31.1800504216304,17.0240960046748,24.3064004130556));
#8563=CARTESIAN_POINT('',(-15.3938008065022,17.0240960046748,24.3064004130556));
#8564=CARTESIAN_POINT('',(-31.1800504216304,7.02409600467479,24.3064004130556));
#8565=CARTESIAN_POINT('Origin',(-31.1800504216304,7.02409600467479,38.3064004130556));
#8566=CARTESIAN_POINT('',(-31.1800504216304,19.5240960046748,38.3064004130556));
#8567=CARTESIAN_POINT('',(-31.1800504216304,19.5240960046748,14.2515151244357));
#8568=CARTESIAN_POINT('',(-31.1800504216304,17.0240960046748,38.3064004130556));
#8569=CARTESIAN_POINT('',(-31.1800504216304,17.0240960046748,14.2515151244357));
#8570=CARTESIAN_POINT('',(-31.1800504216304,7.02409600467479,38.3064004130556));
#8571=CARTESIAN_POINT('Origin',(-45.1800504216304,7.02409600467479,38.3064004130556));
#8572=CARTESIAN_POINT('',(-22.3938008065022,19.5240960046748,38.3064004130556));
#8573=CARTESIAN_POINT('',(-22.3938008065022,17.0240960046748,38.3064004130556));
#8574=CARTESIAN_POINT('Origin',(-45.1800504216304,7.02409600467479,7.30640041305564));
#8575=CARTESIAN_POINT('',(-45.1800504216304,19.5240960046748,21.3064004130556));
#8576=CARTESIAN_POINT('',(-45.1800504216304,19.5240960046748,7.30640041305564));
#8577=CARTESIAN_POINT('',(-45.1800504216304,19.5240960046748,-1.24848487556429));
#8578=CARTESIAN_POINT('',(-45.1800504216304,17.0240960046748,21.3064004130556));
#8579=CARTESIAN_POINT('',(-45.1800504216304,7.02409600467479,21.3064004130556));
#8580=CARTESIAN_POINT('',(-45.1800504216304,17.0240960046748,7.30640041305564));
#8581=CARTESIAN_POINT('',(-45.1800504216304,17.0240960046748,-1.24848487556429));
#8582=CARTESIAN_POINT('',(-45.1800504216304,7.02409600467479,7.30640041305564));
#8583=CARTESIAN_POINT('Origin',(-39.2376959120378,7.02409600467479,7.30640041305564));
#8584=CARTESIAN_POINT('',(-39.2376959120378,19.5240960046748,7.30640041305564));
#8585=CARTESIAN_POINT('',(-19.4226235517059,19.5240960046748,7.30640041305564));
#8586=CARTESIAN_POINT('',(-39.2376959120378,17.0240960046748,7.30640041305564));
#8587=CARTESIAN_POINT('',(-19.4226235517059,17.0240960046748,7.30640041305564));
#8588=CARTESIAN_POINT('',(-39.2376959120378,7.02409600467479,7.30640041305564));
#8589=CARTESIAN_POINT('Origin',(-38.1225511913741,7.02409600467479,8.34662983581578));
#8590=CARTESIAN_POINT('',(-37.0074064707104,19.5240960046748,7.30640041305564));
#8591=CARTESIAN_POINT('Origin',(-38.1225511913741,19.5240960046748,8.34662983581578));
#8592=CARTESIAN_POINT('',(-37.0074064707104,17.0240960046748,7.30640041305564));
#8593=CARTESIAN_POINT('Origin',(-38.1225511913741,17.0240960046748,8.34662983581578));
#8594=CARTESIAN_POINT('',(-37.0074064707104,7.02409600467479,7.30640041305564));
#8595=CARTESIAN_POINT('Origin',(-31.1800504216304,7.02409600467479,7.30640041305564));
#8596=CARTESIAN_POINT('',(-31.1800504216304,19.5240960046748,7.30640041305564));
#8597=CARTESIAN_POINT('',(-15.3938008065022,19.5240960046748,7.30640041305564));
#8598=CARTESIAN_POINT('',(-31.1800504216304,17.0240960046748,7.30640041305564));
#8599=CARTESIAN_POINT('',(-15.3938008065022,17.0240960046748,7.30640041305564));
#8600=CARTESIAN_POINT('',(-31.1800504216304,7.02409600467479,7.30640041305564));
#8601=CARTESIAN_POINT('Origin',(-31.1800504216304,7.02409600467479,21.3064004130556));
#8602=CARTESIAN_POINT('',(-31.1800504216304,19.5240960046748,21.3064004130556));
#8603=CARTESIAN_POINT('',(-31.1800504216304,19.5240960046748,5.75151512443571));
#8604=CARTESIAN_POINT('',(-31.1800504216304,17.0240960046748,21.3064004130556));
#8605=CARTESIAN_POINT('',(-31.1800504216304,17.0240960046748,5.75151512443571));
#8606=CARTESIAN_POINT('',(-31.1800504216304,7.02409600467479,21.3064004130556));
#8607=CARTESIAN_POINT('Origin',(-45.1800504216304,7.02409600467479,21.3064004130556));
#8608=CARTESIAN_POINT('',(-22.3938008065022,19.5240960046748,21.3064004130556));
#8609=CARTESIAN_POINT('',(-22.3938008065022,17.0240960046748,21.3064004130556));
#8610=CARTESIAN_POINT('Origin',(44.8199495783697,7.02409600467479,-6.29359958694435));
#8611=CARTESIAN_POINT('',(44.8199495783697,19.5240960046748,7.70640041305565));
#8612=CARTESIAN_POINT('',(44.8199495783697,19.5240960046748,-6.29359958694435));
#8613=CARTESIAN_POINT('',(44.8199495783697,19.5240960046748,-8.04848487556428));
#8614=CARTESIAN_POINT('',(44.8199495783697,17.0240960046748,7.70640041305565));
#8615=CARTESIAN_POINT('',(44.8199495783697,7.02409600467479,7.70640041305565));
#8616=CARTESIAN_POINT('',(44.8199495783697,17.0240960046748,-6.29359958694435));
#8617=CARTESIAN_POINT('',(44.8199495783697,17.0240960046748,-8.04848487556428));
#8618=CARTESIAN_POINT('',(44.8199495783697,7.02409600467479,-6.29359958694435));
#8619=CARTESIAN_POINT('Origin',(50.7623040879622,7.02409600467479,-6.29359958694435));
#8620=CARTESIAN_POINT('',(50.7623040879622,19.5240960046748,-6.29359958694435));
#8621=CARTESIAN_POINT('',(25.5773764482941,19.5240960046748,-6.29359958694435));
#8622=CARTESIAN_POINT('',(50.7623040879622,17.0240960046748,-6.29359958694435));
#8623=CARTESIAN_POINT('',(25.5773764482941,17.0240960046748,-6.29359958694435));
#8624=CARTESIAN_POINT('',(50.7623040879622,7.02409600467479,-6.29359958694435));
#8625=CARTESIAN_POINT('Origin',(51.877448808626,7.02409600467479,-5.25337016418423));
#8626=CARTESIAN_POINT('',(52.9925935292897,19.5240960046748,-6.29359958694435));
#8627=CARTESIAN_POINT('Origin',(51.877448808626,19.5240960046748,-5.25337016418423));
#8628=CARTESIAN_POINT('',(52.9925935292897,17.0240960046748,-6.29359958694435));
#8629=CARTESIAN_POINT('Origin',(51.877448808626,17.0240960046748,-5.25337016418423));
#8630=CARTESIAN_POINT('',(52.9925935292897,7.02409600467479,-6.29359958694435));
#8631=CARTESIAN_POINT('Origin',(58.8199495783697,7.02409600467479,-6.29359958694435));
#8632=CARTESIAN_POINT('',(58.8199495783697,19.5240960046748,-6.29359958694435));
#8633=CARTESIAN_POINT('',(29.6061991934978,19.5240960046748,-6.29359958694435));
#8634=CARTESIAN_POINT('',(58.8199495783697,17.0240960046748,-6.29359958694435));
#8635=CARTESIAN_POINT('',(29.6061991934978,17.0240960046748,-6.29359958694435));
#8636=CARTESIAN_POINT('',(58.8199495783697,7.02409600467479,-6.29359958694435));
#8637=CARTESIAN_POINT('Origin',(58.8199495783697,7.02409600467479,7.70640041305565));
#8638=CARTESIAN_POINT('',(58.8199495783697,19.5240960046748,7.70640041305565));
#8639=CARTESIAN_POINT('',(58.8199495783697,19.5240960046748,-1.04848487556428));
#8640=CARTESIAN_POINT('',(58.8199495783697,17.0240960046748,7.70640041305565));
#8641=CARTESIAN_POINT('',(58.8199495783697,17.0240960046748,-1.04848487556428));
#8642=CARTESIAN_POINT('',(58.8199495783697,7.02409600467479,7.70640041305565));
#8643=CARTESIAN_POINT('Origin',(44.8199495783697,7.02409600467479,7.70640041305565));
#8644=CARTESIAN_POINT('',(22.6061991934978,19.5240960046748,7.70640041305565));
#8645=CARTESIAN_POINT('',(22.6061991934978,17.0240960046748,7.70640041305565));
#8646=CARTESIAN_POINT('Origin',(8.81994957836966,7.02409600467479,-60.6935995869444));
#8647=CARTESIAN_POINT('',(8.81994957836966,19.5240960046748,-46.6935995869444));
#8648=CARTESIAN_POINT('',(8.81994957836966,19.5240960046748,-60.6935995869444));
#8649=CARTESIAN_POINT('',(8.81994957836966,19.5240960046748,-35.2484848755643));
#8650=CARTESIAN_POINT('',(8.81994957836966,17.0240960046748,-46.6935995869444));
#8651=CARTESIAN_POINT('',(8.81994957836966,7.02409600467479,-46.6935995869444));
#8652=CARTESIAN_POINT('',(8.81994957836966,17.0240960046748,-60.6935995869444));
#8653=CARTESIAN_POINT('',(8.81994957836966,17.0240960046748,-35.2484848755643));
#8654=CARTESIAN_POINT('',(8.81994957836966,7.02409600467479,-60.6935995869444));
#8655=CARTESIAN_POINT('Origin',(14.7623040879623,7.02409600467479,-60.6935995869444));
#8656=CARTESIAN_POINT('',(14.7623040879623,19.5240960046748,-60.6935995869444));
#8657=CARTESIAN_POINT('',(7.57737644829413,19.5240960046748,-60.6935995869444));
#8658=CARTESIAN_POINT('',(14.7623040879623,17.0240960046748,-60.6935995869444));
#8659=CARTESIAN_POINT('',(7.57737644829413,17.0240960046748,-60.6935995869444));
#8660=CARTESIAN_POINT('',(14.7623040879623,7.02409600467479,-60.6935995869444));
#8661=CARTESIAN_POINT('Origin',(15.877448808626,7.02409600467479,-59.6533701641842));
#8662=CARTESIAN_POINT('',(16.9925935292896,19.5240960046748,-60.6935995869444));
#8663=CARTESIAN_POINT('Origin',(15.877448808626,19.5240960046748,-59.6533701641842));
#8664=CARTESIAN_POINT('',(16.9925935292896,17.0240960046748,-60.6935995869444));
#8665=CARTESIAN_POINT('Origin',(15.877448808626,17.0240960046748,-59.6533701641842));
#8666=CARTESIAN_POINT('',(16.9925935292896,7.02409600467479,-60.6935995869444));
#8667=CARTESIAN_POINT('Origin',(22.8199495783697,7.02409600467479,-60.6935995869444));
#8668=CARTESIAN_POINT('',(22.8199495783697,19.5240960046748,-60.6935995869444));
#8669=CARTESIAN_POINT('',(11.6061991934978,19.5240960046748,-60.6935995869444));
#8670=CARTESIAN_POINT('',(22.8199495783697,17.0240960046748,-60.6935995869444));
#8671=CARTESIAN_POINT('',(11.6061991934978,17.0240960046748,-60.6935995869444));
#8672=CARTESIAN_POINT('',(22.8199495783697,7.02409600467479,-60.6935995869444));
#8673=CARTESIAN_POINT('Origin',(22.8199495783697,7.02409600467479,-46.6935995869444));
#8674=CARTESIAN_POINT('',(22.8199495783697,19.5240960046748,-46.6935995869444));
#8675=CARTESIAN_POINT('',(22.8199495783697,19.5240960046748,-28.2484848755643));
#8676=CARTESIAN_POINT('',(22.8199495783697,17.0240960046748,-46.6935995869444));
#8677=CARTESIAN_POINT('',(22.8199495783697,17.0240960046748,-28.2484848755643));
#8678=CARTESIAN_POINT('',(22.8199495783697,7.02409600467479,-46.6935995869444));
#8679=CARTESIAN_POINT('Origin',(8.81994957836966,7.02409600467479,-46.6935995869444));
#8680=CARTESIAN_POINT('',(4.60619919349781,19.5240960046748,-46.6935995869444));
#8681=CARTESIAN_POINT('',(4.60619919349781,17.0240960046748,-46.6935995869444));
#8682=CARTESIAN_POINT('Origin',(-9.18005042163035,7.02409600467479,-13.0935995869444));
#8683=CARTESIAN_POINT('',(-9.18005042163035,19.5240960046748,0.906400413055639));
#8684=CARTESIAN_POINT('',(-9.18005042163035,19.5240960046748,-13.0935995869444));
#8685=CARTESIAN_POINT('',(-9.18005042163035,19.5240960046748,-11.4484848755643));
#8686=CARTESIAN_POINT('',(-9.18005042163035,17.0240960046748,0.906400413055639));
#8687=CARTESIAN_POINT('',(-9.18005042163035,7.02409600467479,0.906400413055639));
#8688=CARTESIAN_POINT('',(-9.18005042163035,17.0240960046748,-13.0935995869444));
#8689=CARTESIAN_POINT('',(-9.18005042163035,17.0240960046748,-11.4484848755643));
#8690=CARTESIAN_POINT('',(-9.18005042163035,7.02409600467479,-13.0935995869444));
#8691=CARTESIAN_POINT('Origin',(-3.23769591203772,7.02409600467479,-13.0935995869444));
#8692=CARTESIAN_POINT('',(-3.23769591203772,19.5240960046748,-13.0935995869444));
#8693=CARTESIAN_POINT('',(-1.42262355170588,19.5240960046748,-13.0935995869444));
#8694=CARTESIAN_POINT('',(-3.23769591203772,17.0240960046748,-13.0935995869444));
#8695=CARTESIAN_POINT('',(-1.42262355170588,17.0240960046748,-13.0935995869444));
#8696=CARTESIAN_POINT('',(-3.23769591203772,7.02409600467479,-13.0935995869444));
#8697=CARTESIAN_POINT('Origin',(-2.12255119137403,7.02409600467479,-12.0533701641842));
#8698=CARTESIAN_POINT('',(-1.00740647071034,19.5240960046748,-13.0935995869444));
#8699=CARTESIAN_POINT('Origin',(-2.12255119137403,19.5240960046748,-12.0533701641842));
#8700=CARTESIAN_POINT('',(-1.00740647071034,17.0240960046748,-13.0935995869444));
#8701=CARTESIAN_POINT('Origin',(-2.12255119137403,17.0240960046748,-12.0533701641842));
#8702=CARTESIAN_POINT('',(-1.00740647071034,7.02409600467479,-13.0935995869444));
#8703=CARTESIAN_POINT('Origin',(4.81994957836967,7.02409600467479,-13.0935995869444));
#8704=CARTESIAN_POINT('',(4.81994957836967,19.5240960046748,-13.0935995869444));
#8705=CARTESIAN_POINT('',(2.60619919349781,19.5240960046748,-13.0935995869444));
#8706=CARTESIAN_POINT('',(4.81994957836967,17.0240960046748,-13.0935995869444));
#8707=CARTESIAN_POINT('',(2.60619919349781,17.0240960046748,-13.0935995869444));
#8708=CARTESIAN_POINT('',(4.81994957836967,7.02409600467479,-13.0935995869444));
#8709=CARTESIAN_POINT('Origin',(4.81994957836967,7.02409600467479,0.906400413055639));
#8710=CARTESIAN_POINT('',(4.81994957836967,19.5240960046748,0.906400413055639));
#8711=CARTESIAN_POINT('',(4.81994957836967,19.5240960046748,-4.44848487556429));
#8712=CARTESIAN_POINT('',(4.81994957836967,17.0240960046748,0.906400413055639));
#8713=CARTESIAN_POINT('',(4.81994957836967,17.0240960046748,-4.44848487556429));
#8714=CARTESIAN_POINT('',(4.81994957836967,7.02409600467479,0.906400413055639));
#8715=CARTESIAN_POINT('Origin',(-9.18005042163035,7.02409600467479,0.906400413055639));
#8716=CARTESIAN_POINT('',(-4.3938008065022,19.5240960046748,0.906400413055639));
#8717=CARTESIAN_POINT('',(-4.3938008065022,17.0240960046748,0.906400413055639));
#8718=CARTESIAN_POINT('Origin',(7.37744880862593,17.0240960046748,-68.2233701641842));
#8719=CARTESIAN_POINT('',(-20.5625511913741,17.0240960046748,-68.2233701641842));
#8720=CARTESIAN_POINT('',(7.37744880862593,17.0240960046748,-68.2233701641842));
#8721=CARTESIAN_POINT('',(-20.5625511913741,17.0240960046748,-68.2233701641842));
#8722=CARTESIAN_POINT('',(-20.5625511913741,19.5240960046748,-68.2233701641842));
#8723=CARTESIAN_POINT('',(-20.5625511913741,17.0240960046748,-68.2233701641842));
#8724=CARTESIAN_POINT('',(7.37744880862593,19.5240960046748,-68.2233701641842));
#8725=CARTESIAN_POINT('',(-20.5625511913741,19.5240960046748,-68.2233701641842));
#8726=CARTESIAN_POINT('',(7.37744880862593,17.0240960046748,-68.2233701641842));
#8727=CARTESIAN_POINT('Origin',(28.967448808626,17.0240960046748,-61.8733701641842));
#8728=CARTESIAN_POINT('',(28.967448808626,17.0240960046748,-61.8733701641842));
#8729=CARTESIAN_POINT('',(7.37744880862593,17.0240960046748,-68.2233701641842));
#8730=CARTESIAN_POINT('',(28.967448808626,19.5240960046748,-61.8733701641842));
#8731=CARTESIAN_POINT('',(7.37744880862593,19.5240960046748,-68.2233701641842));
#8732=CARTESIAN_POINT('',(28.967448808626,17.0240960046748,-61.8733701641842));
#8733=CARTESIAN_POINT('Origin',(65.7974488086259,17.0240960046748,-61.8733701641842));
#8734=CARTESIAN_POINT('',(65.7974488086259,17.0240960046748,-61.8733701641842));
#8735=CARTESIAN_POINT('',(28.967448808626,17.0240960046748,-61.8733701641842));
#8736=CARTESIAN_POINT('',(65.7974488086259,19.5240960046748,-61.8733701641842));
#8737=CARTESIAN_POINT('',(28.967448808626,19.5240960046748,-61.8733701641842));
#8738=CARTESIAN_POINT('',(65.7974488086259,17.0240960046748,-61.8733701641842));
#8739=CARTESIAN_POINT('Origin',(65.7974488086259,17.0240960046748,48.6166298358158));
#8740=CARTESIAN_POINT('',(65.7974488086259,17.0240960046748,48.6166298358158));
#8741=CARTESIAN_POINT('',(65.7974488086259,17.0240960046748,-61.8733701641842));
#8742=CARTESIAN_POINT('',(65.7974488086259,19.5240960046748,48.6166298358158));
#8743=CARTESIAN_POINT('',(65.7974488086259,19.5240960046748,-61.8733701641842));
#8744=CARTESIAN_POINT('',(65.7974488086259,17.0240960046748,48.6166298358158));
#8745=CARTESIAN_POINT('Origin',(-65.012551191374,17.0240960046748,48.6166298358158));
#8746=CARTESIAN_POINT('',(-65.012551191374,17.0240960046748,48.6166298358158));
#8747=CARTESIAN_POINT('',(65.7974488086259,17.0240960046748,48.6166298358158));
#8748=CARTESIAN_POINT('',(-65.012551191374,19.5240960046748,48.6166298358158));
#8749=CARTESIAN_POINT('',(65.7974488086259,19.5240960046748,48.6166298358158));
#8750=CARTESIAN_POINT('',(-65.012551191374,17.0240960046748,48.6166298358158));
#8751=CARTESIAN_POINT('Origin',(-65.012551191374,17.0240960046748,-60.6033701641842));
#8752=CARTESIAN_POINT('',(-65.012551191374,17.0240960046748,-60.6033701641842));
#8753=CARTESIAN_POINT('',(-65.012551191374,17.0240960046748,-60.6033701641842));
#8754=CARTESIAN_POINT('',(-65.012551191374,19.5240960046748,-60.6033701641842));
#8755=CARTESIAN_POINT('',(-65.012551191374,19.5240960046748,-60.6033701641842));
#8756=CARTESIAN_POINT('',(-65.012551191374,17.0240960046748,-60.6033701641842));
#8757=CARTESIAN_POINT('Origin',(-28.1825511913741,17.0240960046748,-66.9533701641842));
#8758=CARTESIAN_POINT('',(-28.1825511913741,17.0240960046748,-66.9533701641842));
#8759=CARTESIAN_POINT('',(-28.1825511913741,17.0240960046748,-66.9533701641842));
#8760=CARTESIAN_POINT('',(-28.1825511913741,19.5240960046748,-66.9533701641842));
#8761=CARTESIAN_POINT('',(-28.1825511913741,19.5240960046748,-66.9533701641842));
#8762=CARTESIAN_POINT('',(-28.1825511913741,17.0240960046748,-66.9533701641842));
#8763=CARTESIAN_POINT('Origin',(-20.5625511913741,17.0240960046748,-68.2233701641842));
#8764=CARTESIAN_POINT('',(-20.5625511913741,17.0240960046748,-68.2233701641842));
#8765=CARTESIAN_POINT('',(-20.5625511913741,19.5240960046748,-68.2233701641842));
#8766=CARTESIAN_POINT('Origin',(0.392448808625954,19.5240960046748,-9.80337016418422));
#8767=CARTESIAN_POINT('Origin',(0.392448808625954,17.0240960046748,-9.80337016418422));
#8768=UNCERTAINTY_MEASURE_WITH_UNIT(LENGTH_MEASURE(0.01),#8772,
'DISTANCE_ACCURACY_VALUE',
'Maximum model space distance between geometric entities at asserted c
onnectivities');
#8769=UNCERTAINTY_MEASURE_WITH_UNIT(LENGTH_MEASURE(0.01),#8772,
'DISTANCE_ACCURACY_VALUE',
'Maximum model space distance between geometric entities at asserted c
onnectivities');
#8770=(
GEOMETRIC_REPRESENTATION_CONTEXT(3)
GLOBAL_UNCERTAINTY_ASSIGNED_CONTEXT((#8768))
GLOBAL_UNIT_ASSIGNED_CONTEXT((#8772,#8774,#8775))
REPRESENTATION_CONTEXT('','3D')
);
#8771=(
GEOMETRIC_REPRESENTATION_CONTEXT(3)
GLOBAL_UNCERTAINTY_ASSIGNED_CONTEXT((#8769))
GLOBAL_UNIT_ASSIGNED_CONTEXT((#8772,#8774,#8775))
REPRESENTATION_CONTEXT('','3D')
);
#8772=(
LENGTH_UNIT()
NAMED_UNIT(*)
SI_UNIT(.MILLI.,.METRE.)
);
#8773=(
LENGTH_UNIT()
NAMED_UNIT(*)
SI_UNIT($,.METRE.)
);
#8774=(
NAMED_UNIT(*)
PLANE_ANGLE_UNIT()
SI_UNIT($,.RADIAN.)
);
#8775=(
NAMED_UNIT(*)
SI_UNIT($,.STERADIAN.)
SOLID_ANGLE_UNIT()
);
#8776=SHAPE_DEFINITION_REPRESENTATION(#8777,#8778);
#8777=PRODUCT_DEFINITION_SHAPE('',$,#8780);
#8778=SHAPE_REPRESENTATION('',(#5492),#8770);
#8779=PRODUCT_DEFINITION_CONTEXT('part definition',#8784,'design');
#8780=PRODUCT_DEFINITION('RightSideSplitKb','RightSideSplitKb v20',#8781,
#8779);
#8781=PRODUCT_DEFINITION_FORMATION('',$,#8786);
#8782=PRODUCT_RELATED_PRODUCT_CATEGORY('RightSideSplitKb v20',
'RightSideSplitKb v20',(#8786));
#8783=APPLICATION_PROTOCOL_DEFINITION('international standard',
'automotive_design',2009,#8784);
#8784=APPLICATION_CONTEXT(
'Core Data for Automotive Mechanical Design Process');
#8785=PRODUCT_CONTEXT('part definition',#8784,'mechanical');
#8786=PRODUCT('RightSideSplitKb','RightSideSplitKb v20',$,(#8785));
#8787=PRESENTATION_STYLE_ASSIGNMENT((#8791));
#8788=PRESENTATION_STYLE_ASSIGNMENT((#8792));
#8789=PRESENTATION_STYLE_ASSIGNMENT((#8793));
#8790=PRESENTATION_STYLE_ASSIGNMENT((#8794));
#8791=SURFACE_STYLE_USAGE(.BOTH.,#8795);
#8792=SURFACE_STYLE_USAGE(.BOTH.,#8796);
#8793=SURFACE_STYLE_USAGE(.BOTH.,#8797);
#8794=SURFACE_STYLE_USAGE(.BOTH.,#8798);
#8795=SURFACE_SIDE_STYLE('',(#8799));
#8796=SURFACE_SIDE_STYLE('',(#8800));
#8797=SURFACE_SIDE_STYLE('',(#8801));
#8798=SURFACE_SIDE_STYLE('',(#8802));
#8799=SURFACE_STYLE_FILL_AREA(#8803);
#8800=SURFACE_STYLE_FILL_AREA(#8804);
#8801=SURFACE_STYLE_FILL_AREA(#8805);
#8802=SURFACE_STYLE_FILL_AREA(#8806);
#8803=FILL_AREA_STYLE('Steel - Satin',(#8807));
#8804=FILL_AREA_STYLE('Opaque(80,124,105)',(#8808));
#8805=FILL_AREA_STYLE('Plastic - Matte (Black)',(#8809));
#8806=FILL_AREA_STYLE('Plastic - Glossy (Yellow)',(#8810));
#8807=FILL_AREA_STYLE_COLOUR('Steel - Satin',#8811);
#8808=FILL_AREA_STYLE_COLOUR('Opaque(80,124,105)',#8812);
#8809=FILL_AREA_STYLE_COLOUR('Plastic - Matte (Black)',#8813);
#8810=FILL_AREA_STYLE_COLOUR('Plastic - Glossy (Yellow)',#8814);
#8811=COLOUR_RGB('Steel - Satin',0.627450980392157,0.627450980392157,0.627450980392157);
#8812=COLOUR_RGB('Opaque(80,124,105)',0.313725490196078,0.486274509803922,
0.411764705882353);
#8813=COLOUR_RGB('Plastic - Matte (Black)',0.0980392156862745,0.0980392156862745,
0.0980392156862745);
#8814=COLOUR_RGB('Plastic - Glossy (Yellow)',0.909803921568627,0.67843137254902,
0.137254901960784);
ENDSEC;
END-ISO-10303-21;
