ISO-10303-21;
HEADER;
/* Generated by software containing ST-Developer
 * from STEP Tools, Inc. (www.steptools.com) 
 */

FILE_DESCRIPTION(
/* description */ (''),
/* implementation_level */ '2;1');

FILE_NAME(
/* name */ 'RightSideOuterShell.step',
/* time_stamp */ '2026-06-17T20:06:56+03:00',
/* author */ (''),
/* organization */ (''),
/* preprocessor_version */ 'ST-DEVELOPER v20.1',
/* originating_system */ 'Autodesk Translation Framework v15.8.0.0',
/* authorisation */ '');

FILE_SCHEMA (('AUTOMOTIVE_DESIGN { 1 0 10303 214 3 1 1 }'));
ENDSEC;

DATA;
#10=MECHANICAL_DESIGN_GEOMETRIC_PRESENTATION_REPRESENTATION('',(#13),#7430);
#11=SHAPE_REPRESENTATION_RELATIONSHIP('SRR','None',#7437,#12);
#12=ADVANCED_BREP_SHAPE_REPRESENTATION('',(#14),#7429);
#13=STYLED_ITEM('',(#7448),#14);
#14=MANIFOLD_SOLID_BREP('OuterShell',#2251);
#15=(
BOUNDED_SURFACE()
B_SPLINE_SURFACE(5,1,((#4070,#4071),(#4072,#4073),(#4074,#4075),(#4076,
#4077),(#4078,#4079),(#4080,#4081),(#4082,#4083),(#4084,#4085),(#4086,#4087),
(#4088,#4089),(#4090,#4091),(#4092,#4093),(#4094,#4095),(#4096,#4097),(#4098,
#4099),(#4100,#4101),(#4102,#4103),(#4104,#4105),(#4106,#4107),(#4108,#4109),
(#4110,#4111),(#4112,#4113),(#4114,#4115),(#4116,#4117),(#4118,#4119),(#4120,
#4121),(#4122,#4123),(#4124,#4125),(#4126,#4127),(#4128,#4129),(#4130,#4131),
(#4132,#4133),(#4134,#4135),(#4136,#4137),(#4138,#4139),(#4140,#4141),(#4142,
#4143),(#4144,#4145),(#4146,#4147),(#4148,#4149)),.UNSPECIFIED.,.F.,.F.,
 .F.)
B_SPLINE_SURFACE_WITH_KNOTS((6,1,1,1,1,1,1,1,1,1,1,1,1,1,1,1,1,1,1,1,1,
1,1,1,1,1,1,1,1,1,1,1,1,1,1,6),(2,2),(0.00305761203549339,0.0285714285714286,
0.0571428571428571,0.0857142857142857,0.114285714285714,0.142857142857143,
0.171428571428571,0.2,0.228571428571429,0.257142857142857,0.285714285714286,
0.314285714285714,0.342857142857143,0.371428571428571,0.4,0.428571428571429,
0.457142857142857,0.485714285714286,0.514285714285714,0.542857142857143,
0.571428571428572,0.6,0.628571428571429,0.657142857142857,0.685714285714286,
0.714285714285714,0.742857142857143,0.771428571428571,0.8,0.828571428571429,
0.857142857142857,0.885714285714286,0.914285714285715,0.942857142857143,
0.971428571428572,1.),(0.,0.05),.UNSPECIFIED.)
GEOMETRIC_REPRESENTATION_ITEM()
RATIONAL_B_SPLINE_SURFACE(((1.,1.),(1.,1.),(1.,1.),(1.,1.),(1.,1.),(1.,
1.),(1.,1.),(1.,1.),(1.,1.),(1.,1.),(1.,1.),(1.,1.),(1.,1.),(1.,1.),(1.,
1.),(1.,1.),(1.,1.),(1.,1.),(1.,1.),(1.,1.),(1.,1.),(1.,1.),(1.,1.),(1.,
1.),(1.,1.),(1.,1.),(1.,1.),(1.,1.),(1.,1.),(1.,1.),(1.,1.),(1.,1.),(1.,
1.),(1.,1.),(1.,1.),(1.,1.),(1.,1.),(1.,1.),(1.,1.),(1.,1.)))
REPRESENTATION_ITEM('')
SURFACE()
);
#16=(
BOUNDED_SURFACE()
B_SPLINE_SURFACE(5,1,((#4193,#4194),(#4195,#4196),(#4197,#4198),(#4199,
#4200),(#4201,#4202),(#4203,#4204),(#4205,#4206),(#4207,#4208),(#4209,#4210),
(#4211,#4212),(#4213,#4214),(#4215,#4216),(#4217,#4218),(#4219,#4220),(#4221,
#4222),(#4223,#4224),(#4225,#4226),(#4227,#4228),(#4229,#4230),(#4231,#4232),
(#4233,#4234),(#4235,#4236),(#4237,#4238),(#4239,#4240),(#4241,#4242),(#4243,
#4244),(#4245,#4246),(#4247,#4248),(#4249,#4250),(#4251,#4252),(#4253,#4254),
(#4255,#4256),(#4257,#4258),(#4259,#4260),(#4261,#4262),(#4263,#4264),(#4265,
#4266),(#4267,#4268),(#4269,#4270),(#4271,#4272)),.UNSPECIFIED.,.F.,.F.,
 .F.)
B_SPLINE_SURFACE_WITH_KNOTS((6,1,1,1,1,1,1,1,1,1,1,1,1,1,1,1,1,1,1,1,1,
1,1,1,1,1,1,1,1,1,1,1,1,1,1,6),(2,2),(0.,0.0285714285714286,0.0571428571428571,
0.0857142857142857,0.114285714285714,0.142857142857143,0.171428571428571,
0.2,0.228571428571429,0.257142857142857,0.285714285714286,0.314285714285714,
0.342857142857143,0.371428571428571,0.4,0.428571428571429,0.457142857142857,
0.485714285714286,0.514285714285714,0.542857142857143,0.571428571428572,
0.6,0.628571428571429,0.657142857142857,0.685714285714286,0.714285714285714,
0.742857142857143,0.771428571428571,0.8,0.828571428571429,0.857142857142857,
0.885714285714286,0.914285714285715,0.942857142857143,0.971428571428572,
1.),(0.,0.05),.UNSPECIFIED.)
GEOMETRIC_REPRESENTATION_ITEM()
RATIONAL_B_SPLINE_SURFACE(((1.,1.),(1.,1.),(1.,1.),(1.,1.),(1.,1.),(1.,
1.),(1.,1.),(1.,1.),(1.,1.),(1.,1.),(1.,1.),(1.,1.),(1.,1.),(1.,1.),(1.,
1.),(1.,1.),(1.,1.),(1.,1.),(1.,1.),(1.,1.),(1.,1.),(1.,1.),(1.,1.),(1.,
1.),(1.,1.),(1.,1.),(1.,1.),(1.,1.),(1.,1.),(1.,1.),(1.,1.),(1.,1.),(1.,
1.),(1.,1.),(1.,1.),(1.,1.),(1.,1.),(1.,1.),(1.,1.),(1.,1.)))
REPRESENTATION_ITEM('')
SURFACE()
);
#17=(
BOUNDED_SURFACE()
B_SPLINE_SURFACE(5,1,((#4315,#4316),(#4317,#4318),(#4319,#4320),(#4321,
#4322),(#4323,#4324),(#4325,#4326),(#4327,#4328),(#4329,#4330),(#4331,#4332),
(#4333,#4334),(#4335,#4336),(#4337,#4338),(#4339,#4340),(#4341,#4342),(#4343,
#4344),(#4345,#4346),(#4347,#4348),(#4349,#4350),(#4351,#4352),(#4353,#4354),
(#4355,#4356),(#4357,#4358),(#4359,#4360),(#4361,#4362),(#4363,#4364),(#4365,
#4366),(#4367,#4368),(#4369,#4370),(#4371,#4372),(#4373,#4374),(#4375,#4376),
(#4377,#4378),(#4379,#4380),(#4381,#4382),(#4383,#4384)),.UNSPECIFIED.,
 .F.,.F.,.F.)
B_SPLINE_SURFACE_WITH_KNOTS((6,1,1,1,1,1,1,1,1,1,1,1,1,1,1,1,1,1,1,1,1,
1,1,1,1,1,1,1,1,1,6),(2,2),(0.,0.0333333333333333,0.0666666666666667,0.1,
0.133333333333333,0.166666666666667,0.2,0.233333333333333,0.266666666666667,
0.3,0.333333333333333,0.366666666666666,0.4,0.433333333333333,0.466666666666667,
0.5,0.533333333333333,0.566666666666667,0.6,0.633333333333333,0.666666666666667,
0.7,0.733333333333333,0.766666666666667,0.8,0.833333333333333,0.866666666666667,
0.9,0.933333333333333,0.966666666666666,1.),(0.,0.05),.UNSPECIFIED.)
GEOMETRIC_REPRESENTATION_ITEM()
RATIONAL_B_SPLINE_SURFACE(((1.,1.),(1.,1.),(1.,1.),(1.,1.),(1.,1.),(1.,
1.),(1.,1.),(1.,1.),(1.,1.),(1.,1.),(1.,1.),(1.,1.),(1.,1.),(1.,1.),(1.,
1.),(1.,1.),(1.,1.),(1.,1.),(1.,1.),(1.,1.),(1.,1.),(1.,1.),(1.,1.),(1.,
1.),(1.,1.),(1.,1.),(1.,1.),(1.,1.),(1.,1.),(1.,1.),(1.,1.),(1.,1.),(1.,
1.),(1.,1.),(1.,1.)))
REPRESENTATION_ITEM('')
SURFACE()
);
#18=(
BOUNDED_SURFACE()
B_SPLINE_SURFACE(5,1,((#4422,#4423),(#4424,#4425),(#4426,#4427),(#4428,
#4429),(#4430,#4431),(#4432,#4433),(#4434,#4435),(#4436,#4437),(#4438,#4439),
(#4440,#4441),(#4442,#4443),(#4444,#4445),(#4446,#4447),(#4448,#4449),(#4450,
#4451)),.UNSPECIFIED.,.F.,.F.,.F.)
B_SPLINE_SURFACE_WITH_KNOTS((6,1,1,1,1,1,1,1,1,1,6),(2,2),(0.,0.1,0.2,0.3,
0.4,0.5,0.6,0.7,0.8,0.9,1.),(0.,0.05),.UNSPECIFIED.)
GEOMETRIC_REPRESENTATION_ITEM()
RATIONAL_B_SPLINE_SURFACE(((1.,1.),(1.,1.),(1.,1.),(1.,1.),(1.,1.),(1.,
1.),(1.,1.),(1.,1.),(1.,1.),(1.,1.),(1.,1.),(1.,1.),(1.,1.),(1.,1.),(1.,
1.)))
REPRESENTATION_ITEM('')
SURFACE()
);
#19=(
BOUNDED_SURFACE()
B_SPLINE_SURFACE(5,1,((#4469,#4470),(#4471,#4472),(#4473,#4474),(#4475,
#4476),(#4477,#4478),(#4479,#4480),(#4481,#4482),(#4483,#4484),(#4485,#4486),
(#4487,#4488),(#4489,#4490),(#4491,#4492),(#4493,#4494),(#4495,#4496),(#4497,
#4498),(#4499,#4500),(#4501,#4502),(#4503,#4504),(#4505,#4506),(#4507,#4508),
(#4509,#4510),(#4511,#4512),(#4513,#4514),(#4515,#4516),(#4517,#4518),(#4519,
#4520),(#4521,#4522),(#4523,#4524),(#4525,#4526),(#4527,#4528),(#4529,#4530),
(#4531,#4532),(#4533,#4534),(#4535,#4536),(#4537,#4538),(#4539,#4540),(#4541,
#4542),(#4543,#4544),(#4545,#4546),(#4547,#4548),(#4549,#4550),(#4551,#4552),
(#4553,#4554),(#4555,#4556),(#4557,#4558),(#4559,#4560),(#4561,#4562),(#4563,
#4564),(#4565,#4566),(#4567,#4568),(#4569,#4570),(#4571,#4572),(#4573,#4574),
(#4575,#4576),(#4577,#4578)),.UNSPECIFIED.,.F.,.F.,.F.)
B_SPLINE_SURFACE_WITH_KNOTS((6,1,1,1,1,1,1,1,1,1,1,1,1,1,1,1,1,1,1,1,1,
1,1,1,1,1,1,1,1,1,1,1,1,1,1,1,1,1,1,1,1,1,1,1,1,1,1,1,1,1,6),(2,2),(0.,
0.02,0.04,0.06,0.08,0.1,0.12,0.14,0.16,0.18,0.2,0.22,0.24,0.26,0.28,0.3,
0.32,0.34,0.36,0.38,0.4,0.42,0.44,0.46,0.48,0.5,0.52,0.54,0.56,0.58,0.6,
0.62,0.64,0.66,0.68,0.7,0.72,0.74,0.76,0.78,0.8,0.82,0.84,0.86,0.88,0.9,
0.92,0.94,0.96,0.98,1.),(0.,0.05),.UNSPECIFIED.)
GEOMETRIC_REPRESENTATION_ITEM()
RATIONAL_B_SPLINE_SURFACE(((1.,1.),(1.,1.),(1.,1.),(1.,1.),(1.,1.),(1.,
1.),(1.,1.),(1.,1.),(1.,1.),(1.,1.),(1.,1.),(1.,1.),(1.,1.),(1.,1.),(1.,
1.),(1.,1.),(1.,1.),(1.,1.),(1.,1.),(1.,1.),(1.,1.),(1.,1.),(1.,1.),(1.,
1.),(1.,1.),(1.,1.),(1.,1.),(1.,1.),(1.,1.),(1.,1.),(1.,1.),(1.,1.),(1.,
1.),(1.,1.),(1.,1.),(1.,1.),(1.,1.),(1.,1.),(1.,1.),(1.,1.),(1.,1.),(1.,
1.),(1.,1.),(1.,1.),(1.,1.),(1.,1.),(1.,1.),(1.,1.),(1.,1.),(1.,1.),(1.,
1.),(1.,1.),(1.,1.),(1.,1.),(1.,1.)))
REPRESENTATION_ITEM('')
SURFACE()
);
#20=(
BOUNDED_SURFACE()
B_SPLINE_SURFACE(5,1,((#4636,#4637),(#4638,#4639),(#4640,#4641),(#4642,
#4643),(#4644,#4645),(#4646,#4647),(#4648,#4649),(#4650,#4651),(#4652,#4653),
(#4654,#4655),(#4656,#4657),(#4658,#4659),(#4660,#4661),(#4662,#4663),(#4664,
#4665),(#4666,#4667),(#4668,#4669),(#4670,#4671),(#4672,#4673),(#4674,#4675)),
 .UNSPECIFIED.,.F.,.F.,.F.)
B_SPLINE_SURFACE_WITH_KNOTS((6,1,1,1,1,1,1,1,1,1,1,1,1,1,1,6),(2,2),(0.500824184137209,
0.533333333333333,0.566666666666667,0.6,0.633333333333333,0.666666666666667,
0.7,0.733333333333333,0.766666666666667,0.8,0.833333333333333,0.866666666666667,
0.9,0.933333333333333,0.966666666666666,1.),(0.,0.05),.UNSPECIFIED.)
GEOMETRIC_REPRESENTATION_ITEM()
RATIONAL_B_SPLINE_SURFACE(((1.,1.),(1.,1.),(1.,1.),(1.,1.),(1.,1.),(1.,
1.),(1.,1.),(1.,1.),(1.,1.),(1.,1.),(1.,1.),(1.,1.),(1.,1.),(1.,1.),(1.,
1.),(1.,1.),(1.,1.),(1.,1.),(1.,1.),(1.,1.)))
REPRESENTATION_ITEM('')
SURFACE()
);
#21=(
BOUNDED_SURFACE()
B_SPLINE_SURFACE(5,1,((#4698,#4699),(#4700,#4701),(#4702,#4703),(#4704,
#4705),(#4706,#4707),(#4708,#4709),(#4710,#4711),(#4712,#4713),(#4714,#4715),
(#4716,#4717),(#4718,#4719),(#4720,#4721),(#4722,#4723),(#4724,#4725),(#4726,
#4727),(#4728,#4729),(#4730,#4731),(#4732,#4733),(#4734,#4735),(#4736,#4737),
(#4738,#4739),(#4740,#4741),(#4742,#4743),(#4744,#4745),(#4746,#4747),(#4748,
#4749),(#4750,#4751),(#4752,#4753),(#4754,#4755),(#4756,#4757),(#4758,#4759),
(#4760,#4761),(#4762,#4763),(#4764,#4765),(#4766,#4767),(#4768,#4769),(#4770,
#4771),(#4772,#4773),(#4774,#4775),(#4776,#4777),(#4778,#4779),(#4780,#4781),
(#4782,#4783),(#4784,#4785),(#4786,#4787),(#4788,#4789),(#4790,#4791),(#4792,
#4793),(#4794,#4795),(#4796,#4797),(#4798,#4799),(#4800,#4801),(#4802,#4803),
(#4804,#4805),(#4806,#4807),(#4808,#4809),(#4810,#4811),(#4812,#4813),(#4814,
#4815),(#4816,#4817),(#4818,#4819),(#4820,#4821),(#4822,#4823),(#4824,#4825),
(#4826,#4827)),.UNSPECIFIED.,.F.,.F.,.F.)
B_SPLINE_SURFACE_WITH_KNOTS((6,1,1,1,1,1,1,1,1,1,1,1,1,1,1,1,1,1,1,1,1,
1,1,1,1,1,1,1,1,1,1,1,1,1,1,1,1,1,1,1,1,1,1,1,1,1,1,1,1,1,1,1,1,1,1,1,1,
1,1,1,6),(2,2),(0.,0.0166666666666667,0.0333333333333333,0.05,0.0666666666666667,
0.0833333333333333,0.1,0.116666666666667,0.133333333333333,0.15,0.166666666666667,
0.183333333333333,0.2,0.216666666666667,0.233333333333333,0.25,0.266666666666667,
0.283333333333333,0.3,0.316666666666667,0.333333333333333,0.35,0.366666666666666,
0.383333333333333,0.4,0.416666666666667,0.433333333333333,0.45,0.466666666666667,
0.483333333333333,0.5,0.516666666666667,0.533333333333333,0.55,0.566666666666667,
0.583333333333333,0.6,0.616666666666667,0.633333333333334,0.65,0.666666666666667,
0.683333333333334,0.700000000000001,0.716666666666667,0.733333333333334,
0.750000000000001,0.766666666666667,0.783333333333334,0.800000000000001,
0.816666666666668,0.833333333333334,0.850000000000001,0.866666666666668,
0.883333333333334,0.900000000000001,0.916666666666668,0.933333333333334,
0.950000000000001,0.966666666666668,0.983333333333335,1.),(0.,0.05),
 .UNSPECIFIED.)
GEOMETRIC_REPRESENTATION_ITEM()
RATIONAL_B_SPLINE_SURFACE(((1.,1.),(1.,1.),(1.,1.),(1.,1.),(1.,1.),(1.,
1.),(1.,1.),(1.,1.),(1.,1.),(1.,1.),(1.,1.),(1.,1.),(1.,1.),(1.,1.),(1.,
1.),(1.,1.),(1.,1.),(1.,1.),(1.,1.),(1.,1.),(1.,1.),(1.,1.),(1.,1.),(1.,
1.),(1.,1.),(1.,1.),(1.,1.),(1.,1.),(1.,1.),(1.,1.),(1.,1.),(1.,1.),(1.,
1.),(1.,1.),(1.,1.),(1.,1.),(1.,1.),(1.,1.),(1.,1.),(1.,1.),(1.,1.),(1.,
1.),(1.,1.),(1.,1.),(1.,1.),(1.,1.),(1.,1.),(1.,1.),(1.,1.),(1.,1.),(1.,
1.),(1.,1.),(1.,1.),(1.,1.),(1.,1.),(1.,1.),(1.,1.),(1.,1.),(1.,1.),(1.,
1.),(1.,1.),(1.,1.),(1.,1.),(1.,1.),(1.,1.)))
REPRESENTATION_ITEM('')
SURFACE()
);
#22=(
BOUNDED_SURFACE()
B_SPLINE_SURFACE(5,1,((#4895,#4896),(#4897,#4898),(#4899,#4900),(#4901,
#4902),(#4903,#4904),(#4905,#4906),(#4907,#4908),(#4909,#4910),(#4911,#4912),
(#4913,#4914),(#4915,#4916),(#4917,#4918),(#4919,#4920),(#4921,#4922),(#4923,
#4924),(#4925,#4926),(#4927,#4928),(#4929,#4930),(#4931,#4932),(#4933,#4934),
(#4935,#4936),(#4937,#4938),(#4939,#4940),(#4941,#4942),(#4943,#4944),(#4945,
#4946),(#4947,#4948),(#4949,#4950),(#4951,#4952),(#4953,#4954),(#4955,#4956),
(#4957,#4958),(#4959,#4960),(#4961,#4962),(#4963,#4964)),.UNSPECIFIED.,
 .F.,.F.,.F.)
B_SPLINE_SURFACE_WITH_KNOTS((6,1,1,1,1,1,1,1,1,1,1,1,1,1,1,1,1,1,1,1,1,
1,1,1,1,1,1,1,1,1,6),(2,2),(0.,0.0333333333333333,0.0666666666666667,0.1,
0.133333333333333,0.166666666666667,0.2,0.233333333333333,0.266666666666667,
0.3,0.333333333333333,0.366666666666666,0.4,0.433333333333333,0.466666666666667,
0.5,0.533333333333333,0.566666666666667,0.6,0.633333333333333,0.666666666666667,
0.7,0.733333333333333,0.766666666666667,0.8,0.833333333333333,0.866666666666667,
0.9,0.933333333333333,0.966666666666666,1.),(0.,0.05),.UNSPECIFIED.)
GEOMETRIC_REPRESENTATION_ITEM()
RATIONAL_B_SPLINE_SURFACE(((1.,1.),(1.,1.),(1.,1.),(1.,1.),(1.,1.),(1.,
1.),(1.,1.),(1.,1.),(1.,1.),(1.,1.),(1.,1.),(1.,1.),(1.,1.),(1.,1.),(1.,
1.),(1.,1.),(1.,1.),(1.,1.),(1.,1.),(1.,1.),(1.,1.),(1.,1.),(1.,1.),(1.,
1.),(1.,1.),(1.,1.),(1.,1.),(1.,1.),(1.,1.),(1.,1.),(1.,1.),(1.,1.),(1.,
1.),(1.,1.),(1.,1.)))
REPRESENTATION_ITEM('')
SURFACE()
);
#23=(
BOUNDED_SURFACE()
B_SPLINE_SURFACE(5,1,((#5002,#5003),(#5004,#5005),(#5006,#5007),(#5008,
#5009),(#5010,#5011),(#5012,#5013),(#5014,#5015),(#5016,#5017),(#5018,#5019),
(#5020,#5021),(#5022,#5023),(#5024,#5025),(#5026,#5027),(#5028,#5029),(#5030,
#5031),(#5032,#5033),(#5034,#5035),(#5036,#5037),(#5038,#5039),(#5040,#5041),
(#5042,#5043),(#5044,#5045),(#5046,#5047),(#5048,#5049),(#5050,#5051),(#5052,
#5053),(#5054,#5055),(#5056,#5057),(#5058,#5059),(#5060,#5061),(#5062,#5063),
(#5064,#5065),(#5066,#5067),(#5068,#5069),(#5070,#5071)),.UNSPECIFIED.,
 .F.,.F.,.F.)
B_SPLINE_SURFACE_WITH_KNOTS((6,1,1,1,1,1,1,1,1,1,1,1,1,1,1,1,1,1,1,1,1,
1,1,1,1,1,1,1,1,1,6),(2,2),(0.,0.0333333333333333,0.0666666666666667,0.1,
0.133333333333333,0.166666666666667,0.2,0.233333333333333,0.266666666666667,
0.3,0.333333333333333,0.366666666666666,0.4,0.433333333333333,0.466666666666667,
0.5,0.533333333333333,0.566666666666667,0.6,0.633333333333333,0.666666666666667,
0.7,0.733333333333333,0.766666666666667,0.8,0.833333333333333,0.866666666666667,
0.9,0.933333333333333,0.966666666666666,1.),(0.,0.05),.UNSPECIFIED.)
GEOMETRIC_REPRESENTATION_ITEM()
RATIONAL_B_SPLINE_SURFACE(((1.,1.),(1.,1.),(1.,1.),(1.,1.),(1.,1.),(1.,
1.),(1.,1.),(1.,1.),(1.,1.),(1.,1.),(1.,1.),(1.,1.),(1.,1.),(1.,1.),(1.,
1.),(1.,1.),(1.,1.),(1.,1.),(1.,1.),(1.,1.),(1.,1.),(1.,1.),(1.,1.),(1.,
1.),(1.,1.),(1.,1.),(1.,1.),(1.,1.),(1.,1.),(1.,1.),(1.,1.),(1.,1.),(1.,
1.),(1.,1.),(1.,1.)))
REPRESENTATION_ITEM('')
SURFACE()
);
#24=(
BOUNDED_SURFACE()
B_SPLINE_SURFACE(5,1,((#5109,#5110),(#5111,#5112),(#5113,#5114),(#5115,
#5116),(#5117,#5118),(#5119,#5120),(#5121,#5122),(#5123,#5124),(#5125,#5126),
(#5127,#5128),(#5129,#5130),(#5131,#5132),(#5133,#5134),(#5135,#5136),(#5137,
#5138),(#5139,#5140),(#5141,#5142),(#5143,#5144),(#5145,#5146),(#5147,#5148),
(#5149,#5150),(#5151,#5152),(#5153,#5154),(#5155,#5156),(#5157,#5158),(#5159,
#5160),(#5161,#5162),(#5163,#5164),(#5165,#5166),(#5167,#5168),(#5169,#5170),
(#5171,#5172),(#5173,#5174),(#5175,#5176),(#5177,#5178)),.UNSPECIFIED.,
 .F.,.F.,.F.)
B_SPLINE_SURFACE_WITH_KNOTS((6,1,1,1,1,1,1,1,1,1,1,1,1,1,1,1,1,1,1,1,1,
1,1,1,1,1,1,1,1,1,6),(2,2),(0.,0.0333333333333333,0.0666666666666667,0.1,
0.133333333333333,0.166666666666667,0.2,0.233333333333333,0.266666666666667,
0.3,0.333333333333333,0.366666666666666,0.4,0.433333333333333,0.466666666666667,
0.5,0.533333333333333,0.566666666666667,0.6,0.633333333333333,0.666666666666667,
0.7,0.733333333333333,0.766666666666667,0.8,0.833333333333333,0.866666666666667,
0.9,0.933333333333333,0.966666666666666,1.),(0.,0.05),.UNSPECIFIED.)
GEOMETRIC_REPRESENTATION_ITEM()
RATIONAL_B_SPLINE_SURFACE(((1.,1.),(1.,1.),(1.,1.),(1.,1.),(1.,1.),(1.,
1.),(1.,1.),(1.,1.),(1.,1.),(1.,1.),(1.,1.),(1.,1.),(1.,1.),(1.,1.),(1.,
1.),(1.,1.),(1.,1.),(1.,1.),(1.,1.),(1.,1.),(1.,1.),(1.,1.),(1.,1.),(1.,
1.),(1.,1.),(1.,1.),(1.,1.),(1.,1.),(1.,1.),(1.,1.),(1.,1.),(1.,1.),(1.,
1.),(1.,1.),(1.,1.)))
REPRESENTATION_ITEM('')
SURFACE()
);
#25=(
BOUNDED_SURFACE()
B_SPLINE_SURFACE(5,1,((#5216,#5217),(#5218,#5219),(#5220,#5221),(#5222,
#5223),(#5224,#5225),(#5226,#5227),(#5228,#5229),(#5230,#5231),(#5232,#5233),
(#5234,#5235),(#5236,#5237),(#5238,#5239),(#5240,#5241),(#5242,#5243),(#5244,
#5245),(#5246,#5247)),.UNSPECIFIED.,.F.,.F.,.F.)
B_SPLINE_SURFACE_WITH_KNOTS((6,1,1,1,1,1,1,1,1,1,1,6),(2,2),(0.,0.0333333333333333,
0.0666666666666667,0.1,0.133333333333333,0.166666666666667,0.2,0.233333333333333,
0.266666666666667,0.3,0.333333333333333,0.356637772273331),(0.,0.05),
 .UNSPECIFIED.)
GEOMETRIC_REPRESENTATION_ITEM()
RATIONAL_B_SPLINE_SURFACE(((1.,1.),(1.,1.),(1.,1.),(1.,1.),(1.,1.),(1.,
1.),(1.,1.),(1.,1.),(1.,1.),(1.,1.),(1.,1.),(1.,1.),(1.,1.),(1.,1.),(1.,
1.),(1.,1.)))
REPRESENTATION_ITEM('')
SURFACE()
);
#26=(
BOUNDED_SURFACE()
B_SPLINE_SURFACE(5,1,((#5266,#5267),(#5268,#5269),(#5270,#5271),(#5272,
#5273),(#5274,#5275),(#5276,#5277),(#5278,#5279),(#5280,#5281),(#5282,#5283),
(#5284,#5285),(#5286,#5287),(#5288,#5289),(#5290,#5291),(#5292,#5293),(#5294,
#5295),(#5296,#5297),(#5298,#5299),(#5300,#5301),(#5302,#5303),(#5304,#5305),
(#5306,#5307),(#5308,#5309),(#5310,#5311),(#5312,#5313),(#5314,#5315),(#5316,
#5317),(#5318,#5319),(#5320,#5321),(#5322,#5323),(#5324,#5325),(#5326,#5327),
(#5328,#5329),(#5330,#5331),(#5332,#5333),(#5334,#5335),(#5336,#5337),(#5338,
#5339),(#5340,#5341),(#5342,#5343),(#5344,#5345),(#5346,#5347),(#5348,#5349),
(#5350,#5351),(#5352,#5353),(#5354,#5355),(#5356,#5357),(#5358,#5359),(#5360,
#5361),(#5362,#5363),(#5364,#5365),(#5366,#5367),(#5368,#5369),(#5370,#5371),
(#5372,#5373),(#5374,#5375),(#5376,#5377),(#5378,#5379),(#5380,#5381),(#5382,
#5383),(#5384,#5385),(#5386,#5387),(#5388,#5389),(#5390,#5391),(#5392,#5393),
(#5394,#5395),(#5396,#5397),(#5398,#5399),(#5400,#5401),(#5402,#5403),(#5404,
#5405),(#5406,#5407),(#5408,#5409),(#5410,#5411),(#5412,#5413),(#5414,#5415)),
 .UNSPECIFIED.,.F.,.F.,.F.)
B_SPLINE_SURFACE_WITH_KNOTS((6,1,1,1,1,1,1,1,1,1,1,1,1,1,1,1,1,1,1,1,1,
1,1,1,1,1,1,1,1,1,1,1,1,1,1,1,1,1,1,1,1,1,1,1,1,1,1,1,1,1,1,1,1,1,1,1,1,
1,1,1,1,1,1,1,1,1,1,1,1,1,6),(2,2),(0.,0.0142857142857143,0.0285714285714286,
0.0428571428571429,0.0571428571428571,0.0714285714285714,0.0857142857142857,
0.1,0.114285714285714,0.128571428571429,0.142857142857143,0.157142857142857,
0.171428571428571,0.185714285714286,0.2,0.214285714285714,0.228571428571429,
0.242857142857143,0.257142857142857,0.271428571428571,0.285714285714286,
0.3,0.314285714285714,0.328571428571429,0.342857142857143,0.357142857142857,
0.371428571428571,0.385714285714286,0.4,0.414285714285714,0.428571428571429,
0.442857142857143,0.457142857142857,0.471428571428571,0.485714285714286,
0.5,0.514285714285714,0.528571428571429,0.542857142857143,0.557142857142857,
0.571428571428571,0.585714285714286,0.6,0.614285714285714,0.628571428571428,
0.642857142857142,0.657142857142857,0.671428571428571,0.685714285714285,
0.699999999999999,0.714285714285714,0.728571428571428,0.742857142857142,
0.757142857142856,0.771428571428571,0.785714285714285,0.799999999999999,
0.814285714285713,0.828571428571428,0.842857142857142,0.857142857142856,
0.87142857142857,0.885714285714284,0.899999999999999,0.914285714285713,
0.928571428571427,0.942857142857141,0.957142857142856,0.97142857142857,
0.985714285714284,0.997317909817057),(0.,0.05),.UNSPECIFIED.)
GEOMETRIC_REPRESENTATION_ITEM()
RATIONAL_B_SPLINE_SURFACE(((1.,1.),(1.,1.),(1.,1.),(1.,1.),(1.,1.),(1.,
1.),(1.,1.),(1.,1.),(1.,1.),(1.,1.),(1.,1.),(1.,1.),(1.,1.),(1.,1.),(1.,
1.),(1.,1.),(1.,1.),(1.,1.),(1.,1.),(1.,1.),(1.,1.),(1.,1.),(1.,1.),(1.,
1.),(1.,1.),(1.,1.),(1.,1.),(1.,1.),(1.,1.),(1.,1.),(1.,1.),(1.,1.),(1.,
1.),(1.,1.),(1.,1.),(1.,1.),(1.,1.),(1.,1.),(1.,1.),(1.,1.),(1.,1.),(1.,
1.),(1.,1.),(1.,1.),(1.,1.),(1.,1.),(1.,1.),(1.,1.),(1.,1.),(1.,1.),(1.,
1.),(1.,1.),(1.,1.),(1.,1.),(1.,1.),(1.,1.),(1.,1.),(1.,1.),(1.,1.),(1.,
1.),(1.,1.),(1.,1.),(1.,1.),(1.,1.),(1.,1.),(1.,1.),(1.,1.),(1.,1.),(1.,
1.),(1.,1.),(1.,1.),(1.,1.),(1.,1.),(1.,1.),(1.,1.)))
REPRESENTATION_ITEM('')
SURFACE()
);
#27=(
BOUNDED_SURFACE()
B_SPLINE_SURFACE(5,1,((#5491,#5492),(#5493,#5494),(#5495,#5496),(#5497,
#5498),(#5499,#5500),(#5501,#5502)),.UNSPECIFIED.,.F.,.F.,.F.)
B_SPLINE_SURFACE_WITH_KNOTS((6,6),(2,2),(-0.00305761203549119,0.),(0.,0.05),
 .UNSPECIFIED.)
GEOMETRIC_REPRESENTATION_ITEM()
RATIONAL_B_SPLINE_SURFACE(((1.,1.),(1.,1.),(1.,1.),(1.,1.),(1.,1.),(1.,
1.)))
REPRESENTATION_ITEM('')
SURFACE()
);
#28=(
BOUNDED_SURFACE()
B_SPLINE_SURFACE(5,1,((#5505,#5506),(#5507,#5508),(#5509,#5510),(#5511,
#5512),(#5513,#5514),(#5515,#5516)),.UNSPECIFIED.,.F.,.F.,.F.)
B_SPLINE_SURFACE_WITH_KNOTS((6,6),(2,2),(-1.,-0.997317909817058),(0.,0.05),
 .UNSPECIFIED.)
GEOMETRIC_REPRESENTATION_ITEM()
RATIONAL_B_SPLINE_SURFACE(((1.,1.),(1.,1.),(1.,1.),(1.,1.),(1.,1.),(1.,
1.)))
REPRESENTATION_ITEM('')
SURFACE()
);
#29=(
BOUNDED_SURFACE()
B_SPLINE_SURFACE(5,1,((#5517,#5518),(#5519,#5520),(#5521,#5522),(#5523,
#5524),(#5525,#5526),(#5527,#5528),(#5529,#5530),(#5531,#5532),(#5533,#5534),
(#5535,#5536),(#5537,#5538),(#5539,#5540),(#5541,#5542),(#5543,#5544),(#5545,
#5546),(#5547,#5548),(#5549,#5550),(#5551,#5552),(#5553,#5554),(#5555,#5556),
(#5557,#5558),(#5559,#5560),(#5561,#5562),(#5563,#5564),(#5565,#5566),(#5567,
#5568),(#5569,#5570),(#5571,#5572),(#5573,#5574),(#5575,#5576),(#5577,#5578),
(#5579,#5580),(#5581,#5582),(#5583,#5584),(#5585,#5586),(#5587,#5588),(#5589,
#5590),(#5591,#5592),(#5593,#5594),(#5595,#5596),(#5597,#5598),(#5599,#5600),
(#5601,#5602),(#5603,#5604),(#5605,#5606)),.UNSPECIFIED.,.T.,.F.,.F.)
B_SPLINE_SURFACE_WITH_KNOTS((6,1,1,1,1,1,1,1,1,1,1,1,1,1,1,1,1,1,1,1,1,
1,1,1,1,1,1,1,1,1,1,1,1,1,1,1,1,1,1,1,6),(2,2),(-1.,-0.975,-0.95,-0.925,
-0.9,-0.875,-0.85,-0.825,-0.8,-0.775,-0.75,-0.725,-0.7,-0.675,-0.65,-0.625,
-0.6,-0.575,-0.55,-0.525,-0.5,-0.475,-0.45,-0.425,-0.4,-0.375,-0.35,-0.325,
-0.3,-0.275,-0.25,-0.225,-0.2,-0.175,-0.15,-0.125,-0.1,-0.075,-0.05,-0.025,
0.),(0.,0.05),.UNSPECIFIED.)
GEOMETRIC_REPRESENTATION_ITEM()
RATIONAL_B_SPLINE_SURFACE(((1.,1.),(1.,1.),(1.,1.),(1.,1.),(1.,1.),(1.,
1.),(1.,1.),(1.,1.),(1.,1.),(1.,1.),(1.,1.),(1.,1.),(1.,1.),(1.,1.),(1.,
1.),(1.,1.),(1.,1.),(1.,1.),(1.,1.),(1.,1.),(1.,1.),(1.,1.),(1.,1.),(1.,
1.),(1.,1.),(1.,1.),(1.,1.),(1.,1.),(1.,1.),(1.,1.),(1.,1.),(1.,1.),(1.,
1.),(1.,1.),(1.,1.),(1.,1.),(1.,1.),(1.,1.),(1.,1.),(1.,1.),(1.,1.),(1.,
1.),(1.,1.),(1.,1.),(1.,1.)))
REPRESENTATION_ITEM('')
SURFACE()
);
#30=(
BOUNDED_SURFACE()
B_SPLINE_SURFACE(5,1,((#5935,#5936),(#5937,#5938),(#5939,#5940),(#5941,
#5942),(#5943,#5944),(#5945,#5946),(#5947,#5948),(#5949,#5950),(#5951,#5952),
(#5953,#5954),(#5955,#5956),(#5957,#5958),(#5959,#5960),(#5961,#5962),(#5963,
#5964),(#5965,#5966),(#5967,#5968),(#5969,#5970),(#5971,#5972),(#5973,#5974),
(#5975,#5976),(#5977,#5978),(#5979,#5980),(#5981,#5982),(#5983,#5984),(#5985,
#5986),(#5987,#5988),(#5989,#5990),(#5991,#5992),(#5993,#5994),(#5995,#5996),
(#5997,#5998),(#5999,#6000),(#6001,#6002),(#6003,#6004)),.UNSPECIFIED.,
 .F.,.F.,.F.)
B_SPLINE_SURFACE_WITH_KNOTS((6,1,1,1,1,1,1,1,1,1,1,1,1,1,1,1,1,1,1,1,1,
1,1,1,1,1,1,1,1,1,6),(2,2),(-1.,-0.966666666666666,-0.933333333333333,-0.9,
-0.866666666666667,-0.833333333333333,-0.8,-0.766666666666667,-0.733333333333333,
-0.7,-0.666666666666667,-0.633333333333333,-0.6,-0.566666666666667,-0.533333333333333,
-0.5,-0.466666666666667,-0.433333333333333,-0.4,-0.366666666666666,-0.333333333333333,
-0.3,-0.266666666666667,-0.233333333333333,-0.2,-0.166666666666667,-0.133333333333333,
-0.1,-0.0666666666666667,-0.0333333333333333,0.),(0.,0.05),
 .UNSPECIFIED.)
GEOMETRIC_REPRESENTATION_ITEM()
RATIONAL_B_SPLINE_SURFACE(((1.,1.),(1.,1.),(1.,1.),(1.,1.),(1.,1.),(1.,
1.),(1.,1.),(1.,1.),(1.,1.),(1.,1.),(1.,1.),(1.,1.),(1.,1.),(1.,1.),(1.,
1.),(1.,1.),(1.,1.),(1.,1.),(1.,1.),(1.,1.),(1.,1.),(1.,1.),(1.,1.),(1.,
1.),(1.,1.),(1.,1.),(1.,1.),(1.,1.),(1.,1.),(1.,1.),(1.,1.),(1.,1.),(1.,
1.),(1.,1.),(1.,1.)))
REPRESENTATION_ITEM('')
SURFACE()
);
#31=(
BOUNDED_SURFACE()
B_SPLINE_SURFACE(5,1,((#6044,#6045),(#6046,#6047),(#6048,#6049),(#6050,
#6051),(#6052,#6053),(#6054,#6055),(#6056,#6057),(#6058,#6059),(#6060,#6061),
(#6062,#6063),(#6064,#6065),(#6066,#6067),(#6068,#6069),(#6070,#6071),(#6072,
#6073),(#6074,#6075),(#6076,#6077),(#6078,#6079),(#6080,#6081),(#6082,#6083),
(#6084,#6085),(#6086,#6087),(#6088,#6089),(#6090,#6091),(#6092,#6093),(#6094,
#6095),(#6096,#6097),(#6098,#6099),(#6100,#6101),(#6102,#6103),(#6104,#6105),
(#6106,#6107),(#6108,#6109),(#6110,#6111),(#6112,#6113),(#6114,#6115),(#6116,
#6117),(#6118,#6119),(#6120,#6121),(#6122,#6123),(#6124,#6125),(#6126,#6127),
(#6128,#6129),(#6130,#6131),(#6132,#6133),(#6134,#6135),(#6136,#6137),(#6138,
#6139),(#6140,#6141),(#6142,#6143),(#6144,#6145),(#6146,#6147),(#6148,#6149),
(#6150,#6151),(#6152,#6153),(#6154,#6155),(#6156,#6157),(#6158,#6159),(#6160,
#6161),(#6162,#6163),(#6164,#6165),(#6166,#6167),(#6168,#6169),(#6170,#6171),
(#6172,#6173),(#6174,#6175),(#6176,#6177),(#6178,#6179),(#6180,#6181),(#6182,
#6183),(#6184,#6185),(#6186,#6187),(#6188,#6189),(#6190,#6191),(#6192,#6193),
(#6194,#6195),(#6196,#6197),(#6198,#6199),(#6200,#6201),(#6202,#6203),(#6204,
#6205),(#6206,#6207),(#6208,#6209),(#6210,#6211),(#6212,#6213),(#6214,#6215),
(#6216,#6217),(#6218,#6219),(#6220,#6221),(#6222,#6223),(#6224,#6225),(#6226,
#6227),(#6228,#6229),(#6230,#6231),(#6232,#6233),(#6234,#6235),(#6236,#6237),
(#6238,#6239),(#6240,#6241),(#6242,#6243),(#6244,#6245),(#6246,#6247),(#6248,
#6249),(#6250,#6251),(#6252,#6253),(#6254,#6255),(#6256,#6257),(#6258,#6259),
(#6260,#6261),(#6262,#6263),(#6264,#6265),(#6266,#6267),(#6268,#6269),(#6270,
#6271),(#6272,#6273)),.UNSPECIFIED.,.F.,.F.,.F.)
B_SPLINE_SURFACE_WITH_KNOTS((6,1,1,1,1,1,1,1,1,1,1,1,1,1,1,1,1,1,1,1,1,
1,1,1,1,1,1,1,1,1,1,1,1,1,1,1,1,1,1,1,1,1,1,1,1,1,1,1,1,1,1,1,1,1,1,1,1,
1,1,1,1,1,1,1,1,1,1,1,1,1,1,1,1,1,1,1,1,1,1,1,1,1,1,1,1,1,1,1,1,1,1,1,1,
1,1,1,1,1,1,1,1,1,1,1,1,1,1,1,1,1,6),(2,2),(-1.,-0.990909090909088,-0.981818181818179,
-0.97272727272727,-0.963636363636361,-0.954545454545452,-0.945454545454543,
-0.936363636363634,-0.927272727272725,-0.918181818181816,-0.909090909090907,
-0.899999999999998,-0.890909090909089,-0.88181818181818,-0.872727272727271,
-0.863636363636362,-0.854545454545453,-0.845454545454543,-0.836363636363635,
-0.827272727272726,-0.818181818181816,-0.809090909090907,-0.799999999999998,
-0.790909090909089,-0.78181818181818,-0.772727272727271,-0.763636363636362,
-0.754545454545453,-0.745454545454544,-0.736363636363635,-0.727272727272726,
-0.718181818181817,-0.709090909090908,-0.699999999999999,-0.69090909090909,
-0.681818181818181,-0.672727272727272,-0.663636363636363,-0.654545454545454,
-0.645454545454545,-0.636363636363636,-0.627272727272727,-0.618181818181818,
-0.609090909090909,-0.6,-0.59090909090909,-0.581818181818181,-0.572727272727272,
-0.563636363636363,-0.554545454545454,-0.545454545454545,-0.536363636363636,
-0.527272727272727,-0.518181818181818,-0.509090909090909,-0.5,-0.490909090909091,
-0.481818181818182,-0.472727272727273,-0.463636363636364,-0.454545454545455,
-0.445454545454546,-0.436363636363637,-0.427272727272727,-0.418181818181818,
-0.409090909090909,-0.4,-0.390909090909091,-0.381818181818182,-0.372727272727273,
-0.363636363636364,-0.354545454545455,-0.345454545454546,-0.336363636363636,
-0.327272727272727,-0.318181818181818,-0.309090909090909,-0.3,-0.290909090909091,
-0.281818181818182,-0.272727272727273,-0.263636363636364,-0.254545454545455,
-0.245454545454546,-0.236363636363636,-0.227272727272727,-0.218181818181818,
-0.209090909090909,-0.2,-0.190909090909091,-0.181818181818182,-0.172727272727273,
-0.163636363636364,-0.154545454545455,-0.145454545454545,-0.136363636363636,
-0.127272727272727,-0.118181818181818,-0.109090909090909,-0.1,-0.0909090909090909,
-0.0818181818181818,-0.0727272727272727,-0.0636363636363636,-0.0545454545454545,
-0.0454545454545455,-0.0363636363636364,-0.0272727272727273,-0.0181818181818182,
-0.00909090909090909,0.),(0.,0.05),.UNSPECIFIED.)
GEOMETRIC_REPRESENTATION_ITEM()
RATIONAL_B_SPLINE_SURFACE(((1.,1.),(1.,1.),(1.,1.),(1.,1.),(1.,1.),(1.,
1.),(1.,1.),(1.,1.),(1.,1.),(1.,1.),(1.,1.),(1.,1.),(1.,1.),(1.,1.),(1.,
1.),(1.,1.),(1.,1.),(1.,1.),(1.,1.),(1.,1.),(1.,1.),(1.,1.),(1.,1.),(1.,
1.),(1.,1.),(1.,1.),(1.,1.),(1.,1.),(1.,1.),(1.,1.),(1.,1.),(1.,1.),(1.,
1.),(1.,1.),(1.,1.),(1.,1.),(1.,1.),(1.,1.),(1.,1.),(1.,1.),(1.,1.),(1.,
1.),(1.,1.),(1.,1.),(1.,1.),(1.,1.),(1.,1.),(1.,1.),(1.,1.),(1.,1.),(1.,
1.),(1.,1.),(1.,1.),(1.,1.),(1.,1.),(1.,1.),(1.,1.),(1.,1.),(1.,1.),(1.,
1.),(1.,1.),(1.,1.),(1.,1.),(1.,1.),(1.,1.),(1.,1.),(1.,1.),(1.,1.),(1.,
1.),(1.,1.),(1.,1.),(1.,1.),(1.,1.),(1.,1.),(1.,1.),(1.,1.),(1.,1.),(1.,
1.),(1.,1.),(1.,1.),(1.,1.),(1.,1.),(1.,1.),(1.,1.),(1.,1.),(1.,1.),(1.,
1.),(1.,1.),(1.,1.),(1.,1.),(1.,1.),(1.,1.),(1.,1.),(1.,1.),(1.,1.),(1.,
1.),(1.,1.),(1.,1.),(1.,1.),(1.,1.),(1.,1.),(1.,1.),(1.,1.),(1.,1.),(1.,
1.),(1.,1.),(1.,1.),(1.,1.),(1.,1.),(1.,1.),(1.,1.),(1.,1.),(1.,1.),(1.,
1.),(1.,1.)))
REPRESENTATION_ITEM('')
SURFACE()
);
#32=(
BOUNDED_SURFACE()
B_SPLINE_SURFACE(5,1,((#6395,#6396),(#6397,#6398),(#6399,#6400),(#6401,
#6402),(#6403,#6404),(#6405,#6406),(#6407,#6408),(#6409,#6410),(#6411,#6412),
(#6413,#6414),(#6415,#6416),(#6417,#6418),(#6419,#6420),(#6421,#6422),(#6423,
#6424)),.UNSPECIFIED.,.F.,.F.,.F.)
B_SPLINE_SURFACE_WITH_KNOTS((6,1,1,1,1,1,1,1,1,1,6),(2,2),(-1.,-0.9,-0.8,
-0.7,-0.6,-0.5,-0.4,-0.3,-0.2,-0.1,0.),(0.,0.05),.UNSPECIFIED.)
GEOMETRIC_REPRESENTATION_ITEM()
RATIONAL_B_SPLINE_SURFACE(((1.,1.),(1.,1.),(1.,1.),(1.,1.),(1.,1.),(1.,
1.),(1.,1.),(1.,1.),(1.,1.),(1.,1.),(1.,1.),(1.,1.),(1.,1.),(1.,1.),(1.,
1.)))
REPRESENTATION_ITEM('')
SURFACE()
);
#33=(
BOUNDED_SURFACE()
B_SPLINE_SURFACE(5,1,((#6442,#6443),(#6444,#6445),(#6446,#6447),(#6448,
#6449),(#6450,#6451),(#6452,#6453),(#6454,#6455),(#6456,#6457),(#6458,#6459),
(#6460,#6461),(#6462,#6463),(#6464,#6465),(#6466,#6467),(#6468,#6469),(#6470,
#6471),(#6472,#6473),(#6474,#6475),(#6476,#6477),(#6478,#6479),(#6480,#6481),
(#6482,#6483),(#6484,#6485),(#6486,#6487),(#6488,#6489),(#6490,#6491),(#6492,
#6493),(#6494,#6495),(#6496,#6497),(#6498,#6499),(#6500,#6501),(#6502,#6503),
(#6504,#6505),(#6506,#6507),(#6508,#6509),(#6510,#6511)),.UNSPECIFIED.,
 .F.,.F.,.F.)
B_SPLINE_SURFACE_WITH_KNOTS((6,1,1,1,1,1,1,1,1,1,1,1,1,1,1,1,1,1,1,1,1,
1,1,1,1,1,1,1,1,1,6),(2,2),(-1.,-0.966666666666666,-0.933333333333333,-0.9,
-0.866666666666667,-0.833333333333333,-0.8,-0.766666666666667,-0.733333333333333,
-0.7,-0.666666666666667,-0.633333333333333,-0.6,-0.566666666666667,-0.533333333333333,
-0.5,-0.466666666666667,-0.433333333333333,-0.4,-0.366666666666666,-0.333333333333333,
-0.3,-0.266666666666667,-0.233333333333333,-0.2,-0.166666666666667,-0.133333333333333,
-0.1,-0.0666666666666667,-0.0333333333333333,0.),(0.,0.05),
 .UNSPECIFIED.)
GEOMETRIC_REPRESENTATION_ITEM()
RATIONAL_B_SPLINE_SURFACE(((1.,1.),(1.,1.),(1.,1.),(1.,1.),(1.,1.),(1.,
1.),(1.,1.),(1.,1.),(1.,1.),(1.,1.),(1.,1.),(1.,1.),(1.,1.),(1.,1.),(1.,
1.),(1.,1.),(1.,1.),(1.,1.),(1.,1.),(1.,1.),(1.,1.),(1.,1.),(1.,1.),(1.,
1.),(1.,1.),(1.,1.),(1.,1.),(1.,1.),(1.,1.),(1.,1.),(1.,1.),(1.,1.),(1.,
1.),(1.,1.),(1.,1.)))
REPRESENTATION_ITEM('')
SURFACE()
);
#34=(
BOUNDED_SURFACE()
B_SPLINE_SURFACE(5,1,((#6549,#6550),(#6551,#6552),(#6553,#6554),(#6555,
#6556),(#6557,#6558),(#6559,#6560),(#6561,#6562),(#6563,#6564),(#6565,#6566),
(#6567,#6568),(#6569,#6570),(#6571,#6572),(#6573,#6574),(#6575,#6576),(#6577,
#6578)),.UNSPECIFIED.,.F.,.F.,.F.)
B_SPLINE_SURFACE_WITH_KNOTS((6,1,1,1,1,1,1,1,1,1,6),(2,2),(-1.,-0.9,-0.8,
-0.7,-0.6,-0.5,-0.4,-0.3,-0.2,-0.1,0.),(0.,0.05),.UNSPECIFIED.)
GEOMETRIC_REPRESENTATION_ITEM()
RATIONAL_B_SPLINE_SURFACE(((1.,1.),(1.,1.),(1.,1.),(1.,1.),(1.,1.),(1.,
1.),(1.,1.),(1.,1.),(1.,1.),(1.,1.),(1.,1.),(1.,1.),(1.,1.),(1.,1.),(1.,
1.)))
REPRESENTATION_ITEM('')
SURFACE()
);
#35=(
BOUNDED_SURFACE()
B_SPLINE_SURFACE(5,1,((#6596,#6597),(#6598,#6599),(#6600,#6601),(#6602,
#6603),(#6604,#6605),(#6606,#6607),(#6608,#6609),(#6610,#6611),(#6612,#6613),
(#6614,#6615),(#6616,#6617),(#6618,#6619),(#6620,#6621),(#6622,#6623),(#6624,
#6625)),.UNSPECIFIED.,.F.,.F.,.F.)
B_SPLINE_SURFACE_WITH_KNOTS((6,1,1,1,1,1,1,1,1,1,6),(2,2),(-1.,-0.9,-0.8,
-0.7,-0.6,-0.5,-0.4,-0.3,-0.2,-0.1,0.),(0.,0.05),.UNSPECIFIED.)
GEOMETRIC_REPRESENTATION_ITEM()
RATIONAL_B_SPLINE_SURFACE(((1.,1.),(1.,1.),(1.,1.),(1.,1.),(1.,1.),(1.,
1.),(1.,1.),(1.,1.),(1.,1.),(1.,1.),(1.,1.),(1.,1.),(1.,1.),(1.,1.),(1.,
1.)))
REPRESENTATION_ITEM('')
SURFACE()
);
#36=(
BOUNDED_SURFACE()
B_SPLINE_SURFACE(5,1,((#6643,#6644),(#6645,#6646),(#6647,#6648),(#6649,
#6650),(#6651,#6652),(#6653,#6654),(#6655,#6656),(#6657,#6658),(#6659,#6660),
(#6661,#6662),(#6663,#6664),(#6665,#6666),(#6667,#6668),(#6669,#6670),(#6671,
#6672),(#6673,#6674),(#6675,#6676),(#6677,#6678),(#6679,#6680),(#6681,#6682),
(#6683,#6684),(#6685,#6686),(#6687,#6688),(#6689,#6690),(#6691,#6692),(#6693,
#6694),(#6695,#6696),(#6697,#6698),(#6699,#6700),(#6701,#6702),(#6703,#6704),
(#6705,#6706),(#6707,#6708),(#6709,#6710),(#6711,#6712),(#6713,#6714),(#6715,
#6716),(#6717,#6718),(#6719,#6720),(#6721,#6722),(#6723,#6724),(#6725,#6726),
(#6727,#6728),(#6729,#6730),(#6731,#6732)),.UNSPECIFIED.,.F.,.F.,.F.)
B_SPLINE_SURFACE_WITH_KNOTS((6,1,1,1,1,1,1,1,1,1,1,1,1,1,1,1,1,1,1,1,1,
1,1,1,1,1,1,1,1,1,1,1,1,1,1,1,1,1,1,1,6),(2,2),(-1.,-0.975,-0.95,-0.925,
-0.9,-0.875,-0.85,-0.825,-0.8,-0.775,-0.75,-0.725,-0.7,-0.675,-0.65,-0.625,
-0.6,-0.575,-0.55,-0.525,-0.5,-0.475,-0.45,-0.425,-0.4,-0.375,-0.35,-0.325,
-0.3,-0.275,-0.25,-0.225,-0.2,-0.175,-0.15,-0.125,-0.1,-0.075,-0.05,-0.025,
0.),(0.,0.05),.UNSPECIFIED.)
GEOMETRIC_REPRESENTATION_ITEM()
RATIONAL_B_SPLINE_SURFACE(((1.,1.),(1.,1.),(1.,1.),(1.,1.),(1.,1.),(1.,
1.),(1.,1.),(1.,1.),(1.,1.),(1.,1.),(1.,1.),(1.,1.),(1.,1.),(1.,1.),(1.,
1.),(1.,1.),(1.,1.),(1.,1.),(1.,1.),(1.,1.),(1.,1.),(1.,1.),(1.,1.),(1.,
1.),(1.,1.),(1.,1.),(1.,1.),(1.,1.),(1.,1.),(1.,1.),(1.,1.),(1.,1.),(1.,
1.),(1.,1.),(1.,1.),(1.,1.),(1.,1.),(1.,1.),(1.,1.),(1.,1.),(1.,1.),(1.,
1.),(1.,1.),(1.,1.),(1.,1.)))
REPRESENTATION_ITEM('')
SURFACE()
);
#37=(
BOUNDED_SURFACE()
B_SPLINE_SURFACE(5,1,((#6778,#6779),(#6780,#6781),(#6782,#6783),(#6784,
#6785),(#6786,#6787),(#6788,#6789),(#6790,#6791),(#6792,#6793),(#6794,#6795),
(#6796,#6797),(#6798,#6799),(#6800,#6801),(#6802,#6803),(#6804,#6805),(#6806,
#6807)),.UNSPECIFIED.,.F.,.F.,.F.)
B_SPLINE_SURFACE_WITH_KNOTS((6,1,1,1,1,1,1,1,1,1,6),(2,2),(0.,0.1,0.2,0.3,
0.4,0.5,0.6,0.7,0.8,0.9,1.),(0.,0.05),.UNSPECIFIED.)
GEOMETRIC_REPRESENTATION_ITEM()
RATIONAL_B_SPLINE_SURFACE(((1.,1.),(1.,1.),(1.,1.),(1.,1.),(1.,1.),(1.,
1.),(1.,1.),(1.,1.),(1.,1.),(1.,1.),(1.,1.),(1.,1.),(1.,1.),(1.,1.),(1.,
1.)))
REPRESENTATION_ITEM('')
SURFACE()
);
#38=(
BOUNDED_SURFACE()
B_SPLINE_SURFACE(5,1,((#6810,#6811),(#6812,#6813),(#6814,#6815),(#6816,
#6817),(#6818,#6819),(#6820,#6821),(#6822,#6823),(#6824,#6825),(#6826,#6827),
(#6828,#6829),(#6830,#6831),(#6832,#6833),(#6834,#6835),(#6836,#6837),(#6838,
#6839),(#6840,#6841),(#6842,#6843),(#6844,#6845),(#6846,#6847),(#6848,#6849),
(#6850,#6851),(#6852,#6853),(#6854,#6855),(#6856,#6857),(#6858,#6859)),
 .UNSPECIFIED.,.F.,.F.,.F.)
B_SPLINE_SURFACE_WITH_KNOTS((6,1,1,1,1,1,1,1,1,1,1,1,1,1,1,1,1,1,1,1,6),
(2,2),(0.,0.05,0.1,0.15,0.2,0.25,0.3,0.35,0.4,0.45,0.5,0.55,0.6,0.65,0.7,
0.75,0.8,0.85,0.9,0.95,1.),(0.,0.05),.UNSPECIFIED.)
GEOMETRIC_REPRESENTATION_ITEM()
RATIONAL_B_SPLINE_SURFACE(((1.,1.),(1.,1.),(1.,1.),(1.,1.),(1.,1.),(1.,
1.),(1.,1.),(1.,1.),(1.,1.),(1.,1.),(1.,1.),(1.,1.),(1.,1.),(1.,1.),(1.,
1.),(1.,1.),(1.,1.),(1.,1.),(1.,1.),(1.,1.),(1.,1.),(1.,1.),(1.,1.),(1.,
1.),(1.,1.)))
REPRESENTATION_ITEM('')
SURFACE()
);
#39=(
BOUNDED_SURFACE()
B_SPLINE_SURFACE(5,1,((#6999,#7000),(#7001,#7002),(#7003,#7004),(#7005,
#7006),(#7007,#7008),(#7009,#7010),(#7011,#7012),(#7013,#7014),(#7015,#7016),
(#7017,#7018),(#7019,#7020),(#7021,#7022),(#7023,#7024),(#7025,#7026),(#7027,
#7028),(#7029,#7030),(#7031,#7032),(#7033,#7034),(#7035,#7036),(#7037,#7038),
(#7039,#7040),(#7041,#7042),(#7043,#7044),(#7045,#7046),(#7047,#7048),(#7049,
#7050),(#7051,#7052),(#7053,#7054),(#7055,#7056),(#7057,#7058),(#7059,#7060),
(#7061,#7062),(#7063,#7064),(#7065,#7066),(#7067,#7068),(#7069,#7070),(#7071,
#7072),(#7073,#7074),(#7075,#7076),(#7077,#7078)),.UNSPECIFIED.,.F.,.F.,
 .F.)
B_SPLINE_SURFACE_WITH_KNOTS((6,1,1,1,1,1,1,1,1,1,1,1,1,1,1,1,1,1,1,1,1,
1,1,1,1,1,1,1,1,1,1,1,1,1,1,6),(2,2),(0.,0.0285714285714286,0.0571428571428571,
0.0857142857142857,0.114285714285714,0.142857142857143,0.171428571428571,
0.2,0.228571428571429,0.257142857142857,0.285714285714286,0.314285714285714,
0.342857142857143,0.371428571428571,0.4,0.428571428571429,0.457142857142857,
0.485714285714286,0.514285714285714,0.542857142857143,0.571428571428572,
0.6,0.628571428571429,0.657142857142857,0.685714285714286,0.714285714285714,
0.742857142857143,0.771428571428571,0.8,0.828571428571429,0.857142857142857,
0.885714285714286,0.914285714285715,0.942857142857143,0.971428571428572,
1.),(0.,0.05),.UNSPECIFIED.)
GEOMETRIC_REPRESENTATION_ITEM()
RATIONAL_B_SPLINE_SURFACE(((1.,1.),(1.,1.),(1.,1.),(1.,1.),(1.,1.),(1.,
1.),(1.,1.),(1.,1.),(1.,1.),(1.,1.),(1.,1.),(1.,1.),(1.,1.),(1.,1.),(1.,
1.),(1.,1.),(1.,1.),(1.,1.),(1.,1.),(1.,1.),(1.,1.),(1.,1.),(1.,1.),(1.,
1.),(1.,1.),(1.,1.),(1.,1.),(1.,1.),(1.,1.),(1.,1.),(1.,1.),(1.,1.),(1.,
1.),(1.,1.),(1.,1.),(1.,1.),(1.,1.),(1.,1.),(1.,1.),(1.,1.)))
REPRESENTATION_ITEM('')
SURFACE()
);
#40=(
BOUNDED_SURFACE()
B_SPLINE_SURFACE(5,1,((#7123,#7124),(#7125,#7126),(#7127,#7128),(#7129,
#7130),(#7131,#7132),(#7133,#7134),(#7135,#7136),(#7137,#7138),(#7139,#7140),
(#7141,#7142),(#7143,#7144),(#7145,#7146),(#7147,#7148),(#7149,#7150),(#7151,
#7152),(#7153,#7154),(#7155,#7156),(#7157,#7158),(#7159,#7160),(#7161,#7162),
(#7163,#7164),(#7165,#7166),(#7167,#7168),(#7169,#7170),(#7171,#7172),(#7173,
#7174),(#7175,#7176),(#7177,#7178),(#7179,#7180),(#7181,#7182),(#7183,#7184),
(#7185,#7186),(#7187,#7188),(#7189,#7190),(#7191,#7192),(#7193,#7194),(#7195,
#7196),(#7197,#7198),(#7199,#7200),(#7201,#7202),(#7203,#7204),(#7205,#7206),
(#7207,#7208),(#7209,#7210),(#7211,#7212),(#7213,#7214),(#7215,#7216),(#7217,
#7218),(#7219,#7220),(#7221,#7222)),.UNSPECIFIED.,.F.,.F.,.F.)
B_SPLINE_SURFACE_WITH_KNOTS((6,1,1,1,1,1,1,1,1,1,1,1,1,1,1,1,1,1,1,1,1,
1,1,1,1,1,1,1,1,1,1,1,1,1,1,1,1,1,1,1,1,1,1,1,1,6),(2,2),(0.,0.0222222222222222,
0.0444444444444445,0.0666666666666667,0.0888888888888889,0.111111111111111,
0.133333333333333,0.155555555555556,0.177777777777778,0.2,0.222222222222222,
0.244444444444444,0.266666666666667,0.288888888888889,0.311111111111111,
0.333333333333333,0.355555555555555,0.377777777777778,0.4,0.422222222222222,
0.444444444444444,0.466666666666667,0.488888888888889,0.511111111111111,
0.533333333333333,0.555555555555555,0.577777777777778,0.6,0.622222222222222,
0.644444444444444,0.666666666666667,0.688888888888889,0.711111111111111,
0.733333333333333,0.755555555555556,0.777777777777778,0.8,0.822222222222222,
0.844444444444445,0.866666666666667,0.888888888888889,0.911111111111111,
0.933333333333334,0.955555555555556,0.977777777777778,1.),(0.,0.05),
 .UNSPECIFIED.)
GEOMETRIC_REPRESENTATION_ITEM()
RATIONAL_B_SPLINE_SURFACE(((1.,1.),(1.,1.),(1.,1.),(1.,1.),(1.,1.),(1.,
1.),(1.,1.),(1.,1.),(1.,1.),(1.,1.),(1.,1.),(1.,1.),(1.,1.),(1.,1.),(1.,
1.),(1.,1.),(1.,1.),(1.,1.),(1.,1.),(1.,1.),(1.,1.),(1.,1.),(1.,1.),(1.,
1.),(1.,1.),(1.,1.),(1.,1.),(1.,1.),(1.,1.),(1.,1.),(1.,1.),(1.,1.),(1.,
1.),(1.,1.),(1.,1.),(1.,1.),(1.,1.),(1.,1.),(1.,1.),(1.,1.),(1.,1.),(1.,
1.),(1.,1.),(1.,1.),(1.,1.),(1.,1.),(1.,1.),(1.,1.),(1.,1.),(1.,1.)))
REPRESENTATION_ITEM('')
SURFACE()
);
#41=(
BOUNDED_SURFACE()
B_SPLINE_SURFACE(5,1,((#7275,#7276),(#7277,#7278),(#7279,#7280),(#7281,
#7282),(#7283,#7284),(#7285,#7286),(#7287,#7288),(#7289,#7290),(#7291,#7292),
(#7293,#7294),(#7295,#7296),(#7297,#7298),(#7299,#7300),(#7301,#7302),(#7303,
#7304),(#7305,#7306),(#7307,#7308),(#7309,#7310),(#7311,#7312),(#7313,#7314),
(#7315,#7316),(#7317,#7318),(#7319,#7320),(#7321,#7322),(#7323,#7324),(#7325,
#7326),(#7327,#7328),(#7329,#7330),(#7331,#7332),(#7333,#7334),(#7335,#7336),
(#7337,#7338),(#7339,#7340),(#7341,#7342),(#7343,#7344),(#7345,#7346),(#7347,
#7348),(#7349,#7350),(#7351,#7352),(#7353,#7354),(#7355,#7356),(#7357,#7358),
(#7359,#7360),(#7361,#7362),(#7363,#7364)),.UNSPECIFIED.,.F.,.F.,.F.)
B_SPLINE_SURFACE_WITH_KNOTS((6,1,1,1,1,1,1,1,1,1,1,1,1,1,1,1,1,1,1,1,1,
1,1,1,1,1,1,1,1,1,1,1,1,1,1,1,1,1,1,1,6),(2,2),(0.,0.025,0.05,0.075,0.1,
0.125,0.15,0.175,0.2,0.225,0.25,0.275,0.3,0.325,0.35,0.375,0.4,0.425,0.45,
0.475,0.5,0.525,0.55,0.575,0.6,0.625,0.65,0.675,0.7,0.725,0.75,0.775,0.8,
0.825,0.85,0.875,0.9,0.925,0.95,0.975,1.),(0.,0.05),.UNSPECIFIED.)
GEOMETRIC_REPRESENTATION_ITEM()
RATIONAL_B_SPLINE_SURFACE(((1.,1.),(1.,1.),(1.,1.),(1.,1.),(1.,1.),(1.,
1.),(1.,1.),(1.,1.),(1.,1.),(1.,1.),(1.,1.),(1.,1.),(1.,1.),(1.,1.),(1.,
1.),(1.,1.),(1.,1.),(1.,1.),(1.,1.),(1.,1.),(1.,1.),(1.,1.),(1.,1.),(1.,
1.),(1.,1.),(1.,1.),(1.,1.),(1.,1.),(1.,1.),(1.,1.),(1.,1.),(1.,1.),(1.,
1.),(1.,1.),(1.,1.),(1.,1.),(1.,1.),(1.,1.),(1.,1.),(1.,1.),(1.,1.),(1.,
1.),(1.,1.),(1.,1.),(1.,1.)))
REPRESENTATION_ITEM('')
SURFACE()
);
#42=(
BOUNDED_CURVE()
B_SPLINE_CURVE(5,(#3430,#3431,#3432,#3433,#3434,#3435,#3436,#3437,#3438,
#3439,#3440,#3441,#3442,#3443,#3444,#3445,#3446,#3447,#3448,#3449,#3450,
#3451,#3452,#3453,#3454),.UNSPECIFIED.,.F.,.F.)
B_SPLINE_CURVE_WITH_KNOTS((6,1,1,1,1,1,1,1,1,1,1,1,1,1,1,1,1,1,1,1,6),(0.,
0.05,0.1,0.15,0.2,0.25,0.3,0.35,0.4,0.45,0.5,0.55,0.6,0.65,0.7,0.75,0.8,
0.85,0.9,0.95,1.),.UNSPECIFIED.)
CURVE()
GEOMETRIC_REPRESENTATION_ITEM()
RATIONAL_B_SPLINE_CURVE((1.,1.,1.,1.,1.,1.,1.,1.,1.,1.,1.,1.,1.,1.,1.,1.,
1.,1.,1.,1.,1.,1.,1.,1.,1.))
REPRESENTATION_ITEM('')
);
#43=(
BOUNDED_CURVE()
B_SPLINE_CURVE(5,(#3455,#3456,#3457,#3458,#3459,#3460,#3461,#3462,#3463,
#3464,#3465,#3466,#3467,#3468,#3469),.UNSPECIFIED.,.F.,.F.)
B_SPLINE_CURVE_WITH_KNOTS((6,1,1,1,1,1,1,1,1,1,6),(0.,0.1,0.2,0.3,0.4,0.5,
0.6,0.7,0.8,0.9,1.),.UNSPECIFIED.)
CURVE()
GEOMETRIC_REPRESENTATION_ITEM()
RATIONAL_B_SPLINE_CURVE((1.,1.,1.,1.,1.,1.,1.,1.,1.,1.,1.,1.,1.,1.,1.))
REPRESENTATION_ITEM('')
);
#44=(
BOUNDED_CURVE()
B_SPLINE_CURVE(5,(#3472,#3473,#3474,#3475,#3476,#3477,#3478,#3479,#3480,
#3481,#3482,#3483,#3484,#3485,#3486,#3487,#3488,#3489,#3490,#3491,#3492,
#3493,#3494,#3495,#3496,#3497,#3498,#3499,#3500,#3501,#3502,#3503,#3504,
#3505,#3506,#3507,#3508,#3509,#3510,#3511,#3512,#3513,#3514,#3515,#3516),
 .UNSPECIFIED.,.T.,.F.)
B_SPLINE_CURVE_WITH_KNOTS((6,1,1,1,1,1,1,1,1,1,1,1,1,1,1,1,1,1,1,1,1,1,
1,1,1,1,1,1,1,1,1,1,1,1,1,1,1,1,1,1,6),(-1.,-0.975,-0.95,-0.925,-0.9,-0.875,
-0.85,-0.825,-0.8,-0.775,-0.75,-0.725,-0.7,-0.675,-0.65,-0.625,-0.6,-0.575,
-0.55,-0.525,-0.5,-0.475,-0.45,-0.425,-0.4,-0.375,-0.35,-0.325,-0.3,-0.275,
-0.25,-0.225,-0.2,-0.175,-0.15,-0.125,-0.1,-0.075,-0.05,-0.025,0.),
 .UNSPECIFIED.)
CURVE()
GEOMETRIC_REPRESENTATION_ITEM()
RATIONAL_B_SPLINE_CURVE((1.,1.,1.,1.,1.,1.,1.,1.,1.,1.,1.,1.,1.,1.,1.,1.,
1.,1.,1.,1.,1.,1.,1.,1.,1.,1.,1.,1.,1.,1.,1.,1.,1.,1.,1.,1.,1.,1.,1.,1.,
1.,1.,1.,1.,1.))
REPRESENTATION_ITEM('')
);
#45=(
BOUNDED_CURVE()
B_SPLINE_CURVE(5,(#3520,#3521,#3522,#3523,#3524,#3525),.UNSPECIFIED.,.F.,
 .F.)
B_SPLINE_CURVE_WITH_KNOTS((6,6),(-1.,-0.997317909817058),.UNSPECIFIED.)
CURVE()
GEOMETRIC_REPRESENTATION_ITEM()
RATIONAL_B_SPLINE_CURVE((1.,1.,1.,1.,1.,1.))
REPRESENTATION_ITEM('')
);
#46=(
BOUNDED_CURVE()
B_SPLINE_CURVE(5,(#3526,#3527,#3528,#3529,#3530,#3531),.UNSPECIFIED.,.F.,
 .F.)
B_SPLINE_CURVE_WITH_KNOTS((6,6),(-0.00305761203549119,0.),.UNSPECIFIED.)
CURVE()
GEOMETRIC_REPRESENTATION_ITEM()
RATIONAL_B_SPLINE_CURVE((1.,1.,1.,1.,1.,1.))
REPRESENTATION_ITEM('')
);
#47=(
BOUNDED_CURVE()
B_SPLINE_CURVE(5,(#3535,#3536,#3537,#3538,#3539,#3540,#3541,#3542,#3543,
#3544,#3545,#3546,#3547,#3548,#3549,#3550,#3551,#3552,#3553,#3554,#3555,
#3556,#3557,#3558,#3559,#3560,#3561,#3562,#3563,#3564,#3565,#3566,#3567,
#3568,#3569,#3570,#3571,#3572,#3573,#3574),.UNSPECIFIED.,.F.,.F.)
B_SPLINE_CURVE_WITH_KNOTS((6,1,1,1,1,1,1,1,1,1,1,1,1,1,1,1,1,1,1,1,1,1,
1,1,1,1,1,1,1,1,1,1,1,1,1,6),(0.00305761203549339,0.0285714285714286,0.0571428571428571,
0.0857142857142857,0.114285714285714,0.142857142857143,0.171428571428571,
0.2,0.228571428571429,0.257142857142857,0.285714285714286,0.314285714285714,
0.342857142857143,0.371428571428571,0.4,0.428571428571429,0.457142857142857,
0.485714285714286,0.514285714285714,0.542857142857143,0.571428571428572,
0.6,0.628571428571429,0.657142857142857,0.685714285714286,0.714285714285714,
0.742857142857143,0.771428571428571,0.8,0.828571428571429,0.857142857142857,
0.885714285714286,0.914285714285715,0.942857142857143,0.971428571428572,
1.),.UNSPECIFIED.)
CURVE()
GEOMETRIC_REPRESENTATION_ITEM()
RATIONAL_B_SPLINE_CURVE((1.,1.,1.,1.,1.,1.,1.,1.,1.,1.,1.,1.,1.,1.,1.,1.,
1.,1.,1.,1.,1.,1.,1.,1.,1.,1.,1.,1.,1.,1.,1.,1.,1.,1.,1.,1.,1.,1.,1.,1.))
REPRESENTATION_ITEM('')
);
#48=(
BOUNDED_CURVE()
B_SPLINE_CURVE(5,(#3576,#3577,#3578,#3579,#3580,#3581),.UNSPECIFIED.,.F.,
 .F.)
B_SPLINE_CURVE_WITH_KNOTS((6,6),(-1.,-0.997317909817058),.UNSPECIFIED.)
CURVE()
GEOMETRIC_REPRESENTATION_ITEM()
RATIONAL_B_SPLINE_CURVE((1.,1.,1.,1.,1.,1.))
REPRESENTATION_ITEM('')
);
#49=(
BOUNDED_CURVE()
B_SPLINE_CURVE(5,(#3582,#3583,#3584,#3585,#3586,#3587),.UNSPECIFIED.,.F.,
 .F.)
B_SPLINE_CURVE_WITH_KNOTS((6,6),(-0.00305761203549119,0.),.UNSPECIFIED.)
CURVE()
GEOMETRIC_REPRESENTATION_ITEM()
RATIONAL_B_SPLINE_CURVE((1.,1.,1.,1.,1.,1.))
REPRESENTATION_ITEM('')
);
#50=(
BOUNDED_CURVE()
B_SPLINE_CURVE(5,(#3589,#3590,#3591,#3592,#3593,#3594,#3595,#3596,#3597,
#3598,#3599,#3600,#3601,#3602,#3603,#3604,#3605,#3606,#3607,#3608,#3609,
#3610,#3611,#3612,#3613,#3614,#3615,#3616,#3617,#3618,#3619,#3620,#3621,
#3622,#3623,#3624,#3625,#3626,#3627,#3628,#3629,#3630,#3631,#3632,#3633,
#3634,#3635,#3636,#3637,#3638,#3639,#3640,#3641,#3642,#3643,#3644,#3645,
#3646,#3647,#3648,#3649,#3650,#3651,#3652,#3653,#3654,#3655,#3656,#3657,
#3658,#3659,#3660,#3661,#3662,#3663),.UNSPECIFIED.,.F.,.F.)
B_SPLINE_CURVE_WITH_KNOTS((6,1,1,1,1,1,1,1,1,1,1,1,1,1,1,1,1,1,1,1,1,1,
1,1,1,1,1,1,1,1,1,1,1,1,1,1,1,1,1,1,1,1,1,1,1,1,1,1,1,1,1,1,1,1,1,1,1,1,
1,1,1,1,1,1,1,1,1,1,1,1,6),(0.,0.0142857142857143,0.0285714285714286,0.0428571428571429,
0.0571428571428571,0.0714285714285714,0.0857142857142857,0.1,0.114285714285714,
0.128571428571429,0.142857142857143,0.157142857142857,0.171428571428571,
0.185714285714286,0.2,0.214285714285714,0.228571428571429,0.242857142857143,
0.257142857142857,0.271428571428571,0.285714285714286,0.3,0.314285714285714,
0.328571428571429,0.342857142857143,0.357142857142857,0.371428571428571,
0.385714285714286,0.4,0.414285714285714,0.428571428571429,0.442857142857143,
0.457142857142857,0.471428571428571,0.485714285714286,0.5,0.514285714285714,
0.528571428571429,0.542857142857143,0.557142857142857,0.571428571428571,
0.585714285714286,0.6,0.614285714285714,0.628571428571428,0.642857142857142,
0.657142857142857,0.671428571428571,0.685714285714285,0.699999999999999,
0.714285714285714,0.728571428571428,0.742857142857142,0.757142857142856,
0.771428571428571,0.785714285714285,0.799999999999999,0.814285714285713,
0.828571428571428,0.842857142857142,0.857142857142856,0.87142857142857,
0.885714285714284,0.899999999999999,0.914285714285713,0.928571428571427,
0.942857142857141,0.957142857142856,0.97142857142857,0.985714285714284,
0.997317909817057),.UNSPECIFIED.)
CURVE()
GEOMETRIC_REPRESENTATION_ITEM()
RATIONAL_B_SPLINE_CURVE((1.,1.,1.,1.,1.,1.,1.,1.,1.,1.,1.,1.,1.,1.,1.,1.,
1.,1.,1.,1.,1.,1.,1.,1.,1.,1.,1.,1.,1.,1.,1.,1.,1.,1.,1.,1.,1.,1.,1.,1.,
1.,1.,1.,1.,1.,1.,1.,1.,1.,1.,1.,1.,1.,1.,1.,1.,1.,1.,1.,1.,1.,1.,1.,1.,
1.,1.,1.,1.,1.,1.,1.,1.,1.,1.,1.))
REPRESENTATION_ITEM('')
);
#51=(
BOUNDED_CURVE()
B_SPLINE_CURVE(5,(#3665,#3666,#3667,#3668,#3669,#3670,#3671,#3672,#3673,
#3674,#3675,#3676,#3677,#3678,#3679,#3680),.UNSPECIFIED.,.F.,.F.)
B_SPLINE_CURVE_WITH_KNOTS((6,1,1,1,1,1,1,1,1,1,1,6),(0.,0.0333333333333333,
0.0666666666666667,0.1,0.133333333333333,0.166666666666667,0.2,0.233333333333333,
0.266666666666667,0.3,0.333333333333333,0.356637772273331),
 .UNSPECIFIED.)
CURVE()
GEOMETRIC_REPRESENTATION_ITEM()
RATIONAL_B_SPLINE_CURVE((1.,1.,1.,1.,1.,1.,1.,1.,1.,1.,1.,1.,1.,1.,1.,1.))
REPRESENTATION_ITEM('')
);
#52=(
BOUNDED_CURVE()
B_SPLINE_CURVE(5,(#3682,#3683,#3684,#3685,#3686,#3687,#3688,#3689,#3690,
#3691,#3692,#3693,#3694,#3695,#3696,#3697,#3698,#3699,#3700,#3701,#3702,
#3703,#3704,#3705,#3706,#3707,#3708,#3709,#3710,#3711,#3712,#3713,#3714,
#3715,#3716),.UNSPECIFIED.,.F.,.F.)
B_SPLINE_CURVE_WITH_KNOTS((6,1,1,1,1,1,1,1,1,1,1,1,1,1,1,1,1,1,1,1,1,1,
1,1,1,1,1,1,1,1,6),(0.,0.0333333333333333,0.0666666666666667,0.1,0.133333333333333,
0.166666666666667,0.2,0.233333333333333,0.266666666666667,0.3,0.333333333333333,
0.366666666666666,0.4,0.433333333333333,0.466666666666667,0.5,0.533333333333333,
0.566666666666667,0.6,0.633333333333333,0.666666666666667,0.7,0.733333333333333,
0.766666666666667,0.8,0.833333333333333,0.866666666666667,0.9,0.933333333333333,
0.966666666666666,1.),.UNSPECIFIED.)
CURVE()
GEOMETRIC_REPRESENTATION_ITEM()
RATIONAL_B_SPLINE_CURVE((1.,1.,1.,1.,1.,1.,1.,1.,1.,1.,1.,1.,1.,1.,1.,1.,
1.,1.,1.,1.,1.,1.,1.,1.,1.,1.,1.,1.,1.,1.,1.,1.,1.,1.,1.))
REPRESENTATION_ITEM('')
);
#53=(
BOUNDED_CURVE()
B_SPLINE_CURVE(5,(#3718,#3719,#3720,#3721,#3722,#3723,#3724,#3725,#3726,
#3727,#3728,#3729,#3730,#3731,#3732,#3733,#3734,#3735,#3736,#3737,#3738,
#3739,#3740,#3741,#3742,#3743,#3744,#3745,#3746,#3747,#3748,#3749,#3750,
#3751,#3752),.UNSPECIFIED.,.F.,.F.)
B_SPLINE_CURVE_WITH_KNOTS((6,1,1,1,1,1,1,1,1,1,1,1,1,1,1,1,1,1,1,1,1,1,
1,1,1,1,1,1,1,1,6),(0.,0.0333333333333333,0.0666666666666667,0.1,0.133333333333333,
0.166666666666667,0.2,0.233333333333333,0.266666666666667,0.3,0.333333333333333,
0.366666666666666,0.4,0.433333333333333,0.466666666666667,0.5,0.533333333333333,
0.566666666666667,0.6,0.633333333333333,0.666666666666667,0.7,0.733333333333333,
0.766666666666667,0.8,0.833333333333333,0.866666666666667,0.9,0.933333333333333,
0.966666666666666,1.),.UNSPECIFIED.)
CURVE()
GEOMETRIC_REPRESENTATION_ITEM()
RATIONAL_B_SPLINE_CURVE((1.,1.,1.,1.,1.,1.,1.,1.,1.,1.,1.,1.,1.,1.,1.,1.,
1.,1.,1.,1.,1.,1.,1.,1.,1.,1.,1.,1.,1.,1.,1.,1.,1.,1.,1.))
REPRESENTATION_ITEM('')
);
#54=(
BOUNDED_CURVE()
B_SPLINE_CURVE(5,(#3754,#3755,#3756,#3757,#3758,#3759,#3760,#3761,#3762,
#3763,#3764,#3765,#3766,#3767,#3768,#3769,#3770,#3771,#3772,#3773,#3774,
#3775,#3776,#3777,#3778,#3779,#3780,#3781,#3782,#3783,#3784,#3785,#3786,
#3787,#3788),.UNSPECIFIED.,.F.,.F.)
B_SPLINE_CURVE_WITH_KNOTS((6,1,1,1,1,1,1,1,1,1,1,1,1,1,1,1,1,1,1,1,1,1,
1,1,1,1,1,1,1,1,6),(0.,0.0333333333333333,0.0666666666666667,0.1,0.133333333333333,
0.166666666666667,0.2,0.233333333333333,0.266666666666667,0.3,0.333333333333333,
0.366666666666666,0.4,0.433333333333333,0.466666666666667,0.5,0.533333333333333,
0.566666666666667,0.6,0.633333333333333,0.666666666666667,0.7,0.733333333333333,
0.766666666666667,0.8,0.833333333333333,0.866666666666667,0.9,0.933333333333333,
0.966666666666666,1.),.UNSPECIFIED.)
CURVE()
GEOMETRIC_REPRESENTATION_ITEM()
RATIONAL_B_SPLINE_CURVE((1.,1.,1.,1.,1.,1.,1.,1.,1.,1.,1.,1.,1.,1.,1.,1.,
1.,1.,1.,1.,1.,1.,1.,1.,1.,1.,1.,1.,1.,1.,1.,1.,1.,1.,1.))
REPRESENTATION_ITEM('')
);
#55=(
BOUNDED_CURVE()
B_SPLINE_CURVE(5,(#3790,#3791,#3792,#3793,#3794,#3795,#3796,#3797,#3798,
#3799,#3800,#3801,#3802,#3803,#3804,#3805,#3806,#3807,#3808,#3809,#3810,
#3811,#3812,#3813,#3814,#3815,#3816,#3817,#3818,#3819,#3820,#3821,#3822,
#3823,#3824,#3825,#3826,#3827,#3828,#3829,#3830,#3831,#3832,#3833,#3834,
#3835,#3836,#3837,#3838,#3839,#3840,#3841,#3842,#3843,#3844,#3845,#3846,
#3847,#3848,#3849,#3850,#3851,#3852,#3853,#3854),.UNSPECIFIED.,.F.,.F.)
B_SPLINE_CURVE_WITH_KNOTS((6,1,1,1,1,1,1,1,1,1,1,1,1,1,1,1,1,1,1,1,1,1,
1,1,1,1,1,1,1,1,1,1,1,1,1,1,1,1,1,1,1,1,1,1,1,1,1,1,1,1,1,1,1,1,1,1,1,1,
1,1,6),(0.,0.0166666666666667,0.0333333333333333,0.05,0.0666666666666667,
0.0833333333333333,0.1,0.116666666666667,0.133333333333333,0.15,0.166666666666667,
0.183333333333333,0.2,0.216666666666667,0.233333333333333,0.25,0.266666666666667,
0.283333333333333,0.3,0.316666666666667,0.333333333333333,0.35,0.366666666666666,
0.383333333333333,0.4,0.416666666666667,0.433333333333333,0.45,0.466666666666667,
0.483333333333333,0.5,0.516666666666667,0.533333333333333,0.55,0.566666666666667,
0.583333333333333,0.6,0.616666666666667,0.633333333333334,0.65,0.666666666666667,
0.683333333333334,0.700000000000001,0.716666666666667,0.733333333333334,
0.750000000000001,0.766666666666667,0.783333333333334,0.800000000000001,
0.816666666666668,0.833333333333334,0.850000000000001,0.866666666666668,
0.883333333333334,0.900000000000001,0.916666666666668,0.933333333333334,
0.950000000000001,0.966666666666668,0.983333333333335,1.),.UNSPECIFIED.)
CURVE()
GEOMETRIC_REPRESENTATION_ITEM()
RATIONAL_B_SPLINE_CURVE((1.,1.,1.,1.,1.,1.,1.,1.,1.,1.,1.,1.,1.,1.,1.,1.,
1.,1.,1.,1.,1.,1.,1.,1.,1.,1.,1.,1.,1.,1.,1.,1.,1.,1.,1.,1.,1.,1.,1.,1.,
1.,1.,1.,1.,1.,1.,1.,1.,1.,1.,1.,1.,1.,1.,1.,1.,1.,1.,1.,1.,1.,1.,1.,1.,
1.))
REPRESENTATION_ITEM('')
);
#56=(
BOUNDED_CURVE()
B_SPLINE_CURVE(5,(#3856,#3857,#3858,#3859,#3860,#3861,#3862,#3863,#3864,
#3865,#3866,#3867,#3868,#3869,#3870,#3871,#3872,#3873,#3874,#3875),
 .UNSPECIFIED.,.F.,.F.)
B_SPLINE_CURVE_WITH_KNOTS((6,1,1,1,1,1,1,1,1,1,1,1,1,1,1,6),(0.500824184137209,
0.533333333333333,0.566666666666667,0.6,0.633333333333333,0.666666666666667,
0.7,0.733333333333333,0.766666666666667,0.8,0.833333333333333,0.866666666666667,
0.9,0.933333333333333,0.966666666666666,1.),.UNSPECIFIED.)
CURVE()
GEOMETRIC_REPRESENTATION_ITEM()
RATIONAL_B_SPLINE_CURVE((1.,1.,1.,1.,1.,1.,1.,1.,1.,1.,1.,1.,1.,1.,1.,1.,
1.,1.,1.,1.))
REPRESENTATION_ITEM('')
);
#57=(
BOUNDED_CURVE()
B_SPLINE_CURVE(5,(#3877,#3878,#3879,#3880,#3881,#3882,#3883,#3884,#3885,
#3886,#3887,#3888,#3889,#3890,#3891,#3892,#3893,#3894,#3895,#3896,#3897,
#3898,#3899,#3900,#3901,#3902,#3903,#3904,#3905,#3906,#3907,#3908,#3909,
#3910,#3911,#3912,#3913,#3914,#3915,#3916,#3917,#3918,#3919,#3920,#3921,
#3922,#3923,#3924,#3925,#3926,#3927,#3928,#3929,#3930,#3931),
 .UNSPECIFIED.,.F.,.F.)
B_SPLINE_CURVE_WITH_KNOTS((6,1,1,1,1,1,1,1,1,1,1,1,1,1,1,1,1,1,1,1,1,1,
1,1,1,1,1,1,1,1,1,1,1,1,1,1,1,1,1,1,1,1,1,1,1,1,1,1,1,1,6),(0.,0.02,0.04,
0.06,0.08,0.1,0.12,0.14,0.16,0.18,0.2,0.22,0.24,0.26,0.28,0.3,0.32,0.34,
0.36,0.38,0.4,0.42,0.44,0.46,0.48,0.5,0.52,0.54,0.56,0.58,0.6,0.62,0.64,
0.66,0.68,0.7,0.72,0.74,0.76,0.78,0.8,0.82,0.84,0.86,0.88,0.9,0.92,0.94,
0.96,0.98,1.),.UNSPECIFIED.)
CURVE()
GEOMETRIC_REPRESENTATION_ITEM()
RATIONAL_B_SPLINE_CURVE((1.,1.,1.,1.,1.,1.,1.,1.,1.,1.,1.,1.,1.,1.,1.,1.,
1.,1.,1.,1.,1.,1.,1.,1.,1.,1.,1.,1.,1.,1.,1.,1.,1.,1.,1.,1.,1.,1.,1.,1.,
1.,1.,1.,1.,1.,1.,1.,1.,1.,1.,1.,1.,1.,1.,1.))
REPRESENTATION_ITEM('')
);
#58=(
BOUNDED_CURVE()
B_SPLINE_CURVE(5,(#3933,#3934,#3935,#3936,#3937,#3938,#3939,#3940,#3941,
#3942,#3943,#3944,#3945,#3946,#3947),.UNSPECIFIED.,.F.,.F.)
B_SPLINE_CURVE_WITH_KNOTS((6,1,1,1,1,1,1,1,1,1,6),(0.,0.1,0.2,0.3,0.4,0.5,
0.6,0.7,0.8,0.9,1.),.UNSPECIFIED.)
CURVE()
GEOMETRIC_REPRESENTATION_ITEM()
RATIONAL_B_SPLINE_CURVE((1.,1.,1.,1.,1.,1.,1.,1.,1.,1.,1.,1.,1.,1.,1.))
REPRESENTATION_ITEM('')
);
#59=(
BOUNDED_CURVE()
B_SPLINE_CURVE(5,(#3949,#3950,#3951,#3952,#3953,#3954,#3955,#3956,#3957,
#3958,#3959,#3960,#3961,#3962,#3963,#3964,#3965,#3966,#3967,#3968,#3969,
#3970,#3971,#3972,#3973,#3974,#3975,#3976,#3977,#3978,#3979,#3980,#3981,
#3982,#3983),.UNSPECIFIED.,.F.,.F.)
B_SPLINE_CURVE_WITH_KNOTS((6,1,1,1,1,1,1,1,1,1,1,1,1,1,1,1,1,1,1,1,1,1,
1,1,1,1,1,1,1,1,6),(0.,0.0333333333333333,0.0666666666666667,0.1,0.133333333333333,
0.166666666666667,0.2,0.233333333333333,0.266666666666667,0.3,0.333333333333333,
0.366666666666666,0.4,0.433333333333333,0.466666666666667,0.5,0.533333333333333,
0.566666666666667,0.6,0.633333333333333,0.666666666666667,0.7,0.733333333333333,
0.766666666666667,0.8,0.833333333333333,0.866666666666667,0.9,0.933333333333333,
0.966666666666666,1.),.UNSPECIFIED.)
CURVE()
GEOMETRIC_REPRESENTATION_ITEM()
RATIONAL_B_SPLINE_CURVE((1.,1.,1.,1.,1.,1.,1.,1.,1.,1.,1.,1.,1.,1.,1.,1.,
1.,1.,1.,1.,1.,1.,1.,1.,1.,1.,1.,1.,1.,1.,1.,1.,1.,1.,1.))
REPRESENTATION_ITEM('')
);
#60=(
BOUNDED_CURVE()
B_SPLINE_CURVE(5,(#3984,#3985,#3986,#3987,#3988,#3989,#3990,#3991,#3992,
#3993,#3994,#3995,#3996,#3997,#3998,#3999,#4000,#4001,#4002,#4003,#4004,
#4005,#4006,#4007,#4008,#4009,#4010,#4011,#4012,#4013,#4014,#4015,#4016,
#4017,#4018,#4019,#4020,#4021,#4022,#4023),.UNSPECIFIED.,.F.,.F.)
B_SPLINE_CURVE_WITH_KNOTS((6,1,1,1,1,1,1,1,1,1,1,1,1,1,1,1,1,1,1,1,1,1,
1,1,1,1,1,1,1,1,1,1,1,1,1,6),(0.,0.0285714285714286,0.0571428571428571,
0.0857142857142857,0.114285714285714,0.142857142857143,0.171428571428571,
0.2,0.228571428571429,0.257142857142857,0.285714285714286,0.314285714285714,
0.342857142857143,0.371428571428571,0.4,0.428571428571429,0.457142857142857,
0.485714285714286,0.514285714285714,0.542857142857143,0.571428571428572,
0.6,0.628571428571429,0.657142857142857,0.685714285714286,0.714285714285714,
0.742857142857143,0.771428571428571,0.8,0.828571428571429,0.857142857142857,
0.885714285714286,0.914285714285715,0.942857142857143,0.971428571428572,
1.),.UNSPECIFIED.)
CURVE()
GEOMETRIC_REPRESENTATION_ITEM()
RATIONAL_B_SPLINE_CURVE((1.,1.,1.,1.,1.,1.,1.,1.,1.,1.,1.,1.,1.,1.,1.,1.,
1.,1.,1.,1.,1.,1.,1.,1.,1.,1.,1.,1.,1.,1.,1.,1.,1.,1.,1.,1.,1.,1.,1.,1.))
REPRESENTATION_ITEM('')
);
#61=(
BOUNDED_CURVE()
B_SPLINE_CURVE(5,(#4025,#4026,#4027,#4028,#4029,#4030,#4031,#4032,#4033,
#4034,#4035,#4036,#4037,#4038,#4039,#4040,#4041,#4042,#4043,#4044,#4045,
#4046,#4047,#4048,#4049,#4050,#4051,#4052,#4053,#4054,#4055,#4056,#4057,
#4058,#4059,#4060,#4061,#4062,#4063,#4064,#4065,#4066,#4067,#4068,#4069),
 .UNSPECIFIED.,.T.,.F.)
B_SPLINE_CURVE_WITH_KNOTS((6,1,1,1,1,1,1,1,1,1,1,1,1,1,1,1,1,1,1,1,1,1,
1,1,1,1,1,1,1,1,1,1,1,1,1,1,1,1,1,1,6),(-1.,-0.975,-0.95,-0.925,-0.9,-0.875,
-0.85,-0.825,-0.8,-0.775,-0.75,-0.725,-0.7,-0.675,-0.65,-0.625,-0.6,-0.575,
-0.55,-0.525,-0.5,-0.475,-0.45,-0.425,-0.4,-0.375,-0.35,-0.325,-0.3,-0.275,
-0.25,-0.225,-0.2,-0.175,-0.15,-0.125,-0.1,-0.075,-0.05,-0.025,0.),
 .UNSPECIFIED.)
CURVE()
GEOMETRIC_REPRESENTATION_ITEM()
RATIONAL_B_SPLINE_CURVE((1.,1.,1.,1.,1.,1.,1.,1.,1.,1.,1.,1.,1.,1.,1.,1.,
1.,1.,1.,1.,1.,1.,1.,1.,1.,1.,1.,1.,1.,1.,1.,1.,1.,1.,1.,1.,1.,1.,1.,1.,
1.,1.,1.,1.,1.))
REPRESENTATION_ITEM('')
);
#62=(
BOUNDED_CURVE()
B_SPLINE_CURVE(5,(#4151,#4152,#4153,#4154,#4155,#4156,#4157,#4158,#4159,
#4160,#4161,#4162,#4163,#4164,#4165,#4166,#4167,#4168,#4169,#4170,#4171,
#4172,#4173,#4174,#4175,#4176,#4177,#4178,#4179,#4180,#4181,#4182,#4183,
#4184,#4185,#4186,#4187,#4188,#4189,#4190),.UNSPECIFIED.,.F.,.F.)
B_SPLINE_CURVE_WITH_KNOTS((6,1,1,1,1,1,1,1,1,1,1,1,1,1,1,1,1,1,1,1,1,1,
1,1,1,1,1,1,1,1,1,1,1,1,1,6),(0.00305761203549339,0.0285714285714286,0.0571428571428571,
0.0857142857142857,0.114285714285714,0.142857142857143,0.171428571428571,
0.2,0.228571428571429,0.257142857142857,0.285714285714286,0.314285714285714,
0.342857142857143,0.371428571428571,0.4,0.428571428571429,0.457142857142857,
0.485714285714286,0.514285714285714,0.542857142857143,0.571428571428572,
0.6,0.628571428571429,0.657142857142857,0.685714285714286,0.714285714285714,
0.742857142857143,0.771428571428571,0.8,0.828571428571429,0.857142857142857,
0.885714285714286,0.914285714285715,0.942857142857143,0.971428571428572,
1.),.UNSPECIFIED.)
CURVE()
GEOMETRIC_REPRESENTATION_ITEM()
RATIONAL_B_SPLINE_CURVE((1.,1.,1.,1.,1.,1.,1.,1.,1.,1.,1.,1.,1.,1.,1.,1.,
1.,1.,1.,1.,1.,1.,1.,1.,1.,1.,1.,1.,1.,1.,1.,1.,1.,1.,1.,1.,1.,1.,1.,1.))
REPRESENTATION_ITEM('')
);
#63=(
BOUNDED_CURVE()
B_SPLINE_CURVE(5,(#4274,#4275,#4276,#4277,#4278,#4279,#4280,#4281,#4282,
#4283,#4284,#4285,#4286,#4287,#4288,#4289,#4290,#4291,#4292,#4293,#4294,
#4295,#4296,#4297,#4298,#4299,#4300,#4301,#4302,#4303,#4304,#4305,#4306,
#4307,#4308,#4309,#4310,#4311,#4312,#4313),.UNSPECIFIED.,.F.,.F.)
B_SPLINE_CURVE_WITH_KNOTS((6,1,1,1,1,1,1,1,1,1,1,1,1,1,1,1,1,1,1,1,1,1,
1,1,1,1,1,1,1,1,1,1,1,1,1,6),(0.,0.0285714285714286,0.0571428571428571,
0.0857142857142857,0.114285714285714,0.142857142857143,0.171428571428571,
0.2,0.228571428571429,0.257142857142857,0.285714285714286,0.314285714285714,
0.342857142857143,0.371428571428571,0.4,0.428571428571429,0.457142857142857,
0.485714285714286,0.514285714285714,0.542857142857143,0.571428571428572,
0.6,0.628571428571429,0.657142857142857,0.685714285714286,0.714285714285714,
0.742857142857143,0.771428571428571,0.8,0.828571428571429,0.857142857142857,
0.885714285714286,0.914285714285715,0.942857142857143,0.971428571428572,
1.),.UNSPECIFIED.)
CURVE()
GEOMETRIC_REPRESENTATION_ITEM()
RATIONAL_B_SPLINE_CURVE((1.,1.,1.,1.,1.,1.,1.,1.,1.,1.,1.,1.,1.,1.,1.,1.,
1.,1.,1.,1.,1.,1.,1.,1.,1.,1.,1.,1.,1.,1.,1.,1.,1.,1.,1.,1.,1.,1.,1.,1.))
REPRESENTATION_ITEM('')
);
#64=(
BOUNDED_CURVE()
B_SPLINE_CURVE(5,(#4386,#4387,#4388,#4389,#4390,#4391,#4392,#4393,#4394,
#4395,#4396,#4397,#4398,#4399,#4400,#4401,#4402,#4403,#4404,#4405,#4406,
#4407,#4408,#4409,#4410,#4411,#4412,#4413,#4414,#4415,#4416,#4417,#4418,
#4419,#4420),.UNSPECIFIED.,.F.,.F.)
B_SPLINE_CURVE_WITH_KNOTS((6,1,1,1,1,1,1,1,1,1,1,1,1,1,1,1,1,1,1,1,1,1,
1,1,1,1,1,1,1,1,6),(0.,0.0333333333333333,0.0666666666666667,0.1,0.133333333333333,
0.166666666666667,0.2,0.233333333333333,0.266666666666667,0.3,0.333333333333333,
0.366666666666666,0.4,0.433333333333333,0.466666666666667,0.5,0.533333333333333,
0.566666666666667,0.6,0.633333333333333,0.666666666666667,0.7,0.733333333333333,
0.766666666666667,0.8,0.833333333333333,0.866666666666667,0.9,0.933333333333333,
0.966666666666666,1.),.UNSPECIFIED.)
CURVE()
GEOMETRIC_REPRESENTATION_ITEM()
RATIONAL_B_SPLINE_CURVE((1.,1.,1.,1.,1.,1.,1.,1.,1.,1.,1.,1.,1.,1.,1.,1.,
1.,1.,1.,1.,1.,1.,1.,1.,1.,1.,1.,1.,1.,1.,1.,1.,1.,1.,1.))
REPRESENTATION_ITEM('')
);
#65=(
BOUNDED_CURVE()
B_SPLINE_CURVE(5,(#4453,#4454,#4455,#4456,#4457,#4458,#4459,#4460,#4461,
#4462,#4463,#4464,#4465,#4466,#4467),.UNSPECIFIED.,.F.,.F.)
B_SPLINE_CURVE_WITH_KNOTS((6,1,1,1,1,1,1,1,1,1,6),(0.,0.1,0.2,0.3,0.4,0.5,
0.6,0.7,0.8,0.9,1.),.UNSPECIFIED.)
CURVE()
GEOMETRIC_REPRESENTATION_ITEM()
RATIONAL_B_SPLINE_CURVE((1.,1.,1.,1.,1.,1.,1.,1.,1.,1.,1.,1.,1.,1.,1.))
REPRESENTATION_ITEM('')
);
#66=(
BOUNDED_CURVE()
B_SPLINE_CURVE(5,(#4580,#4581,#4582,#4583,#4584,#4585,#4586,#4587,#4588,
#4589,#4590,#4591,#4592,#4593,#4594,#4595,#4596,#4597,#4598,#4599,#4600,
#4601,#4602,#4603,#4604,#4605,#4606,#4607,#4608,#4609,#4610,#4611,#4612,
#4613,#4614,#4615,#4616,#4617,#4618,#4619,#4620,#4621,#4622,#4623,#4624,
#4625,#4626,#4627,#4628,#4629,#4630,#4631,#4632,#4633,#4634),
 .UNSPECIFIED.,.F.,.F.)
B_SPLINE_CURVE_WITH_KNOTS((6,1,1,1,1,1,1,1,1,1,1,1,1,1,1,1,1,1,1,1,1,1,
1,1,1,1,1,1,1,1,1,1,1,1,1,1,1,1,1,1,1,1,1,1,1,1,1,1,1,1,6),(0.,0.02,0.04,
0.06,0.08,0.1,0.12,0.14,0.16,0.18,0.2,0.22,0.24,0.26,0.28,0.3,0.32,0.34,
0.36,0.38,0.4,0.42,0.44,0.46,0.48,0.5,0.52,0.54,0.56,0.58,0.6,0.62,0.64,
0.66,0.68,0.7,0.72,0.74,0.76,0.78,0.8,0.82,0.84,0.86,0.88,0.9,0.92,0.94,
0.96,0.98,1.),.UNSPECIFIED.)
CURVE()
GEOMETRIC_REPRESENTATION_ITEM()
RATIONAL_B_SPLINE_CURVE((1.,1.,1.,1.,1.,1.,1.,1.,1.,1.,1.,1.,1.,1.,1.,1.,
1.,1.,1.,1.,1.,1.,1.,1.,1.,1.,1.,1.,1.,1.,1.,1.,1.,1.,1.,1.,1.,1.,1.,1.,
1.,1.,1.,1.,1.,1.,1.,1.,1.,1.,1.,1.,1.,1.,1.))
REPRESENTATION_ITEM('')
);
#67=(
BOUNDED_CURVE()
B_SPLINE_CURVE(5,(#4677,#4678,#4679,#4680,#4681,#4682,#4683,#4684,#4685,
#4686,#4687,#4688,#4689,#4690,#4691,#4692,#4693,#4694,#4695,#4696),
 .UNSPECIFIED.,.F.,.F.)
B_SPLINE_CURVE_WITH_KNOTS((6,1,1,1,1,1,1,1,1,1,1,1,1,1,1,6),(0.500824184137209,
0.533333333333333,0.566666666666667,0.6,0.633333333333333,0.666666666666667,
0.7,0.733333333333333,0.766666666666667,0.8,0.833333333333333,0.866666666666667,
0.9,0.933333333333333,0.966666666666666,1.),.UNSPECIFIED.)
CURVE()
GEOMETRIC_REPRESENTATION_ITEM()
RATIONAL_B_SPLINE_CURVE((1.,1.,1.,1.,1.,1.,1.,1.,1.,1.,1.,1.,1.,1.,1.,1.,
1.,1.,1.,1.))
REPRESENTATION_ITEM('')
);
#68=(
BOUNDED_CURVE()
B_SPLINE_CURVE(5,(#4829,#4830,#4831,#4832,#4833,#4834,#4835,#4836,#4837,
#4838,#4839,#4840,#4841,#4842,#4843,#4844,#4845,#4846,#4847,#4848,#4849,
#4850,#4851,#4852,#4853,#4854,#4855,#4856,#4857,#4858,#4859,#4860,#4861,
#4862,#4863,#4864,#4865,#4866,#4867,#4868,#4869,#4870,#4871,#4872,#4873,
#4874,#4875,#4876,#4877,#4878,#4879,#4880,#4881,#4882,#4883,#4884,#4885,
#4886,#4887,#4888,#4889,#4890,#4891,#4892,#4893),.UNSPECIFIED.,.F.,.F.)
B_SPLINE_CURVE_WITH_KNOTS((6,1,1,1,1,1,1,1,1,1,1,1,1,1,1,1,1,1,1,1,1,1,
1,1,1,1,1,1,1,1,1,1,1,1,1,1,1,1,1,1,1,1,1,1,1,1,1,1,1,1,1,1,1,1,1,1,1,1,
1,1,6),(0.,0.0166666666666667,0.0333333333333333,0.05,0.0666666666666667,
0.0833333333333333,0.1,0.116666666666667,0.133333333333333,0.15,0.166666666666667,
0.183333333333333,0.2,0.216666666666667,0.233333333333333,0.25,0.266666666666667,
0.283333333333333,0.3,0.316666666666667,0.333333333333333,0.35,0.366666666666666,
0.383333333333333,0.4,0.416666666666667,0.433333333333333,0.45,0.466666666666667,
0.483333333333333,0.5,0.516666666666667,0.533333333333333,0.55,0.566666666666667,
0.583333333333333,0.6,0.616666666666667,0.633333333333334,0.65,0.666666666666667,
0.683333333333334,0.700000000000001,0.716666666666667,0.733333333333334,
0.750000000000001,0.766666666666667,0.783333333333334,0.800000000000001,
0.816666666666668,0.833333333333334,0.850000000000001,0.866666666666668,
0.883333333333334,0.900000000000001,0.916666666666668,0.933333333333334,
0.950000000000001,0.966666666666668,0.983333333333335,1.),.UNSPECIFIED.)
CURVE()
GEOMETRIC_REPRESENTATION_ITEM()
RATIONAL_B_SPLINE_CURVE((1.,1.,1.,1.,1.,1.,1.,1.,1.,1.,1.,1.,1.,1.,1.,1.,
1.,1.,1.,1.,1.,1.,1.,1.,1.,1.,1.,1.,1.,1.,1.,1.,1.,1.,1.,1.,1.,1.,1.,1.,
1.,1.,1.,1.,1.,1.,1.,1.,1.,1.,1.,1.,1.,1.,1.,1.,1.,1.,1.,1.,1.,1.,1.,1.,
1.))
REPRESENTATION_ITEM('')
);
#69=(
BOUNDED_CURVE()
B_SPLINE_CURVE(5,(#4966,#4967,#4968,#4969,#4970,#4971,#4972,#4973,#4974,
#4975,#4976,#4977,#4978,#4979,#4980,#4981,#4982,#4983,#4984,#4985,#4986,
#4987,#4988,#4989,#4990,#4991,#4992,#4993,#4994,#4995,#4996,#4997,#4998,
#4999,#5000),.UNSPECIFIED.,.F.,.F.)
B_SPLINE_CURVE_WITH_KNOTS((6,1,1,1,1,1,1,1,1,1,1,1,1,1,1,1,1,1,1,1,1,1,
1,1,1,1,1,1,1,1,6),(0.,0.0333333333333333,0.0666666666666667,0.1,0.133333333333333,
0.166666666666667,0.2,0.233333333333333,0.266666666666667,0.3,0.333333333333333,
0.366666666666666,0.4,0.433333333333333,0.466666666666667,0.5,0.533333333333333,
0.566666666666667,0.6,0.633333333333333,0.666666666666667,0.7,0.733333333333333,
0.766666666666667,0.8,0.833333333333333,0.866666666666667,0.9,0.933333333333333,
0.966666666666666,1.),.UNSPECIFIED.)
CURVE()
GEOMETRIC_REPRESENTATION_ITEM()
RATIONAL_B_SPLINE_CURVE((1.,1.,1.,1.,1.,1.,1.,1.,1.,1.,1.,1.,1.,1.,1.,1.,
1.,1.,1.,1.,1.,1.,1.,1.,1.,1.,1.,1.,1.,1.,1.,1.,1.,1.,1.))
REPRESENTATION_ITEM('')
);
#70=(
BOUNDED_CURVE()
B_SPLINE_CURVE(5,(#5073,#5074,#5075,#5076,#5077,#5078,#5079,#5080,#5081,
#5082,#5083,#5084,#5085,#5086,#5087,#5088,#5089,#5090,#5091,#5092,#5093,
#5094,#5095,#5096,#5097,#5098,#5099,#5100,#5101,#5102,#5103,#5104,#5105,
#5106,#5107),.UNSPECIFIED.,.F.,.F.)
B_SPLINE_CURVE_WITH_KNOTS((6,1,1,1,1,1,1,1,1,1,1,1,1,1,1,1,1,1,1,1,1,1,
1,1,1,1,1,1,1,1,6),(0.,0.0333333333333333,0.0666666666666667,0.1,0.133333333333333,
0.166666666666667,0.2,0.233333333333333,0.266666666666667,0.3,0.333333333333333,
0.366666666666666,0.4,0.433333333333333,0.466666666666667,0.5,0.533333333333333,
0.566666666666667,0.6,0.633333333333333,0.666666666666667,0.7,0.733333333333333,
0.766666666666667,0.8,0.833333333333333,0.866666666666667,0.9,0.933333333333333,
0.966666666666666,1.),.UNSPECIFIED.)
CURVE()
GEOMETRIC_REPRESENTATION_ITEM()
RATIONAL_B_SPLINE_CURVE((1.,1.,1.,1.,1.,1.,1.,1.,1.,1.,1.,1.,1.,1.,1.,1.,
1.,1.,1.,1.,1.,1.,1.,1.,1.,1.,1.,1.,1.,1.,1.,1.,1.,1.,1.))
REPRESENTATION_ITEM('')
);
#71=(
BOUNDED_CURVE()
B_SPLINE_CURVE(5,(#5180,#5181,#5182,#5183,#5184,#5185,#5186,#5187,#5188,
#5189,#5190,#5191,#5192,#5193,#5194,#5195,#5196,#5197,#5198,#5199,#5200,
#5201,#5202,#5203,#5204,#5205,#5206,#5207,#5208,#5209,#5210,#5211,#5212,
#5213,#5214),.UNSPECIFIED.,.F.,.F.)
B_SPLINE_CURVE_WITH_KNOTS((6,1,1,1,1,1,1,1,1,1,1,1,1,1,1,1,1,1,1,1,1,1,
1,1,1,1,1,1,1,1,6),(0.,0.0333333333333333,0.0666666666666667,0.1,0.133333333333333,
0.166666666666667,0.2,0.233333333333333,0.266666666666667,0.3,0.333333333333333,
0.366666666666666,0.4,0.433333333333333,0.466666666666667,0.5,0.533333333333333,
0.566666666666667,0.6,0.633333333333333,0.666666666666667,0.7,0.733333333333333,
0.766666666666667,0.8,0.833333333333333,0.866666666666667,0.9,0.933333333333333,
0.966666666666666,1.),.UNSPECIFIED.)
CURVE()
GEOMETRIC_REPRESENTATION_ITEM()
RATIONAL_B_SPLINE_CURVE((1.,1.,1.,1.,1.,1.,1.,1.,1.,1.,1.,1.,1.,1.,1.,1.,
1.,1.,1.,1.,1.,1.,1.,1.,1.,1.,1.,1.,1.,1.,1.,1.,1.,1.,1.))
REPRESENTATION_ITEM('')
);
#72=(
BOUNDED_CURVE()
B_SPLINE_CURVE(5,(#5249,#5250,#5251,#5252,#5253,#5254,#5255,#5256,#5257,
#5258,#5259,#5260,#5261,#5262,#5263,#5264),.UNSPECIFIED.,.F.,.F.)
B_SPLINE_CURVE_WITH_KNOTS((6,1,1,1,1,1,1,1,1,1,1,6),(0.,0.0333333333333333,
0.0666666666666667,0.1,0.133333333333333,0.166666666666667,0.2,0.233333333333333,
0.266666666666667,0.3,0.333333333333333,0.356637772273331),
 .UNSPECIFIED.)
CURVE()
GEOMETRIC_REPRESENTATION_ITEM()
RATIONAL_B_SPLINE_CURVE((1.,1.,1.,1.,1.,1.,1.,1.,1.,1.,1.,1.,1.,1.,1.,1.))
REPRESENTATION_ITEM('')
);
#73=(
BOUNDED_CURVE()
B_SPLINE_CURVE(5,(#5416,#5417,#5418,#5419,#5420,#5421,#5422,#5423,#5424,
#5425,#5426,#5427,#5428,#5429,#5430,#5431,#5432,#5433,#5434,#5435,#5436,
#5437,#5438,#5439,#5440,#5441,#5442,#5443,#5444,#5445,#5446,#5447,#5448,
#5449,#5450,#5451,#5452,#5453,#5454,#5455,#5456,#5457,#5458,#5459,#5460,
#5461,#5462,#5463,#5464,#5465,#5466,#5467,#5468,#5469,#5470,#5471,#5472,
#5473,#5474,#5475,#5476,#5477,#5478,#5479,#5480,#5481,#5482,#5483,#5484,
#5485,#5486,#5487,#5488,#5489,#5490),.UNSPECIFIED.,.F.,.F.)
B_SPLINE_CURVE_WITH_KNOTS((6,1,1,1,1,1,1,1,1,1,1,1,1,1,1,1,1,1,1,1,1,1,
1,1,1,1,1,1,1,1,1,1,1,1,1,1,1,1,1,1,1,1,1,1,1,1,1,1,1,1,1,1,1,1,1,1,1,1,
1,1,1,1,1,1,1,1,1,1,1,1,6),(0.,0.0142857142857143,0.0285714285714286,0.0428571428571429,
0.0571428571428571,0.0714285714285714,0.0857142857142857,0.1,0.114285714285714,
0.128571428571429,0.142857142857143,0.157142857142857,0.171428571428571,
0.185714285714286,0.2,0.214285714285714,0.228571428571429,0.242857142857143,
0.257142857142857,0.271428571428571,0.285714285714286,0.3,0.314285714285714,
0.328571428571429,0.342857142857143,0.357142857142857,0.371428571428571,
0.385714285714286,0.4,0.414285714285714,0.428571428571429,0.442857142857143,
0.457142857142857,0.471428571428571,0.485714285714286,0.5,0.514285714285714,
0.528571428571429,0.542857142857143,0.557142857142857,0.571428571428571,
0.585714285714286,0.6,0.614285714285714,0.628571428571428,0.642857142857142,
0.657142857142857,0.671428571428571,0.685714285714285,0.699999999999999,
0.714285714285714,0.728571428571428,0.742857142857142,0.757142857142856,
0.771428571428571,0.785714285714285,0.799999999999999,0.814285714285713,
0.828571428571428,0.842857142857142,0.857142857142856,0.87142857142857,
0.885714285714284,0.899999999999999,0.914285714285713,0.928571428571427,
0.942857142857141,0.957142857142856,0.97142857142857,0.985714285714284,
0.997317909817057),.UNSPECIFIED.)
CURVE()
GEOMETRIC_REPRESENTATION_ITEM()
RATIONAL_B_SPLINE_CURVE((1.,1.,1.,1.,1.,1.,1.,1.,1.,1.,1.,1.,1.,1.,1.,1.,
1.,1.,1.,1.,1.,1.,1.,1.,1.,1.,1.,1.,1.,1.,1.,1.,1.,1.,1.,1.,1.,1.,1.,1.,
1.,1.,1.,1.,1.,1.,1.,1.,1.,1.,1.,1.,1.,1.,1.,1.,1.,1.,1.,1.,1.,1.,1.,1.,
1.,1.,1.,1.,1.,1.,1.,1.,1.,1.,1.))
REPRESENTATION_ITEM('')
);
#74=(
BOUNDED_CURVE()
B_SPLINE_CURVE(5,(#5611,#5612,#5613,#5614,#5615,#5616,#5617,#5618,#5619,
#5620,#5621,#5622,#5623,#5624,#5625,#5626,#5627,#5628,#5629,#5630,#5631,
#5632,#5633,#5634,#5635,#5636,#5637,#5638,#5639,#5640,#5641,#5642,#5643,
#5644,#5645),.UNSPECIFIED.,.F.,.F.)
B_SPLINE_CURVE_WITH_KNOTS((6,1,1,1,1,1,1,1,1,1,1,1,1,1,1,1,1,1,1,1,1,1,
1,1,1,1,1,1,1,1,6),(-1.,-0.966666666666666,-0.933333333333333,-0.9,-0.866666666666667,
-0.833333333333333,-0.8,-0.766666666666667,-0.733333333333333,-0.7,-0.666666666666667,
-0.633333333333333,-0.6,-0.566666666666667,-0.533333333333333,-0.5,-0.466666666666667,
-0.433333333333333,-0.4,-0.366666666666666,-0.333333333333333,-0.3,-0.266666666666667,
-0.233333333333333,-0.2,-0.166666666666667,-0.133333333333333,-0.1,-0.0666666666666667,
-0.0333333333333333,0.),.UNSPECIFIED.)
CURVE()
GEOMETRIC_REPRESENTATION_ITEM()
RATIONAL_B_SPLINE_CURVE((1.,1.,1.,1.,1.,1.,1.,1.,1.,1.,1.,1.,1.,1.,1.,1.,
1.,1.,1.,1.,1.,1.,1.,1.,1.,1.,1.,1.,1.,1.,1.,1.,1.,1.,1.))
REPRESENTATION_ITEM('')
);
#75=(
BOUNDED_CURVE()
B_SPLINE_CURVE(5,(#5647,#5648,#5649,#5650,#5651,#5652,#5653,#5654,#5655,
#5656,#5657,#5658,#5659,#5660,#5661,#5662,#5663,#5664,#5665,#5666,#5667,
#5668,#5669,#5670,#5671,#5672,#5673,#5674,#5675,#5676,#5677,#5678,#5679,
#5680,#5681,#5682,#5683,#5684,#5685,#5686,#5687,#5688,#5689,#5690,#5691),
 .UNSPECIFIED.,.F.,.F.)
B_SPLINE_CURVE_WITH_KNOTS((6,1,1,1,1,1,1,1,1,1,1,1,1,1,1,1,1,1,1,1,1,1,
1,1,1,1,1,1,1,1,1,1,1,1,1,1,1,1,1,1,6),(-1.,-0.975,-0.95,-0.925,-0.9,-0.875,
-0.85,-0.825,-0.8,-0.775,-0.75,-0.725,-0.7,-0.675,-0.65,-0.625,-0.6,-0.575,
-0.55,-0.525,-0.5,-0.475,-0.45,-0.425,-0.4,-0.375,-0.35,-0.325,-0.3,-0.275,
-0.25,-0.225,-0.2,-0.175,-0.15,-0.125,-0.1,-0.075,-0.05,-0.025,0.),
 .UNSPECIFIED.)
CURVE()
GEOMETRIC_REPRESENTATION_ITEM()
RATIONAL_B_SPLINE_CURVE((1.,1.,1.,1.,1.,1.,1.,1.,1.,1.,1.,1.,1.,1.,1.,1.,
1.,1.,1.,1.,1.,1.,1.,1.,1.,1.,1.,1.,1.,1.,1.,1.,1.,1.,1.,1.,1.,1.,1.,1.,
1.,1.,1.,1.,1.))
REPRESENTATION_ITEM('')
);
#76=(
BOUNDED_CURVE()
B_SPLINE_CURVE(5,(#5693,#5694,#5695,#5696,#5697,#5698,#5699,#5700,#5701,
#5702,#5703,#5704,#5705,#5706,#5707),.UNSPECIFIED.,.F.,.F.)
B_SPLINE_CURVE_WITH_KNOTS((6,1,1,1,1,1,1,1,1,1,6),(-1.,-0.9,-0.8,-0.7,-0.6,
-0.5,-0.4,-0.3,-0.2,-0.1,0.),.UNSPECIFIED.)
CURVE()
GEOMETRIC_REPRESENTATION_ITEM()
RATIONAL_B_SPLINE_CURVE((1.,1.,1.,1.,1.,1.,1.,1.,1.,1.,1.,1.,1.,1.,1.))
REPRESENTATION_ITEM('')
);
#77=(
BOUNDED_CURVE()
B_SPLINE_CURVE(5,(#5709,#5710,#5711,#5712,#5713,#5714,#5715,#5716,#5717,
#5718,#5719,#5720,#5721,#5722,#5723),.UNSPECIFIED.,.F.,.F.)
B_SPLINE_CURVE_WITH_KNOTS((6,1,1,1,1,1,1,1,1,1,6),(-1.,-0.9,-0.8,-0.7,-0.6,
-0.5,-0.4,-0.3,-0.2,-0.1,0.),.UNSPECIFIED.)
CURVE()
GEOMETRIC_REPRESENTATION_ITEM()
RATIONAL_B_SPLINE_CURVE((1.,1.,1.,1.,1.,1.,1.,1.,1.,1.,1.,1.,1.,1.,1.))
REPRESENTATION_ITEM('')
);
#78=(
BOUNDED_CURVE()
B_SPLINE_CURVE(5,(#5725,#5726,#5727,#5728,#5729,#5730,#5731,#5732,#5733,
#5734,#5735,#5736,#5737,#5738,#5739,#5740,#5741,#5742,#5743,#5744,#5745,
#5746,#5747,#5748,#5749,#5750,#5751,#5752,#5753,#5754,#5755,#5756,#5757,
#5758,#5759),.UNSPECIFIED.,.F.,.F.)
B_SPLINE_CURVE_WITH_KNOTS((6,1,1,1,1,1,1,1,1,1,1,1,1,1,1,1,1,1,1,1,1,1,
1,1,1,1,1,1,1,1,6),(-1.,-0.966666666666666,-0.933333333333333,-0.9,-0.866666666666667,
-0.833333333333333,-0.8,-0.766666666666667,-0.733333333333333,-0.7,-0.666666666666667,
-0.633333333333333,-0.6,-0.566666666666667,-0.533333333333333,-0.5,-0.466666666666667,
-0.433333333333333,-0.4,-0.366666666666666,-0.333333333333333,-0.3,-0.266666666666667,
-0.233333333333333,-0.2,-0.166666666666667,-0.133333333333333,-0.1,-0.0666666666666667,
-0.0333333333333333,0.),.UNSPECIFIED.)
CURVE()
GEOMETRIC_REPRESENTATION_ITEM()
RATIONAL_B_SPLINE_CURVE((1.,1.,1.,1.,1.,1.,1.,1.,1.,1.,1.,1.,1.,1.,1.,1.,
1.,1.,1.,1.,1.,1.,1.,1.,1.,1.,1.,1.,1.,1.,1.,1.,1.,1.,1.))
REPRESENTATION_ITEM('')
);
#79=(
BOUNDED_CURVE()
B_SPLINE_CURVE(5,(#5761,#5762,#5763,#5764,#5765,#5766,#5767,#5768,#5769,
#5770,#5771,#5772,#5773,#5774,#5775),.UNSPECIFIED.,.F.,.F.)
B_SPLINE_CURVE_WITH_KNOTS((6,1,1,1,1,1,1,1,1,1,6),(-1.,-0.9,-0.8,-0.7,-0.6,
-0.5,-0.4,-0.3,-0.2,-0.1,0.),.UNSPECIFIED.)
CURVE()
GEOMETRIC_REPRESENTATION_ITEM()
RATIONAL_B_SPLINE_CURVE((1.,1.,1.,1.,1.,1.,1.,1.,1.,1.,1.,1.,1.,1.,1.))
REPRESENTATION_ITEM('')
);
#80=(
BOUNDED_CURVE()
B_SPLINE_CURVE(5,(#5778,#5779,#5780,#5781,#5782,#5783,#5784,#5785,#5786,
#5787,#5788,#5789,#5790,#5791,#5792,#5793,#5794,#5795,#5796,#5797,#5798,
#5799,#5800,#5801,#5802,#5803,#5804,#5805,#5806,#5807,#5808,#5809,#5810,
#5811,#5812,#5813,#5814,#5815,#5816,#5817,#5818,#5819,#5820,#5821,#5822,
#5823,#5824,#5825,#5826,#5827,#5828,#5829,#5830,#5831,#5832,#5833,#5834,
#5835,#5836,#5837,#5838,#5839,#5840,#5841,#5842,#5843,#5844,#5845,#5846,
#5847,#5848,#5849,#5850,#5851,#5852,#5853,#5854,#5855,#5856,#5857,#5858,
#5859,#5860,#5861,#5862,#5863,#5864,#5865,#5866,#5867,#5868,#5869,#5870,
#5871,#5872,#5873,#5874,#5875,#5876,#5877,#5878,#5879,#5880,#5881,#5882,
#5883,#5884,#5885,#5886,#5887,#5888,#5889,#5890,#5891,#5892),
 .UNSPECIFIED.,.F.,.F.)
B_SPLINE_CURVE_WITH_KNOTS((6,1,1,1,1,1,1,1,1,1,1,1,1,1,1,1,1,1,1,1,1,1,
1,1,1,1,1,1,1,1,1,1,1,1,1,1,1,1,1,1,1,1,1,1,1,1,1,1,1,1,1,1,1,1,1,1,1,1,
1,1,1,1,1,1,1,1,1,1,1,1,1,1,1,1,1,1,1,1,1,1,1,1,1,1,1,1,1,1,1,1,1,1,1,1,
1,1,1,1,1,1,1,1,1,1,1,1,1,1,1,1,6),(-1.,-0.990909090909088,-0.981818181818179,
-0.97272727272727,-0.963636363636361,-0.954545454545452,-0.945454545454543,
-0.936363636363634,-0.927272727272725,-0.918181818181816,-0.909090909090907,
-0.899999999999998,-0.890909090909089,-0.88181818181818,-0.872727272727271,
-0.863636363636362,-0.854545454545453,-0.845454545454543,-0.836363636363635,
-0.827272727272726,-0.818181818181816,-0.809090909090907,-0.799999999999998,
-0.790909090909089,-0.78181818181818,-0.772727272727271,-0.763636363636362,
-0.754545454545453,-0.745454545454544,-0.736363636363635,-0.727272727272726,
-0.718181818181817,-0.709090909090908,-0.699999999999999,-0.69090909090909,
-0.681818181818181,-0.672727272727272,-0.663636363636363,-0.654545454545454,
-0.645454545454545,-0.636363636363636,-0.627272727272727,-0.618181818181818,
-0.609090909090909,-0.6,-0.59090909090909,-0.581818181818181,-0.572727272727272,
-0.563636363636363,-0.554545454545454,-0.545454545454545,-0.536363636363636,
-0.527272727272727,-0.518181818181818,-0.509090909090909,-0.5,-0.490909090909091,
-0.481818181818182,-0.472727272727273,-0.463636363636364,-0.454545454545455,
-0.445454545454546,-0.436363636363637,-0.427272727272727,-0.418181818181818,
-0.409090909090909,-0.4,-0.390909090909091,-0.381818181818182,-0.372727272727273,
-0.363636363636364,-0.354545454545455,-0.345454545454546,-0.336363636363636,
-0.327272727272727,-0.318181818181818,-0.309090909090909,-0.3,-0.290909090909091,
-0.281818181818182,-0.272727272727273,-0.263636363636364,-0.254545454545455,
-0.245454545454546,-0.236363636363636,-0.227272727272727,-0.218181818181818,
-0.209090909090909,-0.2,-0.190909090909091,-0.181818181818182,-0.172727272727273,
-0.163636363636364,-0.154545454545455,-0.145454545454545,-0.136363636363636,
-0.127272727272727,-0.118181818181818,-0.109090909090909,-0.1,-0.0909090909090909,
-0.0818181818181818,-0.0727272727272727,-0.0636363636363636,-0.0545454545454545,
-0.0454545454545455,-0.0363636363636364,-0.0272727272727273,-0.0181818181818182,
-0.00909090909090909,0.),.UNSPECIFIED.)
CURVE()
GEOMETRIC_REPRESENTATION_ITEM()
RATIONAL_B_SPLINE_CURVE((1.,1.,1.,1.,1.,1.,1.,1.,1.,1.,1.,1.,1.,1.,1.,1.,
1.,1.,1.,1.,1.,1.,1.,1.,1.,1.,1.,1.,1.,1.,1.,1.,1.,1.,1.,1.,1.,1.,1.,1.,
1.,1.,1.,1.,1.,1.,1.,1.,1.,1.,1.,1.,1.,1.,1.,1.,1.,1.,1.,1.,1.,1.,1.,1.,
1.,1.,1.,1.,1.,1.,1.,1.,1.,1.,1.,1.,1.,1.,1.,1.,1.,1.,1.,1.,1.,1.,1.,1.,
1.,1.,1.,1.,1.,1.,1.,1.,1.,1.,1.,1.,1.,1.,1.,1.,1.,1.,1.,1.,1.,1.,1.,1.,
1.,1.,1.))
REPRESENTATION_ITEM('')
);
#81=(
BOUNDED_CURVE()
B_SPLINE_CURVE(5,(#5895,#5896,#5897,#5898,#5899,#5900,#5901,#5902,#5903,
#5904,#5905,#5906,#5907,#5908,#5909),.UNSPECIFIED.,.F.,.F.)
B_SPLINE_CURVE_WITH_KNOTS((6,1,1,1,1,1,1,1,1,1,6),(0.,0.1,0.2,0.3,0.4,0.5,
0.6,0.7,0.8,0.9,1.),.UNSPECIFIED.)
CURVE()
GEOMETRIC_REPRESENTATION_ITEM()
RATIONAL_B_SPLINE_CURVE((1.,1.,1.,1.,1.,1.,1.,1.,1.,1.,1.,1.,1.,1.,1.))
REPRESENTATION_ITEM('')
);
#82=(
BOUNDED_CURVE()
B_SPLINE_CURVE(5,(#5910,#5911,#5912,#5913,#5914,#5915,#5916,#5917,#5918,
#5919,#5920,#5921,#5922,#5923,#5924,#5925,#5926,#5927,#5928,#5929,#5930,
#5931,#5932,#5933,#5934),.UNSPECIFIED.,.F.,.F.)
B_SPLINE_CURVE_WITH_KNOTS((6,1,1,1,1,1,1,1,1,1,1,1,1,1,1,1,1,1,1,1,6),(0.,
0.05,0.1,0.15,0.2,0.25,0.3,0.35,0.4,0.45,0.5,0.55,0.6,0.65,0.7,0.75,0.8,
0.85,0.9,0.95,1.),.UNSPECIFIED.)
CURVE()
GEOMETRIC_REPRESENTATION_ITEM()
RATIONAL_B_SPLINE_CURVE((1.,1.,1.,1.,1.,1.,1.,1.,1.,1.,1.,1.,1.,1.,1.,1.,
1.,1.,1.,1.,1.,1.,1.,1.,1.))
REPRESENTATION_ITEM('')
);
#83=(
BOUNDED_CURVE()
B_SPLINE_CURVE(5,(#6007,#6008,#6009,#6010,#6011,#6012,#6013,#6014,#6015,
#6016,#6017,#6018,#6019,#6020,#6021,#6022,#6023,#6024,#6025,#6026,#6027,
#6028,#6029,#6030,#6031,#6032,#6033,#6034,#6035,#6036,#6037,#6038,#6039,
#6040,#6041),.UNSPECIFIED.,.F.,.F.)
B_SPLINE_CURVE_WITH_KNOTS((6,1,1,1,1,1,1,1,1,1,1,1,1,1,1,1,1,1,1,1,1,1,
1,1,1,1,1,1,1,1,6),(-1.,-0.966666666666666,-0.933333333333333,-0.9,-0.866666666666667,
-0.833333333333333,-0.8,-0.766666666666667,-0.733333333333333,-0.7,-0.666666666666667,
-0.633333333333333,-0.6,-0.566666666666667,-0.533333333333333,-0.5,-0.466666666666667,
-0.433333333333333,-0.4,-0.366666666666666,-0.333333333333333,-0.3,-0.266666666666667,
-0.233333333333333,-0.2,-0.166666666666667,-0.133333333333333,-0.1,-0.0666666666666667,
-0.0333333333333333,0.),.UNSPECIFIED.)
CURVE()
GEOMETRIC_REPRESENTATION_ITEM()
RATIONAL_B_SPLINE_CURVE((1.,1.,1.,1.,1.,1.,1.,1.,1.,1.,1.,1.,1.,1.,1.,1.,
1.,1.,1.,1.,1.,1.,1.,1.,1.,1.,1.,1.,1.,1.,1.,1.,1.,1.,1.))
REPRESENTATION_ITEM('')
);
#84=(
BOUNDED_CURVE()
B_SPLINE_CURVE(5,(#6275,#6276,#6277,#6278,#6279,#6280,#6281,#6282,#6283,
#6284,#6285,#6286,#6287,#6288,#6289,#6290,#6291,#6292,#6293,#6294,#6295,
#6296,#6297,#6298,#6299,#6300,#6301,#6302,#6303,#6304,#6305,#6306,#6307,
#6308,#6309,#6310,#6311,#6312,#6313,#6314,#6315,#6316,#6317,#6318,#6319,
#6320,#6321,#6322,#6323,#6324,#6325,#6326,#6327,#6328,#6329,#6330,#6331,
#6332,#6333,#6334,#6335,#6336,#6337,#6338,#6339,#6340,#6341,#6342,#6343,
#6344,#6345,#6346,#6347,#6348,#6349,#6350,#6351,#6352,#6353,#6354,#6355,
#6356,#6357,#6358,#6359,#6360,#6361,#6362,#6363,#6364,#6365,#6366,#6367,
#6368,#6369,#6370,#6371,#6372,#6373,#6374,#6375,#6376,#6377,#6378,#6379,
#6380,#6381,#6382,#6383,#6384,#6385,#6386,#6387,#6388,#6389),
 .UNSPECIFIED.,.F.,.F.)
B_SPLINE_CURVE_WITH_KNOTS((6,1,1,1,1,1,1,1,1,1,1,1,1,1,1,1,1,1,1,1,1,1,
1,1,1,1,1,1,1,1,1,1,1,1,1,1,1,1,1,1,1,1,1,1,1,1,1,1,1,1,1,1,1,1,1,1,1,1,
1,1,1,1,1,1,1,1,1,1,1,1,1,1,1,1,1,1,1,1,1,1,1,1,1,1,1,1,1,1,1,1,1,1,1,1,
1,1,1,1,1,1,1,1,1,1,1,1,1,1,1,1,6),(-1.,-0.990909090909088,-0.981818181818179,
-0.97272727272727,-0.963636363636361,-0.954545454545452,-0.945454545454543,
-0.936363636363634,-0.927272727272725,-0.918181818181816,-0.909090909090907,
-0.899999999999998,-0.890909090909089,-0.88181818181818,-0.872727272727271,
-0.863636363636362,-0.854545454545453,-0.845454545454543,-0.836363636363635,
-0.827272727272726,-0.818181818181816,-0.809090909090907,-0.799999999999998,
-0.790909090909089,-0.78181818181818,-0.772727272727271,-0.763636363636362,
-0.754545454545453,-0.745454545454544,-0.736363636363635,-0.727272727272726,
-0.718181818181817,-0.709090909090908,-0.699999999999999,-0.69090909090909,
-0.681818181818181,-0.672727272727272,-0.663636363636363,-0.654545454545454,
-0.645454545454545,-0.636363636363636,-0.627272727272727,-0.618181818181818,
-0.609090909090909,-0.6,-0.59090909090909,-0.581818181818181,-0.572727272727272,
-0.563636363636363,-0.554545454545454,-0.545454545454545,-0.536363636363636,
-0.527272727272727,-0.518181818181818,-0.509090909090909,-0.5,-0.490909090909091,
-0.481818181818182,-0.472727272727273,-0.463636363636364,-0.454545454545455,
-0.445454545454546,-0.436363636363637,-0.427272727272727,-0.418181818181818,
-0.409090909090909,-0.4,-0.390909090909091,-0.381818181818182,-0.372727272727273,
-0.363636363636364,-0.354545454545455,-0.345454545454546,-0.336363636363636,
-0.327272727272727,-0.318181818181818,-0.309090909090909,-0.3,-0.290909090909091,
-0.281818181818182,-0.272727272727273,-0.263636363636364,-0.254545454545455,
-0.245454545454546,-0.236363636363636,-0.227272727272727,-0.218181818181818,
-0.209090909090909,-0.2,-0.190909090909091,-0.181818181818182,-0.172727272727273,
-0.163636363636364,-0.154545454545455,-0.145454545454545,-0.136363636363636,
-0.127272727272727,-0.118181818181818,-0.109090909090909,-0.1,-0.0909090909090909,
-0.0818181818181818,-0.0727272727272727,-0.0636363636363636,-0.0545454545454545,
-0.0454545454545455,-0.0363636363636364,-0.0272727272727273,-0.0181818181818182,
-0.00909090909090909,0.),.UNSPECIFIED.)
CURVE()
GEOMETRIC_REPRESENTATION_ITEM()
RATIONAL_B_SPLINE_CURVE((1.,1.,1.,1.,1.,1.,1.,1.,1.,1.,1.,1.,1.,1.,1.,1.,
1.,1.,1.,1.,1.,1.,1.,1.,1.,1.,1.,1.,1.,1.,1.,1.,1.,1.,1.,1.,1.,1.,1.,1.,
1.,1.,1.,1.,1.,1.,1.,1.,1.,1.,1.,1.,1.,1.,1.,1.,1.,1.,1.,1.,1.,1.,1.,1.,
1.,1.,1.,1.,1.,1.,1.,1.,1.,1.,1.,1.,1.,1.,1.,1.,1.,1.,1.,1.,1.,1.,1.,1.,
1.,1.,1.,1.,1.,1.,1.,1.,1.,1.,1.,1.,1.,1.,1.,1.,1.,1.,1.,1.,1.,1.,1.,1.,
1.,1.,1.))
REPRESENTATION_ITEM('')
);
#85=(
BOUNDED_CURVE()
B_SPLINE_CURVE(5,(#6426,#6427,#6428,#6429,#6430,#6431,#6432,#6433,#6434,
#6435,#6436,#6437,#6438,#6439,#6440),.UNSPECIFIED.,.F.,.F.)
B_SPLINE_CURVE_WITH_KNOTS((6,1,1,1,1,1,1,1,1,1,6),(-1.,-0.9,-0.8,-0.7,-0.6,
-0.5,-0.4,-0.3,-0.2,-0.1,0.),.UNSPECIFIED.)
CURVE()
GEOMETRIC_REPRESENTATION_ITEM()
RATIONAL_B_SPLINE_CURVE((1.,1.,1.,1.,1.,1.,1.,1.,1.,1.,1.,1.,1.,1.,1.))
REPRESENTATION_ITEM('')
);
#86=(
BOUNDED_CURVE()
B_SPLINE_CURVE(5,(#6513,#6514,#6515,#6516,#6517,#6518,#6519,#6520,#6521,
#6522,#6523,#6524,#6525,#6526,#6527,#6528,#6529,#6530,#6531,#6532,#6533,
#6534,#6535,#6536,#6537,#6538,#6539,#6540,#6541,#6542,#6543,#6544,#6545,
#6546,#6547),.UNSPECIFIED.,.F.,.F.)
B_SPLINE_CURVE_WITH_KNOTS((6,1,1,1,1,1,1,1,1,1,1,1,1,1,1,1,1,1,1,1,1,1,
1,1,1,1,1,1,1,1,6),(-1.,-0.966666666666666,-0.933333333333333,-0.9,-0.866666666666667,
-0.833333333333333,-0.8,-0.766666666666667,-0.733333333333333,-0.7,-0.666666666666667,
-0.633333333333333,-0.6,-0.566666666666667,-0.533333333333333,-0.5,-0.466666666666667,
-0.433333333333333,-0.4,-0.366666666666666,-0.333333333333333,-0.3,-0.266666666666667,
-0.233333333333333,-0.2,-0.166666666666667,-0.133333333333333,-0.1,-0.0666666666666667,
-0.0333333333333333,0.),.UNSPECIFIED.)
CURVE()
GEOMETRIC_REPRESENTATION_ITEM()
RATIONAL_B_SPLINE_CURVE((1.,1.,1.,1.,1.,1.,1.,1.,1.,1.,1.,1.,1.,1.,1.,1.,
1.,1.,1.,1.,1.,1.,1.,1.,1.,1.,1.,1.,1.,1.,1.,1.,1.,1.,1.))
REPRESENTATION_ITEM('')
);
#87=(
BOUNDED_CURVE()
B_SPLINE_CURVE(5,(#6580,#6581,#6582,#6583,#6584,#6585,#6586,#6587,#6588,
#6589,#6590,#6591,#6592,#6593,#6594),.UNSPECIFIED.,.F.,.F.)
B_SPLINE_CURVE_WITH_KNOTS((6,1,1,1,1,1,1,1,1,1,6),(-1.,-0.9,-0.8,-0.7,-0.6,
-0.5,-0.4,-0.3,-0.2,-0.1,0.),.UNSPECIFIED.)
CURVE()
GEOMETRIC_REPRESENTATION_ITEM()
RATIONAL_B_SPLINE_CURVE((1.,1.,1.,1.,1.,1.,1.,1.,1.,1.,1.,1.,1.,1.,1.))
REPRESENTATION_ITEM('')
);
#88=(
BOUNDED_CURVE()
B_SPLINE_CURVE(5,(#6627,#6628,#6629,#6630,#6631,#6632,#6633,#6634,#6635,
#6636,#6637,#6638,#6639,#6640,#6641),.UNSPECIFIED.,.F.,.F.)
B_SPLINE_CURVE_WITH_KNOTS((6,1,1,1,1,1,1,1,1,1,6),(-1.,-0.9,-0.8,-0.7,-0.6,
-0.5,-0.4,-0.3,-0.2,-0.1,0.),.UNSPECIFIED.)
CURVE()
GEOMETRIC_REPRESENTATION_ITEM()
RATIONAL_B_SPLINE_CURVE((1.,1.,1.,1.,1.,1.,1.,1.,1.,1.,1.,1.,1.,1.,1.))
REPRESENTATION_ITEM('')
);
#89=(
BOUNDED_CURVE()
B_SPLINE_CURVE(5,(#6733,#6734,#6735,#6736,#6737,#6738,#6739,#6740,#6741,
#6742,#6743,#6744,#6745,#6746,#6747,#6748,#6749,#6750,#6751,#6752,#6753,
#6754,#6755,#6756,#6757,#6758,#6759,#6760,#6761,#6762,#6763,#6764,#6765,
#6766,#6767,#6768,#6769,#6770,#6771,#6772,#6773,#6774,#6775,#6776,#6777),
 .UNSPECIFIED.,.F.,.F.)
B_SPLINE_CURVE_WITH_KNOTS((6,1,1,1,1,1,1,1,1,1,1,1,1,1,1,1,1,1,1,1,1,1,
1,1,1,1,1,1,1,1,1,1,1,1,1,1,1,1,1,1,6),(-1.,-0.975,-0.95,-0.925,-0.9,-0.875,
-0.85,-0.825,-0.8,-0.775,-0.75,-0.725,-0.7,-0.675,-0.65,-0.625,-0.6,-0.575,
-0.55,-0.525,-0.5,-0.475,-0.45,-0.425,-0.4,-0.375,-0.35,-0.325,-0.3,-0.275,
-0.25,-0.225,-0.2,-0.175,-0.15,-0.125,-0.1,-0.075,-0.05,-0.025,0.),
 .UNSPECIFIED.)
CURVE()
GEOMETRIC_REPRESENTATION_ITEM()
RATIONAL_B_SPLINE_CURVE((1.,1.,1.,1.,1.,1.,1.,1.,1.,1.,1.,1.,1.,1.,1.,1.,
1.,1.,1.,1.,1.,1.,1.,1.,1.,1.,1.,1.,1.,1.,1.,1.,1.,1.,1.,1.,1.,1.,1.,1.,
1.,1.,1.,1.,1.))
REPRESENTATION_ITEM('')
);
#90=(
BOUNDED_CURVE()
B_SPLINE_CURVE(5,(#6863,#6864,#6865,#6866,#6867,#6868,#6869,#6870,#6871,
#6872,#6873,#6874,#6875,#6876,#6877,#6878,#6879,#6880,#6881,#6882,#6883,
#6884,#6885,#6886,#6887,#6888,#6889,#6890,#6891,#6892,#6893,#6894,#6895,
#6896,#6897,#6898,#6899,#6900,#6901,#6902),.UNSPECIFIED.,.F.,.F.)
B_SPLINE_CURVE_WITH_KNOTS((6,1,1,1,1,1,1,1,1,1,1,1,1,1,1,1,1,1,1,1,1,1,
1,1,1,1,1,1,1,1,1,1,1,1,1,6),(0.,0.0285714285714286,0.0571428571428571,
0.0857142857142857,0.114285714285714,0.142857142857143,0.171428571428571,
0.2,0.228571428571429,0.257142857142857,0.285714285714286,0.314285714285714,
0.342857142857143,0.371428571428571,0.4,0.428571428571429,0.457142857142857,
0.485714285714286,0.514285714285714,0.542857142857143,0.571428571428572,
0.6,0.628571428571429,0.657142857142857,0.685714285714286,0.714285714285714,
0.742857142857143,0.771428571428571,0.8,0.828571428571429,0.857142857142857,
0.885714285714286,0.914285714285715,0.942857142857143,0.971428571428572,
1.),.UNSPECIFIED.)
CURVE()
GEOMETRIC_REPRESENTATION_ITEM()
RATIONAL_B_SPLINE_CURVE((1.,1.,1.,1.,1.,1.,1.,1.,1.,1.,1.,1.,1.,1.,1.,1.,
1.,1.,1.,1.,1.,1.,1.,1.,1.,1.,1.,1.,1.,1.,1.,1.,1.,1.,1.,1.,1.,1.,1.,1.))
REPRESENTATION_ITEM('')
);
#91=(
BOUNDED_CURVE()
B_SPLINE_CURVE(5,(#6904,#6905,#6906,#6907,#6908,#6909,#6910,#6911,#6912,
#6913,#6914,#6915,#6916,#6917,#6918,#6919,#6920,#6921,#6922,#6923,#6924,
#6925,#6926,#6927,#6928,#6929,#6930,#6931,#6932,#6933,#6934,#6935,#6936,
#6937,#6938,#6939,#6940,#6941,#6942,#6943,#6944,#6945,#6946,#6947,#6948),
 .UNSPECIFIED.,.F.,.F.)
B_SPLINE_CURVE_WITH_KNOTS((6,1,1,1,1,1,1,1,1,1,1,1,1,1,1,1,1,1,1,1,1,1,
1,1,1,1,1,1,1,1,1,1,1,1,1,1,1,1,1,1,6),(0.,0.025,0.05,0.075,0.1,0.125,0.15,
0.175,0.2,0.225,0.25,0.275,0.3,0.325,0.35,0.375,0.4,0.425,0.45,0.475,0.5,
0.525,0.55,0.575,0.6,0.625,0.65,0.675,0.7,0.725,0.75,0.775,0.8,0.825,0.85,
0.875,0.9,0.925,0.95,0.975,1.),.UNSPECIFIED.)
CURVE()
GEOMETRIC_REPRESENTATION_ITEM()
RATIONAL_B_SPLINE_CURVE((1.,1.,1.,1.,1.,1.,1.,1.,1.,1.,1.,1.,1.,1.,1.,1.,
1.,1.,1.,1.,1.,1.,1.,1.,1.,1.,1.,1.,1.,1.,1.,1.,1.,1.,1.,1.,1.,1.,1.,1.,
1.,1.,1.,1.,1.))
REPRESENTATION_ITEM('')
);
#92=(
BOUNDED_CURVE()
B_SPLINE_CURVE(5,(#6949,#6950,#6951,#6952,#6953,#6954,#6955,#6956,#6957,
#6958,#6959,#6960,#6961,#6962,#6963,#6964,#6965,#6966,#6967,#6968,#6969,
#6970,#6971,#6972,#6973,#6974,#6975,#6976,#6977,#6978,#6979,#6980,#6981,
#6982,#6983,#6984,#6985,#6986,#6987,#6988,#6989,#6990,#6991,#6992,#6993,
#6994,#6995,#6996,#6997,#6998),.UNSPECIFIED.,.F.,.F.)
B_SPLINE_CURVE_WITH_KNOTS((6,1,1,1,1,1,1,1,1,1,1,1,1,1,1,1,1,1,1,1,1,1,
1,1,1,1,1,1,1,1,1,1,1,1,1,1,1,1,1,1,1,1,1,1,1,6),(0.,0.0222222222222222,
0.0444444444444445,0.0666666666666667,0.0888888888888889,0.111111111111111,
0.133333333333333,0.155555555555556,0.177777777777778,0.2,0.222222222222222,
0.244444444444444,0.266666666666667,0.288888888888889,0.311111111111111,
0.333333333333333,0.355555555555555,0.377777777777778,0.4,0.422222222222222,
0.444444444444444,0.466666666666667,0.488888888888889,0.511111111111111,
0.533333333333333,0.555555555555555,0.577777777777778,0.6,0.622222222222222,
0.644444444444444,0.666666666666667,0.688888888888889,0.711111111111111,
0.733333333333333,0.755555555555556,0.777777777777778,0.8,0.822222222222222,
0.844444444444445,0.866666666666667,0.888888888888889,0.911111111111111,
0.933333333333334,0.955555555555556,0.977777777777778,1.),.UNSPECIFIED.)
CURVE()
GEOMETRIC_REPRESENTATION_ITEM()
RATIONAL_B_SPLINE_CURVE((1.,1.,1.,1.,1.,1.,1.,1.,1.,1.,1.,1.,1.,1.,1.,1.,
1.,1.,1.,1.,1.,1.,1.,1.,1.,1.,1.,1.,1.,1.,1.,1.,1.,1.,1.,1.,1.,1.,1.,1.,
1.,1.,1.,1.,1.,1.,1.,1.,1.,1.))
REPRESENTATION_ITEM('')
);
#93=(
BOUNDED_CURVE()
B_SPLINE_CURVE(5,(#7081,#7082,#7083,#7084,#7085,#7086,#7087,#7088,#7089,
#7090,#7091,#7092,#7093,#7094,#7095,#7096,#7097,#7098,#7099,#7100,#7101,
#7102,#7103,#7104,#7105,#7106,#7107,#7108,#7109,#7110,#7111,#7112,#7113,
#7114,#7115,#7116,#7117,#7118,#7119,#7120),.UNSPECIFIED.,.F.,.F.)
B_SPLINE_CURVE_WITH_KNOTS((6,1,1,1,1,1,1,1,1,1,1,1,1,1,1,1,1,1,1,1,1,1,
1,1,1,1,1,1,1,1,1,1,1,1,1,6),(0.,0.0285714285714286,0.0571428571428571,
0.0857142857142857,0.114285714285714,0.142857142857143,0.171428571428571,
0.2,0.228571428571429,0.257142857142857,0.285714285714286,0.314285714285714,
0.342857142857143,0.371428571428571,0.4,0.428571428571429,0.457142857142857,
0.485714285714286,0.514285714285714,0.542857142857143,0.571428571428572,
0.6,0.628571428571429,0.657142857142857,0.685714285714286,0.714285714285714,
0.742857142857143,0.771428571428571,0.8,0.828571428571429,0.857142857142857,
0.885714285714286,0.914285714285715,0.942857142857143,0.971428571428572,
1.),.UNSPECIFIED.)
CURVE()
GEOMETRIC_REPRESENTATION_ITEM()
RATIONAL_B_SPLINE_CURVE((1.,1.,1.,1.,1.,1.,1.,1.,1.,1.,1.,1.,1.,1.,1.,1.,
1.,1.,1.,1.,1.,1.,1.,1.,1.,1.,1.,1.,1.,1.,1.,1.,1.,1.,1.,1.,1.,1.,1.,1.))
REPRESENTATION_ITEM('')
);
#94=(
BOUNDED_CURVE()
B_SPLINE_CURVE(5,(#7224,#7225,#7226,#7227,#7228,#7229,#7230,#7231,#7232,
#7233,#7234,#7235,#7236,#7237,#7238,#7239,#7240,#7241,#7242,#7243,#7244,
#7245,#7246,#7247,#7248,#7249,#7250,#7251,#7252,#7253,#7254,#7255,#7256,
#7257,#7258,#7259,#7260,#7261,#7262,#7263,#7264,#7265,#7266,#7267,#7268,
#7269,#7270,#7271,#7272,#7273),.UNSPECIFIED.,.F.,.F.)
B_SPLINE_CURVE_WITH_KNOTS((6,1,1,1,1,1,1,1,1,1,1,1,1,1,1,1,1,1,1,1,1,1,
1,1,1,1,1,1,1,1,1,1,1,1,1,1,1,1,1,1,1,1,1,1,1,6),(0.,0.0222222222222222,
0.0444444444444445,0.0666666666666667,0.0888888888888889,0.111111111111111,
0.133333333333333,0.155555555555556,0.177777777777778,0.2,0.222222222222222,
0.244444444444444,0.266666666666667,0.288888888888889,0.311111111111111,
0.333333333333333,0.355555555555555,0.377777777777778,0.4,0.422222222222222,
0.444444444444444,0.466666666666667,0.488888888888889,0.511111111111111,
0.533333333333333,0.555555555555555,0.577777777777778,0.6,0.622222222222222,
0.644444444444444,0.666666666666667,0.688888888888889,0.711111111111111,
0.733333333333333,0.755555555555556,0.777777777777778,0.8,0.822222222222222,
0.844444444444445,0.866666666666667,0.888888888888889,0.911111111111111,
0.933333333333334,0.955555555555556,0.977777777777778,1.),.UNSPECIFIED.)
CURVE()
GEOMETRIC_REPRESENTATION_ITEM()
RATIONAL_B_SPLINE_CURVE((1.,1.,1.,1.,1.,1.,1.,1.,1.,1.,1.,1.,1.,1.,1.,1.,
1.,1.,1.,1.,1.,1.,1.,1.,1.,1.,1.,1.,1.,1.,1.,1.,1.,1.,1.,1.,1.,1.,1.,1.,
1.,1.,1.,1.,1.,1.,1.,1.,1.,1.))
REPRESENTATION_ITEM('')
);
#95=(
BOUNDED_CURVE()
B_SPLINE_CURVE(5,(#7365,#7366,#7367,#7368,#7369,#7370,#7371,#7372,#7373,
#7374,#7375,#7376,#7377,#7378,#7379,#7380,#7381,#7382,#7383,#7384,#7385,
#7386,#7387,#7388,#7389,#7390,#7391,#7392,#7393,#7394,#7395,#7396,#7397,
#7398,#7399,#7400,#7401,#7402,#7403,#7404,#7405,#7406,#7407,#7408,#7409),
 .UNSPECIFIED.,.F.,.F.)
B_SPLINE_CURVE_WITH_KNOTS((6,1,1,1,1,1,1,1,1,1,1,1,1,1,1,1,1,1,1,1,1,1,
1,1,1,1,1,1,1,1,1,1,1,1,1,1,1,1,1,1,6),(0.,0.025,0.05,0.075,0.1,0.125,0.15,
0.175,0.2,0.225,0.25,0.275,0.3,0.325,0.35,0.375,0.4,0.425,0.45,0.475,0.5,
0.525,0.55,0.575,0.6,0.625,0.65,0.675,0.7,0.725,0.75,0.775,0.8,0.825,0.85,
0.875,0.9,0.925,0.95,0.975,1.),.UNSPECIFIED.)
CURVE()
GEOMETRIC_REPRESENTATION_ITEM()
RATIONAL_B_SPLINE_CURVE((1.,1.,1.,1.,1.,1.,1.,1.,1.,1.,1.,1.,1.,1.,1.,1.,
1.,1.,1.,1.,1.,1.,1.,1.,1.,1.,1.,1.,1.,1.,1.,1.,1.,1.,1.,1.,1.,1.,1.,1.,
1.,1.,1.,1.,1.))
REPRESENTATION_ITEM('')
);
#96=TOROIDAL_SURFACE('',#2390,4.5,2.5);
#97=TOROIDAL_SURFACE('',#2394,4.5,2.5);
#98=TOROIDAL_SURFACE('',#2398,4.5,2.5);
#99=TOROIDAL_SURFACE('',#2402,4.5,2.5);
#100=ELLIPSE('',#2385,2.50903483272555,2.5);
#101=ELLIPSE('',#2386,2.52579022353609,2.5);
#102=ELLIPSE('',#2389,2.5257902235361,2.5);
#103=FACE_BOUND('',#384,.T.);
#104=FACE_BOUND('',#388,.T.);
#105=FACE_BOUND('',#392,.T.);
#106=FACE_BOUND('',#402,.T.);
#107=FACE_BOUND('',#405,.T.);
#108=FACE_BOUND('',#406,.T.);
#109=FACE_BOUND('',#407,.T.);
#110=FACE_BOUND('',#408,.T.);
#111=FACE_BOUND('',#409,.T.);
#112=FACE_BOUND('',#410,.T.);
#113=FACE_BOUND('',#412,.T.);
#114=FACE_BOUND('',#415,.T.);
#115=FACE_BOUND('',#421,.T.);
#116=FACE_BOUND('',#456,.T.);
#117=FACE_BOUND('',#473,.T.);
#118=FACE_BOUND('',#491,.T.);
#119=FACE_BOUND('',#492,.T.);
#120=FACE_BOUND('',#493,.T.);
#121=FACE_BOUND('',#494,.T.);
#122=FACE_BOUND('',#495,.T.);
#123=FACE_BOUND('',#496,.T.);
#124=FACE_BOUND('',#497,.T.);
#125=FACE_BOUND('',#498,.T.);
#126=FACE_BOUND('',#499,.T.);
#127=CIRCLE('',#2281,5.9);
#128=CIRCLE('',#2282,5.9);
#129=CIRCLE('',#2285,5.89999999999999);
#130=CIRCLE('',#2286,5.89999999999999);
#131=CIRCLE('',#2290,5.89999999999998);
#132=CIRCLE('',#2291,5.89999999999998);
#133=CIRCLE('',#2294,5.90000000000001);
#134=CIRCLE('',#2295,5.90000000000001);
#135=CIRCLE('',#2299,5.89999999999998);
#136=CIRCLE('',#2300,5.89999999999998);
#137=CIRCLE('',#2303,5.9);
#138=CIRCLE('',#2304,5.9);
#139=CIRCLE('',#2308,5.9);
#140=CIRCLE('',#2309,5.9);
#141=CIRCLE('',#2312,5.90000000000001);
#142=CIRCLE('',#2313,5.90000000000001);
#143=CIRCLE('',#2317,2.6);
#144=CIRCLE('',#2318,1.4);
#145=CIRCLE('',#2320,2.6);
#146=CIRCLE('',#2322,1.4);
#147=CIRCLE('',#2324,2.6);
#148=CIRCLE('',#2325,1.4);
#149=CIRCLE('',#2327,2.6);
#150=CIRCLE('',#2329,1.4);
#151=CIRCLE('',#2331,2.6);
#152=CIRCLE('',#2332,1.4);
#153=CIRCLE('',#2334,2.6);
#154=CIRCLE('',#2336,1.4);
#155=CIRCLE('',#2338,2.6);
#156=CIRCLE('',#2339,2.6);
#157=CIRCLE('',#2341,1.4);
#158=CIRCLE('',#2342,1.4);
#159=CIRCLE('',#2350,7.);
#160=CIRCLE('',#2351,7.);
#161=CIRCLE('',#2352,7.);
#162=CIRCLE('',#2353,7.);
#163=CIRCLE('',#2355,1.);
#164=CIRCLE('',#2356,1.);
#165=CIRCLE('',#2357,1.);
#166=CIRCLE('',#2358,1.);
#167=CIRCLE('',#2361,1.);
#168=CIRCLE('',#2362,1.);
#169=CIRCLE('',#2363,1.);
#170=CIRCLE('',#2364,1.);
#171=CIRCLE('',#2366,7.);
#172=CIRCLE('',#2371,4.5);
#173=CIRCLE('',#2372,4.5);
#174=CIRCLE('',#2373,4.5);
#175=CIRCLE('',#2374,4.5);
#176=CIRCLE('',#2377,7.);
#177=CIRCLE('',#2380,7.);
#178=CIRCLE('',#2383,7.);
#179=CIRCLE('',#2388,2.50000000000001);
#180=CIRCLE('',#2391,2.5);
#181=CIRCLE('',#2393,2.50000000000001);
#182=CIRCLE('',#2395,2.5);
#183=CIRCLE('',#2397,2.50000000000001);
#184=CIRCLE('',#2399,2.5);
#185=CIRCLE('',#2401,2.5);
#186=CIRCLE('',#2403,2.5);
#187=CYLINDRICAL_SURFACE('',#2280,5.9);
#188=CYLINDRICAL_SURFACE('',#2284,5.89999999999999);
#189=CYLINDRICAL_SURFACE('',#2289,5.89999999999998);
#190=CYLINDRICAL_SURFACE('',#2293,5.90000000000001);
#191=CYLINDRICAL_SURFACE('',#2298,5.89999999999998);
#192=CYLINDRICAL_SURFACE('',#2302,5.9);
#193=CYLINDRICAL_SURFACE('',#2307,5.9);
#194=CYLINDRICAL_SURFACE('',#2311,5.90000000000001);
#195=CYLINDRICAL_SURFACE('',#2319,2.6);
#196=CYLINDRICAL_SURFACE('',#2321,1.4);
#197=CYLINDRICAL_SURFACE('',#2326,2.6);
#198=CYLINDRICAL_SURFACE('',#2328,1.4);
#199=CYLINDRICAL_SURFACE('',#2333,2.6);
#200=CYLINDRICAL_SURFACE('',#2335,1.4);
#201=CYLINDRICAL_SURFACE('',#2337,2.6);
#202=CYLINDRICAL_SURFACE('',#2340,1.4);
#203=CYLINDRICAL_SURFACE('',#2365,7.);
#204=CYLINDRICAL_SURFACE('',#2376,7.);
#205=CYLINDRICAL_SURFACE('',#2379,7.);
#206=CYLINDRICAL_SURFACE('',#2382,7.);
#207=CYLINDRICAL_SURFACE('',#2384,2.5);
#208=CYLINDRICAL_SURFACE('',#2387,2.5);
#209=CYLINDRICAL_SURFACE('',#2392,2.5);
#210=CYLINDRICAL_SURFACE('',#2396,2.5);
#211=CYLINDRICAL_SURFACE('',#2400,2.5);
#212=CYLINDRICAL_SURFACE('',#2404,2.5);
#213=CYLINDRICAL_SURFACE('',#2405,2.5);
#214=CYLINDRICAL_SURFACE('',#2407,1.);
#215=CYLINDRICAL_SURFACE('',#2409,1.);
#216=CYLINDRICAL_SURFACE('',#2411,1.);
#217=CYLINDRICAL_SURFACE('',#2413,1.);
#218=FACE_OUTER_BOUND('',#348,.T.);
#219=FACE_OUTER_BOUND('',#349,.T.);
#220=FACE_OUTER_BOUND('',#350,.T.);
#221=FACE_OUTER_BOUND('',#351,.T.);
#222=FACE_OUTER_BOUND('',#352,.T.);
#223=FACE_OUTER_BOUND('',#353,.T.);
#224=FACE_OUTER_BOUND('',#354,.T.);
#225=FACE_OUTER_BOUND('',#355,.T.);
#226=FACE_OUTER_BOUND('',#356,.T.);
#227=FACE_OUTER_BOUND('',#357,.T.);
#228=FACE_OUTER_BOUND('',#358,.T.);
#229=FACE_OUTER_BOUND('',#359,.T.);
#230=FACE_OUTER_BOUND('',#360,.T.);
#231=FACE_OUTER_BOUND('',#361,.T.);
#232=FACE_OUTER_BOUND('',#362,.T.);
#233=FACE_OUTER_BOUND('',#363,.T.);
#234=FACE_OUTER_BOUND('',#364,.T.);
#235=FACE_OUTER_BOUND('',#365,.T.);
#236=FACE_OUTER_BOUND('',#366,.T.);
#237=FACE_OUTER_BOUND('',#367,.T.);
#238=FACE_OUTER_BOUND('',#368,.T.);
#239=FACE_OUTER_BOUND('',#369,.T.);
#240=FACE_OUTER_BOUND('',#370,.T.);
#241=FACE_OUTER_BOUND('',#371,.T.);
#242=FACE_OUTER_BOUND('',#372,.T.);
#243=FACE_OUTER_BOUND('',#373,.T.);
#244=FACE_OUTER_BOUND('',#374,.T.);
#245=FACE_OUTER_BOUND('',#375,.T.);
#246=FACE_OUTER_BOUND('',#376,.T.);
#247=FACE_OUTER_BOUND('',#377,.T.);
#248=FACE_OUTER_BOUND('',#378,.T.);
#249=FACE_OUTER_BOUND('',#379,.T.);
#250=FACE_OUTER_BOUND('',#380,.T.);
#251=FACE_OUTER_BOUND('',#381,.T.);
#252=FACE_OUTER_BOUND('',#382,.T.);
#253=FACE_OUTER_BOUND('',#383,.T.);
#254=FACE_OUTER_BOUND('',#385,.T.);
#255=FACE_OUTER_BOUND('',#386,.T.);
#256=FACE_OUTER_BOUND('',#387,.T.);
#257=FACE_OUTER_BOUND('',#389,.T.);
#258=FACE_OUTER_BOUND('',#390,.T.);
#259=FACE_OUTER_BOUND('',#391,.T.);
#260=FACE_OUTER_BOUND('',#393,.T.);
#261=FACE_OUTER_BOUND('',#394,.T.);
#262=FACE_OUTER_BOUND('',#395,.T.);
#263=FACE_OUTER_BOUND('',#396,.T.);
#264=FACE_OUTER_BOUND('',#397,.T.);
#265=FACE_OUTER_BOUND('',#398,.T.);
#266=FACE_OUTER_BOUND('',#399,.T.);
#267=FACE_OUTER_BOUND('',#400,.T.);
#268=FACE_OUTER_BOUND('',#401,.T.);
#269=FACE_OUTER_BOUND('',#403,.T.);
#270=FACE_OUTER_BOUND('',#404,.T.);
#271=FACE_OUTER_BOUND('',#411,.T.);
#272=FACE_OUTER_BOUND('',#413,.T.);
#273=FACE_OUTER_BOUND('',#414,.T.);
#274=FACE_OUTER_BOUND('',#416,.T.);
#275=FACE_OUTER_BOUND('',#417,.T.);
#276=FACE_OUTER_BOUND('',#418,.T.);
#277=FACE_OUTER_BOUND('',#419,.T.);
#278=FACE_OUTER_BOUND('',#420,.T.);
#279=FACE_OUTER_BOUND('',#422,.T.);
#280=FACE_OUTER_BOUND('',#423,.T.);
#281=FACE_OUTER_BOUND('',#424,.T.);
#282=FACE_OUTER_BOUND('',#425,.T.);
#283=FACE_OUTER_BOUND('',#426,.T.);
#284=FACE_OUTER_BOUND('',#427,.T.);
#285=FACE_OUTER_BOUND('',#428,.T.);
#286=FACE_OUTER_BOUND('',#429,.T.);
#287=FACE_OUTER_BOUND('',#430,.T.);
#288=FACE_OUTER_BOUND('',#431,.T.);
#289=FACE_OUTER_BOUND('',#432,.T.);
#290=FACE_OUTER_BOUND('',#433,.T.);
#291=FACE_OUTER_BOUND('',#434,.T.);
#292=FACE_OUTER_BOUND('',#435,.T.);
#293=FACE_OUTER_BOUND('',#436,.T.);
#294=FACE_OUTER_BOUND('',#437,.T.);
#295=FACE_OUTER_BOUND('',#438,.T.);
#296=FACE_OUTER_BOUND('',#439,.T.);
#297=FACE_OUTER_BOUND('',#440,.T.);
#298=FACE_OUTER_BOUND('',#441,.T.);
#299=FACE_OUTER_BOUND('',#442,.T.);
#300=FACE_OUTER_BOUND('',#443,.T.);
#301=FACE_OUTER_BOUND('',#444,.T.);
#302=FACE_OUTER_BOUND('',#445,.T.);
#303=FACE_OUTER_BOUND('',#446,.T.);
#304=FACE_OUTER_BOUND('',#447,.T.);
#305=FACE_OUTER_BOUND('',#448,.T.);
#306=FACE_OUTER_BOUND('',#449,.T.);
#307=FACE_OUTER_BOUND('',#450,.T.);
#308=FACE_OUTER_BOUND('',#451,.T.);
#309=FACE_OUTER_BOUND('',#452,.T.);
#310=FACE_OUTER_BOUND('',#453,.T.);
#311=FACE_OUTER_BOUND('',#454,.T.);
#312=FACE_OUTER_BOUND('',#455,.T.);
#313=FACE_OUTER_BOUND('',#457,.T.);
#314=FACE_OUTER_BOUND('',#458,.T.);
#315=FACE_OUTER_BOUND('',#459,.T.);
#316=FACE_OUTER_BOUND('',#460,.T.);
#317=FACE_OUTER_BOUND('',#461,.T.);
#318=FACE_OUTER_BOUND('',#462,.T.);
#319=FACE_OUTER_BOUND('',#463,.T.);
#320=FACE_OUTER_BOUND('',#464,.T.);
#321=FACE_OUTER_BOUND('',#465,.T.);
#322=FACE_OUTER_BOUND('',#466,.T.);
#323=FACE_OUTER_BOUND('',#467,.T.);
#324=FACE_OUTER_BOUND('',#468,.T.);
#325=FACE_OUTER_BOUND('',#469,.T.);
#326=FACE_OUTER_BOUND('',#470,.T.);
#327=FACE_OUTER_BOUND('',#471,.T.);
#328=FACE_OUTER_BOUND('',#472,.T.);
#329=FACE_OUTER_BOUND('',#474,.T.);
#330=FACE_OUTER_BOUND('',#475,.T.);
#331=FACE_OUTER_BOUND('',#476,.T.);
#332=FACE_OUTER_BOUND('',#477,.T.);
#333=FACE_OUTER_BOUND('',#478,.T.);
#334=FACE_OUTER_BOUND('',#479,.T.);
#335=FACE_OUTER_BOUND('',#480,.T.);
#336=FACE_OUTER_BOUND('',#481,.T.);
#337=FACE_OUTER_BOUND('',#482,.T.);
#338=FACE_OUTER_BOUND('',#483,.T.);
#339=FACE_OUTER_BOUND('',#484,.T.);
#340=FACE_OUTER_BOUND('',#485,.T.);
#341=FACE_OUTER_BOUND('',#486,.T.);
#342=FACE_OUTER_BOUND('',#487,.T.);
#343=FACE_OUTER_BOUND('',#488,.T.);
#344=FACE_OUTER_BOUND('',#489,.T.);
#345=FACE_OUTER_BOUND('',#490,.T.);
#346=FACE_OUTER_BOUND('',#500,.T.);
#347=FACE_OUTER_BOUND('',#501,.T.);
#348=EDGE_LOOP('',(#1421,#1422,#1423,#1424));
#349=EDGE_LOOP('',(#1425,#1426,#1427,#1428));
#350=EDGE_LOOP('',(#1429,#1430,#1431,#1432));
#351=EDGE_LOOP('',(#1433,#1434,#1435,#1436));
#352=EDGE_LOOP('',(#1437,#1438,#1439,#1440));
#353=EDGE_LOOP('',(#1441,#1442,#1443,#1444));
#354=EDGE_LOOP('',(#1445,#1446,#1447,#1448));
#355=EDGE_LOOP('',(#1449,#1450,#1451,#1452));
#356=EDGE_LOOP('',(#1453,#1454,#1455,#1456,#1457,#1458,#1459,#1460));
#357=EDGE_LOOP('',(#1461,#1462,#1463,#1464));
#358=EDGE_LOOP('',(#1465,#1466,#1467,#1468));
#359=EDGE_LOOP('',(#1469,#1470,#1471,#1472));
#360=EDGE_LOOP('',(#1473,#1474,#1475,#1476));
#361=EDGE_LOOP('',(#1477,#1478,#1479,#1480));
#362=EDGE_LOOP('',(#1481,#1482,#1483,#1484));
#363=EDGE_LOOP('',(#1485,#1486,#1487,#1488));
#364=EDGE_LOOP('',(#1489,#1490,#1491,#1492));
#365=EDGE_LOOP('',(#1493,#1494,#1495,#1496));
#366=EDGE_LOOP('',(#1497,#1498,#1499,#1500));
#367=EDGE_LOOP('',(#1501,#1502,#1503,#1504));
#368=EDGE_LOOP('',(#1505,#1506,#1507,#1508));
#369=EDGE_LOOP('',(#1509,#1510,#1511,#1512));
#370=EDGE_LOOP('',(#1513,#1514,#1515,#1516));
#371=EDGE_LOOP('',(#1517,#1518,#1519,#1520));
#372=EDGE_LOOP('',(#1521,#1522,#1523,#1524));
#373=EDGE_LOOP('',(#1525,#1526,#1527,#1528));
#374=EDGE_LOOP('',(#1529,#1530,#1531,#1532));
#375=EDGE_LOOP('',(#1533,#1534,#1535,#1536));
#376=EDGE_LOOP('',(#1537,#1538,#1539,#1540));
#377=EDGE_LOOP('',(#1541,#1542,#1543,#1544));
#378=EDGE_LOOP('',(#1545,#1546,#1547,#1548));
#379=EDGE_LOOP('',(#1549,#1550,#1551,#1552));
#380=EDGE_LOOP('',(#1553,#1554,#1555,#1556));
#381=EDGE_LOOP('',(#1557,#1558,#1559,#1560));
#382=EDGE_LOOP('',(#1561,#1562,#1563,#1564));
#383=EDGE_LOOP('',(#1565));
#384=EDGE_LOOP('',(#1566));
#385=EDGE_LOOP('',(#1567,#1568,#1569,#1570));
#386=EDGE_LOOP('',(#1571,#1572,#1573,#1574));
#387=EDGE_LOOP('',(#1575));
#388=EDGE_LOOP('',(#1576));
#389=EDGE_LOOP('',(#1577,#1578,#1579,#1580));
#390=EDGE_LOOP('',(#1581,#1582,#1583,#1584));
#391=EDGE_LOOP('',(#1585));
#392=EDGE_LOOP('',(#1586));
#393=EDGE_LOOP('',(#1587,#1588,#1589,#1590));
#394=EDGE_LOOP('',(#1591,#1592,#1593,#1594));
#395=EDGE_LOOP('',(#1595,#1596,#1597,#1598));
#396=EDGE_LOOP('',(#1599,#1600,#1601,#1602));
#397=EDGE_LOOP('',(#1603));
#398=EDGE_LOOP('',(#1604));
#399=EDGE_LOOP('',(#1605));
#400=EDGE_LOOP('',(#1606));
#401=EDGE_LOOP('',(#1607));
#402=EDGE_LOOP('',(#1608));
#403=EDGE_LOOP('',(#1609,#1610,#1611,#1612));
#404=EDGE_LOOP('',(#1613,#1614,#1615,#1616,#1617,#1618,#1619,#1620,#1621,
#1622,#1623));
#405=EDGE_LOOP('',(#1624,#1625,#1626));
#406=EDGE_LOOP('',(#1627,#1628,#1629));
#407=EDGE_LOOP('',(#1630,#1631,#1632,#1633));
#408=EDGE_LOOP('',(#1634,#1635,#1636,#1637));
#409=EDGE_LOOP('',(#1638,#1639,#1640,#1641));
#410=EDGE_LOOP('',(#1642,#1643,#1644,#1645));
#411=EDGE_LOOP('',(#1646,#1647,#1648,#1649,#1650,#1651,#1652,#1653));
#412=EDGE_LOOP('',(#1654,#1655,#1656,#1657,#1658,#1659,#1660,#1661));
#413=EDGE_LOOP('',(#1662,#1663,#1664,#1665));
#414=EDGE_LOOP('',(#1666,#1667,#1668,#1669));
#415=EDGE_LOOP('',(#1670,#1671,#1672,#1673,#1674,#1675,#1676,#1677));
#416=EDGE_LOOP('',(#1678,#1679,#1680,#1681));
#417=EDGE_LOOP('',(#1682,#1683,#1684,#1685));
#418=EDGE_LOOP('',(#1686,#1687,#1688,#1689));
#419=EDGE_LOOP('',(#1690,#1691,#1692,#1693));
#420=EDGE_LOOP('',(#1694,#1695,#1696,#1697,#1698,#1699,#1700,#1701,#1702,
#1703,#1704));
#421=EDGE_LOOP('',(#1705,#1706,#1707,#1708,#1709,#1710,#1711));
#422=EDGE_LOOP('',(#1712,#1713,#1714,#1715));
#423=EDGE_LOOP('',(#1716,#1717,#1718,#1719));
#424=EDGE_LOOP('',(#1720,#1721,#1722,#1723));
#425=EDGE_LOOP('',(#1724,#1725,#1726,#1727));
#426=EDGE_LOOP('',(#1728,#1729,#1730,#1731));
#427=EDGE_LOOP('',(#1732,#1733,#1734,#1735));
#428=EDGE_LOOP('',(#1736,#1737,#1738,#1739));
#429=EDGE_LOOP('',(#1740,#1741,#1742,#1743));
#430=EDGE_LOOP('',(#1744,#1745,#1746,#1747));
#431=EDGE_LOOP('',(#1748,#1749,#1750,#1751));
#432=EDGE_LOOP('',(#1752,#1753,#1754,#1755));
#433=EDGE_LOOP('',(#1756,#1757,#1758,#1759));
#434=EDGE_LOOP('',(#1760,#1761,#1762,#1763));
#435=EDGE_LOOP('',(#1764,#1765,#1766,#1767));
#436=EDGE_LOOP('',(#1768,#1769,#1770,#1771));
#437=EDGE_LOOP('',(#1772,#1773,#1774,#1775));
#438=EDGE_LOOP('',(#1776,#1777,#1778,#1779));
#439=EDGE_LOOP('',(#1780,#1781,#1782,#1783));
#440=EDGE_LOOP('',(#1784,#1785,#1786,#1787));
#441=EDGE_LOOP('',(#1788,#1789,#1790,#1791));
#442=EDGE_LOOP('',(#1792,#1793,#1794,#1795));
#443=EDGE_LOOP('',(#1796,#1797,#1798,#1799));
#444=EDGE_LOOP('',(#1800,#1801,#1802,#1803));
#445=EDGE_LOOP('',(#1804,#1805,#1806,#1807));
#446=EDGE_LOOP('',(#1808,#1809,#1810,#1811));
#447=EDGE_LOOP('',(#1812,#1813,#1814,#1815,#1816,#1817));
#448=EDGE_LOOP('',(#1818,#1819,#1820,#1821,#1822,#1823,#1824,#1825));
#449=EDGE_LOOP('',(#1826,#1827,#1828,#1829,#1830,#1831));
#450=EDGE_LOOP('',(#1832,#1833,#1834,#1835));
#451=EDGE_LOOP('',(#1836,#1837,#1838,#1839));
#452=EDGE_LOOP('',(#1840,#1841));
#453=EDGE_LOOP('',(#1842));
#454=EDGE_LOOP('',(#1843,#1844));
#455=EDGE_LOOP('',(#1845,#1846,#1847,#1848,#1849,#1850,#1851,#1852,#1853,
#1854,#1855,#1856,#1857,#1858));
#456=EDGE_LOOP('',(#1859));
#457=EDGE_LOOP('',(#1860,#1861,#1862,#1863));
#458=EDGE_LOOP('',(#1864,#1865,#1866,#1867));
#459=EDGE_LOOP('',(#1868,#1869,#1870,#1871));
#460=EDGE_LOOP('',(#1872,#1873,#1874,#1875));
#461=EDGE_LOOP('',(#1876,#1877,#1878,#1879));
#462=EDGE_LOOP('',(#1880,#1881,#1882,#1883));
#463=EDGE_LOOP('',(#1884,#1885,#1886,#1887));
#464=EDGE_LOOP('',(#1888,#1889,#1890,#1891));
#465=EDGE_LOOP('',(#1892,#1893,#1894,#1895));
#466=EDGE_LOOP('',(#1896,#1897,#1898,#1899));
#467=EDGE_LOOP('',(#1900,#1901,#1902,#1903));
#468=EDGE_LOOP('',(#1904,#1905,#1906,#1907));
#469=EDGE_LOOP('',(#1908,#1909,#1910,#1911));
#470=EDGE_LOOP('',(#1912,#1913,#1914,#1915));
#471=EDGE_LOOP('',(#1916,#1917,#1918,#1919));
#472=EDGE_LOOP('',(#1920,#1921,#1922,#1923,#1924,#1925,#1926,#1927));
#473=EDGE_LOOP('',(#1928,#1929));
#474=EDGE_LOOP('',(#1930,#1931,#1932,#1933));
#475=EDGE_LOOP('',(#1934,#1935,#1936,#1937));
#476=EDGE_LOOP('',(#1938,#1939,#1940,#1941));
#477=EDGE_LOOP('',(#1942,#1943,#1944,#1945));
#478=EDGE_LOOP('',(#1946,#1947,#1948,#1949));
#479=EDGE_LOOP('',(#1950,#1951,#1952,#1953));
#480=EDGE_LOOP('',(#1954,#1955,#1956,#1957));
#481=EDGE_LOOP('',(#1958,#1959,#1960,#1961));
#482=EDGE_LOOP('',(#1962,#1963,#1964,#1965));
#483=EDGE_LOOP('',(#1966,#1967,#1968,#1969));
#484=EDGE_LOOP('',(#1970,#1971,#1972));
#485=EDGE_LOOP('',(#1973,#1974,#1975,#1976));
#486=EDGE_LOOP('',(#1977,#1978,#1979,#1980));
#487=EDGE_LOOP('',(#1981,#1982,#1983,#1984));
#488=EDGE_LOOP('',(#1985,#1986,#1987,#1988));
#489=EDGE_LOOP('',(#1989,#1990,#1991,#1992));
#490=EDGE_LOOP('',(#1993,#1994,#1995,#1996,#1997,#1998,#1999,#2000,#2001,
#2002,#2003,#2004,#2005));
#491=EDGE_LOOP('',(#2006,#2007,#2008,#2009));
#492=EDGE_LOOP('',(#2010));
#493=EDGE_LOOP('',(#2011,#2012,#2013));
#494=EDGE_LOOP('',(#2014,#2015,#2016,#2017,#2018,#2019,#2020,#2021));
#495=EDGE_LOOP('',(#2022,#2023,#2024,#2025,#2026,#2027,#2028,#2029,#2030,
#2031,#2032,#2033));
#496=EDGE_LOOP('',(#2034));
#497=EDGE_LOOP('',(#2035));
#498=EDGE_LOOP('',(#2036));
#499=EDGE_LOOP('',(#2037,#2038,#2039,#2040,#2041,#2042,#2043,#2044));
#500=EDGE_LOOP('',(#2045,#2046,#2047,#2048));
#501=EDGE_LOOP('',(#2049,#2050,#2051,#2052));
#502=LINE('',#2968,#701);
#503=LINE('',#2970,#702);
#504=LINE('',#2972,#703);
#505=LINE('',#2973,#704);
#506=LINE('',#2976,#705);
#507=LINE('',#2978,#706);
#508=LINE('',#2979,#707);
#509=LINE('',#2982,#708);
#510=LINE('',#2984,#709);
#511=LINE('',#2985,#710);
#512=LINE('',#2988,#711);
#513=LINE('',#2990,#712);
#514=LINE('',#2991,#713);
#515=LINE('',#2994,#714);
#516=LINE('',#2996,#715);
#517=LINE('',#2997,#716);
#518=LINE('',#3000,#717);
#519=LINE('',#3002,#718);
#520=LINE('',#3003,#719);
#521=LINE('',#3006,#720);
#522=LINE('',#3008,#721);
#523=LINE('',#3009,#722);
#524=LINE('',#3011,#723);
#525=LINE('',#3012,#724);
#526=LINE('',#3017,#725);
#527=LINE('',#3019,#726);
#528=LINE('',#3021,#727);
#529=LINE('',#3022,#728);
#530=LINE('',#3025,#729);
#531=LINE('',#3027,#730);
#532=LINE('',#3028,#731);
#533=LINE('',#3031,#732);
#534=LINE('',#3033,#733);
#535=LINE('',#3034,#734);
#536=LINE('',#3036,#735);
#537=LINE('',#3037,#736);
#538=LINE('',#3042,#737);
#539=LINE('',#3044,#738);
#540=LINE('',#3046,#739);
#541=LINE('',#3047,#740);
#542=LINE('',#3052,#741);
#543=LINE('',#3056,#742);
#544=LINE('',#3058,#743);
#545=LINE('',#3059,#744);
#546=LINE('',#3067,#745);
#547=LINE('',#3069,#746);
#548=LINE('',#3071,#747);
#549=LINE('',#3072,#748);
#550=LINE('',#3077,#749);
#551=LINE('',#3081,#750);
#552=LINE('',#3083,#751);
#553=LINE('',#3084,#752);
#554=LINE('',#3092,#753);
#555=LINE('',#3094,#754);
#556=LINE('',#3096,#755);
#557=LINE('',#3097,#756);
#558=LINE('',#3102,#757);
#559=LINE('',#3106,#758);
#560=LINE('',#3108,#759);
#561=LINE('',#3109,#760);
#562=LINE('',#3117,#761);
#563=LINE('',#3119,#762);
#564=LINE('',#3121,#763);
#565=LINE('',#3122,#764);
#566=LINE('',#3127,#765);
#567=LINE('',#3131,#766);
#568=LINE('',#3133,#767);
#569=LINE('',#3134,#768);
#570=LINE('',#3142,#769);
#571=LINE('',#3144,#770);
#572=LINE('',#3146,#771);
#573=LINE('',#3147,#772);
#574=LINE('',#3155,#773);
#575=LINE('',#3160,#774);
#576=LINE('',#3168,#775);
#577=LINE('',#3173,#776);
#578=LINE('',#3181,#777);
#579=LINE('',#3186,#778);
#580=LINE('',#3191,#779);
#581=LINE('',#3197,#780);
#582=LINE('',#3207,#781);
#583=LINE('',#3209,#782);
#584=LINE('',#3211,#783);
#585=LINE('',#3212,#784);
#586=LINE('',#3216,#785);
#587=LINE('',#3220,#786);
#588=LINE('',#3224,#787);
#589=LINE('',#3228,#788);
#590=LINE('',#3230,#789);
#591=LINE('',#3232,#790);
#592=LINE('',#3234,#791);
#593=LINE('',#3237,#792);
#594=LINE('',#3238,#793);
#595=LINE('',#3240,#794);
#596=LINE('',#3241,#795);
#597=LINE('',#3245,#796);
#598=LINE('',#3247,#797);
#599=LINE('',#3249,#798);
#600=LINE('',#3251,#799);
#601=LINE('',#3253,#800);
#602=LINE('',#3255,#801);
#603=LINE('',#3257,#802);
#604=LINE('',#3258,#803);
#605=LINE('',#3263,#804);
#606=LINE('',#3267,#805);
#607=LINE('',#3271,#806);
#608=LINE('',#3274,#807);
#609=LINE('',#3278,#808);
#610=LINE('',#3280,#809);
#611=LINE('',#3282,#810);
#612=LINE('',#3283,#811);
#613=LINE('',#3287,#812);
#614=LINE('',#3288,#813);
#615=LINE('',#3289,#814);
#616=LINE('',#3292,#815);
#617=LINE('',#3296,#816);
#618=LINE('',#3300,#817);
#619=LINE('',#3304,#818);
#620=LINE('',#3309,#819);
#621=LINE('',#3313,#820);
#622=LINE('',#3314,#821);
#623=LINE('',#3315,#822);
#624=LINE('',#3317,#823);
#625=LINE('',#3320,#824);
#626=LINE('',#3321,#825);
#627=LINE('',#3325,#826);
#628=LINE('',#3329,#827);
#629=LINE('',#3333,#828);
#630=LINE('',#3337,#829);
#631=LINE('',#3341,#830);
#632=LINE('',#3343,#831);
#633=LINE('',#3344,#832);
#634=LINE('',#3347,#833);
#635=LINE('',#3348,#834);
#636=LINE('',#3349,#835);
#637=LINE('',#3351,#836);
#638=LINE('',#3352,#837);
#639=LINE('',#3355,#838);
#640=LINE('',#3356,#839);
#641=LINE('',#3360,#840);
#642=LINE('',#3363,#841);
#643=LINE('',#3364,#842);
#644=LINE('',#3368,#843);
#645=LINE('',#3371,#844);
#646=LINE('',#3372,#845);
#647=LINE('',#3398,#846);
#648=LINE('',#3399,#847);
#649=LINE('',#3401,#848);
#650=LINE('',#3403,#849);
#651=LINE('',#3405,#850);
#652=LINE('',#3407,#851);
#653=LINE('',#3408,#852);
#654=LINE('',#3411,#853);
#655=LINE('',#3414,#854);
#656=LINE('',#3415,#855);
#657=LINE('',#3417,#856);
#658=LINE('',#3418,#857);
#659=LINE('',#3421,#858);
#660=LINE('',#3422,#859);
#661=LINE('',#3424,#860);
#662=LINE('',#3426,#861);
#663=LINE('',#4191,#862);
#664=LINE('',#4192,#863);
#665=LINE('',#4314,#864);
#666=LINE('',#4421,#865);
#667=LINE('',#4468,#866);
#668=LINE('',#4635,#867);
#669=LINE('',#4697,#868);
#670=LINE('',#4894,#869);
#671=LINE('',#5001,#870);
#672=LINE('',#5108,#871);
#673=LINE('',#5215,#872);
#674=LINE('',#5265,#873);
#675=LINE('',#5503,#874);
#676=LINE('',#5504,#875);
#677=LINE('',#5607,#876);
#678=LINE('',#5777,#877);
#679=LINE('',#6042,#878);
#680=LINE('',#6043,#879);
#681=LINE('',#6390,#880);
#682=LINE('',#6393,#881);
#683=LINE('',#6394,#882);
#684=LINE('',#6441,#883);
#685=LINE('',#6548,#884);
#686=LINE('',#6595,#885);
#687=LINE('',#6642,#886);
#688=LINE('',#6808,#887);
#689=LINE('',#6809,#888);
#690=LINE('',#7121,#889);
#691=LINE('',#7122,#890);
#692=LINE('',#7274,#891);
#693=LINE('',#7412,#892);
#694=LINE('',#7414,#893);
#695=LINE('',#7415,#894);
#696=LINE('',#7418,#895);
#697=LINE('',#7420,#896);
#698=LINE('',#7421,#897);
#699=LINE('',#7423,#898);
#700=LINE('',#7425,#899);
#701=VECTOR('',#2435,10.);
#702=VECTOR('',#2436,10.);
#703=VECTOR('',#2437,10.);
#704=VECTOR('',#2438,10.);
#705=VECTOR('',#2441,10.);
#706=VECTOR('',#2442,10.);
#707=VECTOR('',#2443,10.);
#708=VECTOR('',#2446,10.);
#709=VECTOR('',#2447,10.);
#710=VECTOR('',#2448,10.);
#711=VECTOR('',#2451,10.);
#712=VECTOR('',#2452,10.);
#713=VECTOR('',#2453,10.);
#714=VECTOR('',#2456,10.);
#715=VECTOR('',#2457,10.);
#716=VECTOR('',#2458,10.);
#717=VECTOR('',#2461,10.);
#718=VECTOR('',#2462,10.);
#719=VECTOR('',#2463,10.);
#720=VECTOR('',#2466,10.);
#721=VECTOR('',#2467,10.);
#722=VECTOR('',#2468,10.);
#723=VECTOR('',#2471,10.);
#724=VECTOR('',#2472,10.);
#725=VECTOR('',#2477,10.);
#726=VECTOR('',#2478,10.);
#727=VECTOR('',#2479,10.);
#728=VECTOR('',#2480,10.);
#729=VECTOR('',#2483,10.);
#730=VECTOR('',#2484,10.);
#731=VECTOR('',#2485,10.);
#732=VECTOR('',#2488,10.);
#733=VECTOR('',#2489,10.);
#734=VECTOR('',#2490,10.);
#735=VECTOR('',#2493,10.);
#736=VECTOR('',#2494,10.);
#737=VECTOR('',#2499,10.);
#738=VECTOR('',#2500,10.);
#739=VECTOR('',#2501,10.);
#740=VECTOR('',#2502,10.);
#741=VECTOR('',#2507,10.);
#742=VECTOR('',#2512,10.);
#743=VECTOR('',#2513,10.);
#744=VECTOR('',#2514,10.);
#745=VECTOR('',#2525,10.);
#746=VECTOR('',#2526,10.);
#747=VECTOR('',#2527,10.);
#748=VECTOR('',#2528,10.);
#749=VECTOR('',#2533,10.);
#750=VECTOR('',#2538,10.);
#751=VECTOR('',#2539,10.);
#752=VECTOR('',#2540,10.);
#753=VECTOR('',#2551,10.);
#754=VECTOR('',#2552,10.);
#755=VECTOR('',#2553,10.);
#756=VECTOR('',#2554,10.);
#757=VECTOR('',#2559,10.);
#758=VECTOR('',#2564,10.);
#759=VECTOR('',#2565,10.);
#760=VECTOR('',#2566,10.);
#761=VECTOR('',#2577,10.);
#762=VECTOR('',#2578,10.);
#763=VECTOR('',#2579,10.);
#764=VECTOR('',#2580,10.);
#765=VECTOR('',#2585,10.);
#766=VECTOR('',#2590,10.);
#767=VECTOR('',#2591,10.);
#768=VECTOR('',#2592,10.);
#769=VECTOR('',#2603,10.);
#770=VECTOR('',#2604,10.);
#771=VECTOR('',#2605,10.);
#772=VECTOR('',#2606,10.);
#773=VECTOR('',#2615,1.1);
#774=VECTOR('',#2622,1.1);
#775=VECTOR('',#2631,1.1);
#776=VECTOR('',#2638,1.1);
#777=VECTOR('',#2647,1.1);
#778=VECTOR('',#2654,1.1);
#779=VECTOR('',#2659,1.1);
#780=VECTOR('',#2666,1.1);
#781=VECTOR('',#2681,10.);
#782=VECTOR('',#2682,10.);
#783=VECTOR('',#2683,10.);
#784=VECTOR('',#2684,10.);
#785=VECTOR('',#2687,10.);
#786=VECTOR('',#2690,10.);
#787=VECTOR('',#2693,10.);
#788=VECTOR('',#2696,10.);
#789=VECTOR('',#2697,10.);
#790=VECTOR('',#2698,10.);
#791=VECTOR('',#2699,10.);
#792=VECTOR('',#2702,10.);
#793=VECTOR('',#2703,10.);
#794=VECTOR('',#2704,10.);
#795=VECTOR('',#2705,10.);
#796=VECTOR('',#2708,10.);
#797=VECTOR('',#2709,10.);
#798=VECTOR('',#2710,10.);
#799=VECTOR('',#2711,10.);
#800=VECTOR('',#2712,10.);
#801=VECTOR('',#2713,10.);
#802=VECTOR('',#2714,10.);
#803=VECTOR('',#2715,10.);
#804=VECTOR('',#2718,10.);
#805=VECTOR('',#2721,10.);
#806=VECTOR('',#2724,10.);
#807=VECTOR('',#2727,10.);
#808=VECTOR('',#2730,10.);
#809=VECTOR('',#2731,10.);
#810=VECTOR('',#2732,10.);
#811=VECTOR('',#2733,10.);
#812=VECTOR('',#2736,10.);
#813=VECTOR('',#2737,10.);
#814=VECTOR('',#2738,10.);
#815=VECTOR('',#2739,10.);
#816=VECTOR('',#2742,10.);
#817=VECTOR('',#2745,10.);
#818=VECTOR('',#2748,10.);
#819=VECTOR('',#2755,10.);
#820=VECTOR('',#2758,10.);
#821=VECTOR('',#2759,10.);
#822=VECTOR('',#2760,10.);
#823=VECTOR('',#2763,10.);
#824=VECTOR('',#2766,10.);
#825=VECTOR('',#2767,10.);
#826=VECTOR('',#2770,10.);
#827=VECTOR('',#2773,10.);
#828=VECTOR('',#2776,10.);
#829=VECTOR('',#2779,10.);
#830=VECTOR('',#2782,10.);
#831=VECTOR('',#2783,10.);
#832=VECTOR('',#2784,10.);
#833=VECTOR('',#2785,10.);
#834=VECTOR('',#2786,10.);
#835=VECTOR('',#2787,10.);
#836=VECTOR('',#2788,10.);
#837=VECTOR('',#2789,10.);
#838=VECTOR('',#2792,10.);
#839=VECTOR('',#2793,10.);
#840=VECTOR('',#2798,7.);
#841=VECTOR('',#2801,10.);
#842=VECTOR('',#2802,10.);
#843=VECTOR('',#2807,7.);
#844=VECTOR('',#2810,10.);
#845=VECTOR('',#2811,10.);
#846=VECTOR('',#2862,10.);
#847=VECTOR('',#2863,10.);
#848=VECTOR('',#2866,10.);
#849=VECTOR('',#2869,10.);
#850=VECTOR('',#2872,10.);
#851=VECTOR('',#2875,10.);
#852=VECTOR('',#2876,10.);
#853=VECTOR('',#2881,10.);
#854=VECTOR('',#2886,10.);
#855=VECTOR('',#2887,10.);
#856=VECTOR('',#2890,10.);
#857=VECTOR('',#2891,10.);
#858=VECTOR('',#2894,10.);
#859=VECTOR('',#2895,10.);
#860=VECTOR('',#2898,10.);
#861=VECTOR('',#2901,10.);
#862=VECTOR('',#2910,10.);
#863=VECTOR('',#2911,10.);
#864=VECTOR('',#2912,10.);
#865=VECTOR('',#2913,10.);
#866=VECTOR('',#2914,10.);
#867=VECTOR('',#2915,10.);
#868=VECTOR('',#2916,10.);
#869=VECTOR('',#2917,10.);
#870=VECTOR('',#2918,10.);
#871=VECTOR('',#2919,10.);
#872=VECTOR('',#2920,10.);
#873=VECTOR('',#2921,10.);
#874=VECTOR('',#2922,10.);
#875=VECTOR('',#2923,10.);
#876=VECTOR('',#2924,10.);
#877=VECTOR('',#2927,10.);
#878=VECTOR('',#2928,10.);
#879=VECTOR('',#2929,10.);
#880=VECTOR('',#2930,10.);
#881=VECTOR('',#2933,10.);
#882=VECTOR('',#2934,10.);
#883=VECTOR('',#2935,10.);
#884=VECTOR('',#2936,10.);
#885=VECTOR('',#2937,10.);
#886=VECTOR('',#2938,10.);
#887=VECTOR('',#2939,10.);
#888=VECTOR('',#2940,10.);
#889=VECTOR('',#2943,10.);
#890=VECTOR('',#2944,10.);
#891=VECTOR('',#2945,10.);
#892=VECTOR('',#2948,10.);
#893=VECTOR('',#2949,10.);
#894=VECTOR('',#2950,10.);
#895=VECTOR('',#2953,10.);
#896=VECTOR('',#2954,10.);
#897=VECTOR('',#2955,10.);
#898=VECTOR('',#2958,10.);
#899=VECTOR('',#2961,10.);
#900=VERTEX_POINT('',#2966);
#901=VERTEX_POINT('',#2967);
#902=VERTEX_POINT('',#2969);
#903=VERTEX_POINT('',#2971);
#904=VERTEX_POINT('',#2975);
#905=VERTEX_POINT('',#2977);
#906=VERTEX_POINT('',#2981);
#907=VERTEX_POINT('',#2983);
#908=VERTEX_POINT('',#2987);
#909=VERTEX_POINT('',#2989);
#910=VERTEX_POINT('',#2993);
#911=VERTEX_POINT('',#2995);
#912=VERTEX_POINT('',#2999);
#913=VERTEX_POINT('',#3001);
#914=VERTEX_POINT('',#3005);
#915=VERTEX_POINT('',#3007);
#916=VERTEX_POINT('',#3015);
#917=VERTEX_POINT('',#3016);
#918=VERTEX_POINT('',#3018);
#919=VERTEX_POINT('',#3020);
#920=VERTEX_POINT('',#3024);
#921=VERTEX_POINT('',#3026);
#922=VERTEX_POINT('',#3030);
#923=VERTEX_POINT('',#3032);
#924=VERTEX_POINT('',#3040);
#925=VERTEX_POINT('',#3041);
#926=VERTEX_POINT('',#3043);
#927=VERTEX_POINT('',#3045);
#928=VERTEX_POINT('',#3049);
#929=VERTEX_POINT('',#3051);
#930=VERTEX_POINT('',#3055);
#931=VERTEX_POINT('',#3057);
#932=VERTEX_POINT('',#3065);
#933=VERTEX_POINT('',#3066);
#934=VERTEX_POINT('',#3068);
#935=VERTEX_POINT('',#3070);
#936=VERTEX_POINT('',#3074);
#937=VERTEX_POINT('',#3076);
#938=VERTEX_POINT('',#3080);
#939=VERTEX_POINT('',#3082);
#940=VERTEX_POINT('',#3090);
#941=VERTEX_POINT('',#3091);
#942=VERTEX_POINT('',#3093);
#943=VERTEX_POINT('',#3095);
#944=VERTEX_POINT('',#3099);
#945=VERTEX_POINT('',#3101);
#946=VERTEX_POINT('',#3105);
#947=VERTEX_POINT('',#3107);
#948=VERTEX_POINT('',#3115);
#949=VERTEX_POINT('',#3116);
#950=VERTEX_POINT('',#3118);
#951=VERTEX_POINT('',#3120);
#952=VERTEX_POINT('',#3124);
#953=VERTEX_POINT('',#3126);
#954=VERTEX_POINT('',#3130);
#955=VERTEX_POINT('',#3132);
#956=VERTEX_POINT('',#3140);
#957=VERTEX_POINT('',#3141);
#958=VERTEX_POINT('',#3143);
#959=VERTEX_POINT('',#3145);
#960=VERTEX_POINT('',#3149);
#961=VERTEX_POINT('',#3151);
#962=VERTEX_POINT('',#3154);
#963=VERTEX_POINT('',#3158);
#964=VERTEX_POINT('',#3162);
#965=VERTEX_POINT('',#3164);
#966=VERTEX_POINT('',#3167);
#967=VERTEX_POINT('',#3171);
#968=VERTEX_POINT('',#3175);
#969=VERTEX_POINT('',#3177);
#970=VERTEX_POINT('',#3180);
#971=VERTEX_POINT('',#3184);
#972=VERTEX_POINT('',#3188);
#973=VERTEX_POINT('',#3190);
#974=VERTEX_POINT('',#3194);
#975=VERTEX_POINT('',#3196);
#976=VERTEX_POINT('',#3205);
#977=VERTEX_POINT('',#3206);
#978=VERTEX_POINT('',#3208);
#979=VERTEX_POINT('',#3210);
#980=VERTEX_POINT('',#3214);
#981=VERTEX_POINT('',#3215);
#982=VERTEX_POINT('',#3217);
#983=VERTEX_POINT('',#3219);
#984=VERTEX_POINT('',#3221);
#985=VERTEX_POINT('',#3223);
#986=VERTEX_POINT('',#3225);
#987=VERTEX_POINT('',#3227);
#988=VERTEX_POINT('',#3229);
#989=VERTEX_POINT('',#3231);
#990=VERTEX_POINT('',#3233);
#991=VERTEX_POINT('',#3236);
#992=VERTEX_POINT('',#3239);
#993=VERTEX_POINT('',#3243);
#994=VERTEX_POINT('',#3244);
#995=VERTEX_POINT('',#3246);
#996=VERTEX_POINT('',#3248);
#997=VERTEX_POINT('',#3250);
#998=VERTEX_POINT('',#3252);
#999=VERTEX_POINT('',#3254);
#1000=VERTEX_POINT('',#3256);
#1001=VERTEX_POINT('',#3259);
#1002=VERTEX_POINT('',#3260);
#1003=VERTEX_POINT('',#3262);
#1004=VERTEX_POINT('',#3264);
#1005=VERTEX_POINT('',#3266);
#1006=VERTEX_POINT('',#3268);
#1007=VERTEX_POINT('',#3270);
#1008=VERTEX_POINT('',#3272);
#1009=VERTEX_POINT('',#3276);
#1010=VERTEX_POINT('',#3277);
#1011=VERTEX_POINT('',#3279);
#1012=VERTEX_POINT('',#3281);
#1013=VERTEX_POINT('',#3285);
#1014=VERTEX_POINT('',#3286);
#1015=VERTEX_POINT('',#3290);
#1016=VERTEX_POINT('',#3291);
#1017=VERTEX_POINT('',#3293);
#1018=VERTEX_POINT('',#3295);
#1019=VERTEX_POINT('',#3297);
#1020=VERTEX_POINT('',#3299);
#1021=VERTEX_POINT('',#3301);
#1022=VERTEX_POINT('',#3303);
#1023=VERTEX_POINT('',#3307);
#1024=VERTEX_POINT('',#3311);
#1025=VERTEX_POINT('',#3312);
#1026=VERTEX_POINT('',#3319);
#1027=VERTEX_POINT('',#3323);
#1028=VERTEX_POINT('',#3324);
#1029=VERTEX_POINT('',#3326);
#1030=VERTEX_POINT('',#3328);
#1031=VERTEX_POINT('',#3330);
#1032=VERTEX_POINT('',#3332);
#1033=VERTEX_POINT('',#3334);
#1034=VERTEX_POINT('',#3336);
#1035=VERTEX_POINT('',#3338);
#1036=VERTEX_POINT('',#3340);
#1037=VERTEX_POINT('',#3342);
#1038=VERTEX_POINT('',#3345);
#1039=VERTEX_POINT('',#3346);
#1040=VERTEX_POINT('',#3350);
#1041=VERTEX_POINT('',#3354);
#1042=VERTEX_POINT('',#3358);
#1043=VERTEX_POINT('',#3362);
#1044=VERTEX_POINT('',#3366);
#1045=VERTEX_POINT('',#3370);
#1046=VERTEX_POINT('',#3420);
#1047=VERTEX_POINT('',#3428);
#1048=VERTEX_POINT('',#3429);
#1049=VERTEX_POINT('',#3471);
#1050=VERTEX_POINT('',#3518);
#1051=VERTEX_POINT('',#3519);
#1052=VERTEX_POINT('',#3533);
#1053=VERTEX_POINT('',#3534);
#1054=VERTEX_POINT('',#3575);
#1055=VERTEX_POINT('',#3588);
#1056=VERTEX_POINT('',#3664);
#1057=VERTEX_POINT('',#3681);
#1058=VERTEX_POINT('',#3717);
#1059=VERTEX_POINT('',#3753);
#1060=VERTEX_POINT('',#3789);
#1061=VERTEX_POINT('',#3855);
#1062=VERTEX_POINT('',#3876);
#1063=VERTEX_POINT('',#3932);
#1064=VERTEX_POINT('',#3948);
#1065=VERTEX_POINT('',#4024);
#1066=VERTEX_POINT('',#4150);
#1067=VERTEX_POINT('',#4273);
#1068=VERTEX_POINT('',#4385);
#1069=VERTEX_POINT('',#4452);
#1070=VERTEX_POINT('',#4579);
#1071=VERTEX_POINT('',#4676);
#1072=VERTEX_POINT('',#4828);
#1073=VERTEX_POINT('',#4965);
#1074=VERTEX_POINT('',#5072);
#1075=VERTEX_POINT('',#5179);
#1076=VERTEX_POINT('',#5248);
#1077=VERTEX_POINT('',#5609);
#1078=VERTEX_POINT('',#5610);
#1079=VERTEX_POINT('',#5646);
#1080=VERTEX_POINT('',#5692);
#1081=VERTEX_POINT('',#5708);
#1082=VERTEX_POINT('',#5724);
#1083=VERTEX_POINT('',#5760);
#1084=VERTEX_POINT('',#5776);
#1085=VERTEX_POINT('',#5893);
#1086=VERTEX_POINT('',#5894);
#1087=VERTEX_POINT('',#6005);
#1088=VERTEX_POINT('',#6006);
#1089=VERTEX_POINT('',#6274);
#1090=VERTEX_POINT('',#6392);
#1091=VERTEX_POINT('',#6425);
#1092=VERTEX_POINT('',#6512);
#1093=VERTEX_POINT('',#6579);
#1094=VERTEX_POINT('',#6626);
#1095=VERTEX_POINT('',#6861);
#1096=VERTEX_POINT('',#6862);
#1097=VERTEX_POINT('',#6903);
#1098=VERTEX_POINT('',#7079);
#1099=VERTEX_POINT('',#7080);
#1100=VERTEX_POINT('',#7223);
#1101=VERTEX_POINT('',#7411);
#1102=VERTEX_POINT('',#7413);
#1103=VERTEX_POINT('',#7417);
#1104=VERTEX_POINT('',#7419);
#1105=EDGE_CURVE('',#900,#901,#502,.T.);
#1106=EDGE_CURVE('',#902,#900,#503,.T.);
#1107=EDGE_CURVE('',#902,#903,#504,.T.);
#1108=EDGE_CURVE('',#903,#901,#505,.T.);
#1109=EDGE_CURVE('',#904,#900,#506,.T.);
#1110=EDGE_CURVE('',#905,#904,#507,.T.);
#1111=EDGE_CURVE('',#905,#902,#508,.T.);
#1112=EDGE_CURVE('',#906,#904,#509,.T.);
#1113=EDGE_CURVE('',#907,#906,#510,.T.);
#1114=EDGE_CURVE('',#905,#907,#511,.T.);
#1115=EDGE_CURVE('',#908,#906,#512,.T.);
#1116=EDGE_CURVE('',#909,#908,#513,.T.);
#1117=EDGE_CURVE('',#909,#907,#514,.T.);
#1118=EDGE_CURVE('',#910,#908,#515,.T.);
#1119=EDGE_CURVE('',#911,#910,#516,.T.);
#1120=EDGE_CURVE('',#911,#909,#517,.T.);
#1121=EDGE_CURVE('',#912,#910,#518,.T.);
#1122=EDGE_CURVE('',#913,#912,#519,.T.);
#1123=EDGE_CURVE('',#913,#911,#520,.T.);
#1124=EDGE_CURVE('',#914,#912,#521,.T.);
#1125=EDGE_CURVE('',#915,#914,#522,.T.);
#1126=EDGE_CURVE('',#915,#913,#523,.T.);
#1127=EDGE_CURVE('',#901,#914,#524,.T.);
#1128=EDGE_CURVE('',#903,#915,#525,.T.);
#1129=EDGE_CURVE('',#916,#917,#526,.T.);
#1130=EDGE_CURVE('',#918,#916,#527,.T.);
#1131=EDGE_CURVE('',#919,#918,#528,.T.);
#1132=EDGE_CURVE('',#919,#917,#529,.T.);
#1133=EDGE_CURVE('',#920,#916,#530,.T.);
#1134=EDGE_CURVE('',#921,#920,#531,.T.);
#1135=EDGE_CURVE('',#921,#918,#532,.T.);
#1136=EDGE_CURVE('',#922,#920,#533,.T.);
#1137=EDGE_CURVE('',#923,#922,#534,.T.);
#1138=EDGE_CURVE('',#923,#921,#535,.T.);
#1139=EDGE_CURVE('',#917,#922,#536,.T.);
#1140=EDGE_CURVE('',#919,#923,#537,.T.);
#1141=EDGE_CURVE('',#924,#925,#538,.T.);
#1142=EDGE_CURVE('',#924,#926,#539,.T.);
#1143=EDGE_CURVE('',#926,#927,#540,.T.);
#1144=EDGE_CURVE('',#925,#927,#541,.T.);
#1145=EDGE_CURVE('',#928,#924,#127,.T.);
#1146=EDGE_CURVE('',#928,#929,#542,.T.);
#1147=EDGE_CURVE('',#929,#926,#128,.T.);
#1148=EDGE_CURVE('',#930,#928,#543,.T.);
#1149=EDGE_CURVE('',#930,#931,#544,.T.);
#1150=EDGE_CURVE('',#931,#929,#545,.T.);
#1151=EDGE_CURVE('',#925,#930,#129,.T.);
#1152=EDGE_CURVE('',#927,#931,#130,.T.);
#1153=EDGE_CURVE('',#932,#933,#546,.T.);
#1154=EDGE_CURVE('',#932,#934,#547,.T.);
#1155=EDGE_CURVE('',#934,#935,#548,.T.);
#1156=EDGE_CURVE('',#933,#935,#549,.T.);
#1157=EDGE_CURVE('',#936,#932,#131,.T.);
#1158=EDGE_CURVE('',#936,#937,#550,.T.);
#1159=EDGE_CURVE('',#937,#934,#132,.T.);
#1160=EDGE_CURVE('',#938,#936,#551,.T.);
#1161=EDGE_CURVE('',#938,#939,#552,.T.);
#1162=EDGE_CURVE('',#939,#937,#553,.T.);
#1163=EDGE_CURVE('',#933,#938,#133,.T.);
#1164=EDGE_CURVE('',#935,#939,#134,.T.);
#1165=EDGE_CURVE('',#940,#941,#554,.T.);
#1166=EDGE_CURVE('',#940,#942,#555,.T.);
#1167=EDGE_CURVE('',#942,#943,#556,.T.);
#1168=EDGE_CURVE('',#941,#943,#557,.T.);
#1169=EDGE_CURVE('',#944,#940,#135,.T.);
#1170=EDGE_CURVE('',#944,#945,#558,.T.);
#1171=EDGE_CURVE('',#945,#942,#136,.T.);
#1172=EDGE_CURVE('',#946,#944,#559,.T.);
#1173=EDGE_CURVE('',#946,#947,#560,.T.);
#1174=EDGE_CURVE('',#947,#945,#561,.T.);
#1175=EDGE_CURVE('',#941,#946,#137,.T.);
#1176=EDGE_CURVE('',#943,#947,#138,.T.);
#1177=EDGE_CURVE('',#948,#949,#562,.T.);
#1178=EDGE_CURVE('',#948,#950,#563,.T.);
#1179=EDGE_CURVE('',#950,#951,#564,.T.);
#1180=EDGE_CURVE('',#949,#951,#565,.T.);
#1181=EDGE_CURVE('',#952,#948,#139,.T.);
#1182=EDGE_CURVE('',#952,#953,#566,.T.);
#1183=EDGE_CURVE('',#953,#950,#140,.T.);
#1184=EDGE_CURVE('',#954,#952,#567,.T.);
#1185=EDGE_CURVE('',#954,#955,#568,.T.);
#1186=EDGE_CURVE('',#955,#953,#569,.T.);
#1187=EDGE_CURVE('',#949,#954,#141,.T.);
#1188=EDGE_CURVE('',#951,#955,#142,.T.);
#1189=EDGE_CURVE('',#956,#957,#570,.T.);
#1190=EDGE_CURVE('',#957,#958,#571,.F.);
#1191=EDGE_CURVE('',#958,#959,#572,.T.);
#1192=EDGE_CURVE('',#956,#959,#573,.T.);
#1193=EDGE_CURVE('',#960,#960,#143,.F.);
#1194=EDGE_CURVE('',#961,#961,#144,.T.);
#1195=EDGE_CURVE('',#960,#962,#574,.T.);
#1196=EDGE_CURVE('',#962,#962,#145,.T.);
#1197=EDGE_CURVE('',#963,#963,#146,.T.);
#1198=EDGE_CURVE('',#963,#961,#575,.T.);
#1199=EDGE_CURVE('',#964,#964,#147,.F.);
#1200=EDGE_CURVE('',#965,#965,#148,.T.);
#1201=EDGE_CURVE('',#964,#966,#576,.T.);
#1202=EDGE_CURVE('',#966,#966,#149,.T.);
#1203=EDGE_CURVE('',#967,#967,#150,.T.);
#1204=EDGE_CURVE('',#967,#965,#577,.T.);
#1205=EDGE_CURVE('',#968,#968,#151,.F.);
#1206=EDGE_CURVE('',#969,#969,#152,.T.);
#1207=EDGE_CURVE('',#968,#970,#578,.T.);
#1208=EDGE_CURVE('',#970,#970,#153,.T.);
#1209=EDGE_CURVE('',#971,#971,#154,.T.);
#1210=EDGE_CURVE('',#971,#969,#579,.T.);
#1211=EDGE_CURVE('',#972,#972,#155,.T.);
#1212=EDGE_CURVE('',#972,#973,#580,.T.);
#1213=EDGE_CURVE('',#973,#973,#156,.T.);
#1214=EDGE_CURVE('',#974,#974,#157,.T.);
#1215=EDGE_CURVE('',#974,#975,#581,.T.);
#1216=EDGE_CURVE('',#975,#975,#158,.T.);
#1217=EDGE_CURVE('',#976,#977,#582,.T.);
#1218=EDGE_CURVE('',#978,#976,#583,.T.);
#1219=EDGE_CURVE('',#979,#978,#584,.F.);
#1220=EDGE_CURVE('',#979,#977,#585,.F.);
#1221=EDGE_CURVE('',#980,#981,#586,.F.);
#1222=EDGE_CURVE('',#982,#981,#159,.T.);
#1223=EDGE_CURVE('',#982,#983,#587,.F.);
#1224=EDGE_CURVE('',#984,#983,#160,.T.);
#1225=EDGE_CURVE('',#985,#984,#588,.T.);
#1226=EDGE_CURVE('',#986,#985,#161,.T.);
#1227=EDGE_CURVE('',#986,#987,#589,.F.);
#1228=EDGE_CURVE('',#987,#988,#590,.F.);
#1229=EDGE_CURVE('',#988,#989,#591,.F.);
#1230=EDGE_CURVE('',#989,#990,#592,.F.);
#1231=EDGE_CURVE('',#980,#990,#162,.T.);
#1232=EDGE_CURVE('',#979,#991,#593,.T.);
#1233=EDGE_CURVE('',#991,#977,#594,.T.);
#1234=EDGE_CURVE('',#957,#992,#595,.T.);
#1235=EDGE_CURVE('',#992,#958,#596,.T.);
#1236=EDGE_CURVE('',#993,#994,#597,.T.);
#1237=EDGE_CURVE('',#995,#993,#598,.T.);
#1238=EDGE_CURVE('',#996,#995,#599,.T.);
#1239=EDGE_CURVE('',#996,#997,#600,.T.);
#1240=EDGE_CURVE('',#997,#998,#601,.F.);
#1241=EDGE_CURVE('',#999,#998,#602,.F.);
#1242=EDGE_CURVE('',#1000,#999,#603,.F.);
#1243=EDGE_CURVE('',#1000,#994,#604,.T.);
#1244=EDGE_CURVE('',#1001,#1002,#163,.T.);
#1245=EDGE_CURVE('',#1001,#1003,#605,.F.);
#1246=EDGE_CURVE('',#1004,#1003,#164,.T.);
#1247=EDGE_CURVE('',#1004,#1005,#606,.F.);
#1248=EDGE_CURVE('',#1006,#1005,#165,.T.);
#1249=EDGE_CURVE('',#1006,#1007,#607,.F.);
#1250=EDGE_CURVE('',#1008,#1007,#166,.T.);
#1251=EDGE_CURVE('',#1008,#1002,#608,.F.);
#1252=EDGE_CURVE('',#1009,#1010,#609,.T.);
#1253=EDGE_CURVE('',#1010,#1011,#610,.T.);
#1254=EDGE_CURVE('',#1012,#1011,#611,.F.);
#1255=EDGE_CURVE('',#1009,#1012,#612,.F.);
#1256=EDGE_CURVE('',#1013,#1014,#613,.T.);
#1257=EDGE_CURVE('',#981,#1013,#614,.T.);
#1258=EDGE_CURVE('',#1014,#980,#615,.T.);
#1259=EDGE_CURVE('',#1015,#1016,#616,.T.);
#1260=EDGE_CURVE('',#1017,#1016,#167,.T.);
#1261=EDGE_CURVE('',#1017,#1018,#617,.T.);
#1262=EDGE_CURVE('',#1019,#1018,#168,.T.);
#1263=EDGE_CURVE('',#1019,#1020,#618,.T.);
#1264=EDGE_CURVE('',#1021,#1020,#169,.T.);
#1265=EDGE_CURVE('',#1021,#1022,#619,.T.);
#1266=EDGE_CURVE('',#1015,#1022,#170,.T.);
#1267=EDGE_CURVE('',#1014,#1023,#171,.T.);
#1268=EDGE_CURVE('',#990,#1023,#620,.T.);
#1269=EDGE_CURVE('',#1024,#1025,#621,.T.);
#1270=EDGE_CURVE('',#989,#1024,#622,.T.);
#1271=EDGE_CURVE('',#988,#1025,#623,.F.);
#1272=EDGE_CURVE('',#1023,#1024,#624,.T.);
#1273=EDGE_CURVE('',#1025,#1026,#625,.T.);
#1274=EDGE_CURVE('',#987,#1026,#626,.F.);
#1275=EDGE_CURVE('',#1027,#1028,#627,.T.);
#1276=EDGE_CURVE('',#1029,#1027,#172,.T.);
#1277=EDGE_CURVE('',#1030,#1029,#628,.T.);
#1278=EDGE_CURVE('',#1031,#1030,#173,.T.);
#1279=EDGE_CURVE('',#1032,#1031,#629,.T.);
#1280=EDGE_CURVE('',#1033,#1032,#174,.T.);
#1281=EDGE_CURVE('',#1034,#1033,#630,.T.);
#1282=EDGE_CURVE('',#1035,#1034,#175,.T.);
#1283=EDGE_CURVE('',#1036,#1035,#631,.T.);
#1284=EDGE_CURVE('',#1037,#1036,#632,.T.);
#1285=EDGE_CURVE('',#1028,#1037,#633,.T.);
#1286=EDGE_CURVE('',#1038,#1039,#634,.F.);
#1287=EDGE_CURVE('',#1039,#1012,#635,.F.);
#1288=EDGE_CURVE('',#1011,#999,#636,.F.);
#1289=EDGE_CURVE('',#998,#1040,#637,.F.);
#1290=EDGE_CURVE('',#1040,#1038,#638,.F.);
#1291=EDGE_CURVE('',#1026,#1041,#639,.T.);
#1292=EDGE_CURVE('',#1041,#986,#640,.T.);
#1293=EDGE_CURVE('',#1041,#1042,#176,.T.);
#1294=EDGE_CURVE('',#985,#1042,#641,.T.);
#1295=EDGE_CURVE('',#1042,#1043,#642,.T.);
#1296=EDGE_CURVE('',#1043,#984,#643,.T.);
#1297=EDGE_CURVE('',#1043,#1044,#177,.T.);
#1298=EDGE_CURVE('',#983,#1044,#644,.T.);
#1299=EDGE_CURVE('',#1044,#1045,#645,.T.);
#1300=EDGE_CURVE('',#1045,#982,#646,.T.);
#1301=EDGE_CURVE('',#1045,#1013,#178,.T.);
#1302=EDGE_CURVE('',#1028,#1026,#100,.T.);
#1303=EDGE_CURVE('',#1037,#1025,#101,.T.);
#1304=EDGE_CURVE('',#1023,#1035,#179,.T.);
#1305=EDGE_CURVE('',#1036,#1024,#102,.T.);
#1306=EDGE_CURVE('',#1014,#1034,#180,.T.);
#1307=EDGE_CURVE('',#1013,#1033,#181,.T.);
#1308=EDGE_CURVE('',#1045,#1032,#182,.T.);
#1309=EDGE_CURVE('',#1044,#1031,#183,.T.);
#1310=EDGE_CURVE('',#1043,#1030,#184,.T.);
#1311=EDGE_CURVE('',#1042,#1029,#185,.T.);
#1312=EDGE_CURVE('',#1041,#1027,#186,.T.);
#1313=EDGE_CURVE('',#1022,#1008,#647,.T.);
#1314=EDGE_CURVE('',#1002,#1021,#648,.T.);
#1315=EDGE_CURVE('',#1020,#1001,#649,.T.);
#1316=EDGE_CURVE('',#1003,#1019,#650,.T.);
#1317=EDGE_CURVE('',#1018,#1004,#651,.T.);
#1318=EDGE_CURVE('',#1016,#1006,#652,.T.);
#1319=EDGE_CURVE('',#1007,#1015,#653,.T.);
#1320=EDGE_CURVE('',#1005,#1017,#654,.T.);
#1321=EDGE_CURVE('',#978,#1009,#655,.T.);
#1322=EDGE_CURVE('',#991,#1039,#656,.T.);
#1323=EDGE_CURVE('',#992,#1038,#657,.T.);
#1324=EDGE_CURVE('',#956,#976,#658,.T.);
#1325=EDGE_CURVE('',#1046,#959,#659,.T.);
#1326=EDGE_CURVE('',#1046,#1040,#660,.F.);
#1327=EDGE_CURVE('',#997,#1046,#661,.T.);
#1328=EDGE_CURVE('',#1010,#1000,#662,.T.);
#1329=EDGE_CURVE('',#1047,#1048,#42,.T.);
#1330=EDGE_CURVE('',#1048,#1047,#43,.T.);
#1331=EDGE_CURVE('',#1049,#1049,#44,.T.);
#1332=EDGE_CURVE('',#1050,#1051,#45,.T.);
#1333=EDGE_CURVE('',#1051,#1050,#46,.T.);
#1334=EDGE_CURVE('',#1052,#1053,#47,.T.);
#1335=EDGE_CURVE('',#1054,#1052,#48,.T.);
#1336=EDGE_CURVE('',#1052,#1054,#49,.T.);
#1337=EDGE_CURVE('',#1055,#1052,#50,.T.);
#1338=EDGE_CURVE('',#1056,#1055,#51,.T.);
#1339=EDGE_CURVE('',#1057,#1056,#52,.T.);
#1340=EDGE_CURVE('',#1058,#1057,#53,.T.);
#1341=EDGE_CURVE('',#1059,#1058,#54,.T.);
#1342=EDGE_CURVE('',#1060,#1059,#55,.T.);
#1343=EDGE_CURVE('',#1061,#1060,#56,.T.);
#1344=EDGE_CURVE('',#1062,#1061,#57,.T.);
#1345=EDGE_CURVE('',#1063,#1062,#58,.T.);
#1346=EDGE_CURVE('',#1064,#1063,#59,.T.);
#1347=EDGE_CURVE('',#1053,#1064,#60,.T.);
#1348=EDGE_CURVE('',#1065,#1065,#61,.T.);
#1349=EDGE_CURVE('',#1051,#1066,#62,.T.);
#1350=EDGE_CURVE('',#1051,#1052,#663,.T.);
#1351=EDGE_CURVE('',#1066,#1053,#664,.T.);
#1352=EDGE_CURVE('',#1066,#1067,#63,.T.);
#1353=EDGE_CURVE('',#1067,#1064,#665,.T.);
#1354=EDGE_CURVE('',#1067,#1068,#64,.T.);
#1355=EDGE_CURVE('',#1068,#1063,#666,.T.);
#1356=EDGE_CURVE('',#1068,#1069,#65,.T.);
#1357=EDGE_CURVE('',#1069,#1062,#667,.T.);
#1358=EDGE_CURVE('',#1069,#1070,#66,.T.);
#1359=EDGE_CURVE('',#1070,#1061,#668,.T.);
#1360=EDGE_CURVE('',#1070,#1071,#67,.T.);
#1361=EDGE_CURVE('',#1071,#1060,#669,.T.);
#1362=EDGE_CURVE('',#1071,#1072,#68,.T.);
#1363=EDGE_CURVE('',#1072,#1059,#670,.T.);
#1364=EDGE_CURVE('',#1072,#1073,#69,.T.);
#1365=EDGE_CURVE('',#1073,#1058,#671,.T.);
#1366=EDGE_CURVE('',#1073,#1074,#70,.T.);
#1367=EDGE_CURVE('',#1074,#1057,#672,.T.);
#1368=EDGE_CURVE('',#1074,#1075,#71,.T.);
#1369=EDGE_CURVE('',#1075,#1056,#673,.T.);
#1370=EDGE_CURVE('',#1075,#1076,#72,.T.);
#1371=EDGE_CURVE('',#1076,#1055,#674,.T.);
#1372=EDGE_CURVE('',#1076,#1051,#73,.T.);
#1373=EDGE_CURVE('',#1051,#1052,#675,.T.);
#1374=EDGE_CURVE('',#1050,#1054,#676,.T.);
#1375=EDGE_CURVE('',#1049,#1065,#677,.T.);
#1376=EDGE_CURVE('',#1077,#1078,#74,.T.);
#1377=EDGE_CURVE('',#1079,#1077,#75,.T.);
#1378=EDGE_CURVE('',#1080,#1079,#76,.T.);
#1379=EDGE_CURVE('',#1081,#1080,#77,.T.);
#1380=EDGE_CURVE('',#1082,#1081,#78,.T.);
#1381=EDGE_CURVE('',#1083,#1082,#79,.T.);
#1382=EDGE_CURVE('',#1084,#1083,#678,.T.);
#1383=EDGE_CURVE('',#1078,#1084,#80,.T.);
#1384=EDGE_CURVE('',#1085,#1086,#81,.T.);
#1385=EDGE_CURVE('',#1086,#1085,#82,.T.);
#1386=EDGE_CURVE('',#1087,#1088,#83,.T.);
#1387=EDGE_CURVE('',#1087,#1077,#679,.T.);
#1388=EDGE_CURVE('',#1088,#1078,#680,.T.);
#1389=EDGE_CURVE('',#1088,#1089,#84,.T.);
#1390=EDGE_CURVE('',#1089,#1084,#681,.T.);
#1391=EDGE_CURVE('',#1089,#1090,#682,.T.);
#1392=EDGE_CURVE('',#1090,#1083,#683,.T.);
#1393=EDGE_CURVE('',#1090,#1091,#85,.T.);
#1394=EDGE_CURVE('',#1091,#1082,#684,.T.);
#1395=EDGE_CURVE('',#1091,#1092,#86,.T.);
#1396=EDGE_CURVE('',#1092,#1081,#685,.T.);
#1397=EDGE_CURVE('',#1092,#1093,#87,.T.);
#1398=EDGE_CURVE('',#1093,#1080,#686,.T.);
#1399=EDGE_CURVE('',#1093,#1094,#88,.T.);
#1400=EDGE_CURVE('',#1094,#1079,#687,.T.);
#1401=EDGE_CURVE('',#1094,#1087,#89,.T.);
#1402=EDGE_CURVE('',#1048,#1085,#688,.T.);
#1403=EDGE_CURVE('',#1047,#1086,#689,.T.);
#1404=EDGE_CURVE('',#1095,#1096,#90,.T.);
#1405=EDGE_CURVE('',#1097,#1095,#91,.T.);
#1406=EDGE_CURVE('',#1096,#1097,#92,.T.);
#1407=EDGE_CURVE('',#1098,#1099,#93,.T.);
#1408=EDGE_CURVE('',#1098,#1095,#690,.T.);
#1409=EDGE_CURVE('',#1099,#1096,#691,.T.);
#1410=EDGE_CURVE('',#1099,#1100,#94,.T.);
#1411=EDGE_CURVE('',#1100,#1097,#692,.T.);
#1412=EDGE_CURVE('',#1100,#1098,#95,.T.);
#1413=EDGE_CURVE('',#1101,#993,#693,.T.);
#1414=EDGE_CURVE('',#1102,#994,#694,.T.);
#1415=EDGE_CURVE('',#1101,#1102,#695,.T.);
#1416=EDGE_CURVE('',#996,#1103,#696,.T.);
#1417=EDGE_CURVE('',#995,#1104,#697,.T.);
#1418=EDGE_CURVE('',#1104,#1103,#698,.T.);
#1419=EDGE_CURVE('',#1103,#1102,#699,.T.);
#1420=EDGE_CURVE('',#1104,#1101,#700,.T.);
#1421=ORIENTED_EDGE('',*,*,#1105,.F.);
#1422=ORIENTED_EDGE('',*,*,#1106,.F.);
#1423=ORIENTED_EDGE('',*,*,#1107,.T.);
#1424=ORIENTED_EDGE('',*,*,#1108,.T.);
#1425=ORIENTED_EDGE('',*,*,#1109,.F.);
#1426=ORIENTED_EDGE('',*,*,#1110,.F.);
#1427=ORIENTED_EDGE('',*,*,#1111,.T.);
#1428=ORIENTED_EDGE('',*,*,#1106,.T.);
#1429=ORIENTED_EDGE('',*,*,#1112,.F.);
#1430=ORIENTED_EDGE('',*,*,#1113,.F.);
#1431=ORIENTED_EDGE('',*,*,#1114,.F.);
#1432=ORIENTED_EDGE('',*,*,#1110,.T.);
#1433=ORIENTED_EDGE('',*,*,#1115,.F.);
#1434=ORIENTED_EDGE('',*,*,#1116,.F.);
#1435=ORIENTED_EDGE('',*,*,#1117,.T.);
#1436=ORIENTED_EDGE('',*,*,#1113,.T.);
#1437=ORIENTED_EDGE('',*,*,#1118,.F.);
#1438=ORIENTED_EDGE('',*,*,#1119,.F.);
#1439=ORIENTED_EDGE('',*,*,#1120,.T.);
#1440=ORIENTED_EDGE('',*,*,#1116,.T.);
#1441=ORIENTED_EDGE('',*,*,#1121,.F.);
#1442=ORIENTED_EDGE('',*,*,#1122,.F.);
#1443=ORIENTED_EDGE('',*,*,#1123,.T.);
#1444=ORIENTED_EDGE('',*,*,#1119,.T.);
#1445=ORIENTED_EDGE('',*,*,#1124,.F.);
#1446=ORIENTED_EDGE('',*,*,#1125,.F.);
#1447=ORIENTED_EDGE('',*,*,#1126,.T.);
#1448=ORIENTED_EDGE('',*,*,#1122,.T.);
#1449=ORIENTED_EDGE('',*,*,#1127,.F.);
#1450=ORIENTED_EDGE('',*,*,#1108,.F.);
#1451=ORIENTED_EDGE('',*,*,#1128,.T.);
#1452=ORIENTED_EDGE('',*,*,#1125,.T.);
#1453=ORIENTED_EDGE('',*,*,#1114,.T.);
#1454=ORIENTED_EDGE('',*,*,#1117,.F.);
#1455=ORIENTED_EDGE('',*,*,#1120,.F.);
#1456=ORIENTED_EDGE('',*,*,#1123,.F.);
#1457=ORIENTED_EDGE('',*,*,#1126,.F.);
#1458=ORIENTED_EDGE('',*,*,#1128,.F.);
#1459=ORIENTED_EDGE('',*,*,#1107,.F.);
#1460=ORIENTED_EDGE('',*,*,#1111,.F.);
#1461=ORIENTED_EDGE('',*,*,#1129,.F.);
#1462=ORIENTED_EDGE('',*,*,#1130,.F.);
#1463=ORIENTED_EDGE('',*,*,#1131,.F.);
#1464=ORIENTED_EDGE('',*,*,#1132,.T.);
#1465=ORIENTED_EDGE('',*,*,#1133,.F.);
#1466=ORIENTED_EDGE('',*,*,#1134,.F.);
#1467=ORIENTED_EDGE('',*,*,#1135,.T.);
#1468=ORIENTED_EDGE('',*,*,#1130,.T.);
#1469=ORIENTED_EDGE('',*,*,#1136,.F.);
#1470=ORIENTED_EDGE('',*,*,#1137,.F.);
#1471=ORIENTED_EDGE('',*,*,#1138,.T.);
#1472=ORIENTED_EDGE('',*,*,#1134,.T.);
#1473=ORIENTED_EDGE('',*,*,#1139,.F.);
#1474=ORIENTED_EDGE('',*,*,#1132,.F.);
#1475=ORIENTED_EDGE('',*,*,#1140,.T.);
#1476=ORIENTED_EDGE('',*,*,#1137,.T.);
#1477=ORIENTED_EDGE('',*,*,#1131,.T.);
#1478=ORIENTED_EDGE('',*,*,#1135,.F.);
#1479=ORIENTED_EDGE('',*,*,#1138,.F.);
#1480=ORIENTED_EDGE('',*,*,#1140,.F.);
#1481=ORIENTED_EDGE('',*,*,#1141,.F.);
#1482=ORIENTED_EDGE('',*,*,#1142,.T.);
#1483=ORIENTED_EDGE('',*,*,#1143,.T.);
#1484=ORIENTED_EDGE('',*,*,#1144,.F.);
#1485=ORIENTED_EDGE('',*,*,#1145,.F.);
#1486=ORIENTED_EDGE('',*,*,#1146,.T.);
#1487=ORIENTED_EDGE('',*,*,#1147,.T.);
#1488=ORIENTED_EDGE('',*,*,#1142,.F.);
#1489=ORIENTED_EDGE('',*,*,#1148,.F.);
#1490=ORIENTED_EDGE('',*,*,#1149,.T.);
#1491=ORIENTED_EDGE('',*,*,#1150,.T.);
#1492=ORIENTED_EDGE('',*,*,#1146,.F.);
#1493=ORIENTED_EDGE('',*,*,#1151,.F.);
#1494=ORIENTED_EDGE('',*,*,#1144,.T.);
#1495=ORIENTED_EDGE('',*,*,#1152,.T.);
#1496=ORIENTED_EDGE('',*,*,#1149,.F.);
#1497=ORIENTED_EDGE('',*,*,#1152,.F.);
#1498=ORIENTED_EDGE('',*,*,#1143,.F.);
#1499=ORIENTED_EDGE('',*,*,#1147,.F.);
#1500=ORIENTED_EDGE('',*,*,#1150,.F.);
#1501=ORIENTED_EDGE('',*,*,#1153,.F.);
#1502=ORIENTED_EDGE('',*,*,#1154,.T.);
#1503=ORIENTED_EDGE('',*,*,#1155,.T.);
#1504=ORIENTED_EDGE('',*,*,#1156,.F.);
#1505=ORIENTED_EDGE('',*,*,#1157,.F.);
#1506=ORIENTED_EDGE('',*,*,#1158,.T.);
#1507=ORIENTED_EDGE('',*,*,#1159,.T.);
#1508=ORIENTED_EDGE('',*,*,#1154,.F.);
#1509=ORIENTED_EDGE('',*,*,#1160,.F.);
#1510=ORIENTED_EDGE('',*,*,#1161,.T.);
#1511=ORIENTED_EDGE('',*,*,#1162,.T.);
#1512=ORIENTED_EDGE('',*,*,#1158,.F.);
#1513=ORIENTED_EDGE('',*,*,#1163,.F.);
#1514=ORIENTED_EDGE('',*,*,#1156,.T.);
#1515=ORIENTED_EDGE('',*,*,#1164,.T.);
#1516=ORIENTED_EDGE('',*,*,#1161,.F.);
#1517=ORIENTED_EDGE('',*,*,#1164,.F.);
#1518=ORIENTED_EDGE('',*,*,#1155,.F.);
#1519=ORIENTED_EDGE('',*,*,#1159,.F.);
#1520=ORIENTED_EDGE('',*,*,#1162,.F.);
#1521=ORIENTED_EDGE('',*,*,#1165,.F.);
#1522=ORIENTED_EDGE('',*,*,#1166,.T.);
#1523=ORIENTED_EDGE('',*,*,#1167,.T.);
#1524=ORIENTED_EDGE('',*,*,#1168,.F.);
#1525=ORIENTED_EDGE('',*,*,#1169,.F.);
#1526=ORIENTED_EDGE('',*,*,#1170,.T.);
#1527=ORIENTED_EDGE('',*,*,#1171,.T.);
#1528=ORIENTED_EDGE('',*,*,#1166,.F.);
#1529=ORIENTED_EDGE('',*,*,#1172,.F.);
#1530=ORIENTED_EDGE('',*,*,#1173,.T.);
#1531=ORIENTED_EDGE('',*,*,#1174,.T.);
#1532=ORIENTED_EDGE('',*,*,#1170,.F.);
#1533=ORIENTED_EDGE('',*,*,#1175,.F.);
#1534=ORIENTED_EDGE('',*,*,#1168,.T.);
#1535=ORIENTED_EDGE('',*,*,#1176,.T.);
#1536=ORIENTED_EDGE('',*,*,#1173,.F.);
#1537=ORIENTED_EDGE('',*,*,#1176,.F.);
#1538=ORIENTED_EDGE('',*,*,#1167,.F.);
#1539=ORIENTED_EDGE('',*,*,#1171,.F.);
#1540=ORIENTED_EDGE('',*,*,#1174,.F.);
#1541=ORIENTED_EDGE('',*,*,#1177,.F.);
#1542=ORIENTED_EDGE('',*,*,#1178,.T.);
#1543=ORIENTED_EDGE('',*,*,#1179,.T.);
#1544=ORIENTED_EDGE('',*,*,#1180,.F.);
#1545=ORIENTED_EDGE('',*,*,#1181,.F.);
#1546=ORIENTED_EDGE('',*,*,#1182,.T.);
#1547=ORIENTED_EDGE('',*,*,#1183,.T.);
#1548=ORIENTED_EDGE('',*,*,#1178,.F.);
#1549=ORIENTED_EDGE('',*,*,#1184,.F.);
#1550=ORIENTED_EDGE('',*,*,#1185,.T.);
#1551=ORIENTED_EDGE('',*,*,#1186,.T.);
#1552=ORIENTED_EDGE('',*,*,#1182,.F.);
#1553=ORIENTED_EDGE('',*,*,#1187,.F.);
#1554=ORIENTED_EDGE('',*,*,#1180,.T.);
#1555=ORIENTED_EDGE('',*,*,#1188,.T.);
#1556=ORIENTED_EDGE('',*,*,#1185,.F.);
#1557=ORIENTED_EDGE('',*,*,#1188,.F.);
#1558=ORIENTED_EDGE('',*,*,#1179,.F.);
#1559=ORIENTED_EDGE('',*,*,#1183,.F.);
#1560=ORIENTED_EDGE('',*,*,#1186,.F.);
#1561=ORIENTED_EDGE('',*,*,#1189,.T.);
#1562=ORIENTED_EDGE('',*,*,#1190,.T.);
#1563=ORIENTED_EDGE('',*,*,#1191,.T.);
#1564=ORIENTED_EDGE('',*,*,#1192,.F.);
#1565=ORIENTED_EDGE('',*,*,#1193,.T.);
#1566=ORIENTED_EDGE('',*,*,#1194,.T.);
#1567=ORIENTED_EDGE('',*,*,#1193,.F.);
#1568=ORIENTED_EDGE('',*,*,#1195,.T.);
#1569=ORIENTED_EDGE('',*,*,#1196,.T.);
#1570=ORIENTED_EDGE('',*,*,#1195,.F.);
#1571=ORIENTED_EDGE('',*,*,#1197,.T.);
#1572=ORIENTED_EDGE('',*,*,#1198,.T.);
#1573=ORIENTED_EDGE('',*,*,#1194,.F.);
#1574=ORIENTED_EDGE('',*,*,#1198,.F.);
#1575=ORIENTED_EDGE('',*,*,#1199,.T.);
#1576=ORIENTED_EDGE('',*,*,#1200,.T.);
#1577=ORIENTED_EDGE('',*,*,#1199,.F.);
#1578=ORIENTED_EDGE('',*,*,#1201,.T.);
#1579=ORIENTED_EDGE('',*,*,#1202,.T.);
#1580=ORIENTED_EDGE('',*,*,#1201,.F.);
#1581=ORIENTED_EDGE('',*,*,#1203,.T.);
#1582=ORIENTED_EDGE('',*,*,#1204,.T.);
#1583=ORIENTED_EDGE('',*,*,#1200,.F.);
#1584=ORIENTED_EDGE('',*,*,#1204,.F.);
#1585=ORIENTED_EDGE('',*,*,#1205,.T.);
#1586=ORIENTED_EDGE('',*,*,#1206,.T.);
#1587=ORIENTED_EDGE('',*,*,#1205,.F.);
#1588=ORIENTED_EDGE('',*,*,#1207,.T.);
#1589=ORIENTED_EDGE('',*,*,#1208,.T.);
#1590=ORIENTED_EDGE('',*,*,#1207,.F.);
#1591=ORIENTED_EDGE('',*,*,#1209,.T.);
#1592=ORIENTED_EDGE('',*,*,#1210,.T.);
#1593=ORIENTED_EDGE('',*,*,#1206,.F.);
#1594=ORIENTED_EDGE('',*,*,#1210,.F.);
#1595=ORIENTED_EDGE('',*,*,#1211,.T.);
#1596=ORIENTED_EDGE('',*,*,#1212,.T.);
#1597=ORIENTED_EDGE('',*,*,#1213,.T.);
#1598=ORIENTED_EDGE('',*,*,#1212,.F.);
#1599=ORIENTED_EDGE('',*,*,#1214,.T.);
#1600=ORIENTED_EDGE('',*,*,#1215,.T.);
#1601=ORIENTED_EDGE('',*,*,#1216,.T.);
#1602=ORIENTED_EDGE('',*,*,#1215,.F.);
#1603=ORIENTED_EDGE('',*,*,#1197,.F.);
#1604=ORIENTED_EDGE('',*,*,#1203,.F.);
#1605=ORIENTED_EDGE('',*,*,#1209,.F.);
#1606=ORIENTED_EDGE('',*,*,#1214,.F.);
#1607=ORIENTED_EDGE('',*,*,#1211,.F.);
#1608=ORIENTED_EDGE('',*,*,#1216,.F.);
#1609=ORIENTED_EDGE('',*,*,#1217,.F.);
#1610=ORIENTED_EDGE('',*,*,#1218,.F.);
#1611=ORIENTED_EDGE('',*,*,#1219,.F.);
#1612=ORIENTED_EDGE('',*,*,#1220,.T.);
#1613=ORIENTED_EDGE('',*,*,#1221,.T.);
#1614=ORIENTED_EDGE('',*,*,#1222,.F.);
#1615=ORIENTED_EDGE('',*,*,#1223,.T.);
#1616=ORIENTED_EDGE('',*,*,#1224,.F.);
#1617=ORIENTED_EDGE('',*,*,#1225,.F.);
#1618=ORIENTED_EDGE('',*,*,#1226,.F.);
#1619=ORIENTED_EDGE('',*,*,#1227,.T.);
#1620=ORIENTED_EDGE('',*,*,#1228,.T.);
#1621=ORIENTED_EDGE('',*,*,#1229,.T.);
#1622=ORIENTED_EDGE('',*,*,#1230,.T.);
#1623=ORIENTED_EDGE('',*,*,#1231,.F.);
#1624=ORIENTED_EDGE('',*,*,#1220,.F.);
#1625=ORIENTED_EDGE('',*,*,#1232,.T.);
#1626=ORIENTED_EDGE('',*,*,#1233,.T.);
#1627=ORIENTED_EDGE('',*,*,#1234,.T.);
#1628=ORIENTED_EDGE('',*,*,#1235,.T.);
#1629=ORIENTED_EDGE('',*,*,#1190,.F.);
#1630=ORIENTED_EDGE('',*,*,#1177,.T.);
#1631=ORIENTED_EDGE('',*,*,#1187,.T.);
#1632=ORIENTED_EDGE('',*,*,#1184,.T.);
#1633=ORIENTED_EDGE('',*,*,#1181,.T.);
#1634=ORIENTED_EDGE('',*,*,#1165,.T.);
#1635=ORIENTED_EDGE('',*,*,#1175,.T.);
#1636=ORIENTED_EDGE('',*,*,#1172,.T.);
#1637=ORIENTED_EDGE('',*,*,#1169,.T.);
#1638=ORIENTED_EDGE('',*,*,#1153,.T.);
#1639=ORIENTED_EDGE('',*,*,#1163,.T.);
#1640=ORIENTED_EDGE('',*,*,#1160,.T.);
#1641=ORIENTED_EDGE('',*,*,#1157,.T.);
#1642=ORIENTED_EDGE('',*,*,#1141,.T.);
#1643=ORIENTED_EDGE('',*,*,#1151,.T.);
#1644=ORIENTED_EDGE('',*,*,#1148,.T.);
#1645=ORIENTED_EDGE('',*,*,#1145,.T.);
#1646=ORIENTED_EDGE('',*,*,#1236,.F.);
#1647=ORIENTED_EDGE('',*,*,#1237,.F.);
#1648=ORIENTED_EDGE('',*,*,#1238,.F.);
#1649=ORIENTED_EDGE('',*,*,#1239,.T.);
#1650=ORIENTED_EDGE('',*,*,#1240,.T.);
#1651=ORIENTED_EDGE('',*,*,#1241,.F.);
#1652=ORIENTED_EDGE('',*,*,#1242,.F.);
#1653=ORIENTED_EDGE('',*,*,#1243,.T.);
#1654=ORIENTED_EDGE('',*,*,#1244,.F.);
#1655=ORIENTED_EDGE('',*,*,#1245,.T.);
#1656=ORIENTED_EDGE('',*,*,#1246,.F.);
#1657=ORIENTED_EDGE('',*,*,#1247,.T.);
#1658=ORIENTED_EDGE('',*,*,#1248,.F.);
#1659=ORIENTED_EDGE('',*,*,#1249,.T.);
#1660=ORIENTED_EDGE('',*,*,#1250,.F.);
#1661=ORIENTED_EDGE('',*,*,#1251,.T.);
#1662=ORIENTED_EDGE('',*,*,#1252,.T.);
#1663=ORIENTED_EDGE('',*,*,#1253,.T.);
#1664=ORIENTED_EDGE('',*,*,#1254,.F.);
#1665=ORIENTED_EDGE('',*,*,#1255,.F.);
#1666=ORIENTED_EDGE('',*,*,#1256,.F.);
#1667=ORIENTED_EDGE('',*,*,#1257,.F.);
#1668=ORIENTED_EDGE('',*,*,#1221,.F.);
#1669=ORIENTED_EDGE('',*,*,#1258,.F.);
#1670=ORIENTED_EDGE('',*,*,#1259,.T.);
#1671=ORIENTED_EDGE('',*,*,#1260,.F.);
#1672=ORIENTED_EDGE('',*,*,#1261,.T.);
#1673=ORIENTED_EDGE('',*,*,#1262,.F.);
#1674=ORIENTED_EDGE('',*,*,#1263,.T.);
#1675=ORIENTED_EDGE('',*,*,#1264,.F.);
#1676=ORIENTED_EDGE('',*,*,#1265,.T.);
#1677=ORIENTED_EDGE('',*,*,#1266,.F.);
#1678=ORIENTED_EDGE('',*,*,#1267,.F.);
#1679=ORIENTED_EDGE('',*,*,#1258,.T.);
#1680=ORIENTED_EDGE('',*,*,#1231,.T.);
#1681=ORIENTED_EDGE('',*,*,#1268,.T.);
#1682=ORIENTED_EDGE('',*,*,#1269,.F.);
#1683=ORIENTED_EDGE('',*,*,#1270,.F.);
#1684=ORIENTED_EDGE('',*,*,#1229,.F.);
#1685=ORIENTED_EDGE('',*,*,#1271,.T.);
#1686=ORIENTED_EDGE('',*,*,#1272,.F.);
#1687=ORIENTED_EDGE('',*,*,#1268,.F.);
#1688=ORIENTED_EDGE('',*,*,#1230,.F.);
#1689=ORIENTED_EDGE('',*,*,#1270,.T.);
#1690=ORIENTED_EDGE('',*,*,#1273,.F.);
#1691=ORIENTED_EDGE('',*,*,#1271,.F.);
#1692=ORIENTED_EDGE('',*,*,#1228,.F.);
#1693=ORIENTED_EDGE('',*,*,#1274,.T.);
#1694=ORIENTED_EDGE('',*,*,#1275,.F.);
#1695=ORIENTED_EDGE('',*,*,#1276,.F.);
#1696=ORIENTED_EDGE('',*,*,#1277,.F.);
#1697=ORIENTED_EDGE('',*,*,#1278,.F.);
#1698=ORIENTED_EDGE('',*,*,#1279,.F.);
#1699=ORIENTED_EDGE('',*,*,#1280,.F.);
#1700=ORIENTED_EDGE('',*,*,#1281,.F.);
#1701=ORIENTED_EDGE('',*,*,#1282,.F.);
#1702=ORIENTED_EDGE('',*,*,#1283,.F.);
#1703=ORIENTED_EDGE('',*,*,#1284,.F.);
#1704=ORIENTED_EDGE('',*,*,#1285,.F.);
#1705=ORIENTED_EDGE('',*,*,#1286,.T.);
#1706=ORIENTED_EDGE('',*,*,#1287,.T.);
#1707=ORIENTED_EDGE('',*,*,#1254,.T.);
#1708=ORIENTED_EDGE('',*,*,#1288,.T.);
#1709=ORIENTED_EDGE('',*,*,#1241,.T.);
#1710=ORIENTED_EDGE('',*,*,#1289,.T.);
#1711=ORIENTED_EDGE('',*,*,#1290,.T.);
#1712=ORIENTED_EDGE('',*,*,#1291,.F.);
#1713=ORIENTED_EDGE('',*,*,#1274,.F.);
#1714=ORIENTED_EDGE('',*,*,#1227,.F.);
#1715=ORIENTED_EDGE('',*,*,#1292,.F.);
#1716=ORIENTED_EDGE('',*,*,#1293,.F.);
#1717=ORIENTED_EDGE('',*,*,#1292,.T.);
#1718=ORIENTED_EDGE('',*,*,#1226,.T.);
#1719=ORIENTED_EDGE('',*,*,#1294,.T.);
#1720=ORIENTED_EDGE('',*,*,#1295,.F.);
#1721=ORIENTED_EDGE('',*,*,#1294,.F.);
#1722=ORIENTED_EDGE('',*,*,#1225,.T.);
#1723=ORIENTED_EDGE('',*,*,#1296,.F.);
#1724=ORIENTED_EDGE('',*,*,#1297,.F.);
#1725=ORIENTED_EDGE('',*,*,#1296,.T.);
#1726=ORIENTED_EDGE('',*,*,#1224,.T.);
#1727=ORIENTED_EDGE('',*,*,#1298,.T.);
#1728=ORIENTED_EDGE('',*,*,#1299,.F.);
#1729=ORIENTED_EDGE('',*,*,#1298,.F.);
#1730=ORIENTED_EDGE('',*,*,#1223,.F.);
#1731=ORIENTED_EDGE('',*,*,#1300,.F.);
#1732=ORIENTED_EDGE('',*,*,#1301,.F.);
#1733=ORIENTED_EDGE('',*,*,#1300,.T.);
#1734=ORIENTED_EDGE('',*,*,#1222,.T.);
#1735=ORIENTED_EDGE('',*,*,#1257,.T.);
#1736=ORIENTED_EDGE('',*,*,#1273,.T.);
#1737=ORIENTED_EDGE('',*,*,#1302,.F.);
#1738=ORIENTED_EDGE('',*,*,#1285,.T.);
#1739=ORIENTED_EDGE('',*,*,#1303,.T.);
#1740=ORIENTED_EDGE('',*,*,#1283,.T.);
#1741=ORIENTED_EDGE('',*,*,#1304,.F.);
#1742=ORIENTED_EDGE('',*,*,#1272,.T.);
#1743=ORIENTED_EDGE('',*,*,#1305,.F.);
#1744=ORIENTED_EDGE('',*,*,#1304,.T.);
#1745=ORIENTED_EDGE('',*,*,#1282,.T.);
#1746=ORIENTED_EDGE('',*,*,#1306,.F.);
#1747=ORIENTED_EDGE('',*,*,#1267,.T.);
#1748=ORIENTED_EDGE('',*,*,#1306,.T.);
#1749=ORIENTED_EDGE('',*,*,#1281,.T.);
#1750=ORIENTED_EDGE('',*,*,#1307,.F.);
#1751=ORIENTED_EDGE('',*,*,#1256,.T.);
#1752=ORIENTED_EDGE('',*,*,#1307,.T.);
#1753=ORIENTED_EDGE('',*,*,#1280,.T.);
#1754=ORIENTED_EDGE('',*,*,#1308,.F.);
#1755=ORIENTED_EDGE('',*,*,#1301,.T.);
#1756=ORIENTED_EDGE('',*,*,#1308,.T.);
#1757=ORIENTED_EDGE('',*,*,#1279,.T.);
#1758=ORIENTED_EDGE('',*,*,#1309,.F.);
#1759=ORIENTED_EDGE('',*,*,#1299,.T.);
#1760=ORIENTED_EDGE('',*,*,#1309,.T.);
#1761=ORIENTED_EDGE('',*,*,#1278,.T.);
#1762=ORIENTED_EDGE('',*,*,#1310,.F.);
#1763=ORIENTED_EDGE('',*,*,#1297,.T.);
#1764=ORIENTED_EDGE('',*,*,#1310,.T.);
#1765=ORIENTED_EDGE('',*,*,#1277,.T.);
#1766=ORIENTED_EDGE('',*,*,#1311,.F.);
#1767=ORIENTED_EDGE('',*,*,#1295,.T.);
#1768=ORIENTED_EDGE('',*,*,#1311,.T.);
#1769=ORIENTED_EDGE('',*,*,#1276,.T.);
#1770=ORIENTED_EDGE('',*,*,#1312,.F.);
#1771=ORIENTED_EDGE('',*,*,#1293,.T.);
#1772=ORIENTED_EDGE('',*,*,#1291,.T.);
#1773=ORIENTED_EDGE('',*,*,#1312,.T.);
#1774=ORIENTED_EDGE('',*,*,#1275,.T.);
#1775=ORIENTED_EDGE('',*,*,#1302,.T.);
#1776=ORIENTED_EDGE('',*,*,#1284,.T.);
#1777=ORIENTED_EDGE('',*,*,#1305,.T.);
#1778=ORIENTED_EDGE('',*,*,#1269,.T.);
#1779=ORIENTED_EDGE('',*,*,#1303,.F.);
#1780=ORIENTED_EDGE('',*,*,#1313,.F.);
#1781=ORIENTED_EDGE('',*,*,#1265,.F.);
#1782=ORIENTED_EDGE('',*,*,#1314,.F.);
#1783=ORIENTED_EDGE('',*,*,#1251,.F.);
#1784=ORIENTED_EDGE('',*,*,#1244,.T.);
#1785=ORIENTED_EDGE('',*,*,#1314,.T.);
#1786=ORIENTED_EDGE('',*,*,#1264,.T.);
#1787=ORIENTED_EDGE('',*,*,#1315,.T.);
#1788=ORIENTED_EDGE('',*,*,#1316,.F.);
#1789=ORIENTED_EDGE('',*,*,#1245,.F.);
#1790=ORIENTED_EDGE('',*,*,#1315,.F.);
#1791=ORIENTED_EDGE('',*,*,#1263,.F.);
#1792=ORIENTED_EDGE('',*,*,#1246,.T.);
#1793=ORIENTED_EDGE('',*,*,#1316,.T.);
#1794=ORIENTED_EDGE('',*,*,#1262,.T.);
#1795=ORIENTED_EDGE('',*,*,#1317,.T.);
#1796=ORIENTED_EDGE('',*,*,#1318,.F.);
#1797=ORIENTED_EDGE('',*,*,#1259,.F.);
#1798=ORIENTED_EDGE('',*,*,#1319,.F.);
#1799=ORIENTED_EDGE('',*,*,#1249,.F.);
#1800=ORIENTED_EDGE('',*,*,#1250,.T.);
#1801=ORIENTED_EDGE('',*,*,#1319,.T.);
#1802=ORIENTED_EDGE('',*,*,#1266,.T.);
#1803=ORIENTED_EDGE('',*,*,#1313,.T.);
#1804=ORIENTED_EDGE('',*,*,#1320,.F.);
#1805=ORIENTED_EDGE('',*,*,#1247,.F.);
#1806=ORIENTED_EDGE('',*,*,#1317,.F.);
#1807=ORIENTED_EDGE('',*,*,#1261,.F.);
#1808=ORIENTED_EDGE('',*,*,#1248,.T.);
#1809=ORIENTED_EDGE('',*,*,#1320,.T.);
#1810=ORIENTED_EDGE('',*,*,#1260,.T.);
#1811=ORIENTED_EDGE('',*,*,#1318,.T.);
#1812=ORIENTED_EDGE('',*,*,#1321,.T.);
#1813=ORIENTED_EDGE('',*,*,#1255,.T.);
#1814=ORIENTED_EDGE('',*,*,#1287,.F.);
#1815=ORIENTED_EDGE('',*,*,#1322,.F.);
#1816=ORIENTED_EDGE('',*,*,#1232,.F.);
#1817=ORIENTED_EDGE('',*,*,#1219,.T.);
#1818=ORIENTED_EDGE('',*,*,#1217,.T.);
#1819=ORIENTED_EDGE('',*,*,#1233,.F.);
#1820=ORIENTED_EDGE('',*,*,#1322,.T.);
#1821=ORIENTED_EDGE('',*,*,#1286,.F.);
#1822=ORIENTED_EDGE('',*,*,#1323,.F.);
#1823=ORIENTED_EDGE('',*,*,#1234,.F.);
#1824=ORIENTED_EDGE('',*,*,#1189,.F.);
#1825=ORIENTED_EDGE('',*,*,#1324,.T.);
#1826=ORIENTED_EDGE('',*,*,#1325,.T.);
#1827=ORIENTED_EDGE('',*,*,#1191,.F.);
#1828=ORIENTED_EDGE('',*,*,#1235,.F.);
#1829=ORIENTED_EDGE('',*,*,#1323,.T.);
#1830=ORIENTED_EDGE('',*,*,#1290,.F.);
#1831=ORIENTED_EDGE('',*,*,#1326,.F.);
#1832=ORIENTED_EDGE('',*,*,#1327,.T.);
#1833=ORIENTED_EDGE('',*,*,#1326,.T.);
#1834=ORIENTED_EDGE('',*,*,#1289,.F.);
#1835=ORIENTED_EDGE('',*,*,#1240,.F.);
#1836=ORIENTED_EDGE('',*,*,#1328,.T.);
#1837=ORIENTED_EDGE('',*,*,#1242,.T.);
#1838=ORIENTED_EDGE('',*,*,#1288,.F.);
#1839=ORIENTED_EDGE('',*,*,#1253,.F.);
#1840=ORIENTED_EDGE('',*,*,#1329,.T.);
#1841=ORIENTED_EDGE('',*,*,#1330,.T.);
#1842=ORIENTED_EDGE('',*,*,#1331,.T.);
#1843=ORIENTED_EDGE('',*,*,#1332,.T.);
#1844=ORIENTED_EDGE('',*,*,#1333,.T.);
#1845=ORIENTED_EDGE('',*,*,#1334,.F.);
#1846=ORIENTED_EDGE('',*,*,#1335,.F.);
#1847=ORIENTED_EDGE('',*,*,#1336,.F.);
#1848=ORIENTED_EDGE('',*,*,#1337,.F.);
#1849=ORIENTED_EDGE('',*,*,#1338,.F.);
#1850=ORIENTED_EDGE('',*,*,#1339,.F.);
#1851=ORIENTED_EDGE('',*,*,#1340,.F.);
#1852=ORIENTED_EDGE('',*,*,#1341,.F.);
#1853=ORIENTED_EDGE('',*,*,#1342,.F.);
#1854=ORIENTED_EDGE('',*,*,#1343,.F.);
#1855=ORIENTED_EDGE('',*,*,#1344,.F.);
#1856=ORIENTED_EDGE('',*,*,#1345,.F.);
#1857=ORIENTED_EDGE('',*,*,#1346,.F.);
#1858=ORIENTED_EDGE('',*,*,#1347,.F.);
#1859=ORIENTED_EDGE('',*,*,#1348,.F.);
#1860=ORIENTED_EDGE('',*,*,#1349,.F.);
#1861=ORIENTED_EDGE('',*,*,#1350,.T.);
#1862=ORIENTED_EDGE('',*,*,#1334,.T.);
#1863=ORIENTED_EDGE('',*,*,#1351,.F.);
#1864=ORIENTED_EDGE('',*,*,#1352,.F.);
#1865=ORIENTED_EDGE('',*,*,#1351,.T.);
#1866=ORIENTED_EDGE('',*,*,#1347,.T.);
#1867=ORIENTED_EDGE('',*,*,#1353,.F.);
#1868=ORIENTED_EDGE('',*,*,#1354,.F.);
#1869=ORIENTED_EDGE('',*,*,#1353,.T.);
#1870=ORIENTED_EDGE('',*,*,#1346,.T.);
#1871=ORIENTED_EDGE('',*,*,#1355,.F.);
#1872=ORIENTED_EDGE('',*,*,#1356,.F.);
#1873=ORIENTED_EDGE('',*,*,#1355,.T.);
#1874=ORIENTED_EDGE('',*,*,#1345,.T.);
#1875=ORIENTED_EDGE('',*,*,#1357,.F.);
#1876=ORIENTED_EDGE('',*,*,#1358,.F.);
#1877=ORIENTED_EDGE('',*,*,#1357,.T.);
#1878=ORIENTED_EDGE('',*,*,#1344,.T.);
#1879=ORIENTED_EDGE('',*,*,#1359,.F.);
#1880=ORIENTED_EDGE('',*,*,#1360,.F.);
#1881=ORIENTED_EDGE('',*,*,#1359,.T.);
#1882=ORIENTED_EDGE('',*,*,#1343,.T.);
#1883=ORIENTED_EDGE('',*,*,#1361,.F.);
#1884=ORIENTED_EDGE('',*,*,#1362,.F.);
#1885=ORIENTED_EDGE('',*,*,#1361,.T.);
#1886=ORIENTED_EDGE('',*,*,#1342,.T.);
#1887=ORIENTED_EDGE('',*,*,#1363,.F.);
#1888=ORIENTED_EDGE('',*,*,#1364,.F.);
#1889=ORIENTED_EDGE('',*,*,#1363,.T.);
#1890=ORIENTED_EDGE('',*,*,#1341,.T.);
#1891=ORIENTED_EDGE('',*,*,#1365,.F.);
#1892=ORIENTED_EDGE('',*,*,#1366,.F.);
#1893=ORIENTED_EDGE('',*,*,#1365,.T.);
#1894=ORIENTED_EDGE('',*,*,#1340,.T.);
#1895=ORIENTED_EDGE('',*,*,#1367,.F.);
#1896=ORIENTED_EDGE('',*,*,#1368,.F.);
#1897=ORIENTED_EDGE('',*,*,#1367,.T.);
#1898=ORIENTED_EDGE('',*,*,#1339,.T.);
#1899=ORIENTED_EDGE('',*,*,#1369,.F.);
#1900=ORIENTED_EDGE('',*,*,#1370,.F.);
#1901=ORIENTED_EDGE('',*,*,#1369,.T.);
#1902=ORIENTED_EDGE('',*,*,#1338,.T.);
#1903=ORIENTED_EDGE('',*,*,#1371,.F.);
#1904=ORIENTED_EDGE('',*,*,#1372,.F.);
#1905=ORIENTED_EDGE('',*,*,#1371,.T.);
#1906=ORIENTED_EDGE('',*,*,#1337,.T.);
#1907=ORIENTED_EDGE('',*,*,#1350,.F.);
#1908=ORIENTED_EDGE('',*,*,#1333,.F.);
#1909=ORIENTED_EDGE('',*,*,#1373,.T.);
#1910=ORIENTED_EDGE('',*,*,#1336,.T.);
#1911=ORIENTED_EDGE('',*,*,#1374,.F.);
#1912=ORIENTED_EDGE('',*,*,#1332,.F.);
#1913=ORIENTED_EDGE('',*,*,#1374,.T.);
#1914=ORIENTED_EDGE('',*,*,#1335,.T.);
#1915=ORIENTED_EDGE('',*,*,#1373,.F.);
#1916=ORIENTED_EDGE('',*,*,#1331,.F.);
#1917=ORIENTED_EDGE('',*,*,#1375,.T.);
#1918=ORIENTED_EDGE('',*,*,#1348,.T.);
#1919=ORIENTED_EDGE('',*,*,#1375,.F.);
#1920=ORIENTED_EDGE('',*,*,#1376,.F.);
#1921=ORIENTED_EDGE('',*,*,#1377,.F.);
#1922=ORIENTED_EDGE('',*,*,#1378,.F.);
#1923=ORIENTED_EDGE('',*,*,#1379,.F.);
#1924=ORIENTED_EDGE('',*,*,#1380,.F.);
#1925=ORIENTED_EDGE('',*,*,#1381,.F.);
#1926=ORIENTED_EDGE('',*,*,#1382,.F.);
#1927=ORIENTED_EDGE('',*,*,#1383,.F.);
#1928=ORIENTED_EDGE('',*,*,#1384,.F.);
#1929=ORIENTED_EDGE('',*,*,#1385,.F.);
#1930=ORIENTED_EDGE('',*,*,#1386,.F.);
#1931=ORIENTED_EDGE('',*,*,#1387,.T.);
#1932=ORIENTED_EDGE('',*,*,#1376,.T.);
#1933=ORIENTED_EDGE('',*,*,#1388,.F.);
#1934=ORIENTED_EDGE('',*,*,#1389,.F.);
#1935=ORIENTED_EDGE('',*,*,#1388,.T.);
#1936=ORIENTED_EDGE('',*,*,#1383,.T.);
#1937=ORIENTED_EDGE('',*,*,#1390,.F.);
#1938=ORIENTED_EDGE('',*,*,#1391,.F.);
#1939=ORIENTED_EDGE('',*,*,#1390,.T.);
#1940=ORIENTED_EDGE('',*,*,#1382,.T.);
#1941=ORIENTED_EDGE('',*,*,#1392,.F.);
#1942=ORIENTED_EDGE('',*,*,#1393,.F.);
#1943=ORIENTED_EDGE('',*,*,#1392,.T.);
#1944=ORIENTED_EDGE('',*,*,#1381,.T.);
#1945=ORIENTED_EDGE('',*,*,#1394,.F.);
#1946=ORIENTED_EDGE('',*,*,#1395,.F.);
#1947=ORIENTED_EDGE('',*,*,#1394,.T.);
#1948=ORIENTED_EDGE('',*,*,#1380,.T.);
#1949=ORIENTED_EDGE('',*,*,#1396,.F.);
#1950=ORIENTED_EDGE('',*,*,#1397,.F.);
#1951=ORIENTED_EDGE('',*,*,#1396,.T.);
#1952=ORIENTED_EDGE('',*,*,#1379,.T.);
#1953=ORIENTED_EDGE('',*,*,#1398,.F.);
#1954=ORIENTED_EDGE('',*,*,#1399,.F.);
#1955=ORIENTED_EDGE('',*,*,#1398,.T.);
#1956=ORIENTED_EDGE('',*,*,#1378,.T.);
#1957=ORIENTED_EDGE('',*,*,#1400,.F.);
#1958=ORIENTED_EDGE('',*,*,#1401,.F.);
#1959=ORIENTED_EDGE('',*,*,#1400,.T.);
#1960=ORIENTED_EDGE('',*,*,#1377,.T.);
#1961=ORIENTED_EDGE('',*,*,#1387,.F.);
#1962=ORIENTED_EDGE('',*,*,#1330,.F.);
#1963=ORIENTED_EDGE('',*,*,#1402,.T.);
#1964=ORIENTED_EDGE('',*,*,#1384,.T.);
#1965=ORIENTED_EDGE('',*,*,#1403,.F.);
#1966=ORIENTED_EDGE('',*,*,#1329,.F.);
#1967=ORIENTED_EDGE('',*,*,#1403,.T.);
#1968=ORIENTED_EDGE('',*,*,#1385,.T.);
#1969=ORIENTED_EDGE('',*,*,#1402,.F.);
#1970=ORIENTED_EDGE('',*,*,#1404,.F.);
#1971=ORIENTED_EDGE('',*,*,#1405,.F.);
#1972=ORIENTED_EDGE('',*,*,#1406,.F.);
#1973=ORIENTED_EDGE('',*,*,#1407,.F.);
#1974=ORIENTED_EDGE('',*,*,#1408,.T.);
#1975=ORIENTED_EDGE('',*,*,#1404,.T.);
#1976=ORIENTED_EDGE('',*,*,#1409,.F.);
#1977=ORIENTED_EDGE('',*,*,#1410,.F.);
#1978=ORIENTED_EDGE('',*,*,#1409,.T.);
#1979=ORIENTED_EDGE('',*,*,#1406,.T.);
#1980=ORIENTED_EDGE('',*,*,#1411,.F.);
#1981=ORIENTED_EDGE('',*,*,#1412,.F.);
#1982=ORIENTED_EDGE('',*,*,#1411,.T.);
#1983=ORIENTED_EDGE('',*,*,#1405,.T.);
#1984=ORIENTED_EDGE('',*,*,#1408,.F.);
#1985=ORIENTED_EDGE('',*,*,#1413,.T.);
#1986=ORIENTED_EDGE('',*,*,#1236,.T.);
#1987=ORIENTED_EDGE('',*,*,#1414,.F.);
#1988=ORIENTED_EDGE('',*,*,#1415,.F.);
#1989=ORIENTED_EDGE('',*,*,#1416,.F.);
#1990=ORIENTED_EDGE('',*,*,#1238,.T.);
#1991=ORIENTED_EDGE('',*,*,#1417,.T.);
#1992=ORIENTED_EDGE('',*,*,#1418,.T.);
#1993=ORIENTED_EDGE('',*,*,#1416,.T.);
#1994=ORIENTED_EDGE('',*,*,#1419,.T.);
#1995=ORIENTED_EDGE('',*,*,#1414,.T.);
#1996=ORIENTED_EDGE('',*,*,#1243,.F.);
#1997=ORIENTED_EDGE('',*,*,#1328,.F.);
#1998=ORIENTED_EDGE('',*,*,#1252,.F.);
#1999=ORIENTED_EDGE('',*,*,#1321,.F.);
#2000=ORIENTED_EDGE('',*,*,#1218,.T.);
#2001=ORIENTED_EDGE('',*,*,#1324,.F.);
#2002=ORIENTED_EDGE('',*,*,#1192,.T.);
#2003=ORIENTED_EDGE('',*,*,#1325,.F.);
#2004=ORIENTED_EDGE('',*,*,#1327,.F.);
#2005=ORIENTED_EDGE('',*,*,#1239,.F.);
#2006=ORIENTED_EDGE('',*,*,#1133,.T.);
#2007=ORIENTED_EDGE('',*,*,#1129,.T.);
#2008=ORIENTED_EDGE('',*,*,#1139,.T.);
#2009=ORIENTED_EDGE('',*,*,#1136,.T.);
#2010=ORIENTED_EDGE('',*,*,#1213,.F.);
#2011=ORIENTED_EDGE('',*,*,#1412,.T.);
#2012=ORIENTED_EDGE('',*,*,#1407,.T.);
#2013=ORIENTED_EDGE('',*,*,#1410,.T.);
#2014=ORIENTED_EDGE('',*,*,#1401,.T.);
#2015=ORIENTED_EDGE('',*,*,#1386,.T.);
#2016=ORIENTED_EDGE('',*,*,#1389,.T.);
#2017=ORIENTED_EDGE('',*,*,#1391,.T.);
#2018=ORIENTED_EDGE('',*,*,#1393,.T.);
#2019=ORIENTED_EDGE('',*,*,#1395,.T.);
#2020=ORIENTED_EDGE('',*,*,#1397,.T.);
#2021=ORIENTED_EDGE('',*,*,#1399,.T.);
#2022=ORIENTED_EDGE('',*,*,#1349,.T.);
#2023=ORIENTED_EDGE('',*,*,#1352,.T.);
#2024=ORIENTED_EDGE('',*,*,#1354,.T.);
#2025=ORIENTED_EDGE('',*,*,#1356,.T.);
#2026=ORIENTED_EDGE('',*,*,#1358,.T.);
#2027=ORIENTED_EDGE('',*,*,#1360,.T.);
#2028=ORIENTED_EDGE('',*,*,#1362,.T.);
#2029=ORIENTED_EDGE('',*,*,#1364,.T.);
#2030=ORIENTED_EDGE('',*,*,#1366,.T.);
#2031=ORIENTED_EDGE('',*,*,#1368,.T.);
#2032=ORIENTED_EDGE('',*,*,#1370,.T.);
#2033=ORIENTED_EDGE('',*,*,#1372,.T.);
#2034=ORIENTED_EDGE('',*,*,#1202,.F.);
#2035=ORIENTED_EDGE('',*,*,#1196,.F.);
#2036=ORIENTED_EDGE('',*,*,#1208,.F.);
#2037=ORIENTED_EDGE('',*,*,#1115,.T.);
#2038=ORIENTED_EDGE('',*,*,#1112,.T.);
#2039=ORIENTED_EDGE('',*,*,#1109,.T.);
#2040=ORIENTED_EDGE('',*,*,#1105,.T.);
#2041=ORIENTED_EDGE('',*,*,#1127,.T.);
#2042=ORIENTED_EDGE('',*,*,#1124,.T.);
#2043=ORIENTED_EDGE('',*,*,#1121,.T.);
#2044=ORIENTED_EDGE('',*,*,#1118,.T.);
#2045=ORIENTED_EDGE('',*,*,#1418,.F.);
#2046=ORIENTED_EDGE('',*,*,#1420,.T.);
#2047=ORIENTED_EDGE('',*,*,#1415,.T.);
#2048=ORIENTED_EDGE('',*,*,#1419,.F.);
#2049=ORIENTED_EDGE('',*,*,#1413,.F.);
#2050=ORIENTED_EDGE('',*,*,#1420,.F.);
#2051=ORIENTED_EDGE('',*,*,#1417,.F.);
#2052=ORIENTED_EDGE('',*,*,#1237,.T.);
#2053=PLANE('',#2265);
#2054=PLANE('',#2266);
#2055=PLANE('',#2267);
#2056=PLANE('',#2268);
#2057=PLANE('',#2269);
#2058=PLANE('',#2270);
#2059=PLANE('',#2271);
#2060=PLANE('',#2272);
#2061=PLANE('',#2273);
#2062=PLANE('',#2274);
#2063=PLANE('',#2275);
#2064=PLANE('',#2276);
#2065=PLANE('',#2277);
#2066=PLANE('',#2278);
#2067=PLANE('',#2279);
#2068=PLANE('',#2283);
#2069=PLANE('',#2287);
#2070=PLANE('',#2288);
#2071=PLANE('',#2292);
#2072=PLANE('',#2296);
#2073=PLANE('',#2297);
#2074=PLANE('',#2301);
#2075=PLANE('',#2305);
#2076=PLANE('',#2306);
#2077=PLANE('',#2310);
#2078=PLANE('',#2314);
#2079=PLANE('',#2315);
#2080=PLANE('',#2316);
#2081=PLANE('',#2323);
#2082=PLANE('',#2330);
#2083=PLANE('',#2343);
#2084=PLANE('',#2344);
#2085=PLANE('',#2345);
#2086=PLANE('',#2346);
#2087=PLANE('',#2347);
#2088=PLANE('',#2348);
#2089=PLANE('',#2349);
#2090=PLANE('',#2354);
#2091=PLANE('',#2359);
#2092=PLANE('',#2360);
#2093=PLANE('',#2367);
#2094=PLANE('',#2368);
#2095=PLANE('',#2369);
#2096=PLANE('',#2370);
#2097=PLANE('',#2375);
#2098=PLANE('',#2378);
#2099=PLANE('',#2381);
#2100=PLANE('',#2406);
#2101=PLANE('',#2408);
#2102=PLANE('',#2410);
#2103=PLANE('',#2412);
#2104=PLANE('',#2414);
#2105=PLANE('',#2415);
#2106=PLANE('',#2416);
#2107=PLANE('',#2417);
#2108=PLANE('',#2418);
#2109=PLANE('',#2419);
#2110=PLANE('',#2420);
#2111=PLANE('',#2421);
#2112=PLANE('',#2422);
#2113=PLANE('',#2423);
#2114=PLANE('',#2424);
#2115=PLANE('',#2425);
#2116=PLANE('',#2426);
#2117=PLANE('',#2427);
#2118=PLANE('',#2428);
#2119=PLANE('',#2429);
#2120=PLANE('',#2430);
#2121=ADVANCED_FACE('',(#218),#2053,.T.);
#2122=ADVANCED_FACE('',(#219),#2054,.T.);
#2123=ADVANCED_FACE('',(#220),#2055,.T.);
#2124=ADVANCED_FACE('',(#221),#2056,.T.);
#2125=ADVANCED_FACE('',(#222),#2057,.T.);
#2126=ADVANCED_FACE('',(#223),#2058,.T.);
#2127=ADVANCED_FACE('',(#224),#2059,.T.);
#2128=ADVANCED_FACE('',(#225),#2060,.T.);
#2129=ADVANCED_FACE('',(#226),#2061,.T.);
#2130=ADVANCED_FACE('',(#227),#2062,.T.);
#2131=ADVANCED_FACE('',(#228),#2063,.T.);
#2132=ADVANCED_FACE('',(#229),#2064,.T.);
#2133=ADVANCED_FACE('',(#230),#2065,.T.);
#2134=ADVANCED_FACE('',(#231),#2066,.T.);
#2135=ADVANCED_FACE('',(#232),#2067,.F.);
#2136=ADVANCED_FACE('',(#233),#187,.F.);
#2137=ADVANCED_FACE('',(#234),#2068,.F.);
#2138=ADVANCED_FACE('',(#235),#188,.F.);
#2139=ADVANCED_FACE('',(#236),#2069,.T.);
#2140=ADVANCED_FACE('',(#237),#2070,.F.);
#2141=ADVANCED_FACE('',(#238),#189,.F.);
#2142=ADVANCED_FACE('',(#239),#2071,.F.);
#2143=ADVANCED_FACE('',(#240),#190,.F.);
#2144=ADVANCED_FACE('',(#241),#2072,.T.);
#2145=ADVANCED_FACE('',(#242),#2073,.F.);
#2146=ADVANCED_FACE('',(#243),#191,.F.);
#2147=ADVANCED_FACE('',(#244),#2074,.F.);
#2148=ADVANCED_FACE('',(#245),#192,.F.);
#2149=ADVANCED_FACE('',(#246),#2075,.T.);
#2150=ADVANCED_FACE('',(#247),#2076,.F.);
#2151=ADVANCED_FACE('',(#248),#193,.F.);
#2152=ADVANCED_FACE('',(#249),#2077,.F.);
#2153=ADVANCED_FACE('',(#250),#194,.F.);
#2154=ADVANCED_FACE('',(#251),#2078,.T.);
#2155=ADVANCED_FACE('',(#252),#2079,.T.);
#2156=ADVANCED_FACE('',(#253,#103),#2080,.T.);
#2157=ADVANCED_FACE('',(#254),#195,.T.);
#2158=ADVANCED_FACE('',(#255),#196,.F.);
#2159=ADVANCED_FACE('',(#256,#104),#2081,.T.);
#2160=ADVANCED_FACE('',(#257),#197,.T.);
#2161=ADVANCED_FACE('',(#258),#198,.F.);
#2162=ADVANCED_FACE('',(#259,#105),#2082,.T.);
#2163=ADVANCED_FACE('',(#260),#199,.T.);
#2164=ADVANCED_FACE('',(#261),#200,.F.);
#2165=ADVANCED_FACE('',(#262),#201,.T.);
#2166=ADVANCED_FACE('',(#263),#202,.F.);
#2167=ADVANCED_FACE('',(#264),#2083,.T.);
#2168=ADVANCED_FACE('',(#265),#2084,.T.);
#2169=ADVANCED_FACE('',(#266),#2085,.T.);
#2170=ADVANCED_FACE('',(#267),#2086,.T.);
#2171=ADVANCED_FACE('',(#268,#106),#2087,.T.);
#2172=ADVANCED_FACE('',(#269),#2088,.T.);
#2173=ADVANCED_FACE('',(#270,#107,#108,#109,#110,#111,#112),#2089,.F.);
#2174=ADVANCED_FACE('',(#271,#113),#2090,.F.);
#2175=ADVANCED_FACE('',(#272),#2091,.F.);
#2176=ADVANCED_FACE('',(#273,#114),#2092,.T.);
#2177=ADVANCED_FACE('',(#274),#203,.T.);
#2178=ADVANCED_FACE('',(#275),#2093,.T.);
#2179=ADVANCED_FACE('',(#276),#2094,.T.);
#2180=ADVANCED_FACE('',(#277),#2095,.T.);
#2181=ADVANCED_FACE('',(#278,#115),#2096,.T.);
#2182=ADVANCED_FACE('',(#279),#2097,.T.);
#2183=ADVANCED_FACE('',(#280),#204,.T.);
#2184=ADVANCED_FACE('',(#281),#2098,.T.);
#2185=ADVANCED_FACE('',(#282),#205,.T.);
#2186=ADVANCED_FACE('',(#283),#2099,.T.);
#2187=ADVANCED_FACE('',(#284),#206,.T.);
#2188=ADVANCED_FACE('',(#285),#207,.T.);
#2189=ADVANCED_FACE('',(#286),#208,.T.);
#2190=ADVANCED_FACE('',(#287),#96,.T.);
#2191=ADVANCED_FACE('',(#288),#209,.T.);
#2192=ADVANCED_FACE('',(#289),#97,.T.);
#2193=ADVANCED_FACE('',(#290),#210,.T.);
#2194=ADVANCED_FACE('',(#291),#98,.T.);
#2195=ADVANCED_FACE('',(#292),#211,.T.);
#2196=ADVANCED_FACE('',(#293),#99,.T.);
#2197=ADVANCED_FACE('',(#294),#212,.T.);
#2198=ADVANCED_FACE('',(#295),#213,.T.);
#2199=ADVANCED_FACE('',(#296),#2100,.F.);
#2200=ADVANCED_FACE('',(#297),#214,.F.);
#2201=ADVANCED_FACE('',(#298),#2101,.F.);
#2202=ADVANCED_FACE('',(#299),#215,.F.);
#2203=ADVANCED_FACE('',(#300),#2102,.F.);
#2204=ADVANCED_FACE('',(#301),#216,.F.);
#2205=ADVANCED_FACE('',(#302),#2103,.F.);
#2206=ADVANCED_FACE('',(#303),#217,.F.);
#2207=ADVANCED_FACE('',(#304),#2104,.F.);
#2208=ADVANCED_FACE('',(#305),#2105,.F.);
#2209=ADVANCED_FACE('',(#306),#2106,.F.);
#2210=ADVANCED_FACE('',(#307),#2107,.F.);
#2211=ADVANCED_FACE('',(#308),#2108,.F.);
#2212=ADVANCED_FACE('',(#309),#2109,.T.);
#2213=ADVANCED_FACE('',(#310),#2110,.T.);
#2214=ADVANCED_FACE('',(#311),#2111,.T.);
#2215=ADVANCED_FACE('',(#312,#116),#2112,.T.);
#2216=ADVANCED_FACE('',(#313),#15,.F.);
#2217=ADVANCED_FACE('',(#314),#16,.F.);
#2218=ADVANCED_FACE('',(#315),#17,.F.);
#2219=ADVANCED_FACE('',(#316),#18,.F.);
#2220=ADVANCED_FACE('',(#317),#19,.F.);
#2221=ADVANCED_FACE('',(#318),#20,.F.);
#2222=ADVANCED_FACE('',(#319),#21,.F.);
#2223=ADVANCED_FACE('',(#320),#22,.F.);
#2224=ADVANCED_FACE('',(#321),#23,.F.);
#2225=ADVANCED_FACE('',(#322),#24,.F.);
#2226=ADVANCED_FACE('',(#323),#25,.F.);
#2227=ADVANCED_FACE('',(#324),#26,.F.);
#2228=ADVANCED_FACE('',(#325),#27,.F.);
#2229=ADVANCED_FACE('',(#326),#28,.F.);
#2230=ADVANCED_FACE('',(#327),#29,.F.);
#2231=ADVANCED_FACE('',(#328,#117),#2113,.T.);
#2232=ADVANCED_FACE('',(#329),#30,.F.);
#2233=ADVANCED_FACE('',(#330),#31,.F.);
#2234=ADVANCED_FACE('',(#331),#2114,.F.);
#2235=ADVANCED_FACE('',(#332),#32,.F.);
#2236=ADVANCED_FACE('',(#333),#33,.F.);
#2237=ADVANCED_FACE('',(#334),#34,.F.);
#2238=ADVANCED_FACE('',(#335),#35,.F.);
#2239=ADVANCED_FACE('',(#336),#36,.F.);
#2240=ADVANCED_FACE('',(#337),#37,.F.);
#2241=ADVANCED_FACE('',(#338),#38,.F.);
#2242=ADVANCED_FACE('',(#339),#2115,.T.);
#2243=ADVANCED_FACE('',(#340),#39,.F.);
#2244=ADVANCED_FACE('',(#341),#40,.F.);
#2245=ADVANCED_FACE('',(#342),#41,.F.);
#2246=ADVANCED_FACE('',(#343),#2116,.F.);
#2247=ADVANCED_FACE('',(#344),#2117,.F.);
#2248=ADVANCED_FACE('',(#345,#118,#119,#120,#121,#122,#123,#124,#125,#126),
#2118,.T.);
#2249=ADVANCED_FACE('',(#346),#2119,.F.);
#2250=ADVANCED_FACE('',(#347),#2120,.F.);
#2251=CLOSED_SHELL('',(#2121,#2122,#2123,#2124,#2125,#2126,#2127,#2128,
#2129,#2130,#2131,#2132,#2133,#2134,#2135,#2136,#2137,#2138,#2139,#2140,
#2141,#2142,#2143,#2144,#2145,#2146,#2147,#2148,#2149,#2150,#2151,#2152,
#2153,#2154,#2155,#2156,#2157,#2158,#2159,#2160,#2161,#2162,#2163,#2164,
#2165,#2166,#2167,#2168,#2169,#2170,#2171,#2172,#2173,#2174,#2175,#2176,
#2177,#2178,#2179,#2180,#2181,#2182,#2183,#2184,#2185,#2186,#2187,#2188,
#2189,#2190,#2191,#2192,#2193,#2194,#2195,#2196,#2197,#2198,#2199,#2200,
#2201,#2202,#2203,#2204,#2205,#2206,#2207,#2208,#2209,#2210,#2211,#2212,
#2213,#2214,#2215,#2216,#2217,#2218,#2219,#2220,#2221,#2222,#2223,#2224,
#2225,#2226,#2227,#2228,#2229,#2230,#2231,#2232,#2233,#2234,#2235,#2236,
#2237,#2238,#2239,#2240,#2241,#2242,#2243,#2244,#2245,#2246,#2247,#2248,
#2249,#2250));
#2252=DERIVED_UNIT_ELEMENT(#2254,1.);
#2253=DERIVED_UNIT_ELEMENT(#7432,-3.);
#2254=(
MASS_UNIT()
NAMED_UNIT(*)
SI_UNIT(.KILO.,.GRAM.)
);
#2255=DERIVED_UNIT((#2252,#2253));
#2256=MEASURE_REPRESENTATION_ITEM('density measure',
POSITIVE_RATIO_MEASURE(7850.),#2255);
#2257=PROPERTY_DEFINITION_REPRESENTATION(#2262,#2259);
#2258=PROPERTY_DEFINITION_REPRESENTATION(#2263,#2260);
#2259=REPRESENTATION('material name',(#2261),#7429);
#2260=REPRESENTATION('density',(#2256),#7429);
#2261=DESCRIPTIVE_REPRESENTATION_ITEM('Steel','Steel');
#2262=PROPERTY_DEFINITION('material property','material name',#7439);
#2263=PROPERTY_DEFINITION('material property','density of part',#7439);
#2264=AXIS2_PLACEMENT_3D('',#2964,#2431,#2432);
#2265=AXIS2_PLACEMENT_3D('',#2965,#2433,#2434);
#2266=AXIS2_PLACEMENT_3D('',#2974,#2439,#2440);
#2267=AXIS2_PLACEMENT_3D('',#2980,#2444,#2445);
#2268=AXIS2_PLACEMENT_3D('',#2986,#2449,#2450);
#2269=AXIS2_PLACEMENT_3D('',#2992,#2454,#2455);
#2270=AXIS2_PLACEMENT_3D('',#2998,#2459,#2460);
#2271=AXIS2_PLACEMENT_3D('',#3004,#2464,#2465);
#2272=AXIS2_PLACEMENT_3D('',#3010,#2469,#2470);
#2273=AXIS2_PLACEMENT_3D('',#3013,#2473,#2474);
#2274=AXIS2_PLACEMENT_3D('',#3014,#2475,#2476);
#2275=AXIS2_PLACEMENT_3D('',#3023,#2481,#2482);
#2276=AXIS2_PLACEMENT_3D('',#3029,#2486,#2487);
#2277=AXIS2_PLACEMENT_3D('',#3035,#2491,#2492);
#2278=AXIS2_PLACEMENT_3D('',#3038,#2495,#2496);
#2279=AXIS2_PLACEMENT_3D('',#3039,#2497,#2498);
#2280=AXIS2_PLACEMENT_3D('',#3048,#2503,#2504);
#2281=AXIS2_PLACEMENT_3D('',#3050,#2505,#2506);
#2282=AXIS2_PLACEMENT_3D('',#3053,#2508,#2509);
#2283=AXIS2_PLACEMENT_3D('',#3054,#2510,#2511);
#2284=AXIS2_PLACEMENT_3D('',#3060,#2515,#2516);
#2285=AXIS2_PLACEMENT_3D('',#3061,#2517,#2518);
#2286=AXIS2_PLACEMENT_3D('',#3062,#2519,#2520);
#2287=AXIS2_PLACEMENT_3D('',#3063,#2521,#2522);
#2288=AXIS2_PLACEMENT_3D('',#3064,#2523,#2524);
#2289=AXIS2_PLACEMENT_3D('',#3073,#2529,#2530);
#2290=AXIS2_PLACEMENT_3D('',#3075,#2531,#2532);
#2291=AXIS2_PLACEMENT_3D('',#3078,#2534,#2535);
#2292=AXIS2_PLACEMENT_3D('',#3079,#2536,#2537);
#2293=AXIS2_PLACEMENT_3D('',#3085,#2541,#2542);
#2294=AXIS2_PLACEMENT_3D('',#3086,#2543,#2544);
#2295=AXIS2_PLACEMENT_3D('',#3087,#2545,#2546);
#2296=AXIS2_PLACEMENT_3D('',#3088,#2547,#2548);
#2297=AXIS2_PLACEMENT_3D('',#3089,#2549,#2550);
#2298=AXIS2_PLACEMENT_3D('',#3098,#2555,#2556);
#2299=AXIS2_PLACEMENT_3D('',#3100,#2557,#2558);
#2300=AXIS2_PLACEMENT_3D('',#3103,#2560,#2561);
#2301=AXIS2_PLACEMENT_3D('',#3104,#2562,#2563);
#2302=AXIS2_PLACEMENT_3D('',#3110,#2567,#2568);
#2303=AXIS2_PLACEMENT_3D('',#3111,#2569,#2570);
#2304=AXIS2_PLACEMENT_3D('',#3112,#2571,#2572);
#2305=AXIS2_PLACEMENT_3D('',#3113,#2573,#2574);
#2306=AXIS2_PLACEMENT_3D('',#3114,#2575,#2576);
#2307=AXIS2_PLACEMENT_3D('',#3123,#2581,#2582);
#2308=AXIS2_PLACEMENT_3D('',#3125,#2583,#2584);
#2309=AXIS2_PLACEMENT_3D('',#3128,#2586,#2587);
#2310=AXIS2_PLACEMENT_3D('',#3129,#2588,#2589);
#2311=AXIS2_PLACEMENT_3D('',#3135,#2593,#2594);
#2312=AXIS2_PLACEMENT_3D('',#3136,#2595,#2596);
#2313=AXIS2_PLACEMENT_3D('',#3137,#2597,#2598);
#2314=AXIS2_PLACEMENT_3D('',#3138,#2599,#2600);
#2315=AXIS2_PLACEMENT_3D('',#3139,#2601,#2602);
#2316=AXIS2_PLACEMENT_3D('',#3148,#2607,#2608);
#2317=AXIS2_PLACEMENT_3D('',#3150,#2609,#2610);
#2318=AXIS2_PLACEMENT_3D('',#3152,#2611,#2612);
#2319=AXIS2_PLACEMENT_3D('',#3153,#2613,#2614);
#2320=AXIS2_PLACEMENT_3D('',#3156,#2616,#2617);
#2321=AXIS2_PLACEMENT_3D('',#3157,#2618,#2619);
#2322=AXIS2_PLACEMENT_3D('',#3159,#2620,#2621);
#2323=AXIS2_PLACEMENT_3D('',#3161,#2623,#2624);
#2324=AXIS2_PLACEMENT_3D('',#3163,#2625,#2626);
#2325=AXIS2_PLACEMENT_3D('',#3165,#2627,#2628);
#2326=AXIS2_PLACEMENT_3D('',#3166,#2629,#2630);
#2327=AXIS2_PLACEMENT_3D('',#3169,#2632,#2633);
#2328=AXIS2_PLACEMENT_3D('',#3170,#2634,#2635);
#2329=AXIS2_PLACEMENT_3D('',#3172,#2636,#2637);
#2330=AXIS2_PLACEMENT_3D('',#3174,#2639,#2640);
#2331=AXIS2_PLACEMENT_3D('',#3176,#2641,#2642);
#2332=AXIS2_PLACEMENT_3D('',#3178,#2643,#2644);
#2333=AXIS2_PLACEMENT_3D('',#3179,#2645,#2646);
#2334=AXIS2_PLACEMENT_3D('',#3182,#2648,#2649);
#2335=AXIS2_PLACEMENT_3D('',#3183,#2650,#2651);
#2336=AXIS2_PLACEMENT_3D('',#3185,#2652,#2653);
#2337=AXIS2_PLACEMENT_3D('',#3187,#2655,#2656);
#2338=AXIS2_PLACEMENT_3D('',#3189,#2657,#2658);
#2339=AXIS2_PLACEMENT_3D('',#3192,#2660,#2661);
#2340=AXIS2_PLACEMENT_3D('',#3193,#2662,#2663);
#2341=AXIS2_PLACEMENT_3D('',#3195,#2664,#2665);
#2342=AXIS2_PLACEMENT_3D('',#3198,#2667,#2668);
#2343=AXIS2_PLACEMENT_3D('',#3199,#2669,#2670);
#2344=AXIS2_PLACEMENT_3D('',#3200,#2671,#2672);
#2345=AXIS2_PLACEMENT_3D('',#3201,#2673,#2674);
#2346=AXIS2_PLACEMENT_3D('',#3202,#2675,#2676);
#2347=AXIS2_PLACEMENT_3D('',#3203,#2677,#2678);
#2348=AXIS2_PLACEMENT_3D('',#3204,#2679,#2680);
#2349=AXIS2_PLACEMENT_3D('',#3213,#2685,#2686);
#2350=AXIS2_PLACEMENT_3D('',#3218,#2688,#2689);
#2351=AXIS2_PLACEMENT_3D('',#3222,#2691,#2692);
#2352=AXIS2_PLACEMENT_3D('',#3226,#2694,#2695);
#2353=AXIS2_PLACEMENT_3D('',#3235,#2700,#2701);
#2354=AXIS2_PLACEMENT_3D('',#3242,#2706,#2707);
#2355=AXIS2_PLACEMENT_3D('',#3261,#2716,#2717);
#2356=AXIS2_PLACEMENT_3D('',#3265,#2719,#2720);
#2357=AXIS2_PLACEMENT_3D('',#3269,#2722,#2723);
#2358=AXIS2_PLACEMENT_3D('',#3273,#2725,#2726);
#2359=AXIS2_PLACEMENT_3D('',#3275,#2728,#2729);
#2360=AXIS2_PLACEMENT_3D('',#3284,#2734,#2735);
#2361=AXIS2_PLACEMENT_3D('',#3294,#2740,#2741);
#2362=AXIS2_PLACEMENT_3D('',#3298,#2743,#2744);
#2363=AXIS2_PLACEMENT_3D('',#3302,#2746,#2747);
#2364=AXIS2_PLACEMENT_3D('',#3305,#2749,#2750);
#2365=AXIS2_PLACEMENT_3D('',#3306,#2751,#2752);
#2366=AXIS2_PLACEMENT_3D('',#3308,#2753,#2754);
#2367=AXIS2_PLACEMENT_3D('',#3310,#2756,#2757);
#2368=AXIS2_PLACEMENT_3D('',#3316,#2761,#2762);
#2369=AXIS2_PLACEMENT_3D('',#3318,#2764,#2765);
#2370=AXIS2_PLACEMENT_3D('',#3322,#2768,#2769);
#2371=AXIS2_PLACEMENT_3D('',#3327,#2771,#2772);
#2372=AXIS2_PLACEMENT_3D('',#3331,#2774,#2775);
#2373=AXIS2_PLACEMENT_3D('',#3335,#2777,#2778);
#2374=AXIS2_PLACEMENT_3D('',#3339,#2780,#2781);
#2375=AXIS2_PLACEMENT_3D('',#3353,#2790,#2791);
#2376=AXIS2_PLACEMENT_3D('',#3357,#2794,#2795);
#2377=AXIS2_PLACEMENT_3D('',#3359,#2796,#2797);
#2378=AXIS2_PLACEMENT_3D('',#3361,#2799,#2800);
#2379=AXIS2_PLACEMENT_3D('',#3365,#2803,#2804);
#2380=AXIS2_PLACEMENT_3D('',#3367,#2805,#2806);
#2381=AXIS2_PLACEMENT_3D('',#3369,#2808,#2809);
#2382=AXIS2_PLACEMENT_3D('',#3373,#2812,#2813);
#2383=AXIS2_PLACEMENT_3D('',#3374,#2814,#2815);
#2384=AXIS2_PLACEMENT_3D('',#3375,#2816,#2817);
#2385=AXIS2_PLACEMENT_3D('',#3376,#2818,#2819);
#2386=AXIS2_PLACEMENT_3D('',#3377,#2820,#2821);
#2387=AXIS2_PLACEMENT_3D('',#3378,#2822,#2823);
#2388=AXIS2_PLACEMENT_3D('',#3379,#2824,#2825);
#2389=AXIS2_PLACEMENT_3D('',#3380,#2826,#2827);
#2390=AXIS2_PLACEMENT_3D('',#3381,#2828,#2829);
#2391=AXIS2_PLACEMENT_3D('',#3382,#2830,#2831);
#2392=AXIS2_PLACEMENT_3D('',#3383,#2832,#2833);
#2393=AXIS2_PLACEMENT_3D('',#3384,#2834,#2835);
#2394=AXIS2_PLACEMENT_3D('',#3385,#2836,#2837);
#2395=AXIS2_PLACEMENT_3D('',#3386,#2838,#2839);
#2396=AXIS2_PLACEMENT_3D('',#3387,#2840,#2841);
#2397=AXIS2_PLACEMENT_3D('',#3388,#2842,#2843);
#2398=AXIS2_PLACEMENT_3D('',#3389,#2844,#2845);
#2399=AXIS2_PLACEMENT_3D('',#3390,#2846,#2847);
#2400=AXIS2_PLACEMENT_3D('',#3391,#2848,#2849);
#2401=AXIS2_PLACEMENT_3D('',#3392,#2850,#2851);
#2402=AXIS2_PLACEMENT_3D('',#3393,#2852,#2853);
#2403=AXIS2_PLACEMENT_3D('',#3394,#2854,#2855);
#2404=AXIS2_PLACEMENT_3D('',#3395,#2856,#2857);
#2405=AXIS2_PLACEMENT_3D('',#3396,#2858,#2859);
#2406=AXIS2_PLACEMENT_3D('',#3397,#2860,#2861);
#2407=AXIS2_PLACEMENT_3D('',#3400,#2864,#2865);
#2408=AXIS2_PLACEMENT_3D('',#3402,#2867,#2868);
#2409=AXIS2_PLACEMENT_3D('',#3404,#2870,#2871);
#2410=AXIS2_PLACEMENT_3D('',#3406,#2873,#2874);
#2411=AXIS2_PLACEMENT_3D('',#3409,#2877,#2878);
#2412=AXIS2_PLACEMENT_3D('',#3410,#2879,#2880);
#2413=AXIS2_PLACEMENT_3D('',#3412,#2882,#2883);
#2414=AXIS2_PLACEMENT_3D('',#3413,#2884,#2885);
#2415=AXIS2_PLACEMENT_3D('',#3416,#2888,#2889);
#2416=AXIS2_PLACEMENT_3D('',#3419,#2892,#2893);
#2417=AXIS2_PLACEMENT_3D('',#3423,#2896,#2897);
#2418=AXIS2_PLACEMENT_3D('',#3425,#2899,#2900);
#2419=AXIS2_PLACEMENT_3D('',#3427,#2902,#2903);
#2420=AXIS2_PLACEMENT_3D('',#3470,#2904,#2905);
#2421=AXIS2_PLACEMENT_3D('',#3517,#2906,#2907);
#2422=AXIS2_PLACEMENT_3D('',#3532,#2908,#2909);
#2423=AXIS2_PLACEMENT_3D('',#5608,#2925,#2926);
#2424=AXIS2_PLACEMENT_3D('',#6391,#2931,#2932);
#2425=AXIS2_PLACEMENT_3D('',#6860,#2941,#2942);
#2426=AXIS2_PLACEMENT_3D('',#7410,#2946,#2947);
#2427=AXIS2_PLACEMENT_3D('',#7416,#2951,#2952);
#2428=AXIS2_PLACEMENT_3D('',#7422,#2956,#2957);
#2429=AXIS2_PLACEMENT_3D('',#7424,#2959,#2960);
#2430=AXIS2_PLACEMENT_3D('',#7426,#2962,#2963);
#2431=DIRECTION('axis',(0.,0.,1.));
#2432=DIRECTION('refdir',(1.,0.,0.));
#2433=DIRECTION('center_axis',(1.,0.,0.));
#2434=DIRECTION('ref_axis',(0.,0.,1.));
#2435=DIRECTION('',(0.,0.,1.));
#2436=DIRECTION('',(0.,-1.,0.));
#2437=DIRECTION('',(0.,0.,1.));
#2438=DIRECTION('',(0.,-1.,0.));
#2439=DIRECTION('center_axis',(0.,0.,1.));
#2440=DIRECTION('ref_axis',(-1.,0.,0.));
#2441=DIRECTION('',(-1.,0.,0.));
#2442=DIRECTION('',(0.,-1.,0.));
#2443=DIRECTION('',(-1.,0.,0.));
#2444=DIRECTION('center_axis',(1.,0.,0.));
#2445=DIRECTION('ref_axis',(0.,0.,1.));
#2446=DIRECTION('',(0.,0.,1.));
#2447=DIRECTION('',(0.,-1.,0.));
#2448=DIRECTION('',(0.,0.,-1.));
#2449=DIRECTION('center_axis',(0.,0.,-1.));
#2450=DIRECTION('ref_axis',(1.,0.,0.));
#2451=DIRECTION('',(1.,0.,0.));
#2452=DIRECTION('',(0.,-1.,0.));
#2453=DIRECTION('',(1.,0.,0.));
#2454=DIRECTION('center_axis',(-1.,0.,0.));
#2455=DIRECTION('ref_axis',(0.,0.,-1.));
#2456=DIRECTION('',(0.,0.,-1.));
#2457=DIRECTION('',(0.,-1.,0.));
#2458=DIRECTION('',(0.,0.,-1.));
#2459=DIRECTION('center_axis',(0.,0.,1.));
#2460=DIRECTION('ref_axis',(-1.,0.,0.));
#2461=DIRECTION('',(-1.,0.,0.));
#2462=DIRECTION('',(0.,-1.,0.));
#2463=DIRECTION('',(-1.,0.,0.));
#2464=DIRECTION('center_axis',(1.,0.,0.));
#2465=DIRECTION('ref_axis',(0.,0.,1.));
#2466=DIRECTION('',(0.,0.,1.));
#2467=DIRECTION('',(0.,-1.,0.));
#2468=DIRECTION('',(0.,0.,1.));
#2469=DIRECTION('center_axis',(0.,0.,-1.));
#2470=DIRECTION('ref_axis',(1.,0.,0.));
#2471=DIRECTION('',(1.,0.,0.));
#2472=DIRECTION('',(1.,0.,0.));
#2473=DIRECTION('center_axis',(0.,1.,0.));
#2474=DIRECTION('ref_axis',(-1.,0.,0.));
#2475=DIRECTION('center_axis',(-1.,0.,0.));
#2476=DIRECTION('ref_axis',(0.,0.,-1.));
#2477=DIRECTION('',(0.,0.,-1.));
#2478=DIRECTION('',(0.,-1.,0.));
#2479=DIRECTION('',(0.,0.,1.));
#2480=DIRECTION('',(0.,-1.,0.));
#2481=DIRECTION('center_axis',(0.,0.,1.));
#2482=DIRECTION('ref_axis',(-1.,0.,0.));
#2483=DIRECTION('',(-1.,0.,0.));
#2484=DIRECTION('',(0.,-1.,0.));
#2485=DIRECTION('',(-1.,0.,0.));
#2486=DIRECTION('center_axis',(1.,0.,0.));
#2487=DIRECTION('ref_axis',(0.,0.,1.));
#2488=DIRECTION('',(0.,0.,1.));
#2489=DIRECTION('',(0.,-1.,0.));
#2490=DIRECTION('',(0.,0.,1.));
#2491=DIRECTION('center_axis',(0.,0.,-1.));
#2492=DIRECTION('ref_axis',(1.,0.,0.));
#2493=DIRECTION('',(1.,0.,0.));
#2494=DIRECTION('',(1.,0.,0.));
#2495=DIRECTION('center_axis',(0.,1.,0.));
#2496=DIRECTION('ref_axis',(-1.,0.,0.));
#2497=DIRECTION('center_axis',(0.,0.,1.));
#2498=DIRECTION('ref_axis',(1.,0.,0.));
#2499=DIRECTION('',(1.,0.,0.));
#2500=DIRECTION('',(0.,1.,0.));
#2501=DIRECTION('',(1.,0.,0.));
#2502=DIRECTION('',(0.,1.,0.));
#2503=DIRECTION('center_axis',(0.,1.,0.));
#2504=DIRECTION('ref_axis',(0.,0.,1.));
#2505=DIRECTION('center_axis',(0.,1.,0.));
#2506=DIRECTION('ref_axis',(0.,0.,1.));
#2507=DIRECTION('',(0.,1.,0.));
#2508=DIRECTION('center_axis',(0.,1.,0.));
#2509=DIRECTION('ref_axis',(0.,0.,1.));
#2510=DIRECTION('center_axis',(0.,0.,-1.));
#2511=DIRECTION('ref_axis',(-1.,0.,0.));
#2512=DIRECTION('',(-1.,0.,0.));
#2513=DIRECTION('',(0.,1.,0.));
#2514=DIRECTION('',(-1.,0.,0.));
#2515=DIRECTION('center_axis',(0.,1.,0.));
#2516=DIRECTION('ref_axis',(1.,0.,0.));
#2517=DIRECTION('center_axis',(0.,1.,0.));
#2518=DIRECTION('ref_axis',(1.,0.,0.));
#2519=DIRECTION('center_axis',(0.,1.,0.));
#2520=DIRECTION('ref_axis',(1.,0.,0.));
#2521=DIRECTION('center_axis',(0.,-1.,0.));
#2522=DIRECTION('ref_axis',(1.,0.,0.));
#2523=DIRECTION('center_axis',(0.,0.,1.));
#2524=DIRECTION('ref_axis',(1.,0.,0.));
#2525=DIRECTION('',(1.,0.,0.));
#2526=DIRECTION('',(0.,1.,0.));
#2527=DIRECTION('',(1.,0.,0.));
#2528=DIRECTION('',(0.,1.,0.));
#2529=DIRECTION('center_axis',(0.,1.,0.));
#2530=DIRECTION('ref_axis',(1.50538715203412E-15,0.,1.));
#2531=DIRECTION('center_axis',(0.,1.,0.));
#2532=DIRECTION('ref_axis',(1.50538715203412E-15,0.,1.));
#2533=DIRECTION('',(0.,1.,0.));
#2534=DIRECTION('center_axis',(0.,1.,0.));
#2535=DIRECTION('ref_axis',(1.50538715203412E-15,0.,1.));
#2536=DIRECTION('center_axis',(0.,0.,-1.));
#2537=DIRECTION('ref_axis',(-1.,0.,0.));
#2538=DIRECTION('',(-1.,0.,0.));
#2539=DIRECTION('',(0.,1.,0.));
#2540=DIRECTION('',(-1.,0.,0.));
#2541=DIRECTION('center_axis',(0.,1.,0.));
#2542=DIRECTION('ref_axis',(0.,0.,-1.));
#2543=DIRECTION('center_axis',(0.,1.,0.));
#2544=DIRECTION('ref_axis',(0.,0.,-1.));
#2545=DIRECTION('center_axis',(0.,1.,0.));
#2546=DIRECTION('ref_axis',(0.,0.,-1.));
#2547=DIRECTION('center_axis',(0.,-1.,0.));
#2548=DIRECTION('ref_axis',(1.,0.,0.));
#2549=DIRECTION('center_axis',(0.,0.,1.));
#2550=DIRECTION('ref_axis',(1.,0.,0.));
#2551=DIRECTION('',(1.,0.,0.));
#2552=DIRECTION('',(0.,1.,0.));
#2553=DIRECTION('',(1.,0.,0.));
#2554=DIRECTION('',(0.,1.,0.));
#2555=DIRECTION('center_axis',(0.,1.,0.));
#2556=DIRECTION('ref_axis',(1.50538715203412E-15,0.,1.));
#2557=DIRECTION('center_axis',(0.,1.,0.));
#2558=DIRECTION('ref_axis',(1.50538715203412E-15,0.,1.));
#2559=DIRECTION('',(0.,1.,0.));
#2560=DIRECTION('center_axis',(0.,1.,0.));
#2561=DIRECTION('ref_axis',(1.50538715203412E-15,0.,1.));
#2562=DIRECTION('center_axis',(0.,0.,-1.));
#2563=DIRECTION('ref_axis',(-1.,0.,0.));
#2564=DIRECTION('',(-1.,0.,0.));
#2565=DIRECTION('',(0.,1.,0.));
#2566=DIRECTION('',(-1.,0.,0.));
#2567=DIRECTION('center_axis',(0.,1.,0.));
#2568=DIRECTION('ref_axis',(0.,0.,-1.));
#2569=DIRECTION('center_axis',(0.,1.,0.));
#2570=DIRECTION('ref_axis',(0.,0.,-1.));
#2571=DIRECTION('center_axis',(0.,1.,0.));
#2572=DIRECTION('ref_axis',(0.,0.,-1.));
#2573=DIRECTION('center_axis',(0.,-1.,0.));
#2574=DIRECTION('ref_axis',(1.,0.,0.));
#2575=DIRECTION('center_axis',(0.,0.,1.));
#2576=DIRECTION('ref_axis',(1.,0.,0.));
#2577=DIRECTION('',(1.,0.,0.));
#2578=DIRECTION('',(0.,1.,0.));
#2579=DIRECTION('',(1.,0.,0.));
#2580=DIRECTION('',(0.,1.,0.));
#2581=DIRECTION('center_axis',(0.,1.,0.));
#2582=DIRECTION('ref_axis',(0.,0.,1.));
#2583=DIRECTION('center_axis',(0.,1.,0.));
#2584=DIRECTION('ref_axis',(0.,0.,1.));
#2585=DIRECTION('',(0.,1.,0.));
#2586=DIRECTION('center_axis',(0.,1.,0.));
#2587=DIRECTION('ref_axis',(0.,0.,1.));
#2588=DIRECTION('center_axis',(0.,0.,-1.));
#2589=DIRECTION('ref_axis',(-1.,0.,0.));
#2590=DIRECTION('',(-1.,0.,0.));
#2591=DIRECTION('',(0.,1.,0.));
#2592=DIRECTION('',(-1.,0.,0.));
#2593=DIRECTION('center_axis',(0.,1.,0.));
#2594=DIRECTION('ref_axis',(0.,0.,-1.));
#2595=DIRECTION('center_axis',(0.,1.,0.));
#2596=DIRECTION('ref_axis',(0.,0.,-1.));
#2597=DIRECTION('center_axis',(0.,1.,0.));
#2598=DIRECTION('ref_axis',(0.,0.,-1.));
#2599=DIRECTION('center_axis',(0.,-1.,0.));
#2600=DIRECTION('ref_axis',(1.,0.,0.));
#2601=DIRECTION('center_axis',(-0.169906916507646,0.,-0.985460115744348));
#2602=DIRECTION('ref_axis',(-0.985460115744348,0.,0.169906916507646));
#2603=DIRECTION('',(0.,-1.,0.));
#2604=DIRECTION('',(0.985460115744348,0.,-0.169906916507646));
#2605=DIRECTION('',(0.,1.,0.));
#2606=DIRECTION('',(-0.985460115744348,0.,0.169906916507646));
#2607=DIRECTION('center_axis',(0.,1.,-2.22044604925031E-16));
#2608=DIRECTION('ref_axis',(-1.,0.,0.));
#2609=DIRECTION('center_axis',(0.,-1.,2.22044604925031E-16));
#2610=DIRECTION('ref_axis',(-1.,0.,0.));
#2611=DIRECTION('center_axis',(0.,-1.,2.22044604925031E-16));
#2612=DIRECTION('ref_axis',(-1.,0.,0.));
#2613=DIRECTION('center_axis',(0.,1.,0.));
#2614=DIRECTION('ref_axis',(-1.,0.,0.));
#2615=DIRECTION('',(0.,-1.,0.));
#2616=DIRECTION('center_axis',(0.,1.,0.));
#2617=DIRECTION('ref_axis',(-1.,0.,0.));
#2618=DIRECTION('center_axis',(0.,1.,0.));
#2619=DIRECTION('ref_axis',(-1.,0.,0.));
#2620=DIRECTION('center_axis',(0.,-1.,0.));
#2621=DIRECTION('ref_axis',(-1.,0.,0.));
#2622=DIRECTION('',(0.,1.,0.));
#2623=DIRECTION('center_axis',(0.,1.,-2.22044604925031E-16));
#2624=DIRECTION('ref_axis',(-1.,0.,0.));
#2625=DIRECTION('center_axis',(0.,-1.,2.22044604925031E-16));
#2626=DIRECTION('ref_axis',(-1.,0.,0.));
#2627=DIRECTION('center_axis',(0.,-1.,2.22044604925031E-16));
#2628=DIRECTION('ref_axis',(-1.,0.,0.));
#2629=DIRECTION('center_axis',(0.,1.,0.));
#2630=DIRECTION('ref_axis',(-1.,0.,0.));
#2631=DIRECTION('',(0.,-1.,0.));
#2632=DIRECTION('center_axis',(0.,1.,0.));
#2633=DIRECTION('ref_axis',(-1.,0.,0.));
#2634=DIRECTION('center_axis',(0.,1.,0.));
#2635=DIRECTION('ref_axis',(-1.,0.,0.));
#2636=DIRECTION('center_axis',(0.,-1.,0.));
#2637=DIRECTION('ref_axis',(-1.,0.,0.));
#2638=DIRECTION('',(0.,1.,0.));
#2639=DIRECTION('center_axis',(0.,1.,-2.22044604925031E-16));
#2640=DIRECTION('ref_axis',(-1.,0.,0.));
#2641=DIRECTION('center_axis',(0.,-1.,2.22044604925031E-16));
#2642=DIRECTION('ref_axis',(-1.,0.,0.));
#2643=DIRECTION('center_axis',(0.,-1.,2.22044604925031E-16));
#2644=DIRECTION('ref_axis',(-1.,0.,0.));
#2645=DIRECTION('center_axis',(0.,1.,0.));
#2646=DIRECTION('ref_axis',(-1.,0.,0.));
#2647=DIRECTION('',(0.,-1.,0.));
#2648=DIRECTION('center_axis',(0.,1.,0.));
#2649=DIRECTION('ref_axis',(-1.,0.,0.));
#2650=DIRECTION('center_axis',(0.,1.,0.));
#2651=DIRECTION('ref_axis',(-1.,0.,0.));
#2652=DIRECTION('center_axis',(0.,-1.,0.));
#2653=DIRECTION('ref_axis',(-1.,0.,0.));
#2654=DIRECTION('',(0.,1.,0.));
#2655=DIRECTION('center_axis',(0.,1.,0.));
#2656=DIRECTION('ref_axis',(-1.,0.,0.));
#2657=DIRECTION('center_axis',(0.,-1.,2.22044604925031E-16));
#2658=DIRECTION('ref_axis',(-1.,0.,0.));
#2659=DIRECTION('',(0.,-1.,0.));
#2660=DIRECTION('center_axis',(0.,1.,0.));
#2661=DIRECTION('ref_axis',(-1.,0.,0.));
#2662=DIRECTION('center_axis',(0.,1.,0.));
#2663=DIRECTION('ref_axis',(-1.,0.,0.));
#2664=DIRECTION('center_axis',(0.,-1.,0.));
#2665=DIRECTION('ref_axis',(-1.,0.,0.));
#2666=DIRECTION('',(0.,1.,0.));
#2667=DIRECTION('center_axis',(0.,1.,-2.22044604925031E-16));
#2668=DIRECTION('ref_axis',(-1.,0.,0.));
#2669=DIRECTION('center_axis',(0.,1.,0.));
#2670=DIRECTION('ref_axis',(0.,0.,1.));
#2671=DIRECTION('center_axis',(0.,1.,0.));
#2672=DIRECTION('ref_axis',(0.,0.,1.));
#2673=DIRECTION('center_axis',(0.,1.,0.));
#2674=DIRECTION('ref_axis',(0.,0.,1.));
#2675=DIRECTION('center_axis',(0.,1.,0.));
#2676=DIRECTION('ref_axis',(0.,0.,1.));
#2677=DIRECTION('center_axis',(0.,1.,-2.22044604925031E-16));
#2678=DIRECTION('ref_axis',(-1.,0.,0.));
#2679=DIRECTION('center_axis',(-0.164398987305356,0.,-0.986393923832144));
#2680=DIRECTION('ref_axis',(-0.986393923832144,0.,0.164398987305356));
#2681=DIRECTION('',(0.,-1.,0.));
#2682=DIRECTION('',(-0.986393923832144,0.,0.164398987305356));
#2683=DIRECTION('',(0.,-1.,0.));
#2684=DIRECTION('',(0.986393923832144,0.,-0.164398987305356));
#2685=DIRECTION('center_axis',(0.,1.,0.));
#2686=DIRECTION('ref_axis',(-1.,0.,0.));
#2687=DIRECTION('',(0.,-1.52670914415157E-16,-1.));
#2688=DIRECTION('center_axis',(-1.87939177038638E-17,1.,-1.52670914415157E-16));
#2689=DIRECTION('ref_axis',(0.707106781186548,0.,0.707106781186548));
#2690=DIRECTION('',(1.,1.87939177038638E-17,0.));
#2691=DIRECTION('center_axis',(-1.87939177038638E-17,1.,-1.52670914415157E-16));
#2692=DIRECTION('ref_axis',(-0.707106781186548,0.,0.707106781186548));
#2693=DIRECTION('',(0.,1.52670914415157E-16,1.));
#2694=DIRECTION('center_axis',(-1.87939177038638E-17,1.,-1.52670914415157E-16));
#2695=DIRECTION('ref_axis',(-0.764514164391624,0.,-0.644606928635255));
#2696=DIRECTION('',(-0.985622254813267,7.27215661198916E-18,0.168963815110846));
#2697=DIRECTION('',(-1.,-1.87939177038638E-17,0.));
#2698=DIRECTION('',(-0.959365501571271,-6.11088269854099E-17,-0.28216632399155));
#2699=DIRECTION('',(-1.,-1.87939177038638E-17,0.));
#2700=DIRECTION('center_axis',(-1.87939177038638E-17,1.,-1.52670914415157E-16));
#2701=DIRECTION('ref_axis',(0.707106781186548,0.,-0.707106781186548));
#2702=DIRECTION('',(-1.,-1.87939177038638E-17,0.));
#2703=DIRECTION('',(-0.985622254813267,7.27215661198916E-18,0.168963815110846));
#2704=DIRECTION('',(-0.985622254813267,7.27215661198916E-18,0.168963815110846));
#2705=DIRECTION('',(0.,1.52670914415157E-16,1.));
#2706=DIRECTION('center_axis',(1.,0.,0.));
#2707=DIRECTION('ref_axis',(0.,-1.60770824454724E-16,-1.));
#2708=DIRECTION('',(0.,1.,0.));
#2709=DIRECTION('',(0.,0.,-1.));
#2710=DIRECTION('',(0.,-1.,0.));
#2711=DIRECTION('',(0.,0.,1.));
#2712=DIRECTION('',(0.,-1.,0.));
#2713=DIRECTION('',(0.,0.,-1.));
#2714=DIRECTION('',(0.,-1.,0.));
#2715=DIRECTION('',(0.,0.,1.));
#2716=DIRECTION('center_axis',(-1.,0.,0.));
#2717=DIRECTION('ref_axis',(0.,-0.707106781186546,-0.707106781186549));
#2718=DIRECTION('',(0.,-1.,2.22044604925031E-16));
#2719=DIRECTION('center_axis',(-1.,0.,0.));
#2720=DIRECTION('ref_axis',(0.,0.707106781186546,-0.707106781186549));
#2721=DIRECTION('',(0.,-2.22044604925031E-16,-1.));
#2722=DIRECTION('center_axis',(-1.,0.,0.));
#2723=DIRECTION('ref_axis',(0.,0.707106781186546,0.707106781186549));
#2724=DIRECTION('',(0.,1.,-2.22044604925031E-16));
#2725=DIRECTION('center_axis',(-1.,0.,0.));
#2726=DIRECTION('ref_axis',(0.,-0.707106781186544,0.707106781186551));
#2727=DIRECTION('',(0.,2.22044604925031E-16,1.));
#2728=DIRECTION('center_axis',(0.28216632399155,0.,-0.959365501571271));
#2729=DIRECTION('ref_axis',(-0.959365501571271,0.,-0.28216632399155));
#2730=DIRECTION('',(0.959365501571271,0.,0.28216632399155));
#2731=DIRECTION('',(0.,1.,0.));
#2732=DIRECTION('',(-0.959365501571271,0.,-0.28216632399155));
#2733=DIRECTION('',(0.,-1.,0.));
#2734=DIRECTION('center_axis',(1.,0.,0.));
#2735=DIRECTION('ref_axis',(0.,-1.60770824454724E-16,-1.));
#2736=DIRECTION('',(0.,0.,-1.));
#2737=DIRECTION('',(0.,1.,0.));
#2738=DIRECTION('',(0.,-1.,0.));
#2739=DIRECTION('',(0.,1.,-2.22044604925031E-16));
#2740=DIRECTION('center_axis',(1.,0.,0.));
#2741=DIRECTION('ref_axis',(0.,0.707106781186546,0.707106781186549));
#2742=DIRECTION('',(0.,-2.22044604925031E-16,-1.));
#2743=DIRECTION('center_axis',(1.,0.,0.));
#2744=DIRECTION('ref_axis',(0.,0.707106781186546,-0.707106781186549));
#2745=DIRECTION('',(0.,-1.,2.22044604925031E-16));
#2746=DIRECTION('center_axis',(1.,0.,0.));
#2747=DIRECTION('ref_axis',(0.,-0.707106781186546,-0.707106781186549));
#2748=DIRECTION('',(0.,2.22044604925031E-16,1.));
#2749=DIRECTION('center_axis',(1.,0.,0.));
#2750=DIRECTION('ref_axis',(0.,-0.707106781186544,0.707106781186551));
#2751=DIRECTION('center_axis',(0.,1.,0.));
#2752=DIRECTION('ref_axis',(0.707106781186548,0.,-0.707106781186548));
#2753=DIRECTION('center_axis',(0.,1.,0.));
#2754=DIRECTION('ref_axis',(0.707106781186548,0.,-0.707106781186548));
#2755=DIRECTION('',(0.,1.,0.));
#2756=DIRECTION('center_axis',(0.28216632399155,0.,-0.959365501571271));
#2757=DIRECTION('ref_axis',(-0.959365501571271,0.,-0.28216632399155));
#2758=DIRECTION('',(-0.959365501571271,0.,-0.28216632399155));
#2759=DIRECTION('',(0.,1.,0.));
#2760=DIRECTION('',(0.,-1.,0.));
#2761=DIRECTION('center_axis',(0.,0.,-1.));
#2762=DIRECTION('ref_axis',(-1.,0.,0.));
#2763=DIRECTION('',(-1.,0.,0.));
#2764=DIRECTION('center_axis',(0.,0.,-1.));
#2765=DIRECTION('ref_axis',(-1.,0.,0.));
#2766=DIRECTION('',(-1.,0.,0.));
#2767=DIRECTION('',(0.,-1.,0.));
#2768=DIRECTION('center_axis',(0.,1.,0.));
#2769=DIRECTION('ref_axis',(0.,0.,1.));
#2770=DIRECTION('',(0.985622254813267,0.,-0.168963815110846));
#2771=DIRECTION('center_axis',(0.,-1.,0.));
#2772=DIRECTION('ref_axis',(-0.764514164391624,0.,-0.644606928635256));
#2773=DIRECTION('',(0.,0.,-1.));
#2774=DIRECTION('center_axis',(0.,-1.,0.));
#2775=DIRECTION('ref_axis',(-0.707106781186548,0.,0.707106781186548));
#2776=DIRECTION('',(-1.,0.,0.));
#2777=DIRECTION('center_axis',(0.,-1.,0.));
#2778=DIRECTION('ref_axis',(0.707106781186548,0.,0.707106781186548));
#2779=DIRECTION('',(0.,0.,1.));
#2780=DIRECTION('center_axis',(0.,-1.,0.));
#2781=DIRECTION('ref_axis',(0.707106781186548,0.,-0.707106781186548));
#2782=DIRECTION('',(1.,0.,0.));
#2783=DIRECTION('',(0.959365501571271,0.,0.28216632399155));
#2784=DIRECTION('',(1.,0.,0.));
#2785=DIRECTION('',(-0.985622254813267,0.,0.168963815110846));
#2786=DIRECTION('',(-1.,0.,0.));
#2787=DIRECTION('',(-1.,0.,0.));
#2788=DIRECTION('',(1.,0.,0.));
#2789=DIRECTION('',(0.,0.,1.));
#2790=DIRECTION('center_axis',(-0.168963815110846,0.,-0.985622254813267));
#2791=DIRECTION('ref_axis',(-0.985622254813267,0.,0.168963815110846));
#2792=DIRECTION('',(-0.985622254813267,0.,0.168963815110846));
#2793=DIRECTION('',(0.,-1.,0.));
#2794=DIRECTION('center_axis',(0.,1.,0.));
#2795=DIRECTION('ref_axis',(-0.764514164391624,0.,-0.644606928635255));
#2796=DIRECTION('center_axis',(0.,1.,0.));
#2797=DIRECTION('ref_axis',(-0.764514164391624,0.,-0.644606928635256));
#2798=DIRECTION('',(0.,1.,0.));
#2799=DIRECTION('center_axis',(-1.,0.,0.));
#2800=DIRECTION('ref_axis',(0.,1.62640252646058E-16,1.));
#2801=DIRECTION('',(0.,0.,1.));
#2802=DIRECTION('',(0.,-1.,0.));
#2803=DIRECTION('center_axis',(0.,1.,0.));
#2804=DIRECTION('ref_axis',(-0.707106781186548,0.,0.707106781186548));
#2805=DIRECTION('center_axis',(0.,1.,0.));
#2806=DIRECTION('ref_axis',(-0.707106781186548,0.,0.707106781186548));
#2807=DIRECTION('',(0.,1.,0.));
#2808=DIRECTION('center_axis',(0.,0.,1.));
#2809=DIRECTION('ref_axis',(1.,0.,0.));
#2810=DIRECTION('',(1.,0.,0.));
#2811=DIRECTION('',(0.,-1.,0.));
#2812=DIRECTION('center_axis',(0.,1.,0.));
#2813=DIRECTION('ref_axis',(0.707106781186548,0.,0.707106781186548));
#2814=DIRECTION('center_axis',(0.,1.,0.));
#2815=DIRECTION('ref_axis',(0.707106781186548,0.,0.707106781186548));
#2816=DIRECTION('center_axis',(-1.,0.,0.));
#2817=DIRECTION('ref_axis',(0.,0.707106781186547,-0.707106781186547));
#2818=DIRECTION('center_axis',(-0.996399080392307,0.,0.0847872195166574));
#2819=DIRECTION('ref_axis',(-0.0847872195166574,0.,-0.996399080392307));
#2820=DIRECTION('center_axis',(-0.989789245640525,4.39554724014591E-16,
-0.142538588509781));
#2821=DIRECTION('ref_axis',(0.142538588509781,3.05227197244398E-15,-0.989789245640525));
#2822=DIRECTION('center_axis',(-1.,0.,0.));
#2823=DIRECTION('ref_axis',(0.,0.707106781186547,-0.707106781186547));
#2824=DIRECTION('center_axis',(1.,0.,0.));
#2825=DIRECTION('ref_axis',(0.,0.,-1.));
#2826=DIRECTION('center_axis',(-0.989789245640525,0.,-0.142538588509782));
#2827=DIRECTION('ref_axis',(-0.142538588509782,0.,0.989789245640525));
#2828=DIRECTION('center_axis',(0.,1.,0.));
#2829=DIRECTION('ref_axis',(0.,0.,1.));
#2830=DIRECTION('center_axis',(0.,0.,1.));
#2831=DIRECTION('ref_axis',(1.,0.,0.));
#2832=DIRECTION('center_axis',(0.,0.,-1.));
#2833=DIRECTION('ref_axis',(0.707106781186547,0.707106781186547,0.));
#2834=DIRECTION('center_axis',(0.,0.,1.));
#2835=DIRECTION('ref_axis',(1.,0.,0.));
#2836=DIRECTION('center_axis',(0.,1.,0.));
#2837=DIRECTION('ref_axis',(0.,0.,1.));
#2838=DIRECTION('center_axis',(-1.,0.,3.5527136788005E-15));
#2839=DIRECTION('ref_axis',(3.5527136788005E-15,0.,1.));
#2840=DIRECTION('center_axis',(1.,0.,0.));
#2841=DIRECTION('ref_axis',(0.,0.707106781186547,0.707106781186547));
#2842=DIRECTION('center_axis',(-1.,0.,0.));
#2843=DIRECTION('ref_axis',(0.,0.,1.));
#2844=DIRECTION('center_axis',(0.,1.,0.));
#2845=DIRECTION('ref_axis',(0.,0.,1.));
#2846=DIRECTION('center_axis',(3.5527136788005E-15,0.,-1.));
#2847=DIRECTION('ref_axis',(-1.,0.,-3.5527136788005E-15));
#2848=DIRECTION('center_axis',(0.,0.,1.));
#2849=DIRECTION('ref_axis',(-0.707106781186547,0.707106781186547,0.));
#2850=DIRECTION('center_axis',(0.,0.,-1.));
#2851=DIRECTION('ref_axis',(-1.,0.,0.));
#2852=DIRECTION('center_axis',(0.,1.,0.));
#2853=DIRECTION('ref_axis',(0.,0.,1.));
#2854=DIRECTION('center_axis',(0.985622254813267,0.,-0.168963815110846));
#2855=DIRECTION('ref_axis',(-0.168963815110846,0.,-0.985622254813267));
#2856=DIRECTION('center_axis',(-0.985622254813267,0.,0.168963815110846));
#2857=DIRECTION('ref_axis',(-0.119475459440029,0.707106781186548,-0.696940180066836));
#2858=DIRECTION('center_axis',(-0.959365501571271,0.,-0.28216632399155));
#2859=DIRECTION('ref_axis',(0.199521721116906,0.707106781186548,-0.678373851797479));
#2860=DIRECTION('center_axis',(0.,-1.,2.22044604925031E-16));
#2861=DIRECTION('ref_axis',(0.,-2.22044604925031E-16,-1.));
#2862=DIRECTION('',(-1.,0.,0.));
#2863=DIRECTION('',(1.,0.,0.));
#2864=DIRECTION('center_axis',(1.,0.,0.));
#2865=DIRECTION('ref_axis',(0.,-0.707106781186546,-0.707106781186549));
#2866=DIRECTION('',(-1.,0.,0.));
#2867=DIRECTION('center_axis',(0.,-2.22044604925031E-16,-1.));
#2868=DIRECTION('ref_axis',(0.,1.,-2.22044604925031E-16));
#2869=DIRECTION('',(1.,0.,0.));
#2870=DIRECTION('center_axis',(1.,0.,0.));
#2871=DIRECTION('ref_axis',(0.,0.707106781186546,-0.707106781186549));
#2872=DIRECTION('',(-1.,0.,0.));
#2873=DIRECTION('center_axis',(0.,2.22044604925031E-16,1.));
#2874=DIRECTION('ref_axis',(0.,-1.,2.22044604925031E-16));
#2875=DIRECTION('',(-1.,0.,0.));
#2876=DIRECTION('',(1.,0.,0.));
#2877=DIRECTION('center_axis',(1.,0.,0.));
#2878=DIRECTION('ref_axis',(0.,-0.707106781186544,0.707106781186551));
#2879=DIRECTION('center_axis',(0.,1.,-2.22044604925031E-16));
#2880=DIRECTION('ref_axis',(0.,2.22044604925031E-16,1.));
#2881=DIRECTION('',(1.,0.,0.));
#2882=DIRECTION('center_axis',(1.,0.,0.));
#2883=DIRECTION('ref_axis',(0.,0.707106781186546,0.707106781186549));
#2884=DIRECTION('center_axis',(0.,0.,-1.));
#2885=DIRECTION('ref_axis',(-1.,0.,0.));
#2886=DIRECTION('',(1.,0.,0.));
#2887=DIRECTION('',(0.,1.,0.));
#2888=DIRECTION('center_axis',(-0.168963815110846,0.,-0.985622254813267));
#2889=DIRECTION('ref_axis',(-0.985622254813267,0.,0.168963815110846));
#2890=DIRECTION('',(0.,1.,0.));
#2891=DIRECTION('',(0.985622254813267,0.,-0.168963815110846));
#2892=DIRECTION('center_axis',(-1.,0.,0.));
#2893=DIRECTION('ref_axis',(0.,1.62640252646058E-16,1.));
#2894=DIRECTION('',(0.,0.,-1.));
#2895=DIRECTION('',(0.,-1.,0.));
#2896=DIRECTION('center_axis',(0.,0.,1.));
#2897=DIRECTION('ref_axis',(1.,0.,0.));
#2898=DIRECTION('',(-1.,0.,0.));
#2899=DIRECTION('center_axis',(0.,0.,-1.));
#2900=DIRECTION('ref_axis',(-1.,0.,0.));
#2901=DIRECTION('',(1.,0.,0.));
#2902=DIRECTION('center_axis',(0.,1.,0.));
#2903=DIRECTION('ref_axis',(0.,0.,1.));
#2904=DIRECTION('center_axis',(0.,1.,0.));
#2905=DIRECTION('ref_axis',(0.,0.,1.));
#2906=DIRECTION('center_axis',(0.,1.,0.));
#2907=DIRECTION('ref_axis',(0.,0.,1.));
#2908=DIRECTION('center_axis',(0.,1.,0.));
#2909=DIRECTION('ref_axis',(0.,0.,1.));
#2910=DIRECTION('',(0.,-1.,0.));
#2911=DIRECTION('',(0.,-1.,0.));
#2912=DIRECTION('',(0.,-1.,0.));
#2913=DIRECTION('',(0.,-1.,0.));
#2914=DIRECTION('',(0.,-1.,0.));
#2915=DIRECTION('',(0.,-1.,0.));
#2916=DIRECTION('',(0.,-1.,0.));
#2917=DIRECTION('',(0.,-1.,0.));
#2918=DIRECTION('',(0.,-1.,0.));
#2919=DIRECTION('',(0.,-1.,0.));
#2920=DIRECTION('',(0.,-1.,0.));
#2921=DIRECTION('',(0.,-1.,0.));
#2922=DIRECTION('',(0.,-1.,0.));
#2923=DIRECTION('',(0.,-1.,0.));
#2924=DIRECTION('',(0.,-1.,0.));
#2925=DIRECTION('center_axis',(0.,1.,0.));
#2926=DIRECTION('ref_axis',(0.,0.,1.));
#2927=DIRECTION('',(-0.999928431686451,0.,0.0119637579829179));
#2928=DIRECTION('',(0.,-1.,0.));
#2929=DIRECTION('',(0.,-1.,0.));
#2930=DIRECTION('',(0.,-1.,0.));
#2931=DIRECTION('center_axis',(0.0119637579829179,0.,0.999928431686451));
#2932=DIRECTION('ref_axis',(-0.999928431686451,0.,0.0119637579829179));
#2933=DIRECTION('',(-0.999928431686451,0.,0.0119637579829179));
#2934=DIRECTION('',(0.,-1.,0.));
#2935=DIRECTION('',(0.,-1.,0.));
#2936=DIRECTION('',(0.,-1.,0.));
#2937=DIRECTION('',(0.,-1.,0.));
#2938=DIRECTION('',(0.,-1.,0.));
#2939=DIRECTION('',(0.,-1.,0.));
#2940=DIRECTION('',(0.,-1.,0.));
#2941=DIRECTION('center_axis',(0.,1.,0.));
#2942=DIRECTION('ref_axis',(0.,0.,1.));
#2943=DIRECTION('',(0.,-1.,0.));
#2944=DIRECTION('',(0.,-1.,0.));
#2945=DIRECTION('',(0.,-1.,0.));
#2946=DIRECTION('center_axis',(0.,0.,-1.));
#2947=DIRECTION('ref_axis',(1.,0.,0.));
#2948=DIRECTION('',(1.,0.,0.));
#2949=DIRECTION('',(1.,0.,0.));
#2950=DIRECTION('',(0.,1.,0.));
#2951=DIRECTION('center_axis',(0.,0.,1.));
#2952=DIRECTION('ref_axis',(-1.,0.,0.));
#2953=DIRECTION('',(-1.,0.,0.));
#2954=DIRECTION('',(-1.,0.,0.));
#2955=DIRECTION('',(0.,1.,0.));
#2956=DIRECTION('center_axis',(0.,1.,0.));
#2957=DIRECTION('ref_axis',(0.,0.,1.));
#2958=DIRECTION('',(0.,0.,-1.));
#2959=DIRECTION('center_axis',(-1.,0.,0.));
#2960=DIRECTION('ref_axis',(0.,0.,-1.));
#2961=DIRECTION('',(0.,0.,-1.));
#2962=DIRECTION('center_axis',(0.,-1.,0.));
#2963=DIRECTION('ref_axis',(0.,0.,-1.));
#2964=CARTESIAN_POINT('',(0.,0.,0.));
#2965=CARTESIAN_POINT('Origin',(-27.1075511913741,14.1140960046748,-55.9233701641842));
#2966=CARTESIAN_POINT('',(-27.1075511913741,10.1240960046748,-55.9233701641842));
#2967=CARTESIAN_POINT('',(-27.1075511913741,10.1240960046748,-12.4233701641842));
#2968=CARTESIAN_POINT('',(-27.1075511913741,10.1240960046748,-32.8633701641842));
#2969=CARTESIAN_POINT('',(-27.1075511913741,14.1140960046748,-55.9233701641842));
#2970=CARTESIAN_POINT('',(-27.1075511913741,14.1140960046748,-55.9233701641842));
#2971=CARTESIAN_POINT('',(-27.1075511913741,14.1140960046748,-12.4233701641842));
#2972=CARTESIAN_POINT('',(-27.1075511913741,14.1140960046748,-55.9233701641842));
#2973=CARTESIAN_POINT('',(-27.1075511913741,14.1140960046748,-12.4233701641842));
#2974=CARTESIAN_POINT('Origin',(25.3924488086259,14.1140960046748,-55.9233701641842));
#2975=CARTESIAN_POINT('',(25.3924488086259,10.1240960046748,-55.9233701641842));
#2976=CARTESIAN_POINT('',(12.8924488086259,10.1240960046748,-55.9233701641842));
#2977=CARTESIAN_POINT('',(25.3924488086259,14.1140960046748,-55.9233701641842));
#2978=CARTESIAN_POINT('',(25.3924488086259,14.1140960046748,-55.9233701641842));
#2979=CARTESIAN_POINT('',(27.8924488086259,14.1140960046748,-55.9233701641842));
#2980=CARTESIAN_POINT('Origin',(25.3924488086259,14.1140960046748,-56.9233701641842));
#2981=CARTESIAN_POINT('',(25.3924488086259,10.1240960046748,-56.9233701641842));
#2982=CARTESIAN_POINT('',(25.3924488086259,10.1240960046748,-33.3633701641842));
#2983=CARTESIAN_POINT('',(25.3924488086259,14.1140960046748,-56.9233701641842));
#2984=CARTESIAN_POINT('',(25.3924488086259,14.1140960046748,-56.9233701641842));
#2985=CARTESIAN_POINT('',(25.3924488086259,14.1140960046748,-55.9233701641842));
#2986=CARTESIAN_POINT('Origin',(-28.1075511913741,14.1140960046748,-56.9233701641842));
#2987=CARTESIAN_POINT('',(-28.1075511913741,10.1240960046748,-56.9233701641842));
#2988=CARTESIAN_POINT('',(-13.8575511913741,10.1240960046748,-56.9233701641842));
#2989=CARTESIAN_POINT('',(-28.1075511913741,14.1140960046748,-56.9233701641842));
#2990=CARTESIAN_POINT('',(-28.1075511913741,14.1140960046748,-56.9233701641842));
#2991=CARTESIAN_POINT('',(-28.1075511913741,14.1140960046748,-56.9233701641842));
#2992=CARTESIAN_POINT('Origin',(-28.1075511913741,14.1140960046748,-11.4233701641842));
#2993=CARTESIAN_POINT('',(-28.1075511913741,10.1240960046748,-11.4233701641842));
#2994=CARTESIAN_POINT('',(-28.1075511913741,10.1240960046748,-10.6133701641842));
#2995=CARTESIAN_POINT('',(-28.1075511913741,14.1140960046748,-11.4233701641842));
#2996=CARTESIAN_POINT('',(-28.1075511913741,14.1140960046748,-11.4233701641842));
#2997=CARTESIAN_POINT('',(-28.1075511913741,14.1140960046748,-11.4233701641842));
#2998=CARTESIAN_POINT('Origin',(25.3924488086259,14.1140960046748,-11.4233701641842));
#2999=CARTESIAN_POINT('',(25.3924488086259,10.1240960046748,-11.4233701641842));
#3000=CARTESIAN_POINT('',(12.8924488086259,10.1240960046748,-11.4233701641842));
#3001=CARTESIAN_POINT('',(25.3924488086259,14.1140960046748,-11.4233701641842));
#3002=CARTESIAN_POINT('',(25.3924488086259,14.1140960046748,-11.4233701641842));
#3003=CARTESIAN_POINT('',(28.8924488086259,14.1140960046748,-11.4233701641842));
#3004=CARTESIAN_POINT('Origin',(25.3924488086259,14.1140960046748,-12.4233701641842));
#3005=CARTESIAN_POINT('',(25.3924488086259,10.1240960046748,-12.4233701641842));
#3006=CARTESIAN_POINT('',(25.3924488086259,10.1240960046748,-11.1133701641842));
#3007=CARTESIAN_POINT('',(25.3924488086259,14.1140960046748,-12.4233701641842));
#3008=CARTESIAN_POINT('',(25.3924488086259,14.1140960046748,-12.4233701641842));
#3009=CARTESIAN_POINT('',(25.3924488086259,14.1140960046748,-12.4233701641842));
#3010=CARTESIAN_POINT('Origin',(-27.1075511913741,14.1140960046748,-12.4233701641842));
#3011=CARTESIAN_POINT('',(-13.3575511913741,10.1240960046748,-12.4233701641842));
#3012=CARTESIAN_POINT('',(-27.1075511913741,14.1140960046748,-12.4233701641842));
#3013=CARTESIAN_POINT('Origin',(-1.35755119137406,14.1140960046748,-34.1733701641842));
#3014=CARTESIAN_POINT('Origin',(27.8924488086259,14.1140960046748,-11.4233701641842));
#3015=CARTESIAN_POINT('',(27.8924488086259,10.1240960046748,-11.4233701641842));
#3016=CARTESIAN_POINT('',(27.8924488086259,10.1240960046748,-56.9233701641842));
#3017=CARTESIAN_POINT('',(27.8924488086259,10.1240960046748,-10.6133701641842));
#3018=CARTESIAN_POINT('',(27.8924488086259,14.1140960046748,-11.4233701641842));
#3019=CARTESIAN_POINT('',(27.8924488086259,14.1140960046748,-11.4233701641842));
#3020=CARTESIAN_POINT('',(27.8924488086259,14.1140960046748,-56.9233701641842));
#3021=CARTESIAN_POINT('',(27.8924488086259,14.1140960046748,-56.9233701641842));
#3022=CARTESIAN_POINT('',(27.8924488086259,14.1140960046748,-56.9233701641842));
#3023=CARTESIAN_POINT('Origin',(28.8924488086259,14.1140960046748,-11.4233701641842));
#3024=CARTESIAN_POINT('',(28.8924488086259,10.1240960046748,-11.4233701641842));
#3025=CARTESIAN_POINT('',(14.6424488086259,10.1240960046748,-11.4233701641842));
#3026=CARTESIAN_POINT('',(28.8924488086259,14.1140960046748,-11.4233701641842));
#3027=CARTESIAN_POINT('',(28.8924488086259,14.1140960046748,-11.4233701641842));
#3028=CARTESIAN_POINT('',(28.8924488086259,14.1140960046748,-11.4233701641842));
#3029=CARTESIAN_POINT('Origin',(28.8924488086259,14.1140960046748,-56.9233701641842));
#3030=CARTESIAN_POINT('',(28.8924488086259,10.1240960046748,-56.9233701641842));
#3031=CARTESIAN_POINT('',(28.8924488086259,10.1240960046748,-33.3633701641842));
#3032=CARTESIAN_POINT('',(28.8924488086259,14.1140960046748,-56.9233701641842));
#3033=CARTESIAN_POINT('',(28.8924488086259,14.1140960046748,-56.9233701641842));
#3034=CARTESIAN_POINT('',(28.8924488086259,14.1140960046748,-56.9233701641842));
#3035=CARTESIAN_POINT('Origin',(27.8924488086259,14.1140960046748,-56.9233701641842));
#3036=CARTESIAN_POINT('',(14.1424488086259,10.1240960046748,-56.9233701641842));
#3037=CARTESIAN_POINT('',(-28.1075511913741,14.1140960046748,-56.9233701641842));
#3038=CARTESIAN_POINT('Origin',(28.3924488086259,14.1140960046748,-34.1733701641842));
#3039=CARTESIAN_POINT('Origin',(-58.612442669683,7.62409600467475,-47.5361968804684));
#3040=CARTESIAN_POINT('',(-58.612442669683,7.62409600467475,-47.5361968804684));
#3041=CARTESIAN_POINT('',(-29.912442669683,7.62409600467475,-47.5361968804684));
#3042=CARTESIAN_POINT('',(-29.1099969305285,7.62409600467475,-47.5361968804684));
#3043=CARTESIAN_POINT('',(-58.612442669683,8.42409600467475,-47.5361968804684));
#3044=CARTESIAN_POINT('',(-58.612442669683,7.62409600467475,-47.5361968804684));
#3045=CARTESIAN_POINT('',(-29.912442669683,8.42409600467475,-47.5361968804684));
#3046=CARTESIAN_POINT('',(-58.612442669683,8.42409600467475,-47.5361968804684));
#3047=CARTESIAN_POINT('',(-29.912442669683,7.62409600467475,-47.5361968804684));
#3048=CARTESIAN_POINT('Origin',(-58.612442669683,7.62409600467475,-53.4361968804684));
#3049=CARTESIAN_POINT('',(-58.612442669683,7.62409600467475,-59.3361968804684));
#3050=CARTESIAN_POINT('Origin',(-58.612442669683,7.62409600467475,-53.4361968804684));
#3051=CARTESIAN_POINT('',(-58.612442669683,8.42409600467475,-59.3361968804684));
#3052=CARTESIAN_POINT('',(-58.612442669683,7.62409600467475,-59.3361968804684));
#3053=CARTESIAN_POINT('Origin',(-58.612442669683,8.42409600467475,-53.4361968804684));
#3054=CARTESIAN_POINT('Origin',(-29.912442669683,7.62409600467475,-59.3361968804684));
#3055=CARTESIAN_POINT('',(-29.912442669683,7.62409600467475,-59.3361968804684));
#3056=CARTESIAN_POINT('',(-14.7599969305285,7.62409600467475,-59.3361968804684));
#3057=CARTESIAN_POINT('',(-29.912442669683,8.42409600467475,-59.3361968804684));
#3058=CARTESIAN_POINT('',(-29.912442669683,7.62409600467475,-59.3361968804684));
#3059=CARTESIAN_POINT('',(-29.912442669683,8.42409600467475,-59.3361968804684));
#3060=CARTESIAN_POINT('Origin',(-29.912442669683,7.62409600467475,-53.4361968804684));
#3061=CARTESIAN_POINT('Origin',(-29.912442669683,7.62409600467475,-53.4361968804684));
#3062=CARTESIAN_POINT('Origin',(-29.912442669683,8.42409600467475,-53.4361968804684));
#3063=CARTESIAN_POINT('Origin',(-44.262442669683,8.42409600467475,-53.4361968804684));
#3064=CARTESIAN_POINT('Origin',(30.697557330317,7.62409600467475,48.1168031195316));
#3065=CARTESIAN_POINT('',(30.697557330317,7.62409600467475,48.1168031195316));
#3066=CARTESIAN_POINT('',(59.397557330317,7.62409600467475,48.1168031195316));
#3067=CARTESIAN_POINT('',(15.5450030694715,7.62409600467475,48.1168031195316));
#3068=CARTESIAN_POINT('',(30.697557330317,8.42409600467475,48.1168031195316));
#3069=CARTESIAN_POINT('',(30.697557330317,7.62409600467475,48.1168031195316));
#3070=CARTESIAN_POINT('',(59.397557330317,8.42409600467475,48.1168031195316));
#3071=CARTESIAN_POINT('',(30.697557330317,8.42409600467475,48.1168031195316));
#3072=CARTESIAN_POINT('',(59.397557330317,7.62409600467475,48.1168031195316));
#3073=CARTESIAN_POINT('Origin',(30.697557330317,7.62409600467475,42.2168031195316));
#3074=CARTESIAN_POINT('',(30.697557330317,7.62409600467475,36.3168031195316));
#3075=CARTESIAN_POINT('Origin',(30.697557330317,7.62409600467475,42.2168031195316));
#3076=CARTESIAN_POINT('',(30.697557330317,8.42409600467475,36.3168031195316));
#3077=CARTESIAN_POINT('',(30.697557330317,7.62409600467475,36.3168031195316));
#3078=CARTESIAN_POINT('Origin',(30.697557330317,8.42409600467475,42.2168031195316));
#3079=CARTESIAN_POINT('Origin',(59.397557330317,7.62409600467475,36.3168031195316));
#3080=CARTESIAN_POINT('',(59.397557330317,7.62409600467475,36.3168031195316));
#3081=CARTESIAN_POINT('',(29.8950030694715,7.62409600467475,36.3168031195316));
#3082=CARTESIAN_POINT('',(59.397557330317,8.42409600467475,36.3168031195316));
#3083=CARTESIAN_POINT('',(59.397557330317,7.62409600467475,36.3168031195316));
#3084=CARTESIAN_POINT('',(59.397557330317,8.42409600467475,36.3168031195316));
#3085=CARTESIAN_POINT('Origin',(59.397557330317,7.62409600467475,42.2168031195316));
#3086=CARTESIAN_POINT('Origin',(59.397557330317,7.62409600467475,42.2168031195316));
#3087=CARTESIAN_POINT('Origin',(59.397557330317,8.42409600467475,42.2168031195316));
#3088=CARTESIAN_POINT('Origin',(45.047557330317,8.42409600467475,42.2168031195316));
#3089=CARTESIAN_POINT('Origin',(30.697557330317,7.62409600467475,-47.5361968804684));
#3090=CARTESIAN_POINT('',(30.697557330317,7.62409600467475,-47.5361968804684));
#3091=CARTESIAN_POINT('',(59.397557330317,7.62409600467475,-47.5361968804684));
#3092=CARTESIAN_POINT('',(15.5450030694715,7.62409600467475,-47.5361968804684));
#3093=CARTESIAN_POINT('',(30.697557330317,8.42409600467475,-47.5361968804684));
#3094=CARTESIAN_POINT('',(30.697557330317,7.62409600467475,-47.5361968804684));
#3095=CARTESIAN_POINT('',(59.397557330317,8.42409600467475,-47.5361968804684));
#3096=CARTESIAN_POINT('',(30.697557330317,8.42409600467475,-47.5361968804684));
#3097=CARTESIAN_POINT('',(59.397557330317,7.62409600467475,-47.5361968804684));
#3098=CARTESIAN_POINT('Origin',(30.697557330317,7.62409600467475,-53.4361968804684));
#3099=CARTESIAN_POINT('',(30.697557330317,7.62409600467475,-59.3361968804684));
#3100=CARTESIAN_POINT('Origin',(30.697557330317,7.62409600467475,-53.4361968804684));
#3101=CARTESIAN_POINT('',(30.697557330317,8.42409600467475,-59.3361968804684));
#3102=CARTESIAN_POINT('',(30.697557330317,7.62409600467475,-59.3361968804684));
#3103=CARTESIAN_POINT('Origin',(30.697557330317,8.42409600467475,-53.4361968804684));
#3104=CARTESIAN_POINT('Origin',(59.397557330317,7.62409600467475,-59.3361968804684));
#3105=CARTESIAN_POINT('',(59.397557330317,7.62409600467475,-59.3361968804684));
#3106=CARTESIAN_POINT('',(29.8950030694715,7.62409600467475,-59.3361968804684));
#3107=CARTESIAN_POINT('',(59.397557330317,8.42409600467475,-59.3361968804684));
#3108=CARTESIAN_POINT('',(59.397557330317,7.62409600467475,-59.3361968804684));
#3109=CARTESIAN_POINT('',(59.397557330317,8.42409600467475,-59.3361968804684));
#3110=CARTESIAN_POINT('Origin',(59.397557330317,7.62409600467475,-53.4361968804684));
#3111=CARTESIAN_POINT('Origin',(59.397557330317,7.62409600467475,-53.4361968804684));
#3112=CARTESIAN_POINT('Origin',(59.397557330317,8.42409600467475,-53.4361968804684));
#3113=CARTESIAN_POINT('Origin',(45.047557330317,8.42409600467475,-53.4361968804684));
#3114=CARTESIAN_POINT('Origin',(-58.612442669683,7.62409600467475,48.1168031195316));
#3115=CARTESIAN_POINT('',(-58.612442669683,7.62409600467475,48.1168031195316));
#3116=CARTESIAN_POINT('',(-29.912442669683,7.62409600467475,48.1168031195316));
#3117=CARTESIAN_POINT('',(-29.1099969305285,7.62409600467475,48.1168031195316));
#3118=CARTESIAN_POINT('',(-58.612442669683,8.42409600467475,48.1168031195316));
#3119=CARTESIAN_POINT('',(-58.612442669683,7.62409600467475,48.1168031195316));
#3120=CARTESIAN_POINT('',(-29.912442669683,8.42409600467475,48.1168031195316));
#3121=CARTESIAN_POINT('',(-58.612442669683,8.42409600467475,48.1168031195316));
#3122=CARTESIAN_POINT('',(-29.912442669683,7.62409600467475,48.1168031195316));
#3123=CARTESIAN_POINT('Origin',(-58.612442669683,7.62409600467475,42.2168031195316));
#3124=CARTESIAN_POINT('',(-58.612442669683,7.62409600467475,36.3168031195316));
#3125=CARTESIAN_POINT('Origin',(-58.612442669683,7.62409600467475,42.2168031195316));
#3126=CARTESIAN_POINT('',(-58.612442669683,8.42409600467475,36.3168031195316));
#3127=CARTESIAN_POINT('',(-58.612442669683,7.62409600467475,36.3168031195316));
#3128=CARTESIAN_POINT('Origin',(-58.612442669683,8.42409600467475,42.2168031195316));
#3129=CARTESIAN_POINT('Origin',(-29.912442669683,7.62409600467475,36.3168031195316));
#3130=CARTESIAN_POINT('',(-29.912442669683,7.62409600467475,36.3168031195316));
#3131=CARTESIAN_POINT('',(-14.7599969305285,7.62409600467475,36.3168031195316));
#3132=CARTESIAN_POINT('',(-29.912442669683,8.42409600467475,36.3168031195316));
#3133=CARTESIAN_POINT('',(-29.912442669683,7.62409600467475,36.3168031195316));
#3134=CARTESIAN_POINT('',(-29.912442669683,8.42409600467475,36.3168031195316));
#3135=CARTESIAN_POINT('Origin',(-29.912442669683,7.62409600467475,42.2168031195316));
#3136=CARTESIAN_POINT('Origin',(-29.912442669683,7.62409600467475,42.2168031195316));
#3137=CARTESIAN_POINT('Origin',(-29.912442669683,8.42409600467475,42.2168031195316));
#3138=CARTESIAN_POINT('Origin',(-44.262442669683,8.42409600467475,42.2168031195316));
#3139=CARTESIAN_POINT('Origin',(-28.2165325746756,7.62409600467475,-67.1504621873331));
#3140=CARTESIAN_POINT('',(-65.0464382722998,10.1240960046748,-60.8004784463634));
#3141=CARTESIAN_POINT('',(-65.0464382723034,7.62409600467475,-60.8004784463628));
#3142=CARTESIAN_POINT('',(-65.0464382722984,7.62409600467475,-60.8004784463636));
#3143=CARTESIAN_POINT('',(-65.212551191374,7.62409600467475,-60.7718382879023));
#3144=CARTESIAN_POINT('',(-19.1259869626664,7.62409600467475,-68.7177976376795));
#3145=CARTESIAN_POINT('',(-65.212551191374,10.1240960046748,-60.7718382879023));
#3146=CARTESIAN_POINT('',(-65.212551191374,7.62409600467475,-60.7718382879023));
#3147=CARTESIAN_POINT('',(-19.1259869626664,10.1240960046748,-68.7177976376795));
#3148=CARTESIAN_POINT('Origin',(-60.7961511913741,16.1240960046748,45.0098298358158));
#3149=CARTESIAN_POINT('',(-58.1961511913741,16.1240960046748,45.0098298358158));
#3150=CARTESIAN_POINT('Origin',(-60.7961511913741,16.1240960046748,45.0098298358158));
#3151=CARTESIAN_POINT('',(-59.3961511913741,16.1240960046748,45.0098298358158));
#3152=CARTESIAN_POINT('Origin',(-60.7961511913741,16.1240960046748,45.0098298358158));
#3153=CARTESIAN_POINT('Origin',(-60.7961511913741,7.62409600467477,45.0098298358158));
#3154=CARTESIAN_POINT('',(-58.1961511913741,10.1240960046748,45.0098298358158));
#3155=CARTESIAN_POINT('',(-58.1961511913741,7.62409600467477,45.0098298358158));
#3156=CARTESIAN_POINT('Origin',(-60.7961511913741,10.1240960046748,45.0098298358158));
#3157=CARTESIAN_POINT('Origin',(-60.7961511913741,7.62409600467477,45.0098298358158));
#3158=CARTESIAN_POINT('',(-59.3961511913741,12.1240960046748,45.0098298358158));
#3159=CARTESIAN_POINT('Origin',(-60.7961511913741,12.1240960046748,45.0098298358158));
#3160=CARTESIAN_POINT('',(-59.3961511913741,7.62409600467477,45.0098298358158));
#3161=CARTESIAN_POINT('Origin',(-48.3501511913741,16.1240960046748,-60.5525701641842));
#3162=CARTESIAN_POINT('',(-45.7501511913741,16.1240960046748,-60.5525701641842));
#3163=CARTESIAN_POINT('Origin',(-48.3501511913741,16.1240960046748,-60.5525701641842));
#3164=CARTESIAN_POINT('',(-46.9501511913741,16.1240960046748,-60.5525701641842));
#3165=CARTESIAN_POINT('Origin',(-48.3501511913741,16.1240960046748,-60.5525701641842));
#3166=CARTESIAN_POINT('Origin',(-48.3501511913741,7.62409600467475,-60.5525701641842));
#3167=CARTESIAN_POINT('',(-45.7501511913741,10.1240960046748,-60.5525701641842));
#3168=CARTESIAN_POINT('',(-45.7501511913741,7.62409600467475,-60.5525701641842));
#3169=CARTESIAN_POINT('Origin',(-48.3501511913741,10.1240960046748,-60.5525701641842));
#3170=CARTESIAN_POINT('Origin',(-48.3501511913741,7.62409600467475,-60.5525701641842));
#3171=CARTESIAN_POINT('',(-46.9501511913741,12.1240960046748,-60.5525701641842));
#3172=CARTESIAN_POINT('Origin',(-48.3501511913741,12.1240960046748,-60.5525701641842));
#3173=CARTESIAN_POINT('',(-46.9501511913741,7.62409600467475,-60.5525701641842));
#3174=CARTESIAN_POINT('Origin',(62.1906488086259,16.1240960046748,-58.0125701641842));
#3175=CARTESIAN_POINT('',(64.7906488086259,16.1240960046748,-58.0125701641842));
#3176=CARTESIAN_POINT('Origin',(62.1906488086259,16.1240960046748,-58.0125701641842));
#3177=CARTESIAN_POINT('',(63.5906488086259,16.1240960046748,-58.0125701641842));
#3178=CARTESIAN_POINT('Origin',(62.1906488086259,16.1240960046748,-58.0125701641842));
#3179=CARTESIAN_POINT('Origin',(62.1906488086259,7.62409600467475,-58.0125701641842));
#3180=CARTESIAN_POINT('',(64.7906488086259,10.1240960046748,-58.0125701641842));
#3181=CARTESIAN_POINT('',(64.7906488086259,7.62409600467475,-58.0125701641842));
#3182=CARTESIAN_POINT('Origin',(62.1906488086259,10.1240960046748,-58.0125701641842));
#3183=CARTESIAN_POINT('Origin',(62.1906488086259,7.62409600467475,-58.0125701641842));
#3184=CARTESIAN_POINT('',(63.5906488086259,12.1240960046748,-58.0125701641842));
#3185=CARTESIAN_POINT('Origin',(62.1906488086259,12.1240960046748,-58.0125701641842));
#3186=CARTESIAN_POINT('',(63.5906488086259,7.62409600467475,-58.0125701641842));
#3187=CARTESIAN_POINT('Origin',(62.0890488086259,7.62409600467477,45.4162298358158));
#3188=CARTESIAN_POINT('',(64.6890488086259,15.5140960046748,45.4162298358158));
#3189=CARTESIAN_POINT('Origin',(62.0890488086259,15.5140960046748,45.4162298358158));
#3190=CARTESIAN_POINT('',(64.6890488086259,10.1240960046748,45.4162298358158));
#3191=CARTESIAN_POINT('',(64.6890488086259,7.62409600467477,45.4162298358158));
#3192=CARTESIAN_POINT('Origin',(62.0890488086259,10.1240960046748,45.4162298358158));
#3193=CARTESIAN_POINT('Origin',(62.0890488086259,7.62409600467477,45.4162298358158));
#3194=CARTESIAN_POINT('',(63.4890488086259,12.1240960046748,45.4162298358158));
#3195=CARTESIAN_POINT('Origin',(62.0890488086259,12.1240960046748,45.4162298358158));
#3196=CARTESIAN_POINT('',(63.4890488086259,15.5140960046748,45.4162298358158));
#3197=CARTESIAN_POINT('',(63.4890488086259,7.62409600467477,45.4162298358158));
#3198=CARTESIAN_POINT('Origin',(62.0890488086259,15.5140960046748,45.4162298358158));
#3199=CARTESIAN_POINT('Origin',(0.392448808625954,12.1240960046748,-9.80337016418422));
#3200=CARTESIAN_POINT('Origin',(0.392448808625954,12.1240960046748,-9.80337016418422));
#3201=CARTESIAN_POINT('Origin',(0.392448808625954,12.1240960046748,-9.80337016418422));
#3202=CARTESIAN_POINT('Origin',(0.392448808625954,12.1240960046748,-9.80337016418422));
#3203=CARTESIAN_POINT('Origin',(62.0890488086259,15.5140960046748,45.4162298358158));
#3204=CARTESIAN_POINT('Origin',(-20.5954309888351,7.62409600467475,-68.4206489489506));
#3205=CARTESIAN_POINT('',(-20.5958876502407,10.1240960046748,-68.4205728387164));
#3206=CARTESIAN_POINT('',(-20.5958876502399,7.62409600467475,-68.4205728387165));
#3207=CARTESIAN_POINT('',(-20.5958876502418,8.37409600467475,-68.4205728387162));
#3208=CARTESIAN_POINT('',(-20.5791036974338,10.1240960046748,-68.4233701641842));
#3209=CARTESIAN_POINT('',(-15.1378634212675,10.1240960046748,-69.3302435435452));
#3210=CARTESIAN_POINT('',(-20.5791036974338,7.62409600467475,-68.4233701641842));
#3211=CARTESIAN_POINT('',(-20.5791036974338,7.62409600467475,-68.4233701641842));
#3212=CARTESIAN_POINT('',(-15.1378634212675,7.62409600467475,-69.3302435435452));
#3213=CARTESIAN_POINT('Origin',(0.392448808625954,7.62409600467475,-9.80337016418422));
#3214=CARTESIAN_POINT('',(70.297448808626,7.62409600467475,-59.3733701641842));
#3215=CARTESIAN_POINT('',(70.297448808626,7.62409600467477,46.1166298358158));
#3216=CARTESIAN_POINT('',(70.297448808626,7.62409600467477,20.6002466947306));
#3217=CARTESIAN_POINT('',(63.2974488086259,7.62409600467477,53.1166298358158));
#3218=CARTESIAN_POINT('Origin',(63.297448808626,7.62409600467476,46.1166298358158));
#3219=CARTESIAN_POINT('',(-62.512551191374,7.62409600467477,53.1166298358158));
#3220=CARTESIAN_POINT('',(-32.236199504053,7.62409600467477,53.1166298358158));
#3221=CARTESIAN_POINT('',(-69.512551191374,7.62409600467477,46.1166298358158));
#3222=CARTESIAN_POINT('Origin',(-62.512551191374,7.62409600467476,46.1166298358158));
#3223=CARTESIAN_POINT('',(-69.512551191374,7.62409600467475,-58.4954728921036));
#3224=CARTESIAN_POINT('',(-69.512551191374,7.62409600467475,-34.0097533052694));
#3225=CARTESIAN_POINT('',(-63.69529789715,7.62409600467475,-65.3948286757964));
#3226=CARTESIAN_POINT('Origin',(-62.512551191374,7.62409600467476,-58.4954728921036));
#3227=CARTESIAN_POINT('',(-20.9454725482211,7.62409600467475,-72.7233701641842));
#3228=CARTESIAN_POINT('',(-16.1360158164734,7.62409600467475,-73.5478484610552));
#3229=CARTESIAN_POINT('',(8.02548944062832,7.62409600467475,-72.7233701641842));
#3230=CARTESIAN_POINT('',(3.95880049594697,7.62409600467475,-72.7233701641842));
#3231=CARTESIAN_POINT('',(29.6154894406283,7.62409600467475,-66.3733701641842));
#3232=CARTESIAN_POINT('',(24.5260127781915,7.62409600467475,-67.8702750649009));
#3233=CARTESIAN_POINT('',(63.297448808626,7.62409600467475,-66.3733701641842));
#3234=CARTESIAN_POINT('',(33.168800495947,7.62409600467475,-66.3733701641842));
#3235=CARTESIAN_POINT('Origin',(63.297448808626,7.62409600467476,-59.3733701641842));
#3236=CARTESIAN_POINT('',(-20.5795699183451,7.62409600467475,-68.4233701641842));
#3237=CARTESIAN_POINT('',(3.95880049594697,7.62409600467475,-68.4233701641842));
#3238=CARTESIAN_POINT('',(-15.4094714114968,7.62409600467475,-69.3096727653582));
#3239=CARTESIAN_POINT('',(-65.212551191374,7.62409600467475,-60.7720019459507));
#3240=CARTESIAN_POINT('',(-15.4094714114968,7.62409600467475,-69.3096727653582));
#3241=CARTESIAN_POINT('',(-65.212551191374,7.62409600467475,-34.0097533052694));
#3242=CARTESIAN_POINT('Origin',(65.9974488086259,7.62409600467477,48.6166298358158));
#3243=CARTESIAN_POINT('',(65.9974488086259,9.35909600467475,27.0266298358158));
#3244=CARTESIAN_POINT('',(65.9974488086259,10.1240960046748,27.0266298358158));
#3245=CARTESIAN_POINT('',(65.9974488086259,10.1240960046748,27.0266298358158));
#3246=CARTESIAN_POINT('',(65.9974488086259,9.35909600467475,42.2666298358158));
#3247=CARTESIAN_POINT('',(65.9974488086259,9.35909600467475,42.2666298358158));
#3248=CARTESIAN_POINT('',(65.9974488086259,10.1240960046748,42.2666298358158));
#3249=CARTESIAN_POINT('',(65.9974488086259,10.1240960046748,42.2666298358158));
#3250=CARTESIAN_POINT('',(65.9974488086259,10.1240960046748,48.8166298358158));
#3251=CARTESIAN_POINT('',(65.9974488086259,10.1240960046748,19.4066298358158));
#3252=CARTESIAN_POINT('',(65.9974488086259,19.5240960046748,48.8166298358158));
#3253=CARTESIAN_POINT('',(65.9974488086259,7.62409600467477,48.8166298358158));
#3254=CARTESIAN_POINT('',(65.9974488086259,19.5240960046748,-62.0733701641842));
#3255=CARTESIAN_POINT('',(65.9974488086259,19.5240960046748,20.6002466947306));
#3256=CARTESIAN_POINT('',(65.9974488086259,10.1240960046748,-62.0733701641842));
#3257=CARTESIAN_POINT('',(65.9974488086259,7.62409600467476,-62.0733701641842));
#3258=CARTESIAN_POINT('',(65.9974488086259,10.1240960046748,19.4066298358158));
#3259=CARTESIAN_POINT('',(65.9974488086259,10.3640960046748,28.9466298358158));
#3260=CARTESIAN_POINT('',(65.9974488086259,9.36409600467477,29.9466298358158));
#3261=CARTESIAN_POINT('Origin',(65.9974488086259,10.3640960046748,29.9466298358158));
#3262=CARTESIAN_POINT('',(65.9974488086259,15.3640960046748,28.9466298358158));
#3263=CARTESIAN_POINT('',(65.9974488086259,8.61909600467477,28.9466298358158));
#3264=CARTESIAN_POINT('',(65.9974488086259,16.3640960046748,29.9466298358158));
#3265=CARTESIAN_POINT('Origin',(65.9974488086259,15.3640960046748,29.9466298358158));
#3266=CARTESIAN_POINT('',(65.9974488086259,16.3640960046748,39.3466298358158));
#3267=CARTESIAN_POINT('',(65.9974488086259,16.3640960046748,39.5316298358158));
#3268=CARTESIAN_POINT('',(65.9974488086259,15.3640960046748,40.3466298358158));
#3269=CARTESIAN_POINT('Origin',(65.9974488086259,15.3640960046748,39.3466298358158));
#3270=CARTESIAN_POINT('',(65.9974488086259,10.3640960046748,40.3466298358158));
#3271=CARTESIAN_POINT('',(65.9974488086259,11.8690960046748,40.3466298358158));
#3272=CARTESIAN_POINT('',(65.9974488086259,9.36409600467477,39.3466298358158));
#3273=CARTESIAN_POINT('Origin',(65.9974488086259,10.3640960046748,39.3466298358158));
#3274=CARTESIAN_POINT('',(65.9974488086259,9.36409600467477,43.7316298358158));
#3275=CARTESIAN_POINT('Origin',(29.0238820734243,7.62409600467475,-62.0652432644985));
#3276=CARTESIAN_POINT('',(7.4062506144927,10.1240960046748,-68.4233701641842));
#3277=CARTESIAN_POINT('',(28.9962506144927,10.1240960046748,-62.0733701641842));
#3278=CARTESIAN_POINT('',(22.921612965144,10.1240960046748,-63.8600282963456));
#3279=CARTESIAN_POINT('',(28.9962506144927,19.5240960046748,-62.0733701641842));
#3280=CARTESIAN_POINT('',(28.9962506144927,7.62409600467475,-62.0733701641842));
#3281=CARTESIAN_POINT('',(7.40625061449271,19.5240960046748,-68.4233701641842));
#3282=CARTESIAN_POINT('',(23.3126975850279,19.5240960046748,-63.7450034081445));
#3283=CARTESIAN_POINT('',(7.40625061449271,7.62409600467475,-68.4233701641842));
#3284=CARTESIAN_POINT('Origin',(70.297448808626,7.62409600467477,48.6166298358158));
#3285=CARTESIAN_POINT('',(70.297448808626,17.0240960046748,46.1166298358158));
#3286=CARTESIAN_POINT('',(70.297448808626,17.0240960046748,-59.3733701641842));
#3287=CARTESIAN_POINT('',(70.297448808626,17.0240960046748,20.6002466947306));
#3288=CARTESIAN_POINT('',(70.297448808626,7.62409600467477,46.1166298358158));
#3289=CARTESIAN_POINT('',(70.297448808626,7.62409600467476,-59.3733701641842));
#3290=CARTESIAN_POINT('',(70.297448808626,10.3640960046748,40.3466298358158));
#3291=CARTESIAN_POINT('',(70.297448808626,15.3640960046748,40.3466298358158));
#3292=CARTESIAN_POINT('',(70.297448808626,11.8690960046748,40.3466298358158));
#3293=CARTESIAN_POINT('',(70.297448808626,16.3640960046748,39.3466298358158));
#3294=CARTESIAN_POINT('Origin',(70.297448808626,15.3640960046748,39.3466298358158));
#3295=CARTESIAN_POINT('',(70.297448808626,16.3640960046748,29.9466298358158));
#3296=CARTESIAN_POINT('',(70.297448808626,16.3640960046748,39.5316298358158));
#3297=CARTESIAN_POINT('',(70.297448808626,15.3640960046748,28.9466298358158));
#3298=CARTESIAN_POINT('Origin',(70.297448808626,15.3640960046748,29.9466298358158));
#3299=CARTESIAN_POINT('',(70.297448808626,10.3640960046748,28.9466298358158));
#3300=CARTESIAN_POINT('',(70.297448808626,8.61909600467477,28.9466298358158));
#3301=CARTESIAN_POINT('',(70.297448808626,9.36409600467477,29.9466298358158));
#3302=CARTESIAN_POINT('Origin',(70.297448808626,10.3640960046748,29.9466298358158));
#3303=CARTESIAN_POINT('',(70.297448808626,9.36409600467477,39.3466298358158));
#3304=CARTESIAN_POINT('',(70.297448808626,9.36409600467477,43.7316298358158));
#3305=CARTESIAN_POINT('Origin',(70.297448808626,10.3640960046748,39.3466298358158));
#3306=CARTESIAN_POINT('Origin',(63.297448808626,7.62409600467476,-59.3733701641842));
#3307=CARTESIAN_POINT('',(63.297448808626,17.0240960046748,-66.3733701641842));
#3308=CARTESIAN_POINT('Origin',(63.297448808626,17.0240960046748,-59.3733701641842));
#3309=CARTESIAN_POINT('',(63.297448808626,7.62409600467476,-66.3733701641842));
#3310=CARTESIAN_POINT('Origin',(30.2371972665879,7.62409600467475,-66.1905149212549));
#3311=CARTESIAN_POINT('',(29.6154894406283,17.0240960046748,-66.3733701641842));
#3312=CARTESIAN_POINT('',(8.0254894406283,17.0240960046748,-72.7233701641842));
#3313=CARTESIAN_POINT('',(24.5260127781915,17.0240960046748,-67.8702750649009));
#3314=CARTESIAN_POINT('',(29.6154894406283,7.62409600467475,-66.3733701641842));
#3315=CARTESIAN_POINT('',(8.0254894406283,7.62409600467475,-72.7233701641842));
#3316=CARTESIAN_POINT('Origin',(65.7974488086259,7.62409600467475,-66.3733701641842));
#3317=CARTESIAN_POINT('',(33.168800495947,17.0240960046748,-66.3733701641842));
#3318=CARTESIAN_POINT('Origin',(7.37744880862593,7.62409600467475,-72.7233701641842));
#3319=CARTESIAN_POINT('',(-20.9454725482211,17.0240960046748,-72.7233701641842));
#3320=CARTESIAN_POINT('',(3.95880049594697,17.0240960046748,-72.7233701641842));
#3321=CARTESIAN_POINT('',(-20.9454725482211,7.62409600467475,-72.7233701641842));
#3322=CARTESIAN_POINT('Origin',(0.540152183268017,19.5240960046748,-7.41613644635462));
#3323=CARTESIAN_POINT('',(-63.2728883593728,19.5240960046748,-62.9307730387632));
#3324=CARTESIAN_POINT('',(-20.7327384610839,19.5240960046748,-70.2233701641842));
#3325=CARTESIAN_POINT('',(-15.7136062786963,19.5240960046748,-71.0837928240221));
#3326=CARTESIAN_POINT('',(-67.012551191374,19.5240960046748,-58.4954728921036));
#3327=CARTESIAN_POINT('Origin',(-62.512551191374,19.5240960046748,-58.4954728921036));
#3328=CARTESIAN_POINT('',(-67.012551191374,19.5240960046748,46.1166298358158));
#3329=CARTESIAN_POINT('',(-67.012551191374,19.5240960046748,-34.0097533052694));
#3330=CARTESIAN_POINT('',(-62.512551191374,19.5240960046748,50.6166298358158));
#3331=CARTESIAN_POINT('Origin',(-62.512551191374,19.5240960046748,46.1166298358158));
#3332=CARTESIAN_POINT('',(63.2974488086259,19.5240960046748,50.6166298358158));
#3333=CARTESIAN_POINT('',(-32.236199504053,19.5240960046748,50.6166298358158));
#3334=CARTESIAN_POINT('',(67.7974488086259,19.5240960046748,46.1166298358158));
#3335=CARTESIAN_POINT('Origin',(63.297448808626,19.5240960046748,46.1166298358158));
#3336=CARTESIAN_POINT('',(67.797448808626,19.5240960046748,-59.3733701641842));
#3337=CARTESIAN_POINT('',(67.797448808626,19.5240960046748,20.6002466947306));
#3338=CARTESIAN_POINT('',(63.297448808626,19.5240960046748,-63.8733701641842));
#3339=CARTESIAN_POINT('Origin',(63.297448808626,19.5240960046748,-59.3733701641842));
#3340=CARTESIAN_POINT('',(29.2554668672937,19.5240960046748,-63.8733701641842));
#3341=CARTESIAN_POINT('',(33.168800495947,19.5240960046748,-63.8733701641842));
#3342=CARTESIAN_POINT('',(7.66546686729365,19.5240960046748,-70.2233701641842));
#3343=CARTESIAN_POINT('',(23.8205969682127,19.5240960046748,-65.4718613109728));
#3344=CARTESIAN_POINT('',(3.95880049594697,19.5240960046748,-70.2233701641842));
#3345=CARTESIAN_POINT('',(-65.212551191374,19.5240960046748,-60.7720019459507));
#3346=CARTESIAN_POINT('',(-20.5795699183451,19.5240960046748,-68.4233701641842));
#3347=CARTESIAN_POINT('',(-15.4094714114968,19.5240960046748,-69.3096727653582));
#3348=CARTESIAN_POINT('',(3.95880049594697,19.5240960046748,-68.4233701641842));
#3349=CARTESIAN_POINT('',(33.168800495947,19.5240960046748,-62.0733701641842));
#3350=CARTESIAN_POINT('',(-65.212551191374,19.5240960046748,48.8166298358158));
#3351=CARTESIAN_POINT('',(-32.236199504053,19.5240960046748,48.8166298358158));
#3352=CARTESIAN_POINT('',(-65.212551191374,19.5240960046748,-34.0097533052694));
#3353=CARTESIAN_POINT('Origin',(-21.3228883593729,7.62409600467475,-72.6586703108439));
#3354=CARTESIAN_POINT('',(-63.69529789715,17.0240960046748,-65.3948286757964));
#3355=CARTESIAN_POINT('',(-16.1360158164734,17.0240960046748,-73.5478484610552));
#3356=CARTESIAN_POINT('',(-63.69529789715,7.62409600467475,-65.3948286757964));
#3357=CARTESIAN_POINT('Origin',(-62.512551191374,7.62409600467475,-58.4954728921036));
#3358=CARTESIAN_POINT('',(-69.512551191374,17.0240960046748,-58.4954728921036));
#3359=CARTESIAN_POINT('Origin',(-62.512551191374,17.0240960046748,-58.4954728921036));
#3360=CARTESIAN_POINT('',(-69.512551191374,7.62409600467475,-58.4954728921036));
#3361=CARTESIAN_POINT('Origin',(-69.512551191374,7.62409600467475,-60.6033701641842));
#3362=CARTESIAN_POINT('',(-69.512551191374,17.0240960046748,46.1166298358158));
#3363=CARTESIAN_POINT('',(-69.512551191374,17.0240960046748,-34.0097533052694));
#3364=CARTESIAN_POINT('',(-69.512551191374,7.62409600467476,46.1166298358158));
#3365=CARTESIAN_POINT('Origin',(-62.512551191374,7.62409600467476,46.1166298358158));
#3366=CARTESIAN_POINT('',(-62.512551191374,17.0240960046748,53.1166298358158));
#3367=CARTESIAN_POINT('Origin',(-62.512551191374,17.0240960046748,46.1166298358158));
#3368=CARTESIAN_POINT('',(-62.512551191374,7.62409600467476,53.1166298358158));
#3369=CARTESIAN_POINT('Origin',(-65.012551191374,7.62409600467477,53.1166298358158));
#3370=CARTESIAN_POINT('',(63.297448808626,17.0240960046748,53.1166298358158));
#3371=CARTESIAN_POINT('',(-32.236199504053,17.0240960046748,53.1166298358158));
#3372=CARTESIAN_POINT('',(63.297448808626,7.62409600467477,53.1166298358158));
#3373=CARTESIAN_POINT('Origin',(63.297448808626,7.62409600467477,46.1166298358158));
#3374=CARTESIAN_POINT('Origin',(63.297448808626,17.0240960046748,46.1166298358158));
#3375=CARTESIAN_POINT('Origin',(3.95880049594697,17.0240960046748,-70.2233701641842));
#3376=CARTESIAN_POINT('Origin',(-20.7327384610839,17.0240960046748,-70.2233701641842));
#3377=CARTESIAN_POINT('Origin',(7.66546686729365,17.0240960046748,-70.2233701641842));
#3378=CARTESIAN_POINT('Origin',(33.168800495947,17.0240960046748,-63.8733701641842));
#3379=CARTESIAN_POINT('Origin',(63.297448808626,17.0240960046748,-63.8733701641842));
#3380=CARTESIAN_POINT('Origin',(29.2554668672937,17.0240960046748,-63.8733701641842));
#3381=CARTESIAN_POINT('Origin',(63.297448808626,17.0240960046748,-59.3733701641842));
#3382=CARTESIAN_POINT('Origin',(67.797448808626,17.0240960046748,-59.3733701641842));
#3383=CARTESIAN_POINT('Origin',(67.797448808626,17.0240960046748,20.6002466947306));
#3384=CARTESIAN_POINT('Origin',(67.7974488086259,17.0240960046748,46.1166298358158));
#3385=CARTESIAN_POINT('Origin',(63.297448808626,17.0240960046748,46.1166298358158));
#3386=CARTESIAN_POINT('Origin',(63.2974488086259,17.0240960046748,50.6166298358158));
#3387=CARTESIAN_POINT('Origin',(-32.236199504053,17.0240960046748,50.6166298358158));
#3388=CARTESIAN_POINT('Origin',(-62.512551191374,17.0240960046748,50.6166298358158));
#3389=CARTESIAN_POINT('Origin',(-62.512551191374,17.0240960046748,46.1166298358158));
#3390=CARTESIAN_POINT('Origin',(-67.012551191374,17.0240960046748,46.1166298358158));
#3391=CARTESIAN_POINT('Origin',(-67.012551191374,17.0240960046748,-34.0097533052694));
#3392=CARTESIAN_POINT('Origin',(-67.012551191374,17.0240960046748,-58.4954728921036));
#3393=CARTESIAN_POINT('Origin',(-62.512551191374,17.0240960046748,-58.4954728921036));
#3394=CARTESIAN_POINT('Origin',(-63.2728883593728,17.0240960046748,-62.9307730387632));
#3395=CARTESIAN_POINT('Origin',(-15.7136062786963,17.0240960046748,-71.0837928240221));
#3396=CARTESIAN_POINT('Origin',(23.8205969682127,17.0240960046748,-65.4718613109728));
#3397=CARTESIAN_POINT('Origin',(64.833448808626,9.36409600467477,38.8466298358158));
#3398=CARTESIAN_POINT('',(64.833448808626,9.36409600467477,39.3466298358158));
#3399=CARTESIAN_POINT('',(64.833448808626,9.36409600467477,29.9466298358158));
#3400=CARTESIAN_POINT('Origin',(64.833448808626,10.3640960046748,29.9466298358158));
#3401=CARTESIAN_POINT('',(64.833448808626,10.3640960046748,28.9466298358158));
#3402=CARTESIAN_POINT('Origin',(64.833448808626,9.61409600467477,28.9466298358158));
#3403=CARTESIAN_POINT('',(64.833448808626,15.3640960046748,28.9466298358158));
#3404=CARTESIAN_POINT('Origin',(64.833448808626,15.3640960046748,29.9466298358158));
#3405=CARTESIAN_POINT('',(64.833448808626,16.3640960046748,29.9466298358158));
#3406=CARTESIAN_POINT('Origin',(64.833448808626,16.1140960046748,40.3466298358158));
#3407=CARTESIAN_POINT('',(64.833448808626,15.3640960046748,40.3466298358158));
#3408=CARTESIAN_POINT('',(64.833448808626,10.3640960046748,40.3466298358158));
#3409=CARTESIAN_POINT('Origin',(64.833448808626,10.3640960046748,39.3466298358158));
#3410=CARTESIAN_POINT('Origin',(64.833448808626,16.3640960046748,30.4466298358158));
#3411=CARTESIAN_POINT('',(64.833448808626,16.3640960046748,39.3466298358158));
#3412=CARTESIAN_POINT('Origin',(64.833448808626,15.3640960046748,39.3466298358158));
#3413=CARTESIAN_POINT('Origin',(7.37744880862593,7.62409600467475,-68.4233701641842));
#3414=CARTESIAN_POINT('',(3.88494880862594,10.1240960046748,-68.4233701641842));
#3415=CARTESIAN_POINT('',(-20.5795699183451,7.62409600467475,-68.4233701641842));
#3416=CARTESIAN_POINT('Origin',(-20.5963439543962,7.62409600467475,-68.4204946151469));
#3417=CARTESIAN_POINT('',(-65.212551191374,7.62409600467475,-60.7720019459507));
#3418=CARTESIAN_POINT('',(-15.2824363413907,10.1240960046748,-69.3314502059478));
#3419=CARTESIAN_POINT('Origin',(-65.212551191374,7.62409600467475,-60.6033701641842));
#3420=CARTESIAN_POINT('',(-65.212551191374,10.1240960046748,48.8166298358158));
#3421=CARTESIAN_POINT('',(-65.212551191374,10.1240960046748,-35.2033701641842));
#3422=CARTESIAN_POINT('',(-65.212551191374,7.62409600467476,48.8166298358158));
#3423=CARTESIAN_POINT('Origin',(-65.012551191374,7.62409600467477,48.8166298358158));
#3424=CARTESIAN_POINT('',(-32.310051191374,10.1240960046748,48.8166298358158));
#3425=CARTESIAN_POINT('Origin',(65.7974488086259,7.62409600467475,-62.0733701641842));
#3426=CARTESIAN_POINT('',(33.094948808626,10.1240960046748,-62.0733701641842));
#3427=CARTESIAN_POINT('Origin',(0.392448808625954,10.1240960046748,-9.80337016418422));
#3428=CARTESIAN_POINT('',(-48.4113373194221,10.1240960046748,39.7741950020416));
#3429=CARTESIAN_POINT('',(-48.3327313093944,10.1240960046748,40.785264806024));
#3430=CARTESIAN_POINT('Ctrl Pts',(-48.4113373194221,10.1240960046748,39.7741950020416));
#3431=CARTESIAN_POINT('Ctrl Pts',(-48.4124891624553,10.1240960046748,39.7739389117425));
#3432=CARTESIAN_POINT('Ctrl Pts',(-48.4155880950941,10.1240960046748,39.7754608697477));
#3433=CARTESIAN_POINT('Ctrl Pts',(-48.4226223484567,10.1240960046748,39.7838463262867));
#3434=CARTESIAN_POINT('Ctrl Pts',(-48.4367915467994,10.1240960046748,39.8072808839184));
#3435=CARTESIAN_POINT('Ctrl Pts',(-48.4623359479492,10.1240960046748,39.8570095994359));
#3436=CARTESIAN_POINT('Ctrl Pts',(-48.495038072053,10.1240960046748,39.9266759300238));
#3437=CARTESIAN_POINT('Ctrl Pts',(-48.5334142005421,10.1240960046748,40.0149034316972));
#3438=CARTESIAN_POINT('Ctrl Pts',(-48.5747445730114,10.1240960046748,40.1189186398641));
#3439=CARTESIAN_POINT('Ctrl Pts',(-48.6150280426416,10.1240960046748,40.2343892421934));
#3440=CARTESIAN_POINT('Ctrl Pts',(-48.649791213362,10.1240960046748,40.3560658425458));
#3441=CARTESIAN_POINT('Ctrl Pts',(-48.6746947687849,10.1240960046748,40.4782231961854));
#3442=CARTESIAN_POINT('Ctrl Pts',(-48.6862614305417,10.1240960046748,40.5951791321484));
#3443=CARTESIAN_POINT('Ctrl Pts',(-48.6824878378931,10.1240960046748,40.7017383443566));
#3444=CARTESIAN_POINT('Ctrl Pts',(-48.6637586114637,10.1240960046748,40.7937743844575));
#3445=CARTESIAN_POINT('Ctrl Pts',(-48.6324591131677,10.1240960046748,40.8682311436411));
#3446=CARTESIAN_POINT('Ctrl Pts',(-48.5920961114768,10.1240960046748,40.9229062178994));
#3447=CARTESIAN_POINT('Ctrl Pts',(-48.5465883702963,10.1240960046748,40.9563397201002));
#3448=CARTESIAN_POINT('Ctrl Pts',(-48.4995615512204,10.1240960046748,40.9676862763405));
#3449=CARTESIAN_POINT('Ctrl Pts',(-48.4535107569865,10.1240960046748,40.9566475820063));
#3450=CARTESIAN_POINT('Ctrl Pts',(-48.4098463228379,10.1240960046748,40.9232973271668));
#3451=CARTESIAN_POINT('Ctrl Pts',(-48.3773703144963,10.1240960046748,40.8789687254952));
#3452=CARTESIAN_POINT('Ctrl Pts',(-48.3544818082599,10.1240960046748,40.8359151492997));
#3453=CARTESIAN_POINT('Ctrl Pts',(-48.3398731035578,10.1240960046748,40.8028717554052));
#3454=CARTESIAN_POINT('Ctrl Pts',(-48.3327313093944,10.1240960046748,40.785264806024));
#3455=CARTESIAN_POINT('Ctrl Pts',(-48.3327313093944,10.1240960046748,40.785264806024));
#3456=CARTESIAN_POINT('Ctrl Pts',(-48.3331155824653,10.1240960046748,40.7639622841469));
#3457=CARTESIAN_POINT('Ctrl Pts',(-48.3339876700293,10.1240960046748,40.721451479206));
#3458=CARTESIAN_POINT('Ctrl Pts',(-48.3356064151764,10.1240960046748,40.65796797871));
#3459=CARTESIAN_POINT('Ctrl Pts',(-48.3383962804859,10.1240960046748,40.5738981096851));
#3460=CARTESIAN_POINT('Ctrl Pts',(-48.3430077787555,10.1240960046748,40.4698339400439));
#3461=CARTESIAN_POINT('Ctrl Pts',(-48.3488445593236,10.1240960046748,40.366884968034));
#3462=CARTESIAN_POINT('Ctrl Pts',(-48.3560076364326,10.1240960046748,40.2651431323356));
#3463=CARTESIAN_POINT('Ctrl Pts',(-48.3645540080687,10.1240960046748,40.1646603099835));
#3464=CARTESIAN_POINT('Ctrl Pts',(-48.3744312598983,10.1240960046748,40.0653887957694));
#3465=CARTESIAN_POINT('Ctrl Pts',(-48.3855399286459,10.1240960046748,39.9672380626245));
#3466=CARTESIAN_POINT('Ctrl Pts',(-48.3953316631185,10.1240960046748,39.8895409844605));
#3467=CARTESIAN_POINT('Ctrl Pts',(-48.403152138747,10.1240960046748,39.8317020240731));
#3468=CARTESIAN_POINT('Ctrl Pts',(-48.4085741912305,10.1240960046748,39.793332395463));
#3469=CARTESIAN_POINT('Ctrl Pts',(-48.4113373194221,10.1240960046748,39.7741950020416));
#3470=CARTESIAN_POINT('Origin',(0.392448808625954,10.1240960046748,-9.80337016418422));
#3471=CARTESIAN_POINT('',(-35.0710162932288,10.1240960046748,40.8794877348053));
#3472=CARTESIAN_POINT('Ctrl Pts',(-35.0710162932288,10.1240960046748,40.8794877348053));
#3473=CARTESIAN_POINT('Ctrl Pts',(-35.0698383950505,10.1240960046748,40.8988274735142));
#3474=CARTESIAN_POINT('Ctrl Pts',(-35.0661959141122,10.1240960046748,40.936158214411));
#3475=CARTESIAN_POINT('Ctrl Pts',(-35.0567648295811,10.1240960046748,40.9879376485855));
#3476=CARTESIAN_POINT('Ctrl Pts',(-35.0356496490361,10.1240960046748,41.0487609017351));
#3477=CARTESIAN_POINT('Ctrl Pts',(-34.9931443017441,10.1240960046748,41.1141044459109));
#3478=CARTESIAN_POINT('Ctrl Pts',(-34.9328192083623,10.1240960046748,41.1720905276014));
#3479=CARTESIAN_POINT('Ctrl Pts',(-34.8536351405465,10.1240960046748,41.2245184062454));
#3480=CARTESIAN_POINT('Ctrl Pts',(-34.755807364958,10.1240960046748,41.2690823717414));
#3481=CARTESIAN_POINT('Ctrl Pts',(-34.6410922383264,10.1240960046748,41.2994191645463));
#3482=CARTESIAN_POINT('Ctrl Pts',(-34.5127500383765,10.1240960046748,41.3078328809901));
#3483=CARTESIAN_POINT('Ctrl Pts',(-34.3756215696692,10.1240960046748,41.287363933124));
#3484=CARTESIAN_POINT('Ctrl Pts',(-34.236122498874,10.1240960046748,41.2339784655913));
#3485=CARTESIAN_POINT('Ctrl Pts',(-34.1023840113212,10.1240960046748,41.1490729106152));
#3486=CARTESIAN_POINT('Ctrl Pts',(-33.9840148289079,10.1240960046748,41.0407617336622));
#3487=CARTESIAN_POINT('Ctrl Pts',(-33.8904809216329,10.1240960046748,40.9205173326271));
#3488=CARTESIAN_POINT('Ctrl Pts',(-33.8297542218304,10.1240960046748,40.8006562295626));
#3489=CARTESIAN_POINT('Ctrl Pts',(-33.8067491475898,10.1240960046748,40.6913363605423));
#3490=CARTESIAN_POINT('Ctrl Pts',(-33.822067577095,10.1240960046748,40.5981353764347));
#3491=CARTESIAN_POINT('Ctrl Pts',(-33.8700049954368,10.1240960046748,40.5184042172107));
#3492=CARTESIAN_POINT('Ctrl Pts',(-33.9399522730937,10.1240960046748,40.4431794382049));
#3493=CARTESIAN_POINT('Ctrl Pts',(-34.0192895237793,10.1240960046748,40.3615151823218));
#3494=CARTESIAN_POINT('Ctrl Pts',(-34.095910216214,10.1240960046748,40.264250907797));
#3495=CARTESIAN_POINT('Ctrl Pts',(-34.1606389640119,10.1240960046748,40.1475376982031));
#3496=CARTESIAN_POINT('Ctrl Pts',(-34.2103550512149,10.1240960046748,40.0176942187865));
#3497=CARTESIAN_POINT('Ctrl Pts',(-34.2474421339069,10.1240960046748,39.8892608941785));
#3498=CARTESIAN_POINT('Ctrl Pts',(-34.2774825772152,10.1240960046748,39.7798738273107));
#3499=CARTESIAN_POINT('Ctrl Pts',(-34.3074542627771,10.1240960046748,39.7059234339895));
#3500=CARTESIAN_POINT('Ctrl Pts',(-34.3438809875487,10.1240960046748,39.6784177171565));
#3501=CARTESIAN_POINT('Ctrl Pts',(-34.3906223041336,10.1240960046748,39.6974173389458));
#3502=CARTESIAN_POINT('Ctrl Pts',(-34.4484801489927,10.1240960046748,39.752856637447));
#3503=CARTESIAN_POINT('Ctrl Pts',(-34.5162014347883,10.1240960046748,39.8303029356994));
#3504=CARTESIAN_POINT('Ctrl Pts',(-34.5910477257243,10.1240960046748,39.9150259070082));
#3505=CARTESIAN_POINT('Ctrl Pts',(-34.6695652916287,10.1240960046748,39.9972491548892));
#3506=CARTESIAN_POINT('Ctrl Pts',(-34.7481738418246,10.1240960046748,40.0754069803588));
#3507=CARTESIAN_POINT('Ctrl Pts',(-34.8233676912721,10.1240960046748,40.1527607769862));
#3508=CARTESIAN_POINT('Ctrl Pts',(-34.8919724370613,10.1240960046748,40.2349746183847));
#3509=CARTESIAN_POINT('Ctrl Pts',(-34.9513709531464,10.1240960046748,40.3274101423877));
#3510=CARTESIAN_POINT('Ctrl Pts',(-34.9997701580934,10.1240960046748,40.432356756987));
#3511=CARTESIAN_POINT('Ctrl Pts',(-35.03638018523,10.1240960046748,40.54682530692));
#3512=CARTESIAN_POINT('Ctrl Pts',(-35.0609961025111,10.1240960046748,40.6648072544466));
#3513=CARTESIAN_POINT('Ctrl Pts',(-35.0711142265105,10.1240960046748,40.7562017193057));
#3514=CARTESIAN_POINT('Ctrl Pts',(-35.0732633031824,10.1240960046748,40.8201197821577));
#3515=CARTESIAN_POINT('Ctrl Pts',(-35.0721941914072,10.1240960046748,40.8601479960964));
#3516=CARTESIAN_POINT('Ctrl Pts',(-35.0710162932288,10.1240960046748,40.8794877348053));
#3517=CARTESIAN_POINT('Origin',(0.392448808625954,10.1240960046748,-9.80337016418422));
#3518=CARTESIAN_POINT('',(-26.7485553768408,10.1240960046748,38.3235004363923));
#3519=CARTESIAN_POINT('',(-26.7500234473011,10.1240960046748,38.3008937264305));
#3520=CARTESIAN_POINT('Ctrl Pts',(-26.7485553768408,10.1240960046748,38.3235004363923));
#3521=CARTESIAN_POINT('Ctrl Pts',(-26.7486833568025,10.1240960046748,38.3189319090415));
#3522=CARTESIAN_POINT('Ctrl Pts',(-26.7488941536756,10.1240960046748,38.3143869742857));
#3523=CARTESIAN_POINT('Ctrl Pts',(-26.7491877676646,10.1240960046748,38.3098656320307));
#3524=CARTESIAN_POINT('Ctrl Pts',(-26.7495641993374,10.1240960046748,38.3053678823763));
#3525=CARTESIAN_POINT('Ctrl Pts',(-26.7500234473012,10.1240960046748,38.3008937264305));
#3526=CARTESIAN_POINT('Ctrl Pts',(-26.7500234473011,10.1240960046748,38.3008937264305));
#3527=CARTESIAN_POINT('Ctrl Pts',(-26.7497620322242,10.1240960046748,38.3053962755688));
#3528=CARTESIAN_POINT('Ctrl Pts',(-26.7494845174643,10.1240960046748,38.3099082212448));
#3529=CARTESIAN_POINT('Ctrl Pts',(-26.7491909032481,10.1240960046748,38.3144295632887));
#3530=CARTESIAN_POINT('Ctrl Pts',(-26.7488811897039,10.1240960046748,38.318960301657));
#3531=CARTESIAN_POINT('Ctrl Pts',(-26.7485553768408,10.1240960046748,38.3235004363923));
#3532=CARTESIAN_POINT('Origin',(-31.3528606160603,9.62409600467475,40.9667010016053));
#3533=CARTESIAN_POINT('',(-26.7500234473011,9.62409600467475,38.3008937264305));
#3534=CARTESIAN_POINT('',(-23.8442449604954,9.62409600467475,39.2112809130045));
#3535=CARTESIAN_POINT('Ctrl Pts',(-26.7500234473011,9.62409600467475,38.3008937264305));
#3536=CARTESIAN_POINT('Ctrl Pts',(-26.7522047888958,9.62409600467475,38.2633228340727));
#3537=CARTESIAN_POINT('Ctrl Pts',(-26.7544525569228,9.62409600467475,38.1850654391419));
#3538=CARTESIAN_POINT('Ctrl Pts',(-26.7501882854865,9.62409600467475,38.0699611966067));
#3539=CARTESIAN_POINT('Ctrl Pts',(-26.7285976383861,9.62409600467475,37.9243327996393));
#3540=CARTESIAN_POINT('Ctrl Pts',(-26.6746673059646,9.62409600467475,37.7573890695818));
#3541=CARTESIAN_POINT('Ctrl Pts',(-26.5917180293063,9.62409600467475,37.6049831903935));
#3542=CARTESIAN_POINT('Ctrl Pts',(-26.4816765339497,9.62409600467475,37.4731956304318));
#3543=CARTESIAN_POINT('Ctrl Pts',(-26.3459812634873,9.62409600467475,37.3661428373801));
#3544=CARTESIAN_POINT('Ctrl Pts',(-26.1866530460395,9.62409600467475,37.2884913019686));
#3545=CARTESIAN_POINT('Ctrl Pts',(-26.0061067156799,9.62409600467475,37.2438229245713));
#3546=CARTESIAN_POINT('Ctrl Pts',(-25.8069933452001,9.62409600467475,37.2333230973877));
#3547=CARTESIAN_POINT('Ctrl Pts',(-25.5920375955843,9.62409600467475,37.2539263297595));
#3548=CARTESIAN_POINT('Ctrl Pts',(-25.3638607781198,9.62409600467475,37.2988626345347));
#3549=CARTESIAN_POINT('Ctrl Pts',(-25.1247976697743,9.62409600467475,37.3591721340278));
#3550=CARTESIAN_POINT('Ctrl Pts',(-24.8767090698764,9.62409600467475,37.4248975796573));
#3551=CARTESIAN_POINT('Ctrl Pts',(-24.6208103385718,9.62409600467475,37.4863903545437));
#3552=CARTESIAN_POINT('Ctrl Pts',(-24.3574503268193,9.62409600467475,37.5355965416396));
#3553=CARTESIAN_POINT('Ctrl Pts',(-24.0865481982505,9.62409600467475,37.5667723934595));
#3554=CARTESIAN_POINT('Ctrl Pts',(-23.8080804164987,9.62409600467475,37.5770979467002));
#3555=CARTESIAN_POINT('Ctrl Pts',(-23.5225643639824,9.62409600467475,37.5674359543651));
#3556=CARTESIAN_POINT('Ctrl Pts',(-23.2315143228278,9.62409600467475,37.5428447236052));
#3557=CARTESIAN_POINT('Ctrl Pts',(-22.9379957040743,9.62409600467475,37.513738396373));
#3558=CARTESIAN_POINT('Ctrl Pts',(-22.6467707155042,9.62409600467475,37.4944283766577));
#3559=CARTESIAN_POINT('Ctrl Pts',(-22.3641740416551,9.62409600467475,37.5000413161184));
#3560=CARTESIAN_POINT('Ctrl Pts',(-22.0980913118926,9.62409600467475,37.5438442833456));
#3561=CARTESIAN_POINT('Ctrl Pts',(-21.8578733773873,9.62409600467475,37.634585481287));
#3562=CARTESIAN_POINT('Ctrl Pts',(-21.6543555597374,9.62409600467475,37.7733447495934));
#3563=CARTESIAN_POINT('Ctrl Pts',(-21.499618238461,9.62409600467475,37.9519817860523));
#3564=CARTESIAN_POINT('Ctrl Pts',(-21.4059745977411,9.62409600467475,38.1568024181173));
#3565=CARTESIAN_POINT('Ctrl Pts',(-21.3850470923196,9.62409600467475,38.3713997937161));
#3566=CARTESIAN_POINT('Ctrl Pts',(-21.4468813967452,9.62409600467475,38.5795961250281));
#3567=CARTESIAN_POINT('Ctrl Pts',(-21.5988238469846,9.62409600467475,38.7688431430419));
#3568=CARTESIAN_POINT('Ctrl Pts',(-21.8456545000044,9.62409600467475,38.9305273636711));
#3569=CARTESIAN_POINT('Ctrl Pts',(-22.1902188325605,9.62409600467475,39.0589966472092));
#3570=CARTESIAN_POINT('Ctrl Pts',(-22.6338761034122,9.62409600467475,39.1510237223527));
#3571=CARTESIAN_POINT('Ctrl Pts',(-23.0683781884446,9.62409600467475,39.1942890595554));
#3572=CARTESIAN_POINT('Ctrl Pts',(-23.4389522455055,9.62409600467475,39.2094855568205));
#3573=CARTESIAN_POINT('Ctrl Pts',(-23.7058408521971,9.62409600467475,39.2119587532521));
#3574=CARTESIAN_POINT('Ctrl Pts',(-23.8442449604954,9.62409600467475,39.2112809130045));
#3575=CARTESIAN_POINT('',(-26.7485553768408,9.62409600467475,38.3235004363923));
#3576=CARTESIAN_POINT('Ctrl Pts',(-26.7485553768408,9.62409600467475,38.3235004363923));
#3577=CARTESIAN_POINT('Ctrl Pts',(-26.7486833568025,9.62409600467475,38.3189319090415));
#3578=CARTESIAN_POINT('Ctrl Pts',(-26.7488941536756,9.62409600467475,38.3143869742857));
#3579=CARTESIAN_POINT('Ctrl Pts',(-26.7491877676646,9.62409600467475,38.3098656320307));
#3580=CARTESIAN_POINT('Ctrl Pts',(-26.7495641993374,9.62409600467475,38.3053678823763));
#3581=CARTESIAN_POINT('Ctrl Pts',(-26.7500234473012,9.62409600467475,38.3008937264305));
#3582=CARTESIAN_POINT('Ctrl Pts',(-26.7500234473011,9.62409600467475,38.3008937264305));
#3583=CARTESIAN_POINT('Ctrl Pts',(-26.7497620322242,9.62409600467475,38.3053962755688));
#3584=CARTESIAN_POINT('Ctrl Pts',(-26.7494845174643,9.62409600467475,38.3099082212448));
#3585=CARTESIAN_POINT('Ctrl Pts',(-26.7491909032481,9.62409600467475,38.3144295632887));
#3586=CARTESIAN_POINT('Ctrl Pts',(-26.7488811897039,9.62409600467475,38.318960301657));
#3587=CARTESIAN_POINT('Ctrl Pts',(-26.7485553768408,9.62409600467475,38.3235004363923));
#3588=CARTESIAN_POINT('',(-31.8412453532209,9.62409600467475,41.0203412752804));
#3589=CARTESIAN_POINT('Ctrl Pts',(-31.8412453532209,9.62409600467475,41.0203412752804));
#3590=CARTESIAN_POINT('Ctrl Pts',(-31.8335474235099,9.62409600467475,40.9937843880844));
#3591=CARTESIAN_POINT('Ctrl Pts',(-31.8181945905777,9.62409600467475,40.9401068477394));
#3592=CARTESIAN_POINT('Ctrl Pts',(-31.7952944376752,9.62409600467475,40.8578993890417));
#3593=CARTESIAN_POINT('Ctrl Pts',(-31.7650190319973,9.62409600467475,40.7449047267094));
#3594=CARTESIAN_POINT('Ctrl Pts',(-31.7274872643923,9.62409600467475,40.597836596869));
#3595=CARTESIAN_POINT('Ctrl Pts',(-31.6899110671002,9.62409600467475,40.4443797429397));
#3596=CARTESIAN_POINT('Ctrl Pts',(-31.6515804854233,9.62409600467475,40.2834571564401));
#3597=CARTESIAN_POINT('Ctrl Pts',(-31.6112992346264,9.62409600467475,40.1131789668633));
#3598=CARTESIAN_POINT('Ctrl Pts',(-31.5673389178933,9.62409600467475,39.9312733393029));
#3599=CARTESIAN_POINT('Ctrl Pts',(-31.5174523704279,9.62409600467475,39.7359056700063));
#3600=CARTESIAN_POINT('Ctrl Pts',(-31.458851439072,9.62409600467475,39.5264136647019));
#3601=CARTESIAN_POINT('Ctrl Pts',(-31.3882357530403,9.62409600467475,39.3040014667073));
#3602=CARTESIAN_POINT('Ctrl Pts',(-31.3017091611862,9.62409600467475,39.0726412996299));
#3603=CARTESIAN_POINT('Ctrl Pts',(-31.195067345257,9.62409600467475,38.8392155759704));
#3604=CARTESIAN_POINT('Ctrl Pts',(-31.0646211406899,9.62409600467475,38.6125552827844));
#3605=CARTESIAN_POINT('Ctrl Pts',(-30.907881078152,9.62409600467475,38.4027498642758));
#3606=CARTESIAN_POINT('Ctrl Pts',(-30.7243198576885,9.62409600467475,38.2203487565363));
#3607=CARTESIAN_POINT('Ctrl Pts',(-30.5160575418171,9.62409600467475,38.0756113619471));
#3608=CARTESIAN_POINT('Ctrl Pts',(-30.2886949771051,9.62409600467475,37.9777331550998));
#3609=CARTESIAN_POINT('Ctrl Pts',(-30.0517546419269,9.62409600467475,37.9340865236171));
#3610=CARTESIAN_POINT('Ctrl Pts',(-29.8169664396024,9.62409600467475,37.9494186258099));
#3611=CARTESIAN_POINT('Ctrl Pts',(-29.5968495911324,9.62409600467475,38.0251034156459));
#3612=CARTESIAN_POINT('Ctrl Pts',(-29.4031240888442,9.62409600467475,38.1582637896302));
#3613=CARTESIAN_POINT('Ctrl Pts',(-29.2453259321514,9.62409600467475,38.3411814576988));
#3614=CARTESIAN_POINT('Ctrl Pts',(-29.1290049987126,9.62409600467475,38.5599838187));
#3615=CARTESIAN_POINT('Ctrl Pts',(-29.0554685584272,9.62409600467475,38.796119712912));
#3616=CARTESIAN_POINT('Ctrl Pts',(-29.0228059862268,9.62409600467475,39.0301841374152));
#3617=CARTESIAN_POINT('Ctrl Pts',(-29.0265432988519,9.62409600467475,39.24504461419));
#3618=CARTESIAN_POINT('Ctrl Pts',(-29.0604508936925,9.62409600467475,39.4293206799473));
#3619=CARTESIAN_POINT('Ctrl Pts',(-29.1172698117523,9.62409600467475,39.5805677031309));
#3620=CARTESIAN_POINT('Ctrl Pts',(-29.1895066205144,9.62409600467475,39.7090148187723));
#3621=CARTESIAN_POINT('Ctrl Pts',(-29.2693786997436,9.62409600467475,39.8322968731153));
#3622=CARTESIAN_POINT('Ctrl Pts',(-29.3486546231828,9.62409600467475,39.9692887904809));
#3623=CARTESIAN_POINT('Ctrl Pts',(-29.4186271818259,9.62409600467475,40.1347915479948));
#3624=CARTESIAN_POINT('Ctrl Pts',(-29.4698026405147,9.62409600467475,40.3326113872458));
#3625=CARTESIAN_POINT('Ctrl Pts',(-29.4925347773686,9.62409600467475,40.553840332777));
#3626=CARTESIAN_POINT('Ctrl Pts',(-29.4788959993861,9.62409600467475,40.7820055080895));
#3627=CARTESIAN_POINT('Ctrl Pts',(-29.4242717209303,9.62409600467475,40.9965291106135));
#3628=CARTESIAN_POINT('Ctrl Pts',(-29.3290106813327,9.62409600467475,41.1768170226243));
#3629=CARTESIAN_POINT('Ctrl Pts',(-29.2001998483236,9.62409600467475,41.3061906058955));
#3630=CARTESIAN_POINT('Ctrl Pts',(-29.0529912164743,9.62409600467475,41.3755642489539));
#3631=CARTESIAN_POINT('Ctrl Pts',(-28.9060808767987,9.62409600467475,41.3822140465817));
#3632=CARTESIAN_POINT('Ctrl Pts',(-28.7775201673898,9.62409600467475,41.3288996474544));
#3633=CARTESIAN_POINT('Ctrl Pts',(-28.6805203634497,9.62409600467475,41.2228496809801));
#3634=CARTESIAN_POINT('Ctrl Pts',(-28.6189385368212,9.62409600467475,41.0748389986957));
#3635=CARTESIAN_POINT('Ctrl Pts',(-28.5895559218751,9.62409600467475,40.8975474441483));
#3636=CARTESIAN_POINT('Ctrl Pts',(-28.5848800265198,9.62409600467475,40.7038326376187));
#3637=CARTESIAN_POINT('Ctrl Pts',(-28.5956285924916,9.62409600467475,40.5051332527523));
#3638=CARTESIAN_POINT('Ctrl Pts',(-28.6136264022021,9.62409600467475,40.3095845618066));
#3639=CARTESIAN_POINT('Ctrl Pts',(-28.6336205841074,9.62409600467475,40.120995227124));
#3640=CARTESIAN_POINT('Ctrl Pts',(-28.6523553099567,9.62409600467475,39.9400748353939));
#3641=CARTESIAN_POINT('Ctrl Pts',(-28.6681606503428,9.62409600467475,39.765239318721));
#3642=CARTESIAN_POINT('Ctrl Pts',(-28.6803406027238,9.62409600467475,39.5935704653426));
#3643=CARTESIAN_POINT('Ctrl Pts',(-28.68864744594,9.62409600467475,39.4217303059159));
#3644=CARTESIAN_POINT('Ctrl Pts',(-28.6927268261225,9.62409600467475,39.2468168142326));
#3645=CARTESIAN_POINT('Ctrl Pts',(-28.6916554346135,9.62409600467475,39.0669217163307));
#3646=CARTESIAN_POINT('Ctrl Pts',(-28.6833998163377,9.62409600467475,38.8817996881216));
#3647=CARTESIAN_POINT('Ctrl Pts',(-28.6644254667122,9.62409600467475,38.6933876040782));
#3648=CARTESIAN_POINT('Ctrl Pts',(-28.6289519170237,9.62409600467475,38.5066490179039));
#3649=CARTESIAN_POINT('Ctrl Pts',(-28.569358735909,9.62409600467475,38.3293820236204));
#3650=CARTESIAN_POINT('Ctrl Pts',(-28.4783225232907,9.62409600467475,38.170451531829));
#3651=CARTESIAN_POINT('Ctrl Pts',(-28.3506568440278,9.62409600467475,38.0383216482252));
#3652=CARTESIAN_POINT('Ctrl Pts',(-28.1850427188951,9.62409600467475,37.9396171202784));
#3653=CARTESIAN_POINT('Ctrl Pts',(-27.9863765755329,9.62409600467475,37.8773036282411));
#3654=CARTESIAN_POINT('Ctrl Pts',(-27.7656155349377,9.62409600467475,37.8504826291695));
#3655=CARTESIAN_POINT('Ctrl Pts',(-27.5371310573588,9.62409600467475,37.8558065145338));
#3656=CARTESIAN_POINT('Ctrl Pts',(-27.31673400862,9.62409600467475,37.8884533997697));
#3657=CARTESIAN_POINT('Ctrl Pts',(-27.1194592535367,9.62409600467475,37.9432652830511));
#3658=CARTESIAN_POINT('Ctrl Pts',(-26.9573795158827,9.62409600467475,38.0158481894953));
#3659=CARTESIAN_POINT('Ctrl Pts',(-26.8421103643681,9.62409600467475,38.1002996852817));
#3660=CARTESIAN_POINT('Ctrl Pts',(-26.7841209973558,9.62409600467475,38.1772573488737));
#3661=CARTESIAN_POINT('Ctrl Pts',(-26.7599017455873,9.62409600467475,38.2393347506933));
#3662=CARTESIAN_POINT('Ctrl Pts',(-26.7520103084348,9.62409600467475,38.2815370231763));
#3663=CARTESIAN_POINT('Ctrl Pts',(-26.7500234473012,9.62409600467475,38.3008937264305));
#3664=CARTESIAN_POINT('',(-32.2016707017975,9.62409600467475,40.1481055116299));
#3665=CARTESIAN_POINT('Ctrl Pts',(-32.2016707017975,9.62409600467475,40.1481055116299));
#3666=CARTESIAN_POINT('Ctrl Pts',(-32.2201509843926,9.62409600467475,40.147622687535));
#3667=CARTESIAN_POINT('Ctrl Pts',(-32.2529755258903,9.62409600467475,40.1494423075148));
#3668=CARTESIAN_POINT('Ctrl Pts',(-32.2898054007801,9.62409600467475,40.1605262872507));
#3669=CARTESIAN_POINT('Ctrl Pts',(-32.3140432241158,9.62409600467475,40.1920552001698));
#3670=CARTESIAN_POINT('Ctrl Pts',(-32.3044814715128,9.62409600467475,40.2579013992755));
#3671=CARTESIAN_POINT('Ctrl Pts',(-32.2601068168043,9.62409600467475,40.3456264204933));
#3672=CARTESIAN_POINT('Ctrl Pts',(-32.191772085323,9.62409600467475,40.4454334039515));
#3673=CARTESIAN_POINT('Ctrl Pts',(-32.1130985157135,9.62409600467475,40.5460608159655));
#3674=CARTESIAN_POINT('Ctrl Pts',(-32.0368077713161,9.62409600467475,40.6392368773284));
#3675=CARTESIAN_POINT('Ctrl Pts',(-31.9710868829712,9.62409600467475,40.7241683776786));
#3676=CARTESIAN_POINT('Ctrl Pts',(-31.9197454813258,9.62409600467475,40.8060801159832));
#3677=CARTESIAN_POINT('Ctrl Pts',(-31.8848272678368,9.62409600467475,40.8829007460073));
#3678=CARTESIAN_POINT('Ctrl Pts',(-31.8611602554921,9.62409600467475,40.9508840150341));
#3679=CARTESIAN_POINT('Ctrl Pts',(-31.8469606660581,9.62409600467475,40.9993736050982));
#3680=CARTESIAN_POINT('Ctrl Pts',(-31.841245353221,9.62409600467475,41.02034127528));
#3681=CARTESIAN_POINT('',(-36.8191617977659,9.62409600467475,41.9974578128213));
#3682=CARTESIAN_POINT('Ctrl Pts',(-36.8191617977659,9.62409600467475,41.9974578128213));
#3683=CARTESIAN_POINT('Ctrl Pts',(-36.8252112849047,9.62409600467475,41.9720086705055));
#3684=CARTESIAN_POINT('Ctrl Pts',(-36.8357556996118,9.62409600467475,41.9182593178761));
#3685=CARTESIAN_POINT('Ctrl Pts',(-36.846908707028,9.62409600467475,41.829082292942));
#3686=CARTESIAN_POINT('Ctrl Pts',(-36.852434704432,9.62409600467475,41.693040803497));
#3687=CARTESIAN_POINT('Ctrl Pts',(-36.8439967044503,9.62409600467475,41.4953923832155));
#3688=CARTESIAN_POINT('Ctrl Pts',(-36.8210628917243,9.62409600467475,41.2733385189773));
#3689=CARTESIAN_POINT('Ctrl Pts',(-36.7854870863658,9.62409600467475,41.0335797052352));
#3690=CARTESIAN_POINT('Ctrl Pts',(-36.7404437877634,9.62409600467475,40.7873911120144));
#3691=CARTESIAN_POINT('Ctrl Pts',(-36.6893143324717,9.62409600467475,40.5471782026252));
#3692=CARTESIAN_POINT('Ctrl Pts',(-36.6345585038695,9.62409600467475,40.3229430300615));
#3693=CARTESIAN_POINT('Ctrl Pts',(-36.5767289913899,9.62409600467475,40.1193000972208));
#3694=CARTESIAN_POINT('Ctrl Pts',(-36.513073443274,9.62409600467475,39.9309430150465));
#3695=CARTESIAN_POINT('Ctrl Pts',(-36.4377028620831,9.62409600467475,39.7440305091337));
#3696=CARTESIAN_POINT('Ctrl Pts',(-36.3431336165511,9.62409600467475,39.5428861681516));
#3697=CARTESIAN_POINT('Ctrl Pts',(-36.2214032337815,9.62409600467475,39.3148911384378));
#3698=CARTESIAN_POINT('Ctrl Pts',(-36.0654212703631,9.62409600467475,39.056776398865));
#3699=CARTESIAN_POINT('Ctrl Pts',(-35.8700393356464,9.62409600467475,38.7784170423298));
#3700=CARTESIAN_POINT('Ctrl Pts',(-35.6323336588224,9.62409600467475,38.4978124340681));
#3701=CARTESIAN_POINT('Ctrl Pts',(-35.3519969161479,9.62409600467475,38.2375079741332));
#3702=CARTESIAN_POINT('Ctrl Pts',(-35.0317624746655,9.62409600467475,38.020342817776));
#3703=CARTESIAN_POINT('Ctrl Pts',(-34.6777388932917,9.62409600467475,37.8658503935301));
#3704=CARTESIAN_POINT('Ctrl Pts',(-34.3000845571694,9.62409600467475,37.7854688269912));
#3705=CARTESIAN_POINT('Ctrl Pts',(-33.912461138393,9.62409600467475,37.7818721794978));
#3706=CARTESIAN_POINT('Ctrl Pts',(-33.5304154160674,9.62409600467475,37.8517968482273));
#3707=CARTESIAN_POINT('Ctrl Pts',(-33.1701061946778,9.62409600467475,37.9877984154679));
#3708=CARTESIAN_POINT('Ctrl Pts',(-32.8468428779719,9.62409600467475,38.1804533176459));
#3709=CARTESIAN_POINT('Ctrl Pts',(-32.5738232137537,9.62409600467475,38.4201996644462));
#3710=CARTESIAN_POINT('Ctrl Pts',(-32.3604459000413,9.62409600467475,38.6996577990178));
#3711=CARTESIAN_POINT('Ctrl Pts',(-32.21249392986,9.62409600467475,39.0138914332249));
#3712=CARTESIAN_POINT('Ctrl Pts',(-32.1331392628538,9.62409600467475,39.3597710588153));
#3713=CARTESIAN_POINT('Ctrl Pts',(-32.1255498882933,9.62409600467475,39.6604572874751));
#3714=CARTESIAN_POINT('Ctrl Pts',(-32.151375771664,9.62409600467475,39.8991612307804));
#3715=CARTESIAN_POINT('Ctrl Pts',(-32.1825753284804,9.62409600467475,40.0641488251775));
#3716=CARTESIAN_POINT('Ctrl Pts',(-32.2016707017975,9.62409600467475,40.1481055116299));
#3717=CARTESIAN_POINT('',(-39.3281556840957,9.62409600467475,39.6769329508168));
#3718=CARTESIAN_POINT('Ctrl Pts',(-39.3281556840957,9.62409600467475,39.6769329508168));
#3719=CARTESIAN_POINT('Ctrl Pts',(-39.3383650859548,9.62409600467475,39.7159182637611));
#3720=CARTESIAN_POINT('Ctrl Pts',(-39.3579544887181,9.62409600467475,39.7941187670373));
#3721=CARTESIAN_POINT('Ctrl Pts',(-39.3848503954455,9.62409600467475,39.9121091662263));
#3722=CARTESIAN_POINT('Ctrl Pts',(-39.4157261523998,9.62409600467475,40.0708113802157));
#3723=CARTESIAN_POINT('Ctrl Pts',(-39.4459276158664,9.62409600467475,40.2714606912849));
#3724=CARTESIAN_POINT('Ctrl Pts',(-39.4675737961352,9.62409600467475,40.4742602204918));
#3725=CARTESIAN_POINT('Ctrl Pts',(-39.4804113175471,9.62409600467475,40.6789506858534));
#3726=CARTESIAN_POINT('Ctrl Pts',(-39.4840782271105,9.62409600467475,40.8850730498503));
#3727=CARTESIAN_POINT('Ctrl Pts',(-39.4780987445079,9.62409600467475,41.0919362854771));
#3728=CARTESIAN_POINT('Ctrl Pts',(-39.4618396750387,9.62409600467475,41.2984762577482));
#3729=CARTESIAN_POINT('Ctrl Pts',(-39.4344112214451,9.62409600467475,41.5029613865591));
#3730=CARTESIAN_POINT('Ctrl Pts',(-39.3945876526775,9.62409600467475,41.7027435860101));
#3731=CARTESIAN_POINT('Ctrl Pts',(-39.3407077380355,9.62409600467475,41.8939606060816));
#3732=CARTESIAN_POINT('Ctrl Pts',(-39.2706117022308,9.62409600467475,42.0713076116514));
#3733=CARTESIAN_POINT('Ctrl Pts',(-39.1814868529054,9.62409600467475,42.2276211838807));
#3734=CARTESIAN_POINT('Ctrl Pts',(-39.0705609780164,9.62409600467475,42.3551492271903));
#3735=CARTESIAN_POINT('Ctrl Pts',(-38.9359056729821,9.62409600467475,42.4470397723187));
#3736=CARTESIAN_POINT('Ctrl Pts',(-38.7772376202018,9.62409600467475,42.4988061398154));
#3737=CARTESIAN_POINT('Ctrl Pts',(-38.5966736758829,9.62409600467475,42.5097237246987));
#3738=CARTESIAN_POINT('Ctrl Pts',(-38.3996943999636,9.62409600467475,42.4845566513854));
#3739=CARTESIAN_POINT('Ctrl Pts',(-38.1940783498894,9.62409600467475,42.43203559063));
#3740=CARTESIAN_POINT('Ctrl Pts',(-37.9886106889627,9.62409600467475,42.3629698976714));
#3741=CARTESIAN_POINT('Ctrl Pts',(-37.7918377260786,9.62409600467475,42.2884526934804));
#3742=CARTESIAN_POINT('Ctrl Pts',(-37.6109079062235,9.62409600467475,42.2181769906015));
#3743=CARTESIAN_POINT('Ctrl Pts',(-37.4501138827607,9.62409600467475,42.1583612713131));
#3744=CARTESIAN_POINT('Ctrl Pts',(-37.3104019857065,9.62409600467475,42.1109733261552));
#3745=CARTESIAN_POINT('Ctrl Pts',(-37.1906326246186,9.62409600467475,42.0753069363868));
#3746=CARTESIAN_POINT('Ctrl Pts',(-37.0884614112422,9.62409600467475,42.0490489866722));
#3747=CARTESIAN_POINT('Ctrl Pts',(-37.0012936322361,9.62409600467475,42.0294568245259));
#3748=CARTESIAN_POINT('Ctrl Pts',(-36.9273600936368,9.62409600467475,42.0146760408476));
#3749=CARTESIAN_POINT('Ctrl Pts',(-36.8780888459501,9.62409600467475,42.0059906974585));
#3750=CARTESIAN_POINT('Ctrl Pts',(-36.8465303683034,9.62409600467475,42.0010951322787));
#3751=CARTESIAN_POINT('Ctrl Pts',(-36.8278856433256,9.62409600467475,41.9985504534328));
#3752=CARTESIAN_POINT('Ctrl Pts',(-36.8191617977659,9.62409600467475,41.9974578128213));
#3753=CARTESIAN_POINT('',(-41.2599631834294,9.62409600467475,38.3223118384791));
#3754=CARTESIAN_POINT('Ctrl Pts',(-41.2599631834294,9.62409600467475,38.3223118384791));
#3755=CARTESIAN_POINT('Ctrl Pts',(-41.2685798254194,9.62409600467475,38.2960325847464));
#3756=CARTESIAN_POINT('Ctrl Pts',(-41.2814255128949,9.62409600467475,38.2446979257597));
#3757=CARTESIAN_POINT('Ctrl Pts',(-41.2875309075981,9.62409600467475,38.1713675571566));
#3758=CARTESIAN_POINT('Ctrl Pts',(-41.2693004897528,9.62409600467475,38.0809496245079));
#3759=CARTESIAN_POINT('Ctrl Pts',(-41.2029969937504,9.62409600467475,37.9801549409271));
#3760=CARTESIAN_POINT('Ctrl Pts',(-41.095029999461,9.62409600467475,37.8913441726246));
#3761=CARTESIAN_POINT('Ctrl Pts',(-40.9493847875089,9.62409600467475,37.8139462920663));
#3762=CARTESIAN_POINT('Ctrl Pts',(-40.7732984993154,9.62409600467475,37.7468613850009));
#3763=CARTESIAN_POINT('Ctrl Pts',(-40.5770526602282,9.62409600467475,37.6885454761734));
#3764=CARTESIAN_POINT('Ctrl Pts',(-40.3721889174462,9.62409600467475,37.6374381245643));
#3765=CARTESIAN_POINT('Ctrl Pts',(-40.1701815718121,9.62409600467475,37.5922888644711));
#3766=CARTESIAN_POINT('Ctrl Pts',(-39.9808582021823,9.62409600467475,37.5525461036511));
#3767=CARTESIAN_POINT('Ctrl Pts',(-39.811084208643,9.62409600467475,37.5186728568837));
#3768=CARTESIAN_POINT('Ctrl Pts',(-39.6628865309781,9.62409600467475,37.492627474711));
#3769=CARTESIAN_POINT('Ctrl Pts',(-39.5345219770226,9.62409600467475,37.4774603655143));
#3770=CARTESIAN_POINT('Ctrl Pts',(-39.422485375774,9.62409600467475,37.4766262126301));
#3771=CARTESIAN_POINT('Ctrl Pts',(-39.3231744014642,9.62409600467475,37.4933953326453));
#3772=CARTESIAN_POINT('Ctrl Pts',(-39.2347157446182,9.62409600467475,37.5302142747544));
#3773=CARTESIAN_POINT('Ctrl Pts',(-39.1586570854516,9.62409600467475,37.5880971846677));
#3774=CARTESIAN_POINT('Ctrl Pts',(-39.0983629578823,9.62409600467475,37.6669235915254));
#3775=CARTESIAN_POINT('Ctrl Pts',(-39.0574208530967,9.62409600467475,37.7657130034461));
#3776=CARTESIAN_POINT('Ctrl Pts',(-39.0381591319493,9.62409600467475,37.8828919054465));
#3777=CARTESIAN_POINT('Ctrl Pts',(-39.0398190971441,9.62409600467475,38.0165663432164));
#3778=CARTESIAN_POINT('Ctrl Pts',(-39.0590932197078,9.62409600467475,38.1646894534729));
#3779=CARTESIAN_POINT('Ctrl Pts',(-39.0911970453619,9.62409600467475,38.3251989951483));
#3780=CARTESIAN_POINT('Ctrl Pts',(-39.1307652534003,9.62409600467475,38.4961658418565));
#3781=CARTESIAN_POINT('Ctrl Pts',(-39.1727592604619,9.62409600467475,38.6759263794759));
#3782=CARTESIAN_POINT('Ctrl Pts',(-39.2135049161398,9.62409600467475,38.8632453461268));
#3783=CARTESIAN_POINT('Ctrl Pts',(-39.2506292735459,9.62409600467475,39.0572799205002));
#3784=CARTESIAN_POINT('Ctrl Pts',(-39.2827268659121,9.62409600467475,39.2574969543458));
#3785=CARTESIAN_POINT('Ctrl Pts',(-39.3038471864827,9.62409600467475,39.4223851151644));
#3786=CARTESIAN_POINT('Ctrl Pts',(-39.3170320984505,9.62409600467475,39.5486501541564));
#3787=CARTESIAN_POINT('Ctrl Pts',(-39.3246441427892,9.62409600467475,39.6339798517703));
#3788=CARTESIAN_POINT('Ctrl Pts',(-39.3281556840957,9.62409600467475,39.6769329508168));
#3789=CARTESIAN_POINT('',(-35.9672195626866,9.62409600467475,44.1034367938326));
#3790=CARTESIAN_POINT('Ctrl Pts',(-35.9672195626866,9.62409600467475,44.1034367938326));
#3791=CARTESIAN_POINT('Ctrl Pts',(-35.9956737801268,9.62409600467475,44.0499824052462));
#3792=CARTESIAN_POINT('Ctrl Pts',(-36.0507254210411,9.62409600467475,43.9488833193064));
#3793=CARTESIAN_POINT('Ctrl Pts',(-36.1277323638413,9.62409600467475,43.8146638875523));
#3794=CARTESIAN_POINT('Ctrl Pts',(-36.2192633955695,9.62409600467475,43.6705777361741));
#3795=CARTESIAN_POINT('Ctrl Pts',(-36.3153941671676,9.62409600467475,43.5481368101414));
#3796=CARTESIAN_POINT('Ctrl Pts',(-36.3941904146288,9.62409600467475,43.4818185655316));
#3797=CARTESIAN_POINT('Ctrl Pts',(-36.4575496047504,9.62409600467475,43.4684486134668));
#3798=CARTESIAN_POINT('Ctrl Pts',(-36.508758209033,9.62409600467475,43.5025455681121));
#3799=CARTESIAN_POINT('Ctrl Pts',(-36.5524858800526,9.62409600467475,43.5760511152283));
#3800=CARTESIAN_POINT('Ctrl Pts',(-36.5937759105704,9.62409600467475,43.6790365808751));
#3801=CARTESIAN_POINT('Ctrl Pts',(-36.637185166401,9.62409600467475,43.8001948842411));
#3802=CARTESIAN_POINT('Ctrl Pts',(-36.6859954227049,9.62409600467475,43.9274599875545));
#3803=CARTESIAN_POINT('Ctrl Pts',(-36.7436675542843,9.62409600467475,44.0492962559763));
#3804=CARTESIAN_POINT('Ctrl Pts',(-36.8151021619724,9.62409600467475,44.1559651777485));
#3805=CARTESIAN_POINT('Ctrl Pts',(-36.9080629287043,9.62409600467475,44.240791183158));
#3806=CARTESIAN_POINT('Ctrl Pts',(-37.0343278503469,9.62409600467475,44.3014549873761));
#3807=CARTESIAN_POINT('Ctrl Pts',(-37.2061272494451,9.62409600467475,44.3391410067561));
#3808=CARTESIAN_POINT('Ctrl Pts',(-37.4317111470194,9.62409600467475,44.3580306022564));
#3809=CARTESIAN_POINT('Ctrl Pts',(-37.7130727789651,9.62409600467475,44.3640624326748));
#3810=CARTESIAN_POINT('Ctrl Pts',(-38.0385220614887,9.62409600467475,44.3654110734843));
#3811=CARTESIAN_POINT('Ctrl Pts',(-38.388853446397,9.62409600467475,44.3684427300484));
#3812=CARTESIAN_POINT('Ctrl Pts',(-38.7494791533809,9.62409600467475,44.3746108901184));
#3813=CARTESIAN_POINT('Ctrl Pts',(-39.1065064835717,9.62409600467475,44.3826705970791));
#3814=CARTESIAN_POINT('Ctrl Pts',(-39.4486425311716,9.62409600467475,44.3889602730108));
#3815=CARTESIAN_POINT('Ctrl Pts',(-39.7666333380166,9.62409600467475,44.3884900965813));
#3816=CARTESIAN_POINT('Ctrl Pts',(-40.0537841699355,9.62409600467475,44.3756923042745));
#3817=CARTESIAN_POINT('Ctrl Pts',(-40.305979536232,9.62409600467475,44.3452881722708));
#3818=CARTESIAN_POINT('Ctrl Pts',(-40.5220195739,9.62409600467475,44.2931708253961));
#3819=CARTESIAN_POINT('Ctrl Pts',(-40.7035287504636,9.62409600467475,44.2170764824409));
#3820=CARTESIAN_POINT('Ctrl Pts',(-40.8537957710534,9.62409600467475,44.1164405166593));
#3821=CARTESIAN_POINT('Ctrl Pts',(-40.9767599298997,9.62409600467475,43.9924098549261));
#3822=CARTESIAN_POINT('Ctrl Pts',(-41.0759970884211,9.62409600467475,43.8477685207469));
#3823=CARTESIAN_POINT('Ctrl Pts',(-41.153578123318,9.62409600467475,43.6869711674895));
#3824=CARTESIAN_POINT('Ctrl Pts',(-41.2093620609899,9.62409600467475,43.5159342474975));
#3825=CARTESIAN_POINT('Ctrl Pts',(-41.2423578444365,9.62409600467475,43.340802872564));
#3826=CARTESIAN_POINT('Ctrl Pts',(-41.2518701984963,9.62409600467475,43.1667851034286));
#3827=CARTESIAN_POINT('Ctrl Pts',(-41.2386004970663,9.62409600467475,42.9971002353773));
#3828=CARTESIAN_POINT('Ctrl Pts',(-41.206077369086,9.62409600467475,42.8315386550247));
#3829=CARTESIAN_POINT('Ctrl Pts',(-41.160896670024,9.62409600467475,42.6663327746764));
#3830=CARTESIAN_POINT('Ctrl Pts',(-41.1109019631294,9.62409600467475,42.4962580869891));
#3831=CARTESIAN_POINT('Ctrl Pts',(-41.0637601908391,9.62409600467475,42.3163225365005));
#3832=CARTESIAN_POINT('Ctrl Pts',(-41.0255363039022,9.62409600467475,42.1234179254382));
#3833=CARTESIAN_POINT('Ctrl Pts',(-40.9988836599173,9.62409600467475,41.9184837808966));
#3834=CARTESIAN_POINT('Ctrl Pts',(-40.9828575762363,9.62409600467475,41.7065694396895));
#3835=CARTESIAN_POINT('Ctrl Pts',(-40.9745756832903,9.62409600467475,41.4945183351652));
#3836=CARTESIAN_POINT('Ctrl Pts',(-40.970399801034,9.62409600467475,41.2892631794044));
#3837=CARTESIAN_POINT('Ctrl Pts',(-40.9672806024157,9.62409600467475,41.0959194057607));
#3838=CARTESIAN_POINT('Ctrl Pts',(-40.9641036770355,9.62409600467475,40.9158538747847));
#3839=CARTESIAN_POINT('Ctrl Pts',(-40.962835586049,9.62409600467475,40.7450683409522));
#3840=CARTESIAN_POINT('Ctrl Pts',(-40.9670813316021,9.62409600467475,40.5765468394391));
#3841=CARTESIAN_POINT('Ctrl Pts',(-40.9808088124825,9.62409600467475,40.4023487872543));
#3842=CARTESIAN_POINT('Ctrl Pts',(-41.0070693669465,9.62409600467475,40.2157047114362));
#3843=CARTESIAN_POINT('Ctrl Pts',(-41.04658147645,9.62409600467475,40.0133265774409));
#3844=CARTESIAN_POINT('Ctrl Pts',(-41.0967876870403,9.62409600467475,39.7969780363099));
#3845=CARTESIAN_POINT('Ctrl Pts',(-41.1529991261573,9.62409600467475,39.5717867653433));
#3846=CARTESIAN_POINT('Ctrl Pts',(-41.2092166941685,9.62409600467475,39.3450588375401));
#3847=CARTESIAN_POINT('Ctrl Pts',(-41.2591088638021,9.62409600467475,39.1248550231577));
#3848=CARTESIAN_POINT('Ctrl Pts',(-41.2968449574952,9.62409600467475,38.9187785282478));
#3849=CARTESIAN_POINT('Ctrl Pts',(-41.3181803609508,9.62409600467475,38.7324054465161));
#3850=CARTESIAN_POINT('Ctrl Pts',(-41.3206741398011,9.62409600467475,38.5689370349659));
#3851=CARTESIAN_POINT('Ctrl Pts',(-41.3066134477609,9.62409600467475,38.4577781435977));
#3852=CARTESIAN_POINT('Ctrl Pts',(-41.2868658039333,9.62409600467475,38.3856678237861));
#3853=CARTESIAN_POINT('Ctrl Pts',(-41.2696121303718,9.62409600467475,38.3425967816109));
#3854=CARTESIAN_POINT('Ctrl Pts',(-41.2599631834294,9.62409600467475,38.3223118384791));
#3855=CARTESIAN_POINT('',(-31.7959946650029,9.62409600467475,42.0766909845089));
#3856=CARTESIAN_POINT('Ctrl Pts',(-31.795994665012,9.62409600467475,42.0766909845075));
#3857=CARTESIAN_POINT('Ctrl Pts',(-31.8052480935349,9.62409600467475,42.1398496116974));
#3858=CARTESIAN_POINT('Ctrl Pts',(-31.8279030922072,9.62409600467475,42.2700363147774));
#3859=CARTESIAN_POINT('Ctrl Pts',(-31.8747860447834,9.62409600467475,42.4718919688806));
#3860=CARTESIAN_POINT('Ctrl Pts',(-31.965952380031,9.62409600467475,42.7482068867421));
#3861=CARTESIAN_POINT('Ctrl Pts',(-32.130182317251,9.62409600467475,43.0929724198879));
#3862=CARTESIAN_POINT('Ctrl Pts',(-32.3439236501735,9.62409600467475,43.4268876791341));
#3863=CARTESIAN_POINT('Ctrl Pts',(-32.6011450758335,9.62409600467475,43.7376285294085));
#3864=CARTESIAN_POINT('Ctrl Pts',(-32.8943656232018,9.62409600467475,44.0156328136882));
#3865=CARTESIAN_POINT('Ctrl Pts',(-33.2148746227559,9.62409600467475,44.2524982380197));
#3866=CARTESIAN_POINT('Ctrl Pts',(-33.5537429881053,9.62409600467475,44.4411449114413));
#3867=CARTESIAN_POINT('Ctrl Pts',(-33.9027602782525,9.62409600467475,44.5759442572891));
#3868=CARTESIAN_POINT('Ctrl Pts',(-34.255591442963,9.62409600467475,44.6529596361191));
#3869=CARTESIAN_POINT('Ctrl Pts',(-34.6078334956553,9.62409600467475,44.6697542306409));
#3870=CARTESIAN_POINT('Ctrl Pts',(-34.9565699968162,9.62409600467475,44.6250112416787));
#3871=CARTESIAN_POINT('Ctrl Pts',(-35.3000966572848,9.62409600467475,44.5182344187318));
#3872=CARTESIAN_POINT('Ctrl Pts',(-35.5700882288157,9.62409600467475,44.3831952611823));
#3873=CARTESIAN_POINT('Ctrl Pts',(-35.7697523548831,9.62409600467475,44.2541099251219));
#3874=CARTESIAN_POINT('Ctrl Pts',(-35.901606387748,9.62409600467475,44.15571715102));
#3875=CARTESIAN_POINT('Ctrl Pts',(-35.9672195626866,9.62409600467475,44.1034367938326));
#3876=CARTESIAN_POINT('',(-26.355395451484,9.62409600467475,39.4015195865642));
#3877=CARTESIAN_POINT('Ctrl Pts',(-26.355395451484,9.62409600467475,39.4015195865642));
#3878=CARTESIAN_POINT('Ctrl Pts',(-26.35648867283,9.62409600467475,39.4356364558567));
#3879=CARTESIAN_POINT('Ctrl Pts',(-26.3583888669722,9.62409600467475,39.5029108060871));
#3880=CARTESIAN_POINT('Ctrl Pts',(-26.3603803733189,9.62409600467475,39.6009439487123));
#3881=CARTESIAN_POINT('Ctrl Pts',(-26.3613173656237,9.62409600467475,39.7258961728385));
#3882=CARTESIAN_POINT('Ctrl Pts',(-26.3597964076214,9.62409600467475,39.8732789853498));
#3883=CARTESIAN_POINT('Ctrl Pts',(-26.356116342933,9.62409600467475,40.0142995893478));
#3884=CARTESIAN_POINT('Ctrl Pts',(-26.351341522183,9.62409600467475,40.1538185872741));
#3885=CARTESIAN_POINT('Ctrl Pts',(-26.3472853051824,9.62409600467475,40.300137990943));
#3886=CARTESIAN_POINT('Ctrl Pts',(-26.346157120425,9.62409600467475,40.462759052088));
#3887=CARTESIAN_POINT('Ctrl Pts',(-26.3501235862432,9.62409600467475,40.6495976853485));
#3888=CARTESIAN_POINT('Ctrl Pts',(-26.3609423528002,9.62409600467475,40.8647221600057));
#3889=CARTESIAN_POINT('Ctrl Pts',(-26.3794625214392,9.62409600467475,41.1050568953148));
#3890=CARTESIAN_POINT('Ctrl Pts',(-26.4056439429228,9.62409600467475,41.3611738560147));
#3891=CARTESIAN_POINT('Ctrl Pts',(-26.4389116792838,9.62409600467475,41.6207235416629));
#3892=CARTESIAN_POINT('Ctrl Pts',(-26.4784104707763,9.62409600467475,41.8711010830043));
#3893=CARTESIAN_POINT('Ctrl Pts',(-26.5232956044067,9.62409600467475,42.1023539551012));
#3894=CARTESIAN_POINT('Ctrl Pts',(-26.5730164898961,9.62409600467475,42.3101587745584));
#3895=CARTESIAN_POINT('Ctrl Pts',(-26.6275787143601,9.62409600467475,42.4983045439747));
#3896=CARTESIAN_POINT('Ctrl Pts',(-26.6874750243204,9.62409600467475,42.6752283859981));
#3897=CARTESIAN_POINT('Ctrl Pts',(-26.7536436110781,9.62409600467475,42.8508951350817));
#3898=CARTESIAN_POINT('Ctrl Pts',(-26.8274149619644,9.62409600467475,43.0337745607518));
#3899=CARTESIAN_POINT('Ctrl Pts',(-26.9104694330536,9.62409600467475,43.2272505814519));
#3900=CARTESIAN_POINT('Ctrl Pts',(-27.0047746599694,9.62409600467475,43.4279798962365));
#3901=CARTESIAN_POINT('Ctrl Pts',(-27.1124765215663,9.62409600467475,43.6287574793079));
#3902=CARTESIAN_POINT('Ctrl Pts',(-27.2358041432177,9.62409600467475,43.820507204089));
#3903=CARTESIAN_POINT('Ctrl Pts',(-27.3769593446911,9.62409600467475,43.9945227862132));
#3904=CARTESIAN_POINT('Ctrl Pts',(-27.5380357585544,9.62409600467475,44.1448173188022));
#3905=CARTESIAN_POINT('Ctrl Pts',(-27.7208526135289,9.62409600467475,44.26977203788));
#3906=CARTESIAN_POINT('Ctrl Pts',(-27.926439303925,9.62409600467475,44.3706227941124));
#3907=CARTESIAN_POINT('Ctrl Pts',(-28.1545752716372,9.62409600467475,44.450434637534));
#3908=CARTESIAN_POINT('Ctrl Pts',(-28.4032925806484,9.62409600467475,44.5128821526529));
#3909=CARTESIAN_POINT('Ctrl Pts',(-28.6684172072033,9.62409600467475,44.5611379867843));
#3910=CARTESIAN_POINT('Ctrl Pts',(-28.9430120133776,9.62409600467475,44.5966550755389));
#3911=CARTESIAN_POINT('Ctrl Pts',(-29.2185684614813,9.62409600467475,44.6193959959232));
#3912=CARTESIAN_POINT('Ctrl Pts',(-29.4862804007469,9.62409600467475,44.6281378509857));
#3913=CARTESIAN_POINT('Ctrl Pts',(-29.7383152030814,9.62409600467475,44.6207438145095));
#3914=CARTESIAN_POINT('Ctrl Pts',(-29.9690225415623,9.62409600467475,44.5944538411979));
#3915=CARTESIAN_POINT('Ctrl Pts',(-30.1763308288943,9.62409600467475,44.546147867819));
#3916=CARTESIAN_POINT('Ctrl Pts',(-30.3626094059733,9.62409600467475,44.472671925978));
#3917=CARTESIAN_POINT('Ctrl Pts',(-30.5327755095836,9.62409600467475,44.3714403726395));
#3918=CARTESIAN_POINT('Ctrl Pts',(-30.6927078533492,9.62409600467475,44.2410332422535));
#3919=CARTESIAN_POINT('Ctrl Pts',(-30.84764556004,9.62409600467475,44.0817412108562));
#3920=CARTESIAN_POINT('Ctrl Pts',(-31.0003564506954,9.62409600467475,43.8962747587542));
#3921=CARTESIAN_POINT('Ctrl Pts',(-31.1501691081936,9.62409600467475,43.6899646053831));
#3922=CARTESIAN_POINT('Ctrl Pts',(-31.2941853618811,9.62409600467475,43.4697016647408));
#3923=CARTESIAN_POINT('Ctrl Pts',(-31.4280448771584,9.62409600467475,43.2431431255669));
#3924=CARTESIAN_POINT('Ctrl Pts',(-31.5468924684463,9.62409600467475,43.0177842454229));
#3925=CARTESIAN_POINT('Ctrl Pts',(-31.6461899057489,9.62409600467475,42.8001611748374));
#3926=CARTESIAN_POINT('Ctrl Pts',(-31.7227660309935,9.62409600467475,42.5948090281497));
#3927=CARTESIAN_POINT('Ctrl Pts',(-31.7748119157329,9.62409600467475,42.4043634990979));
#3928=CARTESIAN_POINT('Ctrl Pts',(-31.7961170821288,9.62409600467475,42.2649823499941));
#3929=CARTESIAN_POINT('Ctrl Pts',(-31.8005452219157,9.62409600467475,42.1679285271616));
#3930=CARTESIAN_POINT('Ctrl Pts',(-31.7983666187995,9.62409600467475,42.1065495810362));
#3931=CARTESIAN_POINT('Ctrl Pts',(-31.7959946650029,9.62409600467475,42.0766909845089));
#3932=CARTESIAN_POINT('',(-25.2964001686681,9.62409600467475,39.274693804191));
#3933=CARTESIAN_POINT('Ctrl Pts',(-25.2964001686681,9.62409600467475,39.274693804191));
#3934=CARTESIAN_POINT('Ctrl Pts',(-25.3259297265514,9.62409600467475,39.2808684889007));
#3935=CARTESIAN_POINT('Ctrl Pts',(-25.3842715338737,9.62409600467475,39.2929053076505));
#3936=CARTESIAN_POINT('Ctrl Pts',(-25.4696324347854,9.62409600467475,39.3100229339886));
#3937=CARTESIAN_POINT('Ctrl Pts',(-25.5790715496766,9.62409600467475,39.330939947212));
#3938=CARTESIAN_POINT('Ctrl Pts',(-25.7080728277952,9.62409600467475,39.3536885819951));
#3939=CARTESIAN_POINT('Ctrl Pts',(-25.8285409918086,9.62409600467475,39.3727191084193));
#3940=CARTESIAN_POINT('Ctrl Pts',(-25.9397169421708,9.62409600467475,39.3877007663064));
#3941=CARTESIAN_POINT('Ctrl Pts',(-26.0410783070701,9.62409600467475,39.3984059441467));
#3942=CARTESIAN_POINT('Ctrl Pts',(-26.1328601787206,9.62409600467475,39.4049370779697));
#3943=CARTESIAN_POINT('Ctrl Pts',(-26.2157231607648,9.62409600467475,39.4075820106294));
#3944=CARTESIAN_POINT('Ctrl Pts',(-26.2754318592942,9.62409600467475,39.4068301378666));
#3945=CARTESIAN_POINT('Ctrl Pts',(-26.3167418414548,9.62409600467475,39.4047535887683));
#3946=CARTESIAN_POINT('Ctrl Pts',(-26.3427639029066,9.62409600467475,39.4027078210487));
#3947=CARTESIAN_POINT('Ctrl Pts',(-26.355395451484,9.62409600467475,39.4015195865642));
#3948=CARTESIAN_POINT('',(-25.9558942370085,9.62409600467475,44.5125986162026));
#3949=CARTESIAN_POINT('Ctrl Pts',(-25.9558942370085,9.62409600467475,44.5125986162026));
#3950=CARTESIAN_POINT('Ctrl Pts',(-25.9691360686875,9.62409600467475,44.5072975102059));
#3951=CARTESIAN_POINT('Ctrl Pts',(-25.995371896402,9.62409600467475,44.4940124092185));
#3952=CARTESIAN_POINT('Ctrl Pts',(-26.0339821278225,9.62409600467475,44.4660360963989));
#3953=CARTESIAN_POINT('Ctrl Pts',(-26.0839727602414,9.62409600467475,44.4126078167242));
#3954=CARTESIAN_POINT('Ctrl Pts',(-26.1434766571344,9.62409600467475,44.3193907379897));
#3955=CARTESIAN_POINT('Ctrl Pts',(-26.1985165802474,9.62409600467475,44.2013775790548));
#3956=CARTESIAN_POINT('Ctrl Pts',(-26.2461454774659,9.62409600467475,44.0620765758627));
#3957=CARTESIAN_POINT('Ctrl Pts',(-26.281454738898,9.62409600467475,43.907563772855));
#3958=CARTESIAN_POINT('Ctrl Pts',(-26.2988444926085,9.62409600467475,43.7450463573226));
#3959=CARTESIAN_POINT('Ctrl Pts',(-26.293350264777,9.62409600467475,43.5813733380216));
#3960=CARTESIAN_POINT('Ctrl Pts',(-26.2618535037747,9.62409600467475,43.421671889846));
#3961=CARTESIAN_POINT('Ctrl Pts',(-26.2045936674724,9.62409600467475,43.267677874419));
#3962=CARTESIAN_POINT('Ctrl Pts',(-26.1258288115465,9.62409600467475,43.1169473243122));
#3963=CARTESIAN_POINT('Ctrl Pts',(-26.0321340448383,9.62409600467475,42.9645123448293));
#3964=CARTESIAN_POINT('Ctrl Pts',(-25.931122662458,9.62409600467475,42.8040939134411));
#3965=CARTESIAN_POINT('Ctrl Pts',(-25.8300769172927,9.62409600467475,42.6294306040101));
#3966=CARTESIAN_POINT('Ctrl Pts',(-25.7344719216527,9.62409600467475,42.4356672479022));
#3967=CARTESIAN_POINT('Ctrl Pts',(-25.6469951143045,9.62409600467475,42.2203840120393));
#3968=CARTESIAN_POINT('Ctrl Pts',(-25.5684275780362,9.62409600467475,41.9832355030406));
#3969=CARTESIAN_POINT('Ctrl Pts',(-25.4982026605285,9.62409600467475,41.7258349951256));
#3970=CARTESIAN_POINT('Ctrl Pts',(-25.4350840228991,9.62409600467475,41.4515647103042));
#3971=CARTESIAN_POINT('Ctrl Pts',(-25.3777711582943,9.62409600467475,41.1654296986566));
#3972=CARTESIAN_POINT('Ctrl Pts',(-25.3255634369997,9.62409600467475,40.8739254307289));
#3973=CARTESIAN_POINT('Ctrl Pts',(-25.278911050742,9.62409600467475,40.5848689428013));
#3974=CARTESIAN_POINT('Ctrl Pts',(-25.239059733451,9.62409600467475,40.3067759805719));
#3975=CARTESIAN_POINT('Ctrl Pts',(-25.2077767493943,9.62409600467475,40.0482806912626));
#3976=CARTESIAN_POINT('Ctrl Pts',(-25.1870509645735,9.62409600467475,39.8175444059339));
#3977=CARTESIAN_POINT('Ctrl Pts',(-25.1788000364046,9.62409600467475,39.621651257999));
#3978=CARTESIAN_POINT('Ctrl Pts',(-25.1845831212304,9.62409600467475,39.4660246864132));
#3979=CARTESIAN_POINT('Ctrl Pts',(-25.2052777659882,9.62409600467475,39.3537414816722));
#3980=CARTESIAN_POINT('Ctrl Pts',(-25.2340570013546,9.62409600467475,39.2996549525088));
#3981=CARTESIAN_POINT('Ctrl Pts',(-25.2625477398461,9.62409600467475,39.2793211722821));
#3982=CARTESIAN_POINT('Ctrl Pts',(-25.2846053851314,9.62409600467475,39.2747404025685));
#3983=CARTESIAN_POINT('Ctrl Pts',(-25.2964001686681,9.62409600467475,39.274693804191));
#3984=CARTESIAN_POINT('Ctrl Pts',(-23.8442449604954,9.62409600467475,39.2112809130045));
#3985=CARTESIAN_POINT('Ctrl Pts',(-23.8575248652595,9.62409600467475,39.2141596203676));
#3986=CARTESIAN_POINT('Ctrl Pts',(-23.8829557701991,9.62409600467475,39.2201839503894));
#3987=CARTESIAN_POINT('Ctrl Pts',(-23.917715116863,9.62409600467475,39.2300229178861));
#3988=CARTESIAN_POINT('Ctrl Pts',(-23.9572804628444,9.62409600467475,39.2447336119015));
#3989=CARTESIAN_POINT('Ctrl Pts',(-23.9951316482852,9.62409600467475,39.2677726217144));
#3990=CARTESIAN_POINT('Ctrl Pts',(-24.0206017685875,9.62409600467475,39.3011573726908));
#3991=CARTESIAN_POINT('Ctrl Pts',(-24.0321080594105,9.62409600467475,39.3568567227948));
#3992=CARTESIAN_POINT('Ctrl Pts',(-24.0280936752912,9.62409600467475,39.4487058318296));
#3993=CARTESIAN_POINT('Ctrl Pts',(-24.0079105299324,9.62409600467475,39.5875380228462));
#3994=CARTESIAN_POINT('Ctrl Pts',(-23.9729488642801,9.62409600467475,39.7752618958081));
#3995=CARTESIAN_POINT('Ctrl Pts',(-23.9267230995729,9.62409600467475,40.0037604194737));
#3996=CARTESIAN_POINT('Ctrl Pts',(-23.8737337713192,9.62409600467475,40.2595005237255));
#3997=CARTESIAN_POINT('Ctrl Pts',(-23.8186552681073,9.62409600467475,40.5266134527513));
#3998=CARTESIAN_POINT('Ctrl Pts',(-23.7654011289275,9.62409600467475,40.7905536459985));
#3999=CARTESIAN_POINT('Ctrl Pts',(-23.7162227419405,9.62409600467475,41.0415636975907));
#4000=CARTESIAN_POINT('Ctrl Pts',(-23.6708333259161,9.62409600467475,41.2780896766166));
#4001=CARTESIAN_POINT('Ctrl Pts',(-23.627437033422,9.62409600467475,41.5041854448055));
#4002=CARTESIAN_POINT('Ctrl Pts',(-23.5836676612142,9.62409600467475,41.7271858390202));
#4003=CARTESIAN_POINT('Ctrl Pts',(-23.5376023922449,9.62409600467475,41.9552083913465));
#4004=CARTESIAN_POINT('Ctrl Pts',(-23.4886402677703,9.62409600467475,42.1949474064254));
#4005=CARTESIAN_POINT('Ctrl Pts',(-23.4387031204729,9.62409600467475,42.4488168384921));
#4006=CARTESIAN_POINT('Ctrl Pts',(-23.3922414748452,9.62409600467475,42.7145086464321));
#4007=CARTESIAN_POINT('Ctrl Pts',(-23.3551962249001,9.62409600467475,42.9866500531965));
#4008=CARTESIAN_POINT('Ctrl Pts',(-23.3342756066767,9.62409600467475,43.2578355984339));
#4009=CARTESIAN_POINT('Ctrl Pts',(-23.336078087134,9.62409600467475,43.5199385433047));
#4010=CARTESIAN_POINT('Ctrl Pts',(-23.3663485865195,9.62409600467475,43.7652103430866));
#4011=CARTESIAN_POINT('Ctrl Pts',(-23.4289977055227,9.62409600467475,43.9876909303352));
#4012=CARTESIAN_POINT('Ctrl Pts',(-23.5261704079487,9.62409600467475,44.1832853929147));
#4013=CARTESIAN_POINT('Ctrl Pts',(-23.6587465905908,9.62409600467475,44.3492933113563));
#4014=CARTESIAN_POINT('Ctrl Pts',(-23.8267019613988,9.62409600467475,44.4841170270372));
#4015=CARTESIAN_POINT('Ctrl Pts',(-24.0294962873714,9.62409600467475,44.5869199770642));
#4016=CARTESIAN_POINT('Ctrl Pts',(-24.2664939264487,9.62409600467475,44.6572793013752));
#4017=CARTESIAN_POINT('Ctrl Pts',(-24.537142309683,9.62409600467475,44.6950011058273));
#4018=CARTESIAN_POINT('Ctrl Pts',(-24.8409492026664,9.62409600467475,44.7000789058229));
#4019=CARTESIAN_POINT('Ctrl Pts',(-25.177515434288,9.62409600467475,44.6726144035203));
#4020=CARTESIAN_POINT('Ctrl Pts',(-25.4727361082229,9.62409600467475,44.6247296138695));
#4021=CARTESIAN_POINT('Ctrl Pts',(-25.7086747978128,9.62409600467475,44.5743012353032));
#4022=CARTESIAN_POINT('Ctrl Pts',(-25.8724133990243,9.62409600467475,44.5342398939655));
#4023=CARTESIAN_POINT('Ctrl Pts',(-25.9558942370085,9.62409600467475,44.5125986162026));
#4024=CARTESIAN_POINT('',(-35.0710162932288,9.62409600467475,40.8794877348053));
#4025=CARTESIAN_POINT('Ctrl Pts',(-35.0710162932288,9.62409600467475,40.8794877348053));
#4026=CARTESIAN_POINT('Ctrl Pts',(-35.0698383950505,9.62409600467475,40.8988274735142));
#4027=CARTESIAN_POINT('Ctrl Pts',(-35.0661959141122,9.62409600467475,40.936158214411));
#4028=CARTESIAN_POINT('Ctrl Pts',(-35.0567648295811,9.62409600467475,40.9879376485855));
#4029=CARTESIAN_POINT('Ctrl Pts',(-35.0356496490361,9.62409600467475,41.0487609017351));
#4030=CARTESIAN_POINT('Ctrl Pts',(-34.9931443017441,9.62409600467475,41.1141044459109));
#4031=CARTESIAN_POINT('Ctrl Pts',(-34.9328192083623,9.62409600467475,41.1720905276014));
#4032=CARTESIAN_POINT('Ctrl Pts',(-34.8536351405465,9.62409600467475,41.2245184062454));
#4033=CARTESIAN_POINT('Ctrl Pts',(-34.755807364958,9.62409600467475,41.2690823717414));
#4034=CARTESIAN_POINT('Ctrl Pts',(-34.6410922383264,9.62409600467475,41.2994191645463));
#4035=CARTESIAN_POINT('Ctrl Pts',(-34.5127500383765,9.62409600467475,41.3078328809901));
#4036=CARTESIAN_POINT('Ctrl Pts',(-34.3756215696692,9.62409600467475,41.287363933124));
#4037=CARTESIAN_POINT('Ctrl Pts',(-34.236122498874,9.62409600467475,41.2339784655913));
#4038=CARTESIAN_POINT('Ctrl Pts',(-34.1023840113212,9.62409600467475,41.1490729106152));
#4039=CARTESIAN_POINT('Ctrl Pts',(-33.9840148289079,9.62409600467475,41.0407617336622));
#4040=CARTESIAN_POINT('Ctrl Pts',(-33.8904809216329,9.62409600467475,40.9205173326271));
#4041=CARTESIAN_POINT('Ctrl Pts',(-33.8297542218304,9.62409600467475,40.8006562295626));
#4042=CARTESIAN_POINT('Ctrl Pts',(-33.8067491475898,9.62409600467475,40.6913363605423));
#4043=CARTESIAN_POINT('Ctrl Pts',(-33.822067577095,9.62409600467475,40.5981353764347));
#4044=CARTESIAN_POINT('Ctrl Pts',(-33.8700049954368,9.62409600467475,40.5184042172107));
#4045=CARTESIAN_POINT('Ctrl Pts',(-33.9399522730937,9.62409600467475,40.4431794382049));
#4046=CARTESIAN_POINT('Ctrl Pts',(-34.0192895237793,9.62409600467475,40.3615151823218));
#4047=CARTESIAN_POINT('Ctrl Pts',(-34.095910216214,9.62409600467475,40.264250907797));
#4048=CARTESIAN_POINT('Ctrl Pts',(-34.1606389640119,9.62409600467475,40.1475376982031));
#4049=CARTESIAN_POINT('Ctrl Pts',(-34.2103550512149,9.62409600467475,40.0176942187865));
#4050=CARTESIAN_POINT('Ctrl Pts',(-34.2474421339069,9.62409600467475,39.8892608941785));
#4051=CARTESIAN_POINT('Ctrl Pts',(-34.2774825772152,9.62409600467475,39.7798738273107));
#4052=CARTESIAN_POINT('Ctrl Pts',(-34.3074542627771,9.62409600467475,39.7059234339895));
#4053=CARTESIAN_POINT('Ctrl Pts',(-34.3438809875487,9.62409600467475,39.6784177171565));
#4054=CARTESIAN_POINT('Ctrl Pts',(-34.3906223041336,9.62409600467475,39.6974173389458));
#4055=CARTESIAN_POINT('Ctrl Pts',(-34.4484801489927,9.62409600467475,39.752856637447));
#4056=CARTESIAN_POINT('Ctrl Pts',(-34.5162014347883,9.62409600467475,39.8303029356994));
#4057=CARTESIAN_POINT('Ctrl Pts',(-34.5910477257243,9.62409600467475,39.9150259070082));
#4058=CARTESIAN_POINT('Ctrl Pts',(-34.6695652916287,9.62409600467475,39.9972491548892));
#4059=CARTESIAN_POINT('Ctrl Pts',(-34.7481738418246,9.62409600467475,40.0754069803588));
#4060=CARTESIAN_POINT('Ctrl Pts',(-34.8233676912721,9.62409600467475,40.1527607769862));
#4061=CARTESIAN_POINT('Ctrl Pts',(-34.8919724370613,9.62409600467475,40.2349746183847));
#4062=CARTESIAN_POINT('Ctrl Pts',(-34.9513709531464,9.62409600467475,40.3274101423877));
#4063=CARTESIAN_POINT('Ctrl Pts',(-34.9997701580934,9.62409600467475,40.432356756987));
#4064=CARTESIAN_POINT('Ctrl Pts',(-35.03638018523,9.62409600467475,40.54682530692));
#4065=CARTESIAN_POINT('Ctrl Pts',(-35.0609961025111,9.62409600467475,40.6648072544466));
#4066=CARTESIAN_POINT('Ctrl Pts',(-35.0711142265105,9.62409600467475,40.7562017193057));
#4067=CARTESIAN_POINT('Ctrl Pts',(-35.0732633031824,9.62409600467475,40.8201197821577));
#4068=CARTESIAN_POINT('Ctrl Pts',(-35.0721941914072,9.62409600467475,40.8601479960964));
#4069=CARTESIAN_POINT('Ctrl Pts',(-35.0710162932288,9.62409600467475,40.8794877348053));
#4070=CARTESIAN_POINT('Ctrl Pts',(-26.7500234473011,10.1240960046748,38.3008937264305));
#4071=CARTESIAN_POINT('Ctrl Pts',(-26.7500234473011,9.62409600467475,38.3008937264305));
#4072=CARTESIAN_POINT('Ctrl Pts',(-26.7522047888958,10.1240960046748,38.2633228340727));
#4073=CARTESIAN_POINT('Ctrl Pts',(-26.7522047888958,9.62409600467475,38.2633228340727));
#4074=CARTESIAN_POINT('Ctrl Pts',(-26.7544525569228,10.1240960046748,38.1850654391419));
#4075=CARTESIAN_POINT('Ctrl Pts',(-26.7544525569228,9.62409600467475,38.1850654391419));
#4076=CARTESIAN_POINT('Ctrl Pts',(-26.7501882854865,10.1240960046748,38.0699611966067));
#4077=CARTESIAN_POINT('Ctrl Pts',(-26.7501882854865,9.62409600467475,38.0699611966067));
#4078=CARTESIAN_POINT('Ctrl Pts',(-26.7285976383861,10.1240960046748,37.9243327996393));
#4079=CARTESIAN_POINT('Ctrl Pts',(-26.7285976383861,9.62409600467475,37.9243327996393));
#4080=CARTESIAN_POINT('Ctrl Pts',(-26.6746673059646,10.1240960046748,37.7573890695818));
#4081=CARTESIAN_POINT('Ctrl Pts',(-26.6746673059646,9.62409600467475,37.7573890695818));
#4082=CARTESIAN_POINT('Ctrl Pts',(-26.5917180293063,10.1240960046748,37.6049831903935));
#4083=CARTESIAN_POINT('Ctrl Pts',(-26.5917180293063,9.62409600467475,37.6049831903935));
#4084=CARTESIAN_POINT('Ctrl Pts',(-26.4816765339497,10.1240960046748,37.4731956304318));
#4085=CARTESIAN_POINT('Ctrl Pts',(-26.4816765339497,9.62409600467475,37.4731956304318));
#4086=CARTESIAN_POINT('Ctrl Pts',(-26.3459812634873,10.1240960046748,37.3661428373801));
#4087=CARTESIAN_POINT('Ctrl Pts',(-26.3459812634873,9.62409600467475,37.3661428373801));
#4088=CARTESIAN_POINT('Ctrl Pts',(-26.1866530460395,10.1240960046748,37.2884913019686));
#4089=CARTESIAN_POINT('Ctrl Pts',(-26.1866530460395,9.62409600467475,37.2884913019686));
#4090=CARTESIAN_POINT('Ctrl Pts',(-26.0061067156799,10.1240960046748,37.2438229245713));
#4091=CARTESIAN_POINT('Ctrl Pts',(-26.0061067156799,9.62409600467475,37.2438229245713));
#4092=CARTESIAN_POINT('Ctrl Pts',(-25.8069933452001,10.1240960046748,37.2333230973877));
#4093=CARTESIAN_POINT('Ctrl Pts',(-25.8069933452001,9.62409600467475,37.2333230973877));
#4094=CARTESIAN_POINT('Ctrl Pts',(-25.5920375955843,10.1240960046748,37.2539263297595));
#4095=CARTESIAN_POINT('Ctrl Pts',(-25.5920375955843,9.62409600467475,37.2539263297595));
#4096=CARTESIAN_POINT('Ctrl Pts',(-25.3638607781198,10.1240960046748,37.2988626345347));
#4097=CARTESIAN_POINT('Ctrl Pts',(-25.3638607781198,9.62409600467475,37.2988626345347));
#4098=CARTESIAN_POINT('Ctrl Pts',(-25.1247976697743,10.1240960046748,37.3591721340278));
#4099=CARTESIAN_POINT('Ctrl Pts',(-25.1247976697743,9.62409600467475,37.3591721340278));
#4100=CARTESIAN_POINT('Ctrl Pts',(-24.8767090698764,10.1240960046748,37.4248975796573));
#4101=CARTESIAN_POINT('Ctrl Pts',(-24.8767090698764,9.62409600467475,37.4248975796573));
#4102=CARTESIAN_POINT('Ctrl Pts',(-24.6208103385718,10.1240960046748,37.4863903545437));
#4103=CARTESIAN_POINT('Ctrl Pts',(-24.6208103385718,9.62409600467475,37.4863903545437));
#4104=CARTESIAN_POINT('Ctrl Pts',(-24.3574503268193,10.1240960046748,37.5355965416396));
#4105=CARTESIAN_POINT('Ctrl Pts',(-24.3574503268193,9.62409600467475,37.5355965416396));
#4106=CARTESIAN_POINT('Ctrl Pts',(-24.0865481982505,10.1240960046748,37.5667723934595));
#4107=CARTESIAN_POINT('Ctrl Pts',(-24.0865481982505,9.62409600467475,37.5667723934595));
#4108=CARTESIAN_POINT('Ctrl Pts',(-23.8080804164987,10.1240960046748,37.5770979467002));
#4109=CARTESIAN_POINT('Ctrl Pts',(-23.8080804164987,9.62409600467475,37.5770979467002));
#4110=CARTESIAN_POINT('Ctrl Pts',(-23.5225643639824,10.1240960046748,37.5674359543651));
#4111=CARTESIAN_POINT('Ctrl Pts',(-23.5225643639824,9.62409600467475,37.5674359543651));
#4112=CARTESIAN_POINT('Ctrl Pts',(-23.2315143228278,10.1240960046748,37.5428447236052));
#4113=CARTESIAN_POINT('Ctrl Pts',(-23.2315143228278,9.62409600467475,37.5428447236052));
#4114=CARTESIAN_POINT('Ctrl Pts',(-22.9379957040743,10.1240960046748,37.513738396373));
#4115=CARTESIAN_POINT('Ctrl Pts',(-22.9379957040743,9.62409600467475,37.513738396373));
#4116=CARTESIAN_POINT('Ctrl Pts',(-22.6467707155042,10.1240960046748,37.4944283766577));
#4117=CARTESIAN_POINT('Ctrl Pts',(-22.6467707155042,9.62409600467475,37.4944283766577));
#4118=CARTESIAN_POINT('Ctrl Pts',(-22.3641740416551,10.1240960046748,37.5000413161184));
#4119=CARTESIAN_POINT('Ctrl Pts',(-22.3641740416551,9.62409600467475,37.5000413161184));
#4120=CARTESIAN_POINT('Ctrl Pts',(-22.0980913118926,10.1240960046748,37.5438442833456));
#4121=CARTESIAN_POINT('Ctrl Pts',(-22.0980913118926,9.62409600467475,37.5438442833456));
#4122=CARTESIAN_POINT('Ctrl Pts',(-21.8578733773873,10.1240960046748,37.634585481287));
#4123=CARTESIAN_POINT('Ctrl Pts',(-21.8578733773873,9.62409600467475,37.634585481287));
#4124=CARTESIAN_POINT('Ctrl Pts',(-21.6543555597374,10.1240960046748,37.7733447495934));
#4125=CARTESIAN_POINT('Ctrl Pts',(-21.6543555597374,9.62409600467475,37.7733447495934));
#4126=CARTESIAN_POINT('Ctrl Pts',(-21.499618238461,10.1240960046748,37.9519817860523));
#4127=CARTESIAN_POINT('Ctrl Pts',(-21.499618238461,9.62409600467475,37.9519817860523));
#4128=CARTESIAN_POINT('Ctrl Pts',(-21.4059745977411,10.1240960046748,38.1568024181173));
#4129=CARTESIAN_POINT('Ctrl Pts',(-21.4059745977411,9.62409600467475,38.1568024181173));
#4130=CARTESIAN_POINT('Ctrl Pts',(-21.3850470923196,10.1240960046748,38.3713997937161));
#4131=CARTESIAN_POINT('Ctrl Pts',(-21.3850470923196,9.62409600467475,38.3713997937161));
#4132=CARTESIAN_POINT('Ctrl Pts',(-21.4468813967452,10.1240960046748,38.5795961250281));
#4133=CARTESIAN_POINT('Ctrl Pts',(-21.4468813967452,9.62409600467475,38.5795961250281));
#4134=CARTESIAN_POINT('Ctrl Pts',(-21.5988238469846,10.1240960046748,38.7688431430419));
#4135=CARTESIAN_POINT('Ctrl Pts',(-21.5988238469846,9.62409600467475,38.7688431430419));
#4136=CARTESIAN_POINT('Ctrl Pts',(-21.8456545000044,10.1240960046748,38.9305273636711));
#4137=CARTESIAN_POINT('Ctrl Pts',(-21.8456545000044,9.62409600467475,38.9305273636711));
#4138=CARTESIAN_POINT('Ctrl Pts',(-22.1902188325605,10.1240960046748,39.0589966472092));
#4139=CARTESIAN_POINT('Ctrl Pts',(-22.1902188325605,9.62409600467475,39.0589966472092));
#4140=CARTESIAN_POINT('Ctrl Pts',(-22.6338761034122,10.1240960046748,39.1510237223527));
#4141=CARTESIAN_POINT('Ctrl Pts',(-22.6338761034122,9.62409600467475,39.1510237223527));
#4142=CARTESIAN_POINT('Ctrl Pts',(-23.0683781884446,10.1240960046748,39.1942890595554));
#4143=CARTESIAN_POINT('Ctrl Pts',(-23.0683781884446,9.62409600467475,39.1942890595554));
#4144=CARTESIAN_POINT('Ctrl Pts',(-23.4389522455055,10.1240960046748,39.2094855568205));
#4145=CARTESIAN_POINT('Ctrl Pts',(-23.4389522455055,9.62409600467475,39.2094855568205));
#4146=CARTESIAN_POINT('Ctrl Pts',(-23.7058408521971,10.1240960046748,39.2119587532521));
#4147=CARTESIAN_POINT('Ctrl Pts',(-23.7058408521971,9.62409600467475,39.2119587532521));
#4148=CARTESIAN_POINT('Ctrl Pts',(-23.8442449604954,10.1240960046748,39.2112809130045));
#4149=CARTESIAN_POINT('Ctrl Pts',(-23.8442449604954,9.62409600467475,39.2112809130045));
#4150=CARTESIAN_POINT('',(-23.8442449604954,10.1240960046748,39.2112809130045));
#4151=CARTESIAN_POINT('Ctrl Pts',(-26.7500234473011,10.1240960046748,38.3008937264305));
#4152=CARTESIAN_POINT('Ctrl Pts',(-26.7522047888958,10.1240960046748,38.2633228340727));
#4153=CARTESIAN_POINT('Ctrl Pts',(-26.7544525569228,10.1240960046748,38.1850654391419));
#4154=CARTESIAN_POINT('Ctrl Pts',(-26.7501882854865,10.1240960046748,38.0699611966067));
#4155=CARTESIAN_POINT('Ctrl Pts',(-26.7285976383861,10.1240960046748,37.9243327996393));
#4156=CARTESIAN_POINT('Ctrl Pts',(-26.6746673059646,10.1240960046748,37.7573890695818));
#4157=CARTESIAN_POINT('Ctrl Pts',(-26.5917180293063,10.1240960046748,37.6049831903935));
#4158=CARTESIAN_POINT('Ctrl Pts',(-26.4816765339497,10.1240960046748,37.4731956304318));
#4159=CARTESIAN_POINT('Ctrl Pts',(-26.3459812634873,10.1240960046748,37.3661428373801));
#4160=CARTESIAN_POINT('Ctrl Pts',(-26.1866530460395,10.1240960046748,37.2884913019686));
#4161=CARTESIAN_POINT('Ctrl Pts',(-26.0061067156799,10.1240960046748,37.2438229245713));
#4162=CARTESIAN_POINT('Ctrl Pts',(-25.8069933452001,10.1240960046748,37.2333230973877));
#4163=CARTESIAN_POINT('Ctrl Pts',(-25.5920375955843,10.1240960046748,37.2539263297595));
#4164=CARTESIAN_POINT('Ctrl Pts',(-25.3638607781198,10.1240960046748,37.2988626345347));
#4165=CARTESIAN_POINT('Ctrl Pts',(-25.1247976697743,10.1240960046748,37.3591721340278));
#4166=CARTESIAN_POINT('Ctrl Pts',(-24.8767090698764,10.1240960046748,37.4248975796573));
#4167=CARTESIAN_POINT('Ctrl Pts',(-24.6208103385718,10.1240960046748,37.4863903545437));
#4168=CARTESIAN_POINT('Ctrl Pts',(-24.3574503268193,10.1240960046748,37.5355965416396));
#4169=CARTESIAN_POINT('Ctrl Pts',(-24.0865481982505,10.1240960046748,37.5667723934595));
#4170=CARTESIAN_POINT('Ctrl Pts',(-23.8080804164987,10.1240960046748,37.5770979467002));
#4171=CARTESIAN_POINT('Ctrl Pts',(-23.5225643639824,10.1240960046748,37.5674359543651));
#4172=CARTESIAN_POINT('Ctrl Pts',(-23.2315143228278,10.1240960046748,37.5428447236052));
#4173=CARTESIAN_POINT('Ctrl Pts',(-22.9379957040743,10.1240960046748,37.513738396373));
#4174=CARTESIAN_POINT('Ctrl Pts',(-22.6467707155042,10.1240960046748,37.4944283766577));
#4175=CARTESIAN_POINT('Ctrl Pts',(-22.3641740416551,10.1240960046748,37.5000413161184));
#4176=CARTESIAN_POINT('Ctrl Pts',(-22.0980913118926,10.1240960046748,37.5438442833456));
#4177=CARTESIAN_POINT('Ctrl Pts',(-21.8578733773873,10.1240960046748,37.634585481287));
#4178=CARTESIAN_POINT('Ctrl Pts',(-21.6543555597374,10.1240960046748,37.7733447495934));
#4179=CARTESIAN_POINT('Ctrl Pts',(-21.499618238461,10.1240960046748,37.9519817860523));
#4180=CARTESIAN_POINT('Ctrl Pts',(-21.4059745977411,10.1240960046748,38.1568024181173));
#4181=CARTESIAN_POINT('Ctrl Pts',(-21.3850470923196,10.1240960046748,38.3713997937161));
#4182=CARTESIAN_POINT('Ctrl Pts',(-21.4468813967452,10.1240960046748,38.5795961250281));
#4183=CARTESIAN_POINT('Ctrl Pts',(-21.5988238469846,10.1240960046748,38.7688431430419));
#4184=CARTESIAN_POINT('Ctrl Pts',(-21.8456545000044,10.1240960046748,38.9305273636711));
#4185=CARTESIAN_POINT('Ctrl Pts',(-22.1902188325605,10.1240960046748,39.0589966472092));
#4186=CARTESIAN_POINT('Ctrl Pts',(-22.6338761034122,10.1240960046748,39.1510237223527));
#4187=CARTESIAN_POINT('Ctrl Pts',(-23.0683781884446,10.1240960046748,39.1942890595554));
#4188=CARTESIAN_POINT('Ctrl Pts',(-23.4389522455055,10.1240960046748,39.2094855568205));
#4189=CARTESIAN_POINT('Ctrl Pts',(-23.7058408521971,10.1240960046748,39.2119587532521));
#4190=CARTESIAN_POINT('Ctrl Pts',(-23.8442449604954,10.1240960046748,39.2112809130045));
#4191=CARTESIAN_POINT('',(-26.7500234473011,10.1240960046748,38.3008937264305));
#4192=CARTESIAN_POINT('',(-23.8442449604954,10.1240960046748,39.2112809130045));
#4193=CARTESIAN_POINT('Ctrl Pts',(-23.8442449604954,10.1240960046748,39.2112809130045));
#4194=CARTESIAN_POINT('Ctrl Pts',(-23.8442449604954,9.62409600467475,39.2112809130045));
#4195=CARTESIAN_POINT('Ctrl Pts',(-23.8575248652595,10.1240960046748,39.2141596203676));
#4196=CARTESIAN_POINT('Ctrl Pts',(-23.8575248652595,9.62409600467475,39.2141596203676));
#4197=CARTESIAN_POINT('Ctrl Pts',(-23.8829557701991,10.1240960046748,39.2201839503894));
#4198=CARTESIAN_POINT('Ctrl Pts',(-23.8829557701991,9.62409600467475,39.2201839503894));
#4199=CARTESIAN_POINT('Ctrl Pts',(-23.917715116863,10.1240960046748,39.2300229178861));
#4200=CARTESIAN_POINT('Ctrl Pts',(-23.917715116863,9.62409600467475,39.2300229178861));
#4201=CARTESIAN_POINT('Ctrl Pts',(-23.9572804628444,10.1240960046748,39.2447336119015));
#4202=CARTESIAN_POINT('Ctrl Pts',(-23.9572804628444,9.62409600467475,39.2447336119015));
#4203=CARTESIAN_POINT('Ctrl Pts',(-23.9951316482852,10.1240960046748,39.2677726217144));
#4204=CARTESIAN_POINT('Ctrl Pts',(-23.9951316482852,9.62409600467475,39.2677726217144));
#4205=CARTESIAN_POINT('Ctrl Pts',(-24.0206017685875,10.1240960046748,39.3011573726908));
#4206=CARTESIAN_POINT('Ctrl Pts',(-24.0206017685875,9.62409600467475,39.3011573726908));
#4207=CARTESIAN_POINT('Ctrl Pts',(-24.0321080594105,10.1240960046748,39.3568567227948));
#4208=CARTESIAN_POINT('Ctrl Pts',(-24.0321080594105,9.62409600467475,39.3568567227948));
#4209=CARTESIAN_POINT('Ctrl Pts',(-24.0280936752912,10.1240960046748,39.4487058318296));
#4210=CARTESIAN_POINT('Ctrl Pts',(-24.0280936752912,9.62409600467475,39.4487058318296));
#4211=CARTESIAN_POINT('Ctrl Pts',(-24.0079105299324,10.1240960046748,39.5875380228462));
#4212=CARTESIAN_POINT('Ctrl Pts',(-24.0079105299324,9.62409600467475,39.5875380228462));
#4213=CARTESIAN_POINT('Ctrl Pts',(-23.9729488642801,10.1240960046748,39.7752618958081));
#4214=CARTESIAN_POINT('Ctrl Pts',(-23.9729488642801,9.62409600467475,39.7752618958081));
#4215=CARTESIAN_POINT('Ctrl Pts',(-23.9267230995729,10.1240960046748,40.0037604194737));
#4216=CARTESIAN_POINT('Ctrl Pts',(-23.9267230995729,9.62409600467475,40.0037604194737));
#4217=CARTESIAN_POINT('Ctrl Pts',(-23.8737337713192,10.1240960046748,40.2595005237255));
#4218=CARTESIAN_POINT('Ctrl Pts',(-23.8737337713192,9.62409600467475,40.2595005237255));
#4219=CARTESIAN_POINT('Ctrl Pts',(-23.8186552681073,10.1240960046748,40.5266134527513));
#4220=CARTESIAN_POINT('Ctrl Pts',(-23.8186552681073,9.62409600467475,40.5266134527513));
#4221=CARTESIAN_POINT('Ctrl Pts',(-23.7654011289275,10.1240960046748,40.7905536459985));
#4222=CARTESIAN_POINT('Ctrl Pts',(-23.7654011289275,9.62409600467475,40.7905536459985));
#4223=CARTESIAN_POINT('Ctrl Pts',(-23.7162227419405,10.1240960046748,41.0415636975907));
#4224=CARTESIAN_POINT('Ctrl Pts',(-23.7162227419405,9.62409600467475,41.0415636975907));
#4225=CARTESIAN_POINT('Ctrl Pts',(-23.6708333259161,10.1240960046748,41.2780896766166));
#4226=CARTESIAN_POINT('Ctrl Pts',(-23.6708333259161,9.62409600467475,41.2780896766166));
#4227=CARTESIAN_POINT('Ctrl Pts',(-23.627437033422,10.1240960046748,41.5041854448055));
#4228=CARTESIAN_POINT('Ctrl Pts',(-23.627437033422,9.62409600467475,41.5041854448055));
#4229=CARTESIAN_POINT('Ctrl Pts',(-23.5836676612142,10.1240960046748,41.7271858390202));
#4230=CARTESIAN_POINT('Ctrl Pts',(-23.5836676612142,9.62409600467475,41.7271858390202));
#4231=CARTESIAN_POINT('Ctrl Pts',(-23.5376023922449,10.1240960046748,41.9552083913465));
#4232=CARTESIAN_POINT('Ctrl Pts',(-23.5376023922449,9.62409600467475,41.9552083913465));
#4233=CARTESIAN_POINT('Ctrl Pts',(-23.4886402677703,10.1240960046748,42.1949474064254));
#4234=CARTESIAN_POINT('Ctrl Pts',(-23.4886402677703,9.62409600467475,42.1949474064254));
#4235=CARTESIAN_POINT('Ctrl Pts',(-23.4387031204729,10.1240960046748,42.4488168384921));
#4236=CARTESIAN_POINT('Ctrl Pts',(-23.4387031204729,9.62409600467475,42.4488168384921));
#4237=CARTESIAN_POINT('Ctrl Pts',(-23.3922414748452,10.1240960046748,42.7145086464321));
#4238=CARTESIAN_POINT('Ctrl Pts',(-23.3922414748452,9.62409600467475,42.7145086464321));
#4239=CARTESIAN_POINT('Ctrl Pts',(-23.3551962249001,10.1240960046748,42.9866500531965));
#4240=CARTESIAN_POINT('Ctrl Pts',(-23.3551962249001,9.62409600467475,42.9866500531965));
#4241=CARTESIAN_POINT('Ctrl Pts',(-23.3342756066767,10.1240960046748,43.2578355984339));
#4242=CARTESIAN_POINT('Ctrl Pts',(-23.3342756066767,9.62409600467475,43.2578355984339));
#4243=CARTESIAN_POINT('Ctrl Pts',(-23.336078087134,10.1240960046748,43.5199385433047));
#4244=CARTESIAN_POINT('Ctrl Pts',(-23.336078087134,9.62409600467475,43.5199385433047));
#4245=CARTESIAN_POINT('Ctrl Pts',(-23.3663485865195,10.1240960046748,43.7652103430866));
#4246=CARTESIAN_POINT('Ctrl Pts',(-23.3663485865195,9.62409600467475,43.7652103430866));
#4247=CARTESIAN_POINT('Ctrl Pts',(-23.4289977055227,10.1240960046748,43.9876909303352));
#4248=CARTESIAN_POINT('Ctrl Pts',(-23.4289977055227,9.62409600467475,43.9876909303352));
#4249=CARTESIAN_POINT('Ctrl Pts',(-23.5261704079487,10.1240960046748,44.1832853929147));
#4250=CARTESIAN_POINT('Ctrl Pts',(-23.5261704079487,9.62409600467475,44.1832853929147));
#4251=CARTESIAN_POINT('Ctrl Pts',(-23.6587465905908,10.1240960046748,44.3492933113563));
#4252=CARTESIAN_POINT('Ctrl Pts',(-23.6587465905908,9.62409600467475,44.3492933113563));
#4253=CARTESIAN_POINT('Ctrl Pts',(-23.8267019613988,10.1240960046748,44.4841170270372));
#4254=CARTESIAN_POINT('Ctrl Pts',(-23.8267019613988,9.62409600467475,44.4841170270372));
#4255=CARTESIAN_POINT('Ctrl Pts',(-24.0294962873714,10.1240960046748,44.5869199770642));
#4256=CARTESIAN_POINT('Ctrl Pts',(-24.0294962873714,9.62409600467475,44.5869199770642));
#4257=CARTESIAN_POINT('Ctrl Pts',(-24.2664939264487,10.1240960046748,44.6572793013752));
#4258=CARTESIAN_POINT('Ctrl Pts',(-24.2664939264487,9.62409600467475,44.6572793013752));
#4259=CARTESIAN_POINT('Ctrl Pts',(-24.537142309683,10.1240960046748,44.6950011058273));
#4260=CARTESIAN_POINT('Ctrl Pts',(-24.537142309683,9.62409600467475,44.6950011058273));
#4261=CARTESIAN_POINT('Ctrl Pts',(-24.8409492026664,10.1240960046748,44.7000789058229));
#4262=CARTESIAN_POINT('Ctrl Pts',(-24.8409492026664,9.62409600467475,44.7000789058229));
#4263=CARTESIAN_POINT('Ctrl Pts',(-25.177515434288,10.1240960046748,44.6726144035203));
#4264=CARTESIAN_POINT('Ctrl Pts',(-25.177515434288,9.62409600467475,44.6726144035203));
#4265=CARTESIAN_POINT('Ctrl Pts',(-25.4727361082229,10.1240960046748,44.6247296138695));
#4266=CARTESIAN_POINT('Ctrl Pts',(-25.4727361082229,9.62409600467475,44.6247296138695));
#4267=CARTESIAN_POINT('Ctrl Pts',(-25.7086747978128,10.1240960046748,44.5743012353032));
#4268=CARTESIAN_POINT('Ctrl Pts',(-25.7086747978128,9.62409600467475,44.5743012353032));
#4269=CARTESIAN_POINT('Ctrl Pts',(-25.8724133990243,10.1240960046748,44.5342398939655));
#4270=CARTESIAN_POINT('Ctrl Pts',(-25.8724133990243,9.62409600467475,44.5342398939655));
#4271=CARTESIAN_POINT('Ctrl Pts',(-25.9558942370085,10.1240960046748,44.5125986162026));
#4272=CARTESIAN_POINT('Ctrl Pts',(-25.9558942370085,9.62409600467475,44.5125986162026));
#4273=CARTESIAN_POINT('',(-25.9558942370085,10.1240960046748,44.5125986162026));
#4274=CARTESIAN_POINT('Ctrl Pts',(-23.8442449604954,10.1240960046748,39.2112809130045));
#4275=CARTESIAN_POINT('Ctrl Pts',(-23.8575248652595,10.1240960046748,39.2141596203676));
#4276=CARTESIAN_POINT('Ctrl Pts',(-23.8829557701991,10.1240960046748,39.2201839503894));
#4277=CARTESIAN_POINT('Ctrl Pts',(-23.917715116863,10.1240960046748,39.2300229178861));
#4278=CARTESIAN_POINT('Ctrl Pts',(-23.9572804628444,10.1240960046748,39.2447336119015));
#4279=CARTESIAN_POINT('Ctrl Pts',(-23.9951316482852,10.1240960046748,39.2677726217144));
#4280=CARTESIAN_POINT('Ctrl Pts',(-24.0206017685875,10.1240960046748,39.3011573726908));
#4281=CARTESIAN_POINT('Ctrl Pts',(-24.0321080594105,10.1240960046748,39.3568567227948));
#4282=CARTESIAN_POINT('Ctrl Pts',(-24.0280936752912,10.1240960046748,39.4487058318296));
#4283=CARTESIAN_POINT('Ctrl Pts',(-24.0079105299324,10.1240960046748,39.5875380228462));
#4284=CARTESIAN_POINT('Ctrl Pts',(-23.9729488642801,10.1240960046748,39.7752618958081));
#4285=CARTESIAN_POINT('Ctrl Pts',(-23.9267230995729,10.1240960046748,40.0037604194737));
#4286=CARTESIAN_POINT('Ctrl Pts',(-23.8737337713192,10.1240960046748,40.2595005237255));
#4287=CARTESIAN_POINT('Ctrl Pts',(-23.8186552681073,10.1240960046748,40.5266134527513));
#4288=CARTESIAN_POINT('Ctrl Pts',(-23.7654011289275,10.1240960046748,40.7905536459985));
#4289=CARTESIAN_POINT('Ctrl Pts',(-23.7162227419405,10.1240960046748,41.0415636975907));
#4290=CARTESIAN_POINT('Ctrl Pts',(-23.6708333259161,10.1240960046748,41.2780896766166));
#4291=CARTESIAN_POINT('Ctrl Pts',(-23.627437033422,10.1240960046748,41.5041854448055));
#4292=CARTESIAN_POINT('Ctrl Pts',(-23.5836676612142,10.1240960046748,41.7271858390202));
#4293=CARTESIAN_POINT('Ctrl Pts',(-23.5376023922449,10.1240960046748,41.9552083913465));
#4294=CARTESIAN_POINT('Ctrl Pts',(-23.4886402677703,10.1240960046748,42.1949474064254));
#4295=CARTESIAN_POINT('Ctrl Pts',(-23.4387031204729,10.1240960046748,42.4488168384921));
#4296=CARTESIAN_POINT('Ctrl Pts',(-23.3922414748452,10.1240960046748,42.7145086464321));
#4297=CARTESIAN_POINT('Ctrl Pts',(-23.3551962249001,10.1240960046748,42.9866500531965));
#4298=CARTESIAN_POINT('Ctrl Pts',(-23.3342756066767,10.1240960046748,43.2578355984339));
#4299=CARTESIAN_POINT('Ctrl Pts',(-23.336078087134,10.1240960046748,43.5199385433047));
#4300=CARTESIAN_POINT('Ctrl Pts',(-23.3663485865195,10.1240960046748,43.7652103430866));
#4301=CARTESIAN_POINT('Ctrl Pts',(-23.4289977055227,10.1240960046748,43.9876909303352));
#4302=CARTESIAN_POINT('Ctrl Pts',(-23.5261704079487,10.1240960046748,44.1832853929147));
#4303=CARTESIAN_POINT('Ctrl Pts',(-23.6587465905908,10.1240960046748,44.3492933113563));
#4304=CARTESIAN_POINT('Ctrl Pts',(-23.8267019613988,10.1240960046748,44.4841170270372));
#4305=CARTESIAN_POINT('Ctrl Pts',(-24.0294962873714,10.1240960046748,44.5869199770642));
#4306=CARTESIAN_POINT('Ctrl Pts',(-24.2664939264487,10.1240960046748,44.6572793013752));
#4307=CARTESIAN_POINT('Ctrl Pts',(-24.537142309683,10.1240960046748,44.6950011058273));
#4308=CARTESIAN_POINT('Ctrl Pts',(-24.8409492026664,10.1240960046748,44.7000789058229));
#4309=CARTESIAN_POINT('Ctrl Pts',(-25.177515434288,10.1240960046748,44.6726144035203));
#4310=CARTESIAN_POINT('Ctrl Pts',(-25.4727361082229,10.1240960046748,44.6247296138695));
#4311=CARTESIAN_POINT('Ctrl Pts',(-25.7086747978128,10.1240960046748,44.5743012353032));
#4312=CARTESIAN_POINT('Ctrl Pts',(-25.8724133990243,10.1240960046748,44.5342398939655));
#4313=CARTESIAN_POINT('Ctrl Pts',(-25.9558942370085,10.1240960046748,44.5125986162026));
#4314=CARTESIAN_POINT('',(-25.9558942370085,10.1240960046748,44.5125986162026));
#4315=CARTESIAN_POINT('Ctrl Pts',(-25.9558942370085,10.1240960046748,44.5125986162026));
#4316=CARTESIAN_POINT('Ctrl Pts',(-25.9558942370085,9.62409600467475,44.5125986162026));
#4317=CARTESIAN_POINT('Ctrl Pts',(-25.9691360686875,10.1240960046748,44.5072975102059));
#4318=CARTESIAN_POINT('Ctrl Pts',(-25.9691360686875,9.62409600467475,44.5072975102059));
#4319=CARTESIAN_POINT('Ctrl Pts',(-25.995371896402,10.1240960046748,44.4940124092185));
#4320=CARTESIAN_POINT('Ctrl Pts',(-25.995371896402,9.62409600467475,44.4940124092185));
#4321=CARTESIAN_POINT('Ctrl Pts',(-26.0339821278225,10.1240960046748,44.4660360963989));
#4322=CARTESIAN_POINT('Ctrl Pts',(-26.0339821278225,9.62409600467475,44.4660360963989));
#4323=CARTESIAN_POINT('Ctrl Pts',(-26.0839727602414,10.1240960046748,44.4126078167242));
#4324=CARTESIAN_POINT('Ctrl Pts',(-26.0839727602414,9.62409600467475,44.4126078167242));
#4325=CARTESIAN_POINT('Ctrl Pts',(-26.1434766571344,10.1240960046748,44.3193907379897));
#4326=CARTESIAN_POINT('Ctrl Pts',(-26.1434766571344,9.62409600467475,44.3193907379897));
#4327=CARTESIAN_POINT('Ctrl Pts',(-26.1985165802474,10.1240960046748,44.2013775790548));
#4328=CARTESIAN_POINT('Ctrl Pts',(-26.1985165802474,9.62409600467475,44.2013775790548));
#4329=CARTESIAN_POINT('Ctrl Pts',(-26.2461454774659,10.1240960046748,44.0620765758627));
#4330=CARTESIAN_POINT('Ctrl Pts',(-26.2461454774659,9.62409600467475,44.0620765758627));
#4331=CARTESIAN_POINT('Ctrl Pts',(-26.281454738898,10.1240960046748,43.907563772855));
#4332=CARTESIAN_POINT('Ctrl Pts',(-26.281454738898,9.62409600467475,43.907563772855));
#4333=CARTESIAN_POINT('Ctrl Pts',(-26.2988444926085,10.1240960046748,43.7450463573226));
#4334=CARTESIAN_POINT('Ctrl Pts',(-26.2988444926085,9.62409600467475,43.7450463573226));
#4335=CARTESIAN_POINT('Ctrl Pts',(-26.293350264777,10.1240960046748,43.5813733380216));
#4336=CARTESIAN_POINT('Ctrl Pts',(-26.293350264777,9.62409600467475,43.5813733380216));
#4337=CARTESIAN_POINT('Ctrl Pts',(-26.2618535037747,10.1240960046748,43.421671889846));
#4338=CARTESIAN_POINT('Ctrl Pts',(-26.2618535037747,9.62409600467475,43.421671889846));
#4339=CARTESIAN_POINT('Ctrl Pts',(-26.2045936674724,10.1240960046748,43.267677874419));
#4340=CARTESIAN_POINT('Ctrl Pts',(-26.2045936674724,9.62409600467475,43.267677874419));
#4341=CARTESIAN_POINT('Ctrl Pts',(-26.1258288115465,10.1240960046748,43.1169473243122));
#4342=CARTESIAN_POINT('Ctrl Pts',(-26.1258288115465,9.62409600467475,43.1169473243122));
#4343=CARTESIAN_POINT('Ctrl Pts',(-26.0321340448383,10.1240960046748,42.9645123448293));
#4344=CARTESIAN_POINT('Ctrl Pts',(-26.0321340448383,9.62409600467475,42.9645123448293));
#4345=CARTESIAN_POINT('Ctrl Pts',(-25.931122662458,10.1240960046748,42.8040939134411));
#4346=CARTESIAN_POINT('Ctrl Pts',(-25.931122662458,9.62409600467475,42.8040939134411));
#4347=CARTESIAN_POINT('Ctrl Pts',(-25.8300769172927,10.1240960046748,42.6294306040101));
#4348=CARTESIAN_POINT('Ctrl Pts',(-25.8300769172927,9.62409600467475,42.6294306040101));
#4349=CARTESIAN_POINT('Ctrl Pts',(-25.7344719216527,10.1240960046748,42.4356672479022));
#4350=CARTESIAN_POINT('Ctrl Pts',(-25.7344719216527,9.62409600467475,42.4356672479022));
#4351=CARTESIAN_POINT('Ctrl Pts',(-25.6469951143045,10.1240960046748,42.2203840120393));
#4352=CARTESIAN_POINT('Ctrl Pts',(-25.6469951143045,9.62409600467475,42.2203840120393));
#4353=CARTESIAN_POINT('Ctrl Pts',(-25.5684275780362,10.1240960046748,41.9832355030406));
#4354=CARTESIAN_POINT('Ctrl Pts',(-25.5684275780362,9.62409600467475,41.9832355030406));
#4355=CARTESIAN_POINT('Ctrl Pts',(-25.4982026605285,10.1240960046748,41.7258349951256));
#4356=CARTESIAN_POINT('Ctrl Pts',(-25.4982026605285,9.62409600467475,41.7258349951256));
#4357=CARTESIAN_POINT('Ctrl Pts',(-25.4350840228991,10.1240960046748,41.4515647103042));
#4358=CARTESIAN_POINT('Ctrl Pts',(-25.4350840228991,9.62409600467475,41.4515647103042));
#4359=CARTESIAN_POINT('Ctrl Pts',(-25.3777711582943,10.1240960046748,41.1654296986566));
#4360=CARTESIAN_POINT('Ctrl Pts',(-25.3777711582943,9.62409600467475,41.1654296986566));
#4361=CARTESIAN_POINT('Ctrl Pts',(-25.3255634369997,10.1240960046748,40.8739254307289));
#4362=CARTESIAN_POINT('Ctrl Pts',(-25.3255634369997,9.62409600467475,40.8739254307289));
#4363=CARTESIAN_POINT('Ctrl Pts',(-25.278911050742,10.1240960046748,40.5848689428013));
#4364=CARTESIAN_POINT('Ctrl Pts',(-25.278911050742,9.62409600467475,40.5848689428013));
#4365=CARTESIAN_POINT('Ctrl Pts',(-25.239059733451,10.1240960046748,40.3067759805719));
#4366=CARTESIAN_POINT('Ctrl Pts',(-25.239059733451,9.62409600467475,40.3067759805719));
#4367=CARTESIAN_POINT('Ctrl Pts',(-25.2077767493943,10.1240960046748,40.0482806912626));
#4368=CARTESIAN_POINT('Ctrl Pts',(-25.2077767493943,9.62409600467475,40.0482806912626));
#4369=CARTESIAN_POINT('Ctrl Pts',(-25.1870509645735,10.1240960046748,39.8175444059339));
#4370=CARTESIAN_POINT('Ctrl Pts',(-25.1870509645735,9.62409600467475,39.8175444059339));
#4371=CARTESIAN_POINT('Ctrl Pts',(-25.1788000364046,10.1240960046748,39.621651257999));
#4372=CARTESIAN_POINT('Ctrl Pts',(-25.1788000364046,9.62409600467475,39.621651257999));
#4373=CARTESIAN_POINT('Ctrl Pts',(-25.1845831212304,10.1240960046748,39.4660246864132));
#4374=CARTESIAN_POINT('Ctrl Pts',(-25.1845831212304,9.62409600467475,39.4660246864132));
#4375=CARTESIAN_POINT('Ctrl Pts',(-25.2052777659882,10.1240960046748,39.3537414816722));
#4376=CARTESIAN_POINT('Ctrl Pts',(-25.2052777659882,9.62409600467475,39.3537414816722));
#4377=CARTESIAN_POINT('Ctrl Pts',(-25.2340570013546,10.1240960046748,39.2996549525088));
#4378=CARTESIAN_POINT('Ctrl Pts',(-25.2340570013546,9.62409600467475,39.2996549525088));
#4379=CARTESIAN_POINT('Ctrl Pts',(-25.2625477398461,10.1240960046748,39.2793211722821));
#4380=CARTESIAN_POINT('Ctrl Pts',(-25.2625477398461,9.62409600467475,39.2793211722821));
#4381=CARTESIAN_POINT('Ctrl Pts',(-25.2846053851314,10.1240960046748,39.2747404025685));
#4382=CARTESIAN_POINT('Ctrl Pts',(-25.2846053851314,9.62409600467475,39.2747404025685));
#4383=CARTESIAN_POINT('Ctrl Pts',(-25.2964001686681,10.1240960046748,39.274693804191));
#4384=CARTESIAN_POINT('Ctrl Pts',(-25.2964001686681,9.62409600467475,39.274693804191));
#4385=CARTESIAN_POINT('',(-25.2964001686681,10.1240960046748,39.274693804191));
#4386=CARTESIAN_POINT('Ctrl Pts',(-25.9558942370085,10.1240960046748,44.5125986162026));
#4387=CARTESIAN_POINT('Ctrl Pts',(-25.9691360686875,10.1240960046748,44.5072975102059));
#4388=CARTESIAN_POINT('Ctrl Pts',(-25.995371896402,10.1240960046748,44.4940124092185));
#4389=CARTESIAN_POINT('Ctrl Pts',(-26.0339821278225,10.1240960046748,44.4660360963989));
#4390=CARTESIAN_POINT('Ctrl Pts',(-26.0839727602414,10.1240960046748,44.4126078167242));
#4391=CARTESIAN_POINT('Ctrl Pts',(-26.1434766571344,10.1240960046748,44.3193907379897));
#4392=CARTESIAN_POINT('Ctrl Pts',(-26.1985165802474,10.1240960046748,44.2013775790548));
#4393=CARTESIAN_POINT('Ctrl Pts',(-26.2461454774659,10.1240960046748,44.0620765758627));
#4394=CARTESIAN_POINT('Ctrl Pts',(-26.281454738898,10.1240960046748,43.907563772855));
#4395=CARTESIAN_POINT('Ctrl Pts',(-26.2988444926085,10.1240960046748,43.7450463573226));
#4396=CARTESIAN_POINT('Ctrl Pts',(-26.293350264777,10.1240960046748,43.5813733380216));
#4397=CARTESIAN_POINT('Ctrl Pts',(-26.2618535037747,10.1240960046748,43.421671889846));
#4398=CARTESIAN_POINT('Ctrl Pts',(-26.2045936674724,10.1240960046748,43.267677874419));
#4399=CARTESIAN_POINT('Ctrl Pts',(-26.1258288115465,10.1240960046748,43.1169473243122));
#4400=CARTESIAN_POINT('Ctrl Pts',(-26.0321340448383,10.1240960046748,42.9645123448293));
#4401=CARTESIAN_POINT('Ctrl Pts',(-25.931122662458,10.1240960046748,42.8040939134411));
#4402=CARTESIAN_POINT('Ctrl Pts',(-25.8300769172927,10.1240960046748,42.6294306040101));
#4403=CARTESIAN_POINT('Ctrl Pts',(-25.7344719216527,10.1240960046748,42.4356672479022));
#4404=CARTESIAN_POINT('Ctrl Pts',(-25.6469951143045,10.1240960046748,42.2203840120393));
#4405=CARTESIAN_POINT('Ctrl Pts',(-25.5684275780362,10.1240960046748,41.9832355030406));
#4406=CARTESIAN_POINT('Ctrl Pts',(-25.4982026605285,10.1240960046748,41.7258349951256));
#4407=CARTESIAN_POINT('Ctrl Pts',(-25.4350840228991,10.1240960046748,41.4515647103042));
#4408=CARTESIAN_POINT('Ctrl Pts',(-25.3777711582943,10.1240960046748,41.1654296986566));
#4409=CARTESIAN_POINT('Ctrl Pts',(-25.3255634369997,10.1240960046748,40.8739254307289));
#4410=CARTESIAN_POINT('Ctrl Pts',(-25.278911050742,10.1240960046748,40.5848689428013));
#4411=CARTESIAN_POINT('Ctrl Pts',(-25.239059733451,10.1240960046748,40.3067759805719));
#4412=CARTESIAN_POINT('Ctrl Pts',(-25.2077767493943,10.1240960046748,40.0482806912626));
#4413=CARTESIAN_POINT('Ctrl Pts',(-25.1870509645735,10.1240960046748,39.8175444059339));
#4414=CARTESIAN_POINT('Ctrl Pts',(-25.1788000364046,10.1240960046748,39.621651257999));
#4415=CARTESIAN_POINT('Ctrl Pts',(-25.1845831212304,10.1240960046748,39.4660246864132));
#4416=CARTESIAN_POINT('Ctrl Pts',(-25.2052777659882,10.1240960046748,39.3537414816722));
#4417=CARTESIAN_POINT('Ctrl Pts',(-25.2340570013546,10.1240960046748,39.2996549525088));
#4418=CARTESIAN_POINT('Ctrl Pts',(-25.2625477398461,10.1240960046748,39.2793211722821));
#4419=CARTESIAN_POINT('Ctrl Pts',(-25.2846053851314,10.1240960046748,39.2747404025685));
#4420=CARTESIAN_POINT('Ctrl Pts',(-25.2964001686681,10.1240960046748,39.274693804191));
#4421=CARTESIAN_POINT('',(-25.2964001686681,10.1240960046748,39.274693804191));
#4422=CARTESIAN_POINT('Ctrl Pts',(-25.2964001686681,10.1240960046748,39.274693804191));
#4423=CARTESIAN_POINT('Ctrl Pts',(-25.2964001686681,9.62409600467475,39.274693804191));
#4424=CARTESIAN_POINT('Ctrl Pts',(-25.3259297265514,10.1240960046748,39.2808684889007));
#4425=CARTESIAN_POINT('Ctrl Pts',(-25.3259297265514,9.62409600467475,39.2808684889007));
#4426=CARTESIAN_POINT('Ctrl Pts',(-25.3842715338737,10.1240960046748,39.2929053076505));
#4427=CARTESIAN_POINT('Ctrl Pts',(-25.3842715338737,9.62409600467475,39.2929053076505));
#4428=CARTESIAN_POINT('Ctrl Pts',(-25.4696324347854,10.1240960046748,39.3100229339886));
#4429=CARTESIAN_POINT('Ctrl Pts',(-25.4696324347854,9.62409600467475,39.3100229339886));
#4430=CARTESIAN_POINT('Ctrl Pts',(-25.5790715496766,10.1240960046748,39.330939947212));
#4431=CARTESIAN_POINT('Ctrl Pts',(-25.5790715496766,9.62409600467475,39.330939947212));
#4432=CARTESIAN_POINT('Ctrl Pts',(-25.7080728277952,10.1240960046748,39.3536885819951));
#4433=CARTESIAN_POINT('Ctrl Pts',(-25.7080728277952,9.62409600467475,39.3536885819951));
#4434=CARTESIAN_POINT('Ctrl Pts',(-25.8285409918086,10.1240960046748,39.3727191084193));
#4435=CARTESIAN_POINT('Ctrl Pts',(-25.8285409918086,9.62409600467475,39.3727191084193));
#4436=CARTESIAN_POINT('Ctrl Pts',(-25.9397169421708,10.1240960046748,39.3877007663064));
#4437=CARTESIAN_POINT('Ctrl Pts',(-25.9397169421708,9.62409600467475,39.3877007663064));
#4438=CARTESIAN_POINT('Ctrl Pts',(-26.0410783070701,10.1240960046748,39.3984059441467));
#4439=CARTESIAN_POINT('Ctrl Pts',(-26.0410783070701,9.62409600467475,39.3984059441467));
#4440=CARTESIAN_POINT('Ctrl Pts',(-26.1328601787206,10.1240960046748,39.4049370779697));
#4441=CARTESIAN_POINT('Ctrl Pts',(-26.1328601787206,9.62409600467475,39.4049370779697));
#4442=CARTESIAN_POINT('Ctrl Pts',(-26.2157231607648,10.1240960046748,39.4075820106294));
#4443=CARTESIAN_POINT('Ctrl Pts',(-26.2157231607648,9.62409600467475,39.4075820106294));
#4444=CARTESIAN_POINT('Ctrl Pts',(-26.2754318592942,10.1240960046748,39.4068301378666));
#4445=CARTESIAN_POINT('Ctrl Pts',(-26.2754318592942,9.62409600467475,39.4068301378666));
#4446=CARTESIAN_POINT('Ctrl Pts',(-26.3167418414548,10.1240960046748,39.4047535887683));
#4447=CARTESIAN_POINT('Ctrl Pts',(-26.3167418414548,9.62409600467475,39.4047535887683));
#4448=CARTESIAN_POINT('Ctrl Pts',(-26.3427639029066,10.1240960046748,39.4027078210487));
#4449=CARTESIAN_POINT('Ctrl Pts',(-26.3427639029066,9.62409600467475,39.4027078210487));
#4450=CARTESIAN_POINT('Ctrl Pts',(-26.355395451484,10.1240960046748,39.4015195865642));
#4451=CARTESIAN_POINT('Ctrl Pts',(-26.355395451484,9.62409600467475,39.4015195865642));
#4452=CARTESIAN_POINT('',(-26.355395451484,10.1240960046748,39.4015195865642));
#4453=CARTESIAN_POINT('Ctrl Pts',(-25.2964001686681,10.1240960046748,39.274693804191));
#4454=CARTESIAN_POINT('Ctrl Pts',(-25.3259297265514,10.1240960046748,39.2808684889007));
#4455=CARTESIAN_POINT('Ctrl Pts',(-25.3842715338737,10.1240960046748,39.2929053076505));
#4456=CARTESIAN_POINT('Ctrl Pts',(-25.4696324347854,10.1240960046748,39.3100229339886));
#4457=CARTESIAN_POINT('Ctrl Pts',(-25.5790715496766,10.1240960046748,39.330939947212));
#4458=CARTESIAN_POINT('Ctrl Pts',(-25.7080728277952,10.1240960046748,39.3536885819951));
#4459=CARTESIAN_POINT('Ctrl Pts',(-25.8285409918086,10.1240960046748,39.3727191084193));
#4460=CARTESIAN_POINT('Ctrl Pts',(-25.9397169421708,10.1240960046748,39.3877007663064));
#4461=CARTESIAN_POINT('Ctrl Pts',(-26.0410783070701,10.1240960046748,39.3984059441467));
#4462=CARTESIAN_POINT('Ctrl Pts',(-26.1328601787206,10.1240960046748,39.4049370779697));
#4463=CARTESIAN_POINT('Ctrl Pts',(-26.2157231607648,10.1240960046748,39.4075820106294));
#4464=CARTESIAN_POINT('Ctrl Pts',(-26.2754318592942,10.1240960046748,39.4068301378666));
#4465=CARTESIAN_POINT('Ctrl Pts',(-26.3167418414548,10.1240960046748,39.4047535887683));
#4466=CARTESIAN_POINT('Ctrl Pts',(-26.3427639029066,10.1240960046748,39.4027078210487));
#4467=CARTESIAN_POINT('Ctrl Pts',(-26.355395451484,10.1240960046748,39.4015195865642));
#4468=CARTESIAN_POINT('',(-26.355395451484,10.1240960046748,39.4015195865642));
#4469=CARTESIAN_POINT('Ctrl Pts',(-26.355395451484,10.1240960046748,39.4015195865642));
#4470=CARTESIAN_POINT('Ctrl Pts',(-26.355395451484,9.62409600467475,39.4015195865642));
#4471=CARTESIAN_POINT('Ctrl Pts',(-26.35648867283,10.1240960046748,39.4356364558567));
#4472=CARTESIAN_POINT('Ctrl Pts',(-26.35648867283,9.62409600467475,39.4356364558567));
#4473=CARTESIAN_POINT('Ctrl Pts',(-26.3583888669722,10.1240960046748,39.5029108060871));
#4474=CARTESIAN_POINT('Ctrl Pts',(-26.3583888669722,9.62409600467475,39.5029108060871));
#4475=CARTESIAN_POINT('Ctrl Pts',(-26.3603803733189,10.1240960046748,39.6009439487123));
#4476=CARTESIAN_POINT('Ctrl Pts',(-26.3603803733189,9.62409600467475,39.6009439487123));
#4477=CARTESIAN_POINT('Ctrl Pts',(-26.3613173656237,10.1240960046748,39.7258961728385));
#4478=CARTESIAN_POINT('Ctrl Pts',(-26.3613173656237,9.62409600467475,39.7258961728385));
#4479=CARTESIAN_POINT('Ctrl Pts',(-26.3597964076214,10.1240960046748,39.8732789853498));
#4480=CARTESIAN_POINT('Ctrl Pts',(-26.3597964076214,9.62409600467475,39.8732789853498));
#4481=CARTESIAN_POINT('Ctrl Pts',(-26.356116342933,10.1240960046748,40.0142995893478));
#4482=CARTESIAN_POINT('Ctrl Pts',(-26.356116342933,9.62409600467475,40.0142995893478));
#4483=CARTESIAN_POINT('Ctrl Pts',(-26.351341522183,10.1240960046748,40.1538185872741));
#4484=CARTESIAN_POINT('Ctrl Pts',(-26.351341522183,9.62409600467475,40.1538185872741));
#4485=CARTESIAN_POINT('Ctrl Pts',(-26.3472853051824,10.1240960046748,40.300137990943));
#4486=CARTESIAN_POINT('Ctrl Pts',(-26.3472853051824,9.62409600467475,40.300137990943));
#4487=CARTESIAN_POINT('Ctrl Pts',(-26.346157120425,10.1240960046748,40.462759052088));
#4488=CARTESIAN_POINT('Ctrl Pts',(-26.346157120425,9.62409600467475,40.462759052088));
#4489=CARTESIAN_POINT('Ctrl Pts',(-26.3501235862432,10.1240960046748,40.6495976853485));
#4490=CARTESIAN_POINT('Ctrl Pts',(-26.3501235862432,9.62409600467475,40.6495976853485));
#4491=CARTESIAN_POINT('Ctrl Pts',(-26.3609423528002,10.1240960046748,40.8647221600057));
#4492=CARTESIAN_POINT('Ctrl Pts',(-26.3609423528002,9.62409600467475,40.8647221600057));
#4493=CARTESIAN_POINT('Ctrl Pts',(-26.3794625214392,10.1240960046748,41.1050568953148));
#4494=CARTESIAN_POINT('Ctrl Pts',(-26.3794625214392,9.62409600467475,41.1050568953148));
#4495=CARTESIAN_POINT('Ctrl Pts',(-26.4056439429228,10.1240960046748,41.3611738560147));
#4496=CARTESIAN_POINT('Ctrl Pts',(-26.4056439429228,9.62409600467475,41.3611738560147));
#4497=CARTESIAN_POINT('Ctrl Pts',(-26.4389116792838,10.1240960046748,41.6207235416629));
#4498=CARTESIAN_POINT('Ctrl Pts',(-26.4389116792838,9.62409600467475,41.6207235416629));
#4499=CARTESIAN_POINT('Ctrl Pts',(-26.4784104707763,10.1240960046748,41.8711010830043));
#4500=CARTESIAN_POINT('Ctrl Pts',(-26.4784104707763,9.62409600467475,41.8711010830043));
#4501=CARTESIAN_POINT('Ctrl Pts',(-26.5232956044067,10.1240960046748,42.1023539551012));
#4502=CARTESIAN_POINT('Ctrl Pts',(-26.5232956044067,9.62409600467475,42.1023539551012));
#4503=CARTESIAN_POINT('Ctrl Pts',(-26.5730164898961,10.1240960046748,42.3101587745584));
#4504=CARTESIAN_POINT('Ctrl Pts',(-26.5730164898961,9.62409600467475,42.3101587745584));
#4505=CARTESIAN_POINT('Ctrl Pts',(-26.6275787143601,10.1240960046748,42.4983045439747));
#4506=CARTESIAN_POINT('Ctrl Pts',(-26.6275787143601,9.62409600467475,42.4983045439747));
#4507=CARTESIAN_POINT('Ctrl Pts',(-26.6874750243204,10.1240960046748,42.6752283859981));
#4508=CARTESIAN_POINT('Ctrl Pts',(-26.6874750243204,9.62409600467475,42.6752283859981));
#4509=CARTESIAN_POINT('Ctrl Pts',(-26.7536436110781,10.1240960046748,42.8508951350817));
#4510=CARTESIAN_POINT('Ctrl Pts',(-26.7536436110781,9.62409600467475,42.8508951350817));
#4511=CARTESIAN_POINT('Ctrl Pts',(-26.8274149619644,10.1240960046748,43.0337745607518));
#4512=CARTESIAN_POINT('Ctrl Pts',(-26.8274149619644,9.62409600467475,43.0337745607518));
#4513=CARTESIAN_POINT('Ctrl Pts',(-26.9104694330536,10.1240960046748,43.2272505814519));
#4514=CARTESIAN_POINT('Ctrl Pts',(-26.9104694330536,9.62409600467475,43.2272505814519));
#4515=CARTESIAN_POINT('Ctrl Pts',(-27.0047746599694,10.1240960046748,43.4279798962365));
#4516=CARTESIAN_POINT('Ctrl Pts',(-27.0047746599694,9.62409600467475,43.4279798962365));
#4517=CARTESIAN_POINT('Ctrl Pts',(-27.1124765215663,10.1240960046748,43.6287574793079));
#4518=CARTESIAN_POINT('Ctrl Pts',(-27.1124765215663,9.62409600467475,43.6287574793079));
#4519=CARTESIAN_POINT('Ctrl Pts',(-27.2358041432177,10.1240960046748,43.820507204089));
#4520=CARTESIAN_POINT('Ctrl Pts',(-27.2358041432177,9.62409600467475,43.820507204089));
#4521=CARTESIAN_POINT('Ctrl Pts',(-27.3769593446911,10.1240960046748,43.9945227862132));
#4522=CARTESIAN_POINT('Ctrl Pts',(-27.3769593446911,9.62409600467475,43.9945227862132));
#4523=CARTESIAN_POINT('Ctrl Pts',(-27.5380357585544,10.1240960046748,44.1448173188022));
#4524=CARTESIAN_POINT('Ctrl Pts',(-27.5380357585544,9.62409600467475,44.1448173188022));
#4525=CARTESIAN_POINT('Ctrl Pts',(-27.7208526135289,10.1240960046748,44.26977203788));
#4526=CARTESIAN_POINT('Ctrl Pts',(-27.7208526135289,9.62409600467475,44.26977203788));
#4527=CARTESIAN_POINT('Ctrl Pts',(-27.926439303925,10.1240960046748,44.3706227941124));
#4528=CARTESIAN_POINT('Ctrl Pts',(-27.926439303925,9.62409600467475,44.3706227941124));
#4529=CARTESIAN_POINT('Ctrl Pts',(-28.1545752716372,10.1240960046748,44.450434637534));
#4530=CARTESIAN_POINT('Ctrl Pts',(-28.1545752716372,9.62409600467475,44.450434637534));
#4531=CARTESIAN_POINT('Ctrl Pts',(-28.4032925806484,10.1240960046748,44.5128821526529));
#4532=CARTESIAN_POINT('Ctrl Pts',(-28.4032925806484,9.62409600467475,44.5128821526529));
#4533=CARTESIAN_POINT('Ctrl Pts',(-28.6684172072033,10.1240960046748,44.5611379867843));
#4534=CARTESIAN_POINT('Ctrl Pts',(-28.6684172072033,9.62409600467475,44.5611379867843));
#4535=CARTESIAN_POINT('Ctrl Pts',(-28.9430120133776,10.1240960046748,44.5966550755389));
#4536=CARTESIAN_POINT('Ctrl Pts',(-28.9430120133776,9.62409600467475,44.5966550755389));
#4537=CARTESIAN_POINT('Ctrl Pts',(-29.2185684614813,10.1240960046748,44.6193959959232));
#4538=CARTESIAN_POINT('Ctrl Pts',(-29.2185684614813,9.62409600467475,44.6193959959232));
#4539=CARTESIAN_POINT('Ctrl Pts',(-29.4862804007469,10.1240960046748,44.6281378509857));
#4540=CARTESIAN_POINT('Ctrl Pts',(-29.4862804007469,9.62409600467475,44.6281378509857));
#4541=CARTESIAN_POINT('Ctrl Pts',(-29.7383152030814,10.1240960046748,44.6207438145095));
#4542=CARTESIAN_POINT('Ctrl Pts',(-29.7383152030814,9.62409600467475,44.6207438145095));
#4543=CARTESIAN_POINT('Ctrl Pts',(-29.9690225415623,10.1240960046748,44.5944538411979));
#4544=CARTESIAN_POINT('Ctrl Pts',(-29.9690225415623,9.62409600467475,44.5944538411979));
#4545=CARTESIAN_POINT('Ctrl Pts',(-30.1763308288943,10.1240960046748,44.546147867819));
#4546=CARTESIAN_POINT('Ctrl Pts',(-30.1763308288943,9.62409600467475,44.546147867819));
#4547=CARTESIAN_POINT('Ctrl Pts',(-30.3626094059733,10.1240960046748,44.472671925978));
#4548=CARTESIAN_POINT('Ctrl Pts',(-30.3626094059733,9.62409600467475,44.472671925978));
#4549=CARTESIAN_POINT('Ctrl Pts',(-30.5327755095836,10.1240960046748,44.3714403726395));
#4550=CARTESIAN_POINT('Ctrl Pts',(-30.5327755095836,9.62409600467475,44.3714403726395));
#4551=CARTESIAN_POINT('Ctrl Pts',(-30.6927078533492,10.1240960046748,44.2410332422535));
#4552=CARTESIAN_POINT('Ctrl Pts',(-30.6927078533492,9.62409600467475,44.2410332422535));
#4553=CARTESIAN_POINT('Ctrl Pts',(-30.84764556004,10.1240960046748,44.0817412108562));
#4554=CARTESIAN_POINT('Ctrl Pts',(-30.84764556004,9.62409600467475,44.0817412108562));
#4555=CARTESIAN_POINT('Ctrl Pts',(-31.0003564506954,10.1240960046748,43.8962747587542));
#4556=CARTESIAN_POINT('Ctrl Pts',(-31.0003564506954,9.62409600467475,43.8962747587542));
#4557=CARTESIAN_POINT('Ctrl Pts',(-31.1501691081936,10.1240960046748,43.6899646053831));
#4558=CARTESIAN_POINT('Ctrl Pts',(-31.1501691081936,9.62409600467475,43.6899646053831));
#4559=CARTESIAN_POINT('Ctrl Pts',(-31.2941853618811,10.1240960046748,43.4697016647408));
#4560=CARTESIAN_POINT('Ctrl Pts',(-31.2941853618811,9.62409600467475,43.4697016647408));
#4561=CARTESIAN_POINT('Ctrl Pts',(-31.4280448771584,10.1240960046748,43.2431431255669));
#4562=CARTESIAN_POINT('Ctrl Pts',(-31.4280448771584,9.62409600467475,43.2431431255669));
#4563=CARTESIAN_POINT('Ctrl Pts',(-31.5468924684463,10.1240960046748,43.0177842454229));
#4564=CARTESIAN_POINT('Ctrl Pts',(-31.5468924684463,9.62409600467475,43.0177842454229));
#4565=CARTESIAN_POINT('Ctrl Pts',(-31.6461899057489,10.1240960046748,42.8001611748374));
#4566=CARTESIAN_POINT('Ctrl Pts',(-31.6461899057489,9.62409600467475,42.8001611748374));
#4567=CARTESIAN_POINT('Ctrl Pts',(-31.7227660309935,10.1240960046748,42.5948090281497));
#4568=CARTESIAN_POINT('Ctrl Pts',(-31.7227660309935,9.62409600467475,42.5948090281497));
#4569=CARTESIAN_POINT('Ctrl Pts',(-31.7748119157329,10.1240960046748,42.4043634990979));
#4570=CARTESIAN_POINT('Ctrl Pts',(-31.7748119157329,9.62409600467475,42.4043634990979));
#4571=CARTESIAN_POINT('Ctrl Pts',(-31.7961170821288,10.1240960046748,42.2649823499941));
#4572=CARTESIAN_POINT('Ctrl Pts',(-31.7961170821288,9.62409600467475,42.2649823499941));
#4573=CARTESIAN_POINT('Ctrl Pts',(-31.8005452219157,10.1240960046748,42.1679285271616));
#4574=CARTESIAN_POINT('Ctrl Pts',(-31.8005452219157,9.62409600467475,42.1679285271616));
#4575=CARTESIAN_POINT('Ctrl Pts',(-31.7983666187995,10.1240960046748,42.1065495810362));
#4576=CARTESIAN_POINT('Ctrl Pts',(-31.7983666187995,9.62409600467475,42.1065495810362));
#4577=CARTESIAN_POINT('Ctrl Pts',(-31.7959946650029,10.1240960046748,42.0766909845089));
#4578=CARTESIAN_POINT('Ctrl Pts',(-31.7959946650029,9.62409600467475,42.0766909845089));
#4579=CARTESIAN_POINT('',(-31.7959946650029,10.1240960046748,42.0766909845089));
#4580=CARTESIAN_POINT('Ctrl Pts',(-26.355395451484,10.1240960046748,39.4015195865642));
#4581=CARTESIAN_POINT('Ctrl Pts',(-26.35648867283,10.1240960046748,39.4356364558567));
#4582=CARTESIAN_POINT('Ctrl Pts',(-26.3583888669722,10.1240960046748,39.5029108060871));
#4583=CARTESIAN_POINT('Ctrl Pts',(-26.3603803733189,10.1240960046748,39.6009439487123));
#4584=CARTESIAN_POINT('Ctrl Pts',(-26.3613173656237,10.1240960046748,39.7258961728385));
#4585=CARTESIAN_POINT('Ctrl Pts',(-26.3597964076214,10.1240960046748,39.8732789853498));
#4586=CARTESIAN_POINT('Ctrl Pts',(-26.356116342933,10.1240960046748,40.0142995893478));
#4587=CARTESIAN_POINT('Ctrl Pts',(-26.351341522183,10.1240960046748,40.1538185872741));
#4588=CARTESIAN_POINT('Ctrl Pts',(-26.3472853051824,10.1240960046748,40.300137990943));
#4589=CARTESIAN_POINT('Ctrl Pts',(-26.346157120425,10.1240960046748,40.462759052088));
#4590=CARTESIAN_POINT('Ctrl Pts',(-26.3501235862432,10.1240960046748,40.6495976853485));
#4591=CARTESIAN_POINT('Ctrl Pts',(-26.3609423528002,10.1240960046748,40.8647221600057));
#4592=CARTESIAN_POINT('Ctrl Pts',(-26.3794625214392,10.1240960046748,41.1050568953148));
#4593=CARTESIAN_POINT('Ctrl Pts',(-26.4056439429228,10.1240960046748,41.3611738560147));
#4594=CARTESIAN_POINT('Ctrl Pts',(-26.4389116792838,10.1240960046748,41.6207235416629));
#4595=CARTESIAN_POINT('Ctrl Pts',(-26.4784104707763,10.1240960046748,41.8711010830043));
#4596=CARTESIAN_POINT('Ctrl Pts',(-26.5232956044067,10.1240960046748,42.1023539551012));
#4597=CARTESIAN_POINT('Ctrl Pts',(-26.5730164898961,10.1240960046748,42.3101587745584));
#4598=CARTESIAN_POINT('Ctrl Pts',(-26.6275787143601,10.1240960046748,42.4983045439747));
#4599=CARTESIAN_POINT('Ctrl Pts',(-26.6874750243204,10.1240960046748,42.6752283859981));
#4600=CARTESIAN_POINT('Ctrl Pts',(-26.7536436110781,10.1240960046748,42.8508951350817));
#4601=CARTESIAN_POINT('Ctrl Pts',(-26.8274149619644,10.1240960046748,43.0337745607518));
#4602=CARTESIAN_POINT('Ctrl Pts',(-26.9104694330536,10.1240960046748,43.2272505814519));
#4603=CARTESIAN_POINT('Ctrl Pts',(-27.0047746599694,10.1240960046748,43.4279798962365));
#4604=CARTESIAN_POINT('Ctrl Pts',(-27.1124765215663,10.1240960046748,43.6287574793079));
#4605=CARTESIAN_POINT('Ctrl Pts',(-27.2358041432177,10.1240960046748,43.820507204089));
#4606=CARTESIAN_POINT('Ctrl Pts',(-27.3769593446911,10.1240960046748,43.9945227862132));
#4607=CARTESIAN_POINT('Ctrl Pts',(-27.5380357585544,10.1240960046748,44.1448173188022));
#4608=CARTESIAN_POINT('Ctrl Pts',(-27.7208526135289,10.1240960046748,44.26977203788));
#4609=CARTESIAN_POINT('Ctrl Pts',(-27.926439303925,10.1240960046748,44.3706227941124));
#4610=CARTESIAN_POINT('Ctrl Pts',(-28.1545752716372,10.1240960046748,44.450434637534));
#4611=CARTESIAN_POINT('Ctrl Pts',(-28.4032925806484,10.1240960046748,44.5128821526529));
#4612=CARTESIAN_POINT('Ctrl Pts',(-28.6684172072033,10.1240960046748,44.5611379867843));
#4613=CARTESIAN_POINT('Ctrl Pts',(-28.9430120133776,10.1240960046748,44.5966550755389));
#4614=CARTESIAN_POINT('Ctrl Pts',(-29.2185684614813,10.1240960046748,44.6193959959232));
#4615=CARTESIAN_POINT('Ctrl Pts',(-29.4862804007469,10.1240960046748,44.6281378509857));
#4616=CARTESIAN_POINT('Ctrl Pts',(-29.7383152030814,10.1240960046748,44.6207438145095));
#4617=CARTESIAN_POINT('Ctrl Pts',(-29.9690225415623,10.1240960046748,44.5944538411979));
#4618=CARTESIAN_POINT('Ctrl Pts',(-30.1763308288943,10.1240960046748,44.546147867819));
#4619=CARTESIAN_POINT('Ctrl Pts',(-30.3626094059733,10.1240960046748,44.472671925978));
#4620=CARTESIAN_POINT('Ctrl Pts',(-30.5327755095836,10.1240960046748,44.3714403726395));
#4621=CARTESIAN_POINT('Ctrl Pts',(-30.6927078533492,10.1240960046748,44.2410332422535));
#4622=CARTESIAN_POINT('Ctrl Pts',(-30.84764556004,10.1240960046748,44.0817412108562));
#4623=CARTESIAN_POINT('Ctrl Pts',(-31.0003564506954,10.1240960046748,43.8962747587542));
#4624=CARTESIAN_POINT('Ctrl Pts',(-31.1501691081936,10.1240960046748,43.6899646053831));
#4625=CARTESIAN_POINT('Ctrl Pts',(-31.2941853618811,10.1240960046748,43.4697016647408));
#4626=CARTESIAN_POINT('Ctrl Pts',(-31.4280448771584,10.1240960046748,43.2431431255669));
#4627=CARTESIAN_POINT('Ctrl Pts',(-31.5468924684463,10.1240960046748,43.0177842454229));
#4628=CARTESIAN_POINT('Ctrl Pts',(-31.6461899057489,10.1240960046748,42.8001611748374));
#4629=CARTESIAN_POINT('Ctrl Pts',(-31.7227660309935,10.1240960046748,42.5948090281497));
#4630=CARTESIAN_POINT('Ctrl Pts',(-31.7748119157329,10.1240960046748,42.4043634990979));
#4631=CARTESIAN_POINT('Ctrl Pts',(-31.7961170821288,10.1240960046748,42.2649823499941));
#4632=CARTESIAN_POINT('Ctrl Pts',(-31.8005452219157,10.1240960046748,42.1679285271616));
#4633=CARTESIAN_POINT('Ctrl Pts',(-31.7983666187995,10.1240960046748,42.1065495810362));
#4634=CARTESIAN_POINT('Ctrl Pts',(-31.7959946650029,10.1240960046748,42.0766909845089));
#4635=CARTESIAN_POINT('',(-31.7959946650029,10.1240960046748,42.0766909845089));
#4636=CARTESIAN_POINT('Ctrl Pts',(-31.7959946650121,10.1240960046748,42.0766909845075));
#4637=CARTESIAN_POINT('Ctrl Pts',(-31.7959946650121,9.62409600467475,42.0766909845075));
#4638=CARTESIAN_POINT('Ctrl Pts',(-31.8052480935349,10.1240960046748,42.1398496116974));
#4639=CARTESIAN_POINT('Ctrl Pts',(-31.8052480935349,9.62409600467475,42.1398496116974));
#4640=CARTESIAN_POINT('Ctrl Pts',(-31.8279030922072,10.1240960046748,42.2700363147774));
#4641=CARTESIAN_POINT('Ctrl Pts',(-31.8279030922072,9.62409600467475,42.2700363147774));
#4642=CARTESIAN_POINT('Ctrl Pts',(-31.8747860447834,10.1240960046748,42.4718919688806));
#4643=CARTESIAN_POINT('Ctrl Pts',(-31.8747860447834,9.62409600467475,42.4718919688806));
#4644=CARTESIAN_POINT('Ctrl Pts',(-31.965952380031,10.1240960046748,42.7482068867421));
#4645=CARTESIAN_POINT('Ctrl Pts',(-31.965952380031,9.62409600467475,42.7482068867421));
#4646=CARTESIAN_POINT('Ctrl Pts',(-32.130182317251,10.1240960046748,43.0929724198879));
#4647=CARTESIAN_POINT('Ctrl Pts',(-32.130182317251,9.62409600467475,43.0929724198879));
#4648=CARTESIAN_POINT('Ctrl Pts',(-32.3439236501735,10.1240960046748,43.4268876791341));
#4649=CARTESIAN_POINT('Ctrl Pts',(-32.3439236501735,9.62409600467475,43.4268876791341));
#4650=CARTESIAN_POINT('Ctrl Pts',(-32.6011450758335,10.1240960046748,43.7376285294085));
#4651=CARTESIAN_POINT('Ctrl Pts',(-32.6011450758335,9.62409600467475,43.7376285294085));
#4652=CARTESIAN_POINT('Ctrl Pts',(-32.8943656232018,10.1240960046748,44.0156328136882));
#4653=CARTESIAN_POINT('Ctrl Pts',(-32.8943656232018,9.62409600467475,44.0156328136882));
#4654=CARTESIAN_POINT('Ctrl Pts',(-33.2148746227559,10.1240960046748,44.2524982380197));
#4655=CARTESIAN_POINT('Ctrl Pts',(-33.2148746227559,9.62409600467475,44.2524982380197));
#4656=CARTESIAN_POINT('Ctrl Pts',(-33.5537429881053,10.1240960046748,44.4411449114413));
#4657=CARTESIAN_POINT('Ctrl Pts',(-33.5537429881053,9.62409600467475,44.4411449114413));
#4658=CARTESIAN_POINT('Ctrl Pts',(-33.9027602782525,10.1240960046748,44.5759442572891));
#4659=CARTESIAN_POINT('Ctrl Pts',(-33.9027602782525,9.62409600467475,44.5759442572891));
#4660=CARTESIAN_POINT('Ctrl Pts',(-34.255591442963,10.1240960046748,44.6529596361191));
#4661=CARTESIAN_POINT('Ctrl Pts',(-34.255591442963,9.62409600467475,44.6529596361191));
#4662=CARTESIAN_POINT('Ctrl Pts',(-34.6078334956553,10.1240960046748,44.6697542306409));
#4663=CARTESIAN_POINT('Ctrl Pts',(-34.6078334956553,9.62409600467475,44.6697542306409));
#4664=CARTESIAN_POINT('Ctrl Pts',(-34.9565699968162,10.1240960046748,44.6250112416787));
#4665=CARTESIAN_POINT('Ctrl Pts',(-34.9565699968162,9.62409600467475,44.6250112416787));
#4666=CARTESIAN_POINT('Ctrl Pts',(-35.3000966572848,10.1240960046748,44.5182344187318));
#4667=CARTESIAN_POINT('Ctrl Pts',(-35.3000966572848,9.62409600467475,44.5182344187318));
#4668=CARTESIAN_POINT('Ctrl Pts',(-35.5700882288157,10.1240960046748,44.3831952611823));
#4669=CARTESIAN_POINT('Ctrl Pts',(-35.5700882288157,9.62409600467475,44.3831952611823));
#4670=CARTESIAN_POINT('Ctrl Pts',(-35.7697523548831,10.1240960046748,44.2541099251219));
#4671=CARTESIAN_POINT('Ctrl Pts',(-35.7697523548831,9.62409600467475,44.2541099251219));
#4672=CARTESIAN_POINT('Ctrl Pts',(-35.901606387748,10.1240960046748,44.15571715102));
#4673=CARTESIAN_POINT('Ctrl Pts',(-35.901606387748,9.62409600467475,44.15571715102));
#4674=CARTESIAN_POINT('Ctrl Pts',(-35.9672195626866,10.1240960046748,44.1034367938326));
#4675=CARTESIAN_POINT('Ctrl Pts',(-35.9672195626866,9.62409600467475,44.1034367938326));
#4676=CARTESIAN_POINT('',(-35.9672195626866,10.1240960046748,44.1034367938326));
#4677=CARTESIAN_POINT('Ctrl Pts',(-31.795994665012,10.1240960046748,42.0766909845075));
#4678=CARTESIAN_POINT('Ctrl Pts',(-31.8052480935349,10.1240960046748,42.1398496116974));
#4679=CARTESIAN_POINT('Ctrl Pts',(-31.8279030922072,10.1240960046748,42.2700363147774));
#4680=CARTESIAN_POINT('Ctrl Pts',(-31.8747860447834,10.1240960046747,42.4718919688806));
#4681=CARTESIAN_POINT('Ctrl Pts',(-31.965952380031,10.1240960046748,42.7482068867421));
#4682=CARTESIAN_POINT('Ctrl Pts',(-32.130182317251,10.1240960046748,43.0929724198879));
#4683=CARTESIAN_POINT('Ctrl Pts',(-32.3439236501735,10.1240960046748,43.4268876791341));
#4684=CARTESIAN_POINT('Ctrl Pts',(-32.6011450758335,10.1240960046748,43.7376285294085));
#4685=CARTESIAN_POINT('Ctrl Pts',(-32.8943656232018,10.1240960046748,44.0156328136882));
#4686=CARTESIAN_POINT('Ctrl Pts',(-33.2148746227559,10.1240960046748,44.2524982380197));
#4687=CARTESIAN_POINT('Ctrl Pts',(-33.5537429881053,10.1240960046748,44.4411449114413));
#4688=CARTESIAN_POINT('Ctrl Pts',(-33.9027602782525,10.1240960046748,44.5759442572891));
#4689=CARTESIAN_POINT('Ctrl Pts',(-34.255591442963,10.1240960046748,44.6529596361191));
#4690=CARTESIAN_POINT('Ctrl Pts',(-34.6078334956553,10.1240960046748,44.6697542306409));
#4691=CARTESIAN_POINT('Ctrl Pts',(-34.9565699968162,10.1240960046748,44.6250112416787));
#4692=CARTESIAN_POINT('Ctrl Pts',(-35.3000966572848,10.1240960046748,44.5182344187318));
#4693=CARTESIAN_POINT('Ctrl Pts',(-35.5700882288157,10.1240960046748,44.3831952611823));
#4694=CARTESIAN_POINT('Ctrl Pts',(-35.7697523548831,10.1240960046748,44.2541099251219));
#4695=CARTESIAN_POINT('Ctrl Pts',(-35.901606387748,10.1240960046748,44.15571715102));
#4696=CARTESIAN_POINT('Ctrl Pts',(-35.9672195626866,10.1240960046748,44.1034367938326));
#4697=CARTESIAN_POINT('',(-35.9672195626866,10.1240960046748,44.1034367938326));
#4698=CARTESIAN_POINT('Ctrl Pts',(-35.9672195626866,10.1240960046748,44.1034367938326));
#4699=CARTESIAN_POINT('Ctrl Pts',(-35.9672195626866,9.62409600467475,44.1034367938326));
#4700=CARTESIAN_POINT('Ctrl Pts',(-35.9956737801268,10.1240960046748,44.0499824052462));
#4701=CARTESIAN_POINT('Ctrl Pts',(-35.9956737801268,9.62409600467475,44.0499824052462));
#4702=CARTESIAN_POINT('Ctrl Pts',(-36.0507254210411,10.1240960046748,43.9488833193064));
#4703=CARTESIAN_POINT('Ctrl Pts',(-36.0507254210411,9.62409600467475,43.9488833193064));
#4704=CARTESIAN_POINT('Ctrl Pts',(-36.1277323638413,10.1240960046748,43.8146638875523));
#4705=CARTESIAN_POINT('Ctrl Pts',(-36.1277323638413,9.62409600467475,43.8146638875523));
#4706=CARTESIAN_POINT('Ctrl Pts',(-36.2192633955695,10.1240960046748,43.6705777361741));
#4707=CARTESIAN_POINT('Ctrl Pts',(-36.2192633955695,9.62409600467475,43.6705777361741));
#4708=CARTESIAN_POINT('Ctrl Pts',(-36.3153941671676,10.1240960046748,43.5481368101414));
#4709=CARTESIAN_POINT('Ctrl Pts',(-36.3153941671676,9.62409600467475,43.5481368101414));
#4710=CARTESIAN_POINT('Ctrl Pts',(-36.3941904146288,10.1240960046748,43.4818185655316));
#4711=CARTESIAN_POINT('Ctrl Pts',(-36.3941904146288,9.62409600467475,43.4818185655316));
#4712=CARTESIAN_POINT('Ctrl Pts',(-36.4575496047504,10.1240960046748,43.4684486134668));
#4713=CARTESIAN_POINT('Ctrl Pts',(-36.4575496047504,9.62409600467475,43.4684486134668));
#4714=CARTESIAN_POINT('Ctrl Pts',(-36.508758209033,10.1240960046748,43.5025455681121));
#4715=CARTESIAN_POINT('Ctrl Pts',(-36.508758209033,9.62409600467475,43.5025455681121));
#4716=CARTESIAN_POINT('Ctrl Pts',(-36.5524858800526,10.1240960046748,43.5760511152283));
#4717=CARTESIAN_POINT('Ctrl Pts',(-36.5524858800526,9.62409600467475,43.5760511152283));
#4718=CARTESIAN_POINT('Ctrl Pts',(-36.5937759105704,10.1240960046748,43.6790365808751));
#4719=CARTESIAN_POINT('Ctrl Pts',(-36.5937759105704,9.62409600467475,43.6790365808751));
#4720=CARTESIAN_POINT('Ctrl Pts',(-36.637185166401,10.1240960046748,43.8001948842411));
#4721=CARTESIAN_POINT('Ctrl Pts',(-36.637185166401,9.62409600467475,43.8001948842411));
#4722=CARTESIAN_POINT('Ctrl Pts',(-36.6859954227049,10.1240960046748,43.9274599875545));
#4723=CARTESIAN_POINT('Ctrl Pts',(-36.6859954227049,9.62409600467475,43.9274599875545));
#4724=CARTESIAN_POINT('Ctrl Pts',(-36.7436675542843,10.1240960046748,44.0492962559763));
#4725=CARTESIAN_POINT('Ctrl Pts',(-36.7436675542843,9.62409600467475,44.0492962559763));
#4726=CARTESIAN_POINT('Ctrl Pts',(-36.8151021619724,10.1240960046748,44.1559651777485));
#4727=CARTESIAN_POINT('Ctrl Pts',(-36.8151021619724,9.62409600467475,44.1559651777485));
#4728=CARTESIAN_POINT('Ctrl Pts',(-36.9080629287043,10.1240960046748,44.240791183158));
#4729=CARTESIAN_POINT('Ctrl Pts',(-36.9080629287043,9.62409600467475,44.240791183158));
#4730=CARTESIAN_POINT('Ctrl Pts',(-37.0343278503469,10.1240960046748,44.3014549873761));
#4731=CARTESIAN_POINT('Ctrl Pts',(-37.0343278503469,9.62409600467475,44.3014549873761));
#4732=CARTESIAN_POINT('Ctrl Pts',(-37.2061272494451,10.1240960046748,44.3391410067561));
#4733=CARTESIAN_POINT('Ctrl Pts',(-37.2061272494451,9.62409600467475,44.3391410067561));
#4734=CARTESIAN_POINT('Ctrl Pts',(-37.4317111470194,10.1240960046748,44.3580306022564));
#4735=CARTESIAN_POINT('Ctrl Pts',(-37.4317111470194,9.62409600467475,44.3580306022564));
#4736=CARTESIAN_POINT('Ctrl Pts',(-37.7130727789651,10.1240960046748,44.3640624326748));
#4737=CARTESIAN_POINT('Ctrl Pts',(-37.7130727789651,9.62409600467475,44.3640624326748));
#4738=CARTESIAN_POINT('Ctrl Pts',(-38.0385220614887,10.1240960046748,44.3654110734843));
#4739=CARTESIAN_POINT('Ctrl Pts',(-38.0385220614887,9.62409600467475,44.3654110734843));
#4740=CARTESIAN_POINT('Ctrl Pts',(-38.388853446397,10.1240960046748,44.3684427300484));
#4741=CARTESIAN_POINT('Ctrl Pts',(-38.388853446397,9.62409600467475,44.3684427300484));
#4742=CARTESIAN_POINT('Ctrl Pts',(-38.7494791533809,10.1240960046748,44.3746108901184));
#4743=CARTESIAN_POINT('Ctrl Pts',(-38.7494791533809,9.62409600467475,44.3746108901184));
#4744=CARTESIAN_POINT('Ctrl Pts',(-39.1065064835717,10.1240960046748,44.3826705970791));
#4745=CARTESIAN_POINT('Ctrl Pts',(-39.1065064835717,9.62409600467475,44.3826705970791));
#4746=CARTESIAN_POINT('Ctrl Pts',(-39.4486425311716,10.1240960046748,44.3889602730108));
#4747=CARTESIAN_POINT('Ctrl Pts',(-39.4486425311716,9.62409600467475,44.3889602730108));
#4748=CARTESIAN_POINT('Ctrl Pts',(-39.7666333380166,10.1240960046748,44.3884900965813));
#4749=CARTESIAN_POINT('Ctrl Pts',(-39.7666333380166,9.62409600467475,44.3884900965813));
#4750=CARTESIAN_POINT('Ctrl Pts',(-40.0537841699355,10.1240960046748,44.3756923042745));
#4751=CARTESIAN_POINT('Ctrl Pts',(-40.0537841699355,9.62409600467475,44.3756923042745));
#4752=CARTESIAN_POINT('Ctrl Pts',(-40.305979536232,10.1240960046748,44.3452881722708));
#4753=CARTESIAN_POINT('Ctrl Pts',(-40.305979536232,9.62409600467475,44.3452881722708));
#4754=CARTESIAN_POINT('Ctrl Pts',(-40.5220195739,10.1240960046748,44.2931708253961));
#4755=CARTESIAN_POINT('Ctrl Pts',(-40.5220195739,9.62409600467475,44.2931708253961));
#4756=CARTESIAN_POINT('Ctrl Pts',(-40.7035287504636,10.1240960046748,44.2170764824409));
#4757=CARTESIAN_POINT('Ctrl Pts',(-40.7035287504636,9.62409600467475,44.2170764824409));
#4758=CARTESIAN_POINT('Ctrl Pts',(-40.8537957710534,10.1240960046748,44.1164405166593));
#4759=CARTESIAN_POINT('Ctrl Pts',(-40.8537957710534,9.62409600467475,44.1164405166593));
#4760=CARTESIAN_POINT('Ctrl Pts',(-40.9767599298997,10.1240960046748,43.9924098549261));
#4761=CARTESIAN_POINT('Ctrl Pts',(-40.9767599298997,9.62409600467475,43.9924098549261));
#4762=CARTESIAN_POINT('Ctrl Pts',(-41.0759970884211,10.1240960046748,43.8477685207469));
#4763=CARTESIAN_POINT('Ctrl Pts',(-41.0759970884211,9.62409600467475,43.8477685207469));
#4764=CARTESIAN_POINT('Ctrl Pts',(-41.153578123318,10.1240960046748,43.6869711674895));
#4765=CARTESIAN_POINT('Ctrl Pts',(-41.153578123318,9.62409600467475,43.6869711674895));
#4766=CARTESIAN_POINT('Ctrl Pts',(-41.2093620609899,10.1240960046748,43.5159342474975));
#4767=CARTESIAN_POINT('Ctrl Pts',(-41.2093620609899,9.62409600467475,43.5159342474975));
#4768=CARTESIAN_POINT('Ctrl Pts',(-41.2423578444365,10.1240960046748,43.340802872564));
#4769=CARTESIAN_POINT('Ctrl Pts',(-41.2423578444365,9.62409600467475,43.340802872564));
#4770=CARTESIAN_POINT('Ctrl Pts',(-41.2518701984963,10.1240960046748,43.1667851034286));
#4771=CARTESIAN_POINT('Ctrl Pts',(-41.2518701984963,9.62409600467475,43.1667851034286));
#4772=CARTESIAN_POINT('Ctrl Pts',(-41.2386004970663,10.1240960046748,42.9971002353773));
#4773=CARTESIAN_POINT('Ctrl Pts',(-41.2386004970663,9.62409600467475,42.9971002353773));
#4774=CARTESIAN_POINT('Ctrl Pts',(-41.206077369086,10.1240960046748,42.8315386550247));
#4775=CARTESIAN_POINT('Ctrl Pts',(-41.206077369086,9.62409600467475,42.8315386550247));
#4776=CARTESIAN_POINT('Ctrl Pts',(-41.160896670024,10.1240960046748,42.6663327746764));
#4777=CARTESIAN_POINT('Ctrl Pts',(-41.160896670024,9.62409600467475,42.6663327746764));
#4778=CARTESIAN_POINT('Ctrl Pts',(-41.1109019631294,10.1240960046748,42.4962580869891));
#4779=CARTESIAN_POINT('Ctrl Pts',(-41.1109019631294,9.62409600467475,42.4962580869891));
#4780=CARTESIAN_POINT('Ctrl Pts',(-41.0637601908391,10.1240960046748,42.3163225365005));
#4781=CARTESIAN_POINT('Ctrl Pts',(-41.0637601908391,9.62409600467475,42.3163225365005));
#4782=CARTESIAN_POINT('Ctrl Pts',(-41.0255363039022,10.1240960046748,42.1234179254382));
#4783=CARTESIAN_POINT('Ctrl Pts',(-41.0255363039022,9.62409600467475,42.1234179254382));
#4784=CARTESIAN_POINT('Ctrl Pts',(-40.9988836599173,10.1240960046748,41.9184837808966));
#4785=CARTESIAN_POINT('Ctrl Pts',(-40.9988836599173,9.62409600467475,41.9184837808966));
#4786=CARTESIAN_POINT('Ctrl Pts',(-40.9828575762363,10.1240960046748,41.7065694396895));
#4787=CARTESIAN_POINT('Ctrl Pts',(-40.9828575762363,9.62409600467475,41.7065694396895));
#4788=CARTESIAN_POINT('Ctrl Pts',(-40.9745756832903,10.1240960046748,41.4945183351652));
#4789=CARTESIAN_POINT('Ctrl Pts',(-40.9745756832903,9.62409600467475,41.4945183351652));
#4790=CARTESIAN_POINT('Ctrl Pts',(-40.970399801034,10.1240960046748,41.2892631794044));
#4791=CARTESIAN_POINT('Ctrl Pts',(-40.970399801034,9.62409600467475,41.2892631794044));
#4792=CARTESIAN_POINT('Ctrl Pts',(-40.9672806024157,10.1240960046748,41.0959194057607));
#4793=CARTESIAN_POINT('Ctrl Pts',(-40.9672806024157,9.62409600467475,41.0959194057607));
#4794=CARTESIAN_POINT('Ctrl Pts',(-40.9641036770355,10.1240960046748,40.9158538747847));
#4795=CARTESIAN_POINT('Ctrl Pts',(-40.9641036770355,9.62409600467475,40.9158538747847));
#4796=CARTESIAN_POINT('Ctrl Pts',(-40.962835586049,10.1240960046748,40.7450683409522));
#4797=CARTESIAN_POINT('Ctrl Pts',(-40.962835586049,9.62409600467475,40.7450683409522));
#4798=CARTESIAN_POINT('Ctrl Pts',(-40.9670813316021,10.1240960046748,40.5765468394391));
#4799=CARTESIAN_POINT('Ctrl Pts',(-40.9670813316021,9.62409600467475,40.5765468394391));
#4800=CARTESIAN_POINT('Ctrl Pts',(-40.9808088124825,10.1240960046748,40.4023487872543));
#4801=CARTESIAN_POINT('Ctrl Pts',(-40.9808088124825,9.62409600467475,40.4023487872543));
#4802=CARTESIAN_POINT('Ctrl Pts',(-41.0070693669465,10.1240960046748,40.2157047114362));
#4803=CARTESIAN_POINT('Ctrl Pts',(-41.0070693669465,9.62409600467475,40.2157047114362));
#4804=CARTESIAN_POINT('Ctrl Pts',(-41.04658147645,10.1240960046748,40.0133265774409));
#4805=CARTESIAN_POINT('Ctrl Pts',(-41.04658147645,9.62409600467475,40.0133265774409));
#4806=CARTESIAN_POINT('Ctrl Pts',(-41.0967876870403,10.1240960046748,39.7969780363099));
#4807=CARTESIAN_POINT('Ctrl Pts',(-41.0967876870403,9.62409600467475,39.7969780363099));
#4808=CARTESIAN_POINT('Ctrl Pts',(-41.1529991261573,10.1240960046748,39.5717867653433));
#4809=CARTESIAN_POINT('Ctrl Pts',(-41.1529991261573,9.62409600467475,39.5717867653433));
#4810=CARTESIAN_POINT('Ctrl Pts',(-41.2092166941685,10.1240960046748,39.3450588375401));
#4811=CARTESIAN_POINT('Ctrl Pts',(-41.2092166941685,9.62409600467475,39.3450588375401));
#4812=CARTESIAN_POINT('Ctrl Pts',(-41.2591088638021,10.1240960046748,39.1248550231577));
#4813=CARTESIAN_POINT('Ctrl Pts',(-41.2591088638021,9.62409600467475,39.1248550231577));
#4814=CARTESIAN_POINT('Ctrl Pts',(-41.2968449574952,10.1240960046748,38.9187785282478));
#4815=CARTESIAN_POINT('Ctrl Pts',(-41.2968449574952,9.62409600467475,38.9187785282478));
#4816=CARTESIAN_POINT('Ctrl Pts',(-41.3181803609508,10.1240960046748,38.7324054465161));
#4817=CARTESIAN_POINT('Ctrl Pts',(-41.3181803609508,9.62409600467475,38.7324054465161));
#4818=CARTESIAN_POINT('Ctrl Pts',(-41.3206741398011,10.1240960046748,38.5689370349659));
#4819=CARTESIAN_POINT('Ctrl Pts',(-41.3206741398011,9.62409600467475,38.5689370349659));
#4820=CARTESIAN_POINT('Ctrl Pts',(-41.3066134477609,10.1240960046748,38.4577781435977));
#4821=CARTESIAN_POINT('Ctrl Pts',(-41.3066134477609,9.62409600467475,38.4577781435977));
#4822=CARTESIAN_POINT('Ctrl Pts',(-41.2868658039333,10.1240960046748,38.3856678237861));
#4823=CARTESIAN_POINT('Ctrl Pts',(-41.2868658039333,9.62409600467475,38.3856678237861));
#4824=CARTESIAN_POINT('Ctrl Pts',(-41.2696121303718,10.1240960046748,38.3425967816109));
#4825=CARTESIAN_POINT('Ctrl Pts',(-41.2696121303718,9.62409600467475,38.3425967816109));
#4826=CARTESIAN_POINT('Ctrl Pts',(-41.2599631834294,10.1240960046748,38.3223118384791));
#4827=CARTESIAN_POINT('Ctrl Pts',(-41.2599631834294,9.62409600467475,38.3223118384791));
#4828=CARTESIAN_POINT('',(-41.2599631834294,10.1240960046748,38.3223118384791));
#4829=CARTESIAN_POINT('Ctrl Pts',(-35.9672195626866,10.1240960046748,44.1034367938326));
#4830=CARTESIAN_POINT('Ctrl Pts',(-35.9956737801268,10.1240960046748,44.0499824052462));
#4831=CARTESIAN_POINT('Ctrl Pts',(-36.0507254210411,10.1240960046748,43.9488833193064));
#4832=CARTESIAN_POINT('Ctrl Pts',(-36.1277323638413,10.1240960046748,43.8146638875523));
#4833=CARTESIAN_POINT('Ctrl Pts',(-36.2192633955695,10.1240960046748,43.6705777361741));
#4834=CARTESIAN_POINT('Ctrl Pts',(-36.3153941671676,10.1240960046748,43.5481368101414));
#4835=CARTESIAN_POINT('Ctrl Pts',(-36.3941904146288,10.1240960046748,43.4818185655316));
#4836=CARTESIAN_POINT('Ctrl Pts',(-36.4575496047504,10.1240960046748,43.4684486134668));
#4837=CARTESIAN_POINT('Ctrl Pts',(-36.508758209033,10.1240960046748,43.5025455681121));
#4838=CARTESIAN_POINT('Ctrl Pts',(-36.5524858800526,10.1240960046748,43.5760511152283));
#4839=CARTESIAN_POINT('Ctrl Pts',(-36.5937759105704,10.1240960046748,43.6790365808751));
#4840=CARTESIAN_POINT('Ctrl Pts',(-36.637185166401,10.1240960046748,43.8001948842411));
#4841=CARTESIAN_POINT('Ctrl Pts',(-36.6859954227049,10.1240960046748,43.9274599875545));
#4842=CARTESIAN_POINT('Ctrl Pts',(-36.7436675542843,10.1240960046748,44.0492962559763));
#4843=CARTESIAN_POINT('Ctrl Pts',(-36.8151021619724,10.1240960046748,44.1559651777485));
#4844=CARTESIAN_POINT('Ctrl Pts',(-36.9080629287043,10.1240960046748,44.240791183158));
#4845=CARTESIAN_POINT('Ctrl Pts',(-37.0343278503469,10.1240960046748,44.3014549873761));
#4846=CARTESIAN_POINT('Ctrl Pts',(-37.2061272494451,10.1240960046748,44.3391410067561));
#4847=CARTESIAN_POINT('Ctrl Pts',(-37.4317111470194,10.1240960046748,44.3580306022564));
#4848=CARTESIAN_POINT('Ctrl Pts',(-37.7130727789651,10.1240960046748,44.3640624326748));
#4849=CARTESIAN_POINT('Ctrl Pts',(-38.0385220614887,10.1240960046748,44.3654110734843));
#4850=CARTESIAN_POINT('Ctrl Pts',(-38.388853446397,10.1240960046748,44.3684427300484));
#4851=CARTESIAN_POINT('Ctrl Pts',(-38.7494791533809,10.1240960046748,44.3746108901184));
#4852=CARTESIAN_POINT('Ctrl Pts',(-39.1065064835717,10.1240960046748,44.3826705970791));
#4853=CARTESIAN_POINT('Ctrl Pts',(-39.4486425311716,10.1240960046748,44.3889602730108));
#4854=CARTESIAN_POINT('Ctrl Pts',(-39.7666333380166,10.1240960046748,44.3884900965813));
#4855=CARTESIAN_POINT('Ctrl Pts',(-40.0537841699355,10.1240960046748,44.3756923042745));
#4856=CARTESIAN_POINT('Ctrl Pts',(-40.305979536232,10.1240960046748,44.3452881722708));
#4857=CARTESIAN_POINT('Ctrl Pts',(-40.5220195739,10.1240960046748,44.2931708253961));
#4858=CARTESIAN_POINT('Ctrl Pts',(-40.7035287504636,10.1240960046748,44.2170764824409));
#4859=CARTESIAN_POINT('Ctrl Pts',(-40.8537957710534,10.1240960046748,44.1164405166593));
#4860=CARTESIAN_POINT('Ctrl Pts',(-40.9767599298997,10.1240960046748,43.9924098549261));
#4861=CARTESIAN_POINT('Ctrl Pts',(-41.0759970884211,10.1240960046748,43.8477685207469));
#4862=CARTESIAN_POINT('Ctrl Pts',(-41.153578123318,10.1240960046748,43.6869711674895));
#4863=CARTESIAN_POINT('Ctrl Pts',(-41.2093620609899,10.1240960046748,43.5159342474975));
#4864=CARTESIAN_POINT('Ctrl Pts',(-41.2423578444365,10.1240960046748,43.340802872564));
#4865=CARTESIAN_POINT('Ctrl Pts',(-41.2518701984963,10.1240960046748,43.1667851034286));
#4866=CARTESIAN_POINT('Ctrl Pts',(-41.2386004970663,10.1240960046748,42.9971002353773));
#4867=CARTESIAN_POINT('Ctrl Pts',(-41.206077369086,10.1240960046748,42.8315386550247));
#4868=CARTESIAN_POINT('Ctrl Pts',(-41.160896670024,10.1240960046748,42.6663327746764));
#4869=CARTESIAN_POINT('Ctrl Pts',(-41.1109019631294,10.1240960046748,42.4962580869891));
#4870=CARTESIAN_POINT('Ctrl Pts',(-41.0637601908391,10.1240960046748,42.3163225365005));
#4871=CARTESIAN_POINT('Ctrl Pts',(-41.0255363039022,10.1240960046748,42.1234179254382));
#4872=CARTESIAN_POINT('Ctrl Pts',(-40.9988836599173,10.1240960046748,41.9184837808966));
#4873=CARTESIAN_POINT('Ctrl Pts',(-40.9828575762363,10.1240960046748,41.7065694396895));
#4874=CARTESIAN_POINT('Ctrl Pts',(-40.9745756832903,10.1240960046748,41.4945183351652));
#4875=CARTESIAN_POINT('Ctrl Pts',(-40.970399801034,10.1240960046748,41.2892631794044));
#4876=CARTESIAN_POINT('Ctrl Pts',(-40.9672806024157,10.1240960046748,41.0959194057607));
#4877=CARTESIAN_POINT('Ctrl Pts',(-40.9641036770355,10.1240960046748,40.9158538747847));
#4878=CARTESIAN_POINT('Ctrl Pts',(-40.962835586049,10.1240960046748,40.7450683409522));
#4879=CARTESIAN_POINT('Ctrl Pts',(-40.9670813316021,10.1240960046748,40.5765468394391));
#4880=CARTESIAN_POINT('Ctrl Pts',(-40.9808088124825,10.1240960046748,40.4023487872543));
#4881=CARTESIAN_POINT('Ctrl Pts',(-41.0070693669465,10.1240960046748,40.2157047114362));
#4882=CARTESIAN_POINT('Ctrl Pts',(-41.04658147645,10.1240960046748,40.0133265774409));
#4883=CARTESIAN_POINT('Ctrl Pts',(-41.0967876870403,10.1240960046748,39.7969780363099));
#4884=CARTESIAN_POINT('Ctrl Pts',(-41.1529991261573,10.1240960046748,39.5717867653433));
#4885=CARTESIAN_POINT('Ctrl Pts',(-41.2092166941685,10.1240960046748,39.3450588375401));
#4886=CARTESIAN_POINT('Ctrl Pts',(-41.2591088638021,10.1240960046748,39.1248550231577));
#4887=CARTESIAN_POINT('Ctrl Pts',(-41.2968449574952,10.1240960046748,38.9187785282478));
#4888=CARTESIAN_POINT('Ctrl Pts',(-41.3181803609508,10.1240960046748,38.7324054465161));
#4889=CARTESIAN_POINT('Ctrl Pts',(-41.3206741398011,10.1240960046748,38.5689370349659));
#4890=CARTESIAN_POINT('Ctrl Pts',(-41.3066134477609,10.1240960046748,38.4577781435977));
#4891=CARTESIAN_POINT('Ctrl Pts',(-41.2868658039333,10.1240960046748,38.3856678237861));
#4892=CARTESIAN_POINT('Ctrl Pts',(-41.2696121303718,10.1240960046748,38.3425967816109));
#4893=CARTESIAN_POINT('Ctrl Pts',(-41.2599631834294,10.1240960046748,38.3223118384791));
#4894=CARTESIAN_POINT('',(-41.2599631834294,10.1240960046748,38.3223118384791));
#4895=CARTESIAN_POINT('Ctrl Pts',(-41.2599631834294,10.1240960046748,38.3223118384791));
#4896=CARTESIAN_POINT('Ctrl Pts',(-41.2599631834294,9.62409600467475,38.3223118384791));
#4897=CARTESIAN_POINT('Ctrl Pts',(-41.2685798254194,10.1240960046748,38.2960325847464));
#4898=CARTESIAN_POINT('Ctrl Pts',(-41.2685798254194,9.62409600467475,38.2960325847464));
#4899=CARTESIAN_POINT('Ctrl Pts',(-41.2814255128949,10.1240960046748,38.2446979257597));
#4900=CARTESIAN_POINT('Ctrl Pts',(-41.2814255128949,9.62409600467475,38.2446979257597));
#4901=CARTESIAN_POINT('Ctrl Pts',(-41.2875309075981,10.1240960046748,38.1713675571566));
#4902=CARTESIAN_POINT('Ctrl Pts',(-41.2875309075981,9.62409600467475,38.1713675571566));
#4903=CARTESIAN_POINT('Ctrl Pts',(-41.2693004897528,10.1240960046748,38.0809496245079));
#4904=CARTESIAN_POINT('Ctrl Pts',(-41.2693004897528,9.62409600467475,38.0809496245079));
#4905=CARTESIAN_POINT('Ctrl Pts',(-41.2029969937504,10.1240960046748,37.9801549409271));
#4906=CARTESIAN_POINT('Ctrl Pts',(-41.2029969937504,9.62409600467475,37.9801549409271));
#4907=CARTESIAN_POINT('Ctrl Pts',(-41.095029999461,10.1240960046748,37.8913441726246));
#4908=CARTESIAN_POINT('Ctrl Pts',(-41.095029999461,9.62409600467475,37.8913441726246));
#4909=CARTESIAN_POINT('Ctrl Pts',(-40.9493847875089,10.1240960046748,37.8139462920663));
#4910=CARTESIAN_POINT('Ctrl Pts',(-40.9493847875089,9.62409600467475,37.8139462920663));
#4911=CARTESIAN_POINT('Ctrl Pts',(-40.7732984993154,10.1240960046748,37.7468613850009));
#4912=CARTESIAN_POINT('Ctrl Pts',(-40.7732984993154,9.62409600467475,37.7468613850009));
#4913=CARTESIAN_POINT('Ctrl Pts',(-40.5770526602282,10.1240960046748,37.6885454761734));
#4914=CARTESIAN_POINT('Ctrl Pts',(-40.5770526602282,9.62409600467475,37.6885454761734));
#4915=CARTESIAN_POINT('Ctrl Pts',(-40.3721889174462,10.1240960046748,37.6374381245643));
#4916=CARTESIAN_POINT('Ctrl Pts',(-40.3721889174462,9.62409600467475,37.6374381245643));
#4917=CARTESIAN_POINT('Ctrl Pts',(-40.1701815718121,10.1240960046748,37.5922888644711));
#4918=CARTESIAN_POINT('Ctrl Pts',(-40.1701815718121,9.62409600467475,37.5922888644711));
#4919=CARTESIAN_POINT('Ctrl Pts',(-39.9808582021823,10.1240960046748,37.5525461036511));
#4920=CARTESIAN_POINT('Ctrl Pts',(-39.9808582021823,9.62409600467475,37.5525461036511));
#4921=CARTESIAN_POINT('Ctrl Pts',(-39.811084208643,10.1240960046748,37.5186728568837));
#4922=CARTESIAN_POINT('Ctrl Pts',(-39.811084208643,9.62409600467475,37.5186728568837));
#4923=CARTESIAN_POINT('Ctrl Pts',(-39.6628865309781,10.1240960046748,37.492627474711));
#4924=CARTESIAN_POINT('Ctrl Pts',(-39.6628865309781,9.62409600467475,37.492627474711));
#4925=CARTESIAN_POINT('Ctrl Pts',(-39.5345219770226,10.1240960046748,37.4774603655143));
#4926=CARTESIAN_POINT('Ctrl Pts',(-39.5345219770226,9.62409600467475,37.4774603655143));
#4927=CARTESIAN_POINT('Ctrl Pts',(-39.422485375774,10.1240960046748,37.4766262126301));
#4928=CARTESIAN_POINT('Ctrl Pts',(-39.422485375774,9.62409600467475,37.4766262126301));
#4929=CARTESIAN_POINT('Ctrl Pts',(-39.3231744014642,10.1240960046748,37.4933953326453));
#4930=CARTESIAN_POINT('Ctrl Pts',(-39.3231744014642,9.62409600467475,37.4933953326453));
#4931=CARTESIAN_POINT('Ctrl Pts',(-39.2347157446182,10.1240960046748,37.5302142747544));
#4932=CARTESIAN_POINT('Ctrl Pts',(-39.2347157446182,9.62409600467475,37.5302142747544));
#4933=CARTESIAN_POINT('Ctrl Pts',(-39.1586570854516,10.1240960046748,37.5880971846677));
#4934=CARTESIAN_POINT('Ctrl Pts',(-39.1586570854516,9.62409600467475,37.5880971846677));
#4935=CARTESIAN_POINT('Ctrl Pts',(-39.0983629578823,10.1240960046748,37.6669235915254));
#4936=CARTESIAN_POINT('Ctrl Pts',(-39.0983629578823,9.62409600467475,37.6669235915254));
#4937=CARTESIAN_POINT('Ctrl Pts',(-39.0574208530967,10.1240960046748,37.7657130034461));
#4938=CARTESIAN_POINT('Ctrl Pts',(-39.0574208530967,9.62409600467475,37.7657130034461));
#4939=CARTESIAN_POINT('Ctrl Pts',(-39.0381591319493,10.1240960046748,37.8828919054465));
#4940=CARTESIAN_POINT('Ctrl Pts',(-39.0381591319493,9.62409600467475,37.8828919054465));
#4941=CARTESIAN_POINT('Ctrl Pts',(-39.0398190971441,10.1240960046748,38.0165663432164));
#4942=CARTESIAN_POINT('Ctrl Pts',(-39.0398190971441,9.62409600467475,38.0165663432164));
#4943=CARTESIAN_POINT('Ctrl Pts',(-39.0590932197078,10.1240960046748,38.1646894534729));
#4944=CARTESIAN_POINT('Ctrl Pts',(-39.0590932197078,9.62409600467475,38.1646894534729));
#4945=CARTESIAN_POINT('Ctrl Pts',(-39.0911970453619,10.1240960046748,38.3251989951483));
#4946=CARTESIAN_POINT('Ctrl Pts',(-39.0911970453619,9.62409600467475,38.3251989951483));
#4947=CARTESIAN_POINT('Ctrl Pts',(-39.1307652534003,10.1240960046748,38.4961658418565));
#4948=CARTESIAN_POINT('Ctrl Pts',(-39.1307652534003,9.62409600467475,38.4961658418565));
#4949=CARTESIAN_POINT('Ctrl Pts',(-39.1727592604619,10.1240960046748,38.6759263794759));
#4950=CARTESIAN_POINT('Ctrl Pts',(-39.1727592604619,9.62409600467475,38.6759263794759));
#4951=CARTESIAN_POINT('Ctrl Pts',(-39.2135049161398,10.1240960046748,38.8632453461268));
#4952=CARTESIAN_POINT('Ctrl Pts',(-39.2135049161398,9.62409600467475,38.8632453461268));
#4953=CARTESIAN_POINT('Ctrl Pts',(-39.2506292735459,10.1240960046748,39.0572799205002));
#4954=CARTESIAN_POINT('Ctrl Pts',(-39.2506292735459,9.62409600467475,39.0572799205002));
#4955=CARTESIAN_POINT('Ctrl Pts',(-39.2827268659121,10.1240960046748,39.2574969543458));
#4956=CARTESIAN_POINT('Ctrl Pts',(-39.2827268659121,9.62409600467475,39.2574969543458));
#4957=CARTESIAN_POINT('Ctrl Pts',(-39.3038471864827,10.1240960046748,39.4223851151644));
#4958=CARTESIAN_POINT('Ctrl Pts',(-39.3038471864827,9.62409600467475,39.4223851151644));
#4959=CARTESIAN_POINT('Ctrl Pts',(-39.3170320984505,10.1240960046748,39.5486501541564));
#4960=CARTESIAN_POINT('Ctrl Pts',(-39.3170320984505,9.62409600467475,39.5486501541564));
#4961=CARTESIAN_POINT('Ctrl Pts',(-39.3246441427892,10.1240960046748,39.6339798517703));
#4962=CARTESIAN_POINT('Ctrl Pts',(-39.3246441427892,9.62409600467475,39.6339798517703));
#4963=CARTESIAN_POINT('Ctrl Pts',(-39.3281556840957,10.1240960046748,39.6769329508168));
#4964=CARTESIAN_POINT('Ctrl Pts',(-39.3281556840957,9.62409600467475,39.6769329508168));
#4965=CARTESIAN_POINT('',(-39.3281556840957,10.1240960046748,39.6769329508168));
#4966=CARTESIAN_POINT('Ctrl Pts',(-41.2599631834294,10.1240960046748,38.3223118384791));
#4967=CARTESIAN_POINT('Ctrl Pts',(-41.2685798254194,10.1240960046748,38.2960325847464));
#4968=CARTESIAN_POINT('Ctrl Pts',(-41.2814255128949,10.1240960046748,38.2446979257597));
#4969=CARTESIAN_POINT('Ctrl Pts',(-41.2875309075981,10.1240960046748,38.1713675571566));
#4970=CARTESIAN_POINT('Ctrl Pts',(-41.2693004897528,10.1240960046748,38.0809496245079));
#4971=CARTESIAN_POINT('Ctrl Pts',(-41.2029969937504,10.1240960046748,37.9801549409271));
#4972=CARTESIAN_POINT('Ctrl Pts',(-41.095029999461,10.1240960046748,37.8913441726246));
#4973=CARTESIAN_POINT('Ctrl Pts',(-40.9493847875089,10.1240960046748,37.8139462920663));
#4974=CARTESIAN_POINT('Ctrl Pts',(-40.7732984993154,10.1240960046748,37.7468613850009));
#4975=CARTESIAN_POINT('Ctrl Pts',(-40.5770526602282,10.1240960046748,37.6885454761734));
#4976=CARTESIAN_POINT('Ctrl Pts',(-40.3721889174462,10.1240960046748,37.6374381245643));
#4977=CARTESIAN_POINT('Ctrl Pts',(-40.1701815718121,10.1240960046748,37.5922888644711));
#4978=CARTESIAN_POINT('Ctrl Pts',(-39.9808582021823,10.1240960046748,37.5525461036511));
#4979=CARTESIAN_POINT('Ctrl Pts',(-39.811084208643,10.1240960046748,37.5186728568837));
#4980=CARTESIAN_POINT('Ctrl Pts',(-39.6628865309781,10.1240960046748,37.492627474711));
#4981=CARTESIAN_POINT('Ctrl Pts',(-39.5345219770226,10.1240960046748,37.4774603655143));
#4982=CARTESIAN_POINT('Ctrl Pts',(-39.422485375774,10.1240960046748,37.4766262126301));
#4983=CARTESIAN_POINT('Ctrl Pts',(-39.3231744014642,10.1240960046748,37.4933953326453));
#4984=CARTESIAN_POINT('Ctrl Pts',(-39.2347157446182,10.1240960046748,37.5302142747544));
#4985=CARTESIAN_POINT('Ctrl Pts',(-39.1586570854516,10.1240960046748,37.5880971846677));
#4986=CARTESIAN_POINT('Ctrl Pts',(-39.0983629578823,10.1240960046748,37.6669235915254));
#4987=CARTESIAN_POINT('Ctrl Pts',(-39.0574208530967,10.1240960046748,37.7657130034461));
#4988=CARTESIAN_POINT('Ctrl Pts',(-39.0381591319493,10.1240960046748,37.8828919054465));
#4989=CARTESIAN_POINT('Ctrl Pts',(-39.0398190971441,10.1240960046748,38.0165663432164));
#4990=CARTESIAN_POINT('Ctrl Pts',(-39.0590932197078,10.1240960046748,38.1646894534729));
#4991=CARTESIAN_POINT('Ctrl Pts',(-39.0911970453619,10.1240960046748,38.3251989951483));
#4992=CARTESIAN_POINT('Ctrl Pts',(-39.1307652534003,10.1240960046748,38.4961658418565));
#4993=CARTESIAN_POINT('Ctrl Pts',(-39.1727592604619,10.1240960046748,38.6759263794759));
#4994=CARTESIAN_POINT('Ctrl Pts',(-39.2135049161398,10.1240960046748,38.8632453461268));
#4995=CARTESIAN_POINT('Ctrl Pts',(-39.2506292735459,10.1240960046748,39.0572799205002));
#4996=CARTESIAN_POINT('Ctrl Pts',(-39.2827268659121,10.1240960046748,39.2574969543458));
#4997=CARTESIAN_POINT('Ctrl Pts',(-39.3038471864827,10.1240960046748,39.4223851151644));
#4998=CARTESIAN_POINT('Ctrl Pts',(-39.3170320984505,10.1240960046748,39.5486501541564));
#4999=CARTESIAN_POINT('Ctrl Pts',(-39.3246441427892,10.1240960046748,39.6339798517703));
#5000=CARTESIAN_POINT('Ctrl Pts',(-39.3281556840957,10.1240960046748,39.6769329508168));
#5001=CARTESIAN_POINT('',(-39.3281556840957,10.1240960046748,39.6769329508168));
#5002=CARTESIAN_POINT('Ctrl Pts',(-39.3281556840957,10.1240960046748,39.6769329508168));
#5003=CARTESIAN_POINT('Ctrl Pts',(-39.3281556840957,9.62409600467475,39.6769329508168));
#5004=CARTESIAN_POINT('Ctrl Pts',(-39.3383650859548,10.1240960046748,39.7159182637611));
#5005=CARTESIAN_POINT('Ctrl Pts',(-39.3383650859548,9.62409600467475,39.7159182637611));
#5006=CARTESIAN_POINT('Ctrl Pts',(-39.3579544887181,10.1240960046748,39.7941187670373));
#5007=CARTESIAN_POINT('Ctrl Pts',(-39.3579544887181,9.62409600467475,39.7941187670373));
#5008=CARTESIAN_POINT('Ctrl Pts',(-39.3848503954455,10.1240960046748,39.9121091662263));
#5009=CARTESIAN_POINT('Ctrl Pts',(-39.3848503954455,9.62409600467475,39.9121091662263));
#5010=CARTESIAN_POINT('Ctrl Pts',(-39.4157261523998,10.1240960046748,40.0708113802157));
#5011=CARTESIAN_POINT('Ctrl Pts',(-39.4157261523998,9.62409600467475,40.0708113802157));
#5012=CARTESIAN_POINT('Ctrl Pts',(-39.4459276158664,10.1240960046748,40.2714606912849));
#5013=CARTESIAN_POINT('Ctrl Pts',(-39.4459276158664,9.62409600467475,40.2714606912849));
#5014=CARTESIAN_POINT('Ctrl Pts',(-39.4675737961352,10.1240960046748,40.4742602204918));
#5015=CARTESIAN_POINT('Ctrl Pts',(-39.4675737961352,9.62409600467475,40.4742602204918));
#5016=CARTESIAN_POINT('Ctrl Pts',(-39.4804113175471,10.1240960046748,40.6789506858534));
#5017=CARTESIAN_POINT('Ctrl Pts',(-39.4804113175471,9.62409600467475,40.6789506858534));
#5018=CARTESIAN_POINT('Ctrl Pts',(-39.4840782271105,10.1240960046748,40.8850730498503));
#5019=CARTESIAN_POINT('Ctrl Pts',(-39.4840782271105,9.62409600467475,40.8850730498503));
#5020=CARTESIAN_POINT('Ctrl Pts',(-39.4780987445079,10.1240960046748,41.0919362854771));
#5021=CARTESIAN_POINT('Ctrl Pts',(-39.4780987445079,9.62409600467475,41.0919362854771));
#5022=CARTESIAN_POINT('Ctrl Pts',(-39.4618396750387,10.1240960046748,41.2984762577482));
#5023=CARTESIAN_POINT('Ctrl Pts',(-39.4618396750387,9.62409600467475,41.2984762577482));
#5024=CARTESIAN_POINT('Ctrl Pts',(-39.4344112214451,10.1240960046748,41.5029613865591));
#5025=CARTESIAN_POINT('Ctrl Pts',(-39.4344112214451,9.62409600467475,41.5029613865591));
#5026=CARTESIAN_POINT('Ctrl Pts',(-39.3945876526775,10.1240960046748,41.7027435860101));
#5027=CARTESIAN_POINT('Ctrl Pts',(-39.3945876526775,9.62409600467475,41.7027435860101));
#5028=CARTESIAN_POINT('Ctrl Pts',(-39.3407077380355,10.1240960046748,41.8939606060816));
#5029=CARTESIAN_POINT('Ctrl Pts',(-39.3407077380355,9.62409600467475,41.8939606060816));
#5030=CARTESIAN_POINT('Ctrl Pts',(-39.2706117022308,10.1240960046748,42.0713076116514));
#5031=CARTESIAN_POINT('Ctrl Pts',(-39.2706117022308,9.62409600467475,42.0713076116514));
#5032=CARTESIAN_POINT('Ctrl Pts',(-39.1814868529054,10.1240960046748,42.2276211838807));
#5033=CARTESIAN_POINT('Ctrl Pts',(-39.1814868529054,9.62409600467475,42.2276211838807));
#5034=CARTESIAN_POINT('Ctrl Pts',(-39.0705609780164,10.1240960046748,42.3551492271903));
#5035=CARTESIAN_POINT('Ctrl Pts',(-39.0705609780164,9.62409600467475,42.3551492271903));
#5036=CARTESIAN_POINT('Ctrl Pts',(-38.9359056729821,10.1240960046748,42.4470397723187));
#5037=CARTESIAN_POINT('Ctrl Pts',(-38.9359056729821,9.62409600467475,42.4470397723187));
#5038=CARTESIAN_POINT('Ctrl Pts',(-38.7772376202018,10.1240960046748,42.4988061398154));
#5039=CARTESIAN_POINT('Ctrl Pts',(-38.7772376202018,9.62409600467475,42.4988061398154));
#5040=CARTESIAN_POINT('Ctrl Pts',(-38.5966736758829,10.1240960046748,42.5097237246987));
#5041=CARTESIAN_POINT('Ctrl Pts',(-38.5966736758829,9.62409600467475,42.5097237246987));
#5042=CARTESIAN_POINT('Ctrl Pts',(-38.3996943999636,10.1240960046748,42.4845566513854));
#5043=CARTESIAN_POINT('Ctrl Pts',(-38.3996943999636,9.62409600467475,42.4845566513854));
#5044=CARTESIAN_POINT('Ctrl Pts',(-38.1940783498894,10.1240960046748,42.43203559063));
#5045=CARTESIAN_POINT('Ctrl Pts',(-38.1940783498894,9.62409600467475,42.43203559063));
#5046=CARTESIAN_POINT('Ctrl Pts',(-37.9886106889627,10.1240960046748,42.3629698976714));
#5047=CARTESIAN_POINT('Ctrl Pts',(-37.9886106889627,9.62409600467475,42.3629698976714));
#5048=CARTESIAN_POINT('Ctrl Pts',(-37.7918377260786,10.1240960046748,42.2884526934804));
#5049=CARTESIAN_POINT('Ctrl Pts',(-37.7918377260786,9.62409600467475,42.2884526934804));
#5050=CARTESIAN_POINT('Ctrl Pts',(-37.6109079062235,10.1240960046748,42.2181769906015));
#5051=CARTESIAN_POINT('Ctrl Pts',(-37.6109079062235,9.62409600467475,42.2181769906015));
#5052=CARTESIAN_POINT('Ctrl Pts',(-37.4501138827607,10.1240960046748,42.1583612713131));
#5053=CARTESIAN_POINT('Ctrl Pts',(-37.4501138827607,9.62409600467475,42.1583612713131));
#5054=CARTESIAN_POINT('Ctrl Pts',(-37.3104019857065,10.1240960046748,42.1109733261552));
#5055=CARTESIAN_POINT('Ctrl Pts',(-37.3104019857065,9.62409600467475,42.1109733261552));
#5056=CARTESIAN_POINT('Ctrl Pts',(-37.1906326246186,10.1240960046748,42.0753069363868));
#5057=CARTESIAN_POINT('Ctrl Pts',(-37.1906326246186,9.62409600467475,42.0753069363868));
#5058=CARTESIAN_POINT('Ctrl Pts',(-37.0884614112422,10.1240960046748,42.0490489866722));
#5059=CARTESIAN_POINT('Ctrl Pts',(-37.0884614112422,9.62409600467475,42.0490489866722));
#5060=CARTESIAN_POINT('Ctrl Pts',(-37.0012936322361,10.1240960046748,42.0294568245259));
#5061=CARTESIAN_POINT('Ctrl Pts',(-37.0012936322361,9.62409600467475,42.0294568245259));
#5062=CARTESIAN_POINT('Ctrl Pts',(-36.9273600936368,10.1240960046748,42.0146760408476));
#5063=CARTESIAN_POINT('Ctrl Pts',(-36.9273600936368,9.62409600467475,42.0146760408476));
#5064=CARTESIAN_POINT('Ctrl Pts',(-36.8780888459501,10.1240960046748,42.0059906974585));
#5065=CARTESIAN_POINT('Ctrl Pts',(-36.8780888459501,9.62409600467475,42.0059906974585));
#5066=CARTESIAN_POINT('Ctrl Pts',(-36.8465303683034,10.1240960046748,42.0010951322787));
#5067=CARTESIAN_POINT('Ctrl Pts',(-36.8465303683034,9.62409600467475,42.0010951322787));
#5068=CARTESIAN_POINT('Ctrl Pts',(-36.8278856433256,10.1240960046748,41.9985504534328));
#5069=CARTESIAN_POINT('Ctrl Pts',(-36.8278856433256,9.62409600467475,41.9985504534328));
#5070=CARTESIAN_POINT('Ctrl Pts',(-36.8191617977659,10.1240960046748,41.9974578128213));
#5071=CARTESIAN_POINT('Ctrl Pts',(-36.8191617977659,9.62409600467475,41.9974578128213));
#5072=CARTESIAN_POINT('',(-36.8191617977659,10.1240960046748,41.9974578128213));
#5073=CARTESIAN_POINT('Ctrl Pts',(-39.3281556840957,10.1240960046748,39.6769329508168));
#5074=CARTESIAN_POINT('Ctrl Pts',(-39.3383650859548,10.1240960046748,39.7159182637611));
#5075=CARTESIAN_POINT('Ctrl Pts',(-39.3579544887181,10.1240960046748,39.7941187670373));
#5076=CARTESIAN_POINT('Ctrl Pts',(-39.3848503954455,10.1240960046748,39.9121091662263));
#5077=CARTESIAN_POINT('Ctrl Pts',(-39.4157261523998,10.1240960046748,40.0708113802157));
#5078=CARTESIAN_POINT('Ctrl Pts',(-39.4459276158664,10.1240960046748,40.2714606912849));
#5079=CARTESIAN_POINT('Ctrl Pts',(-39.4675737961352,10.1240960046748,40.4742602204918));
#5080=CARTESIAN_POINT('Ctrl Pts',(-39.4804113175471,10.1240960046748,40.6789506858534));
#5081=CARTESIAN_POINT('Ctrl Pts',(-39.4840782271105,10.1240960046748,40.8850730498503));
#5082=CARTESIAN_POINT('Ctrl Pts',(-39.4780987445079,10.1240960046748,41.0919362854771));
#5083=CARTESIAN_POINT('Ctrl Pts',(-39.4618396750387,10.1240960046748,41.2984762577482));
#5084=CARTESIAN_POINT('Ctrl Pts',(-39.4344112214451,10.1240960046748,41.5029613865591));
#5085=CARTESIAN_POINT('Ctrl Pts',(-39.3945876526775,10.1240960046748,41.7027435860101));
#5086=CARTESIAN_POINT('Ctrl Pts',(-39.3407077380355,10.1240960046748,41.8939606060816));
#5087=CARTESIAN_POINT('Ctrl Pts',(-39.2706117022308,10.1240960046748,42.0713076116514));
#5088=CARTESIAN_POINT('Ctrl Pts',(-39.1814868529054,10.1240960046748,42.2276211838807));
#5089=CARTESIAN_POINT('Ctrl Pts',(-39.0705609780164,10.1240960046748,42.3551492271903));
#5090=CARTESIAN_POINT('Ctrl Pts',(-38.9359056729821,10.1240960046748,42.4470397723187));
#5091=CARTESIAN_POINT('Ctrl Pts',(-38.7772376202018,10.1240960046748,42.4988061398154));
#5092=CARTESIAN_POINT('Ctrl Pts',(-38.5966736758829,10.1240960046748,42.5097237246987));
#5093=CARTESIAN_POINT('Ctrl Pts',(-38.3996943999636,10.1240960046748,42.4845566513854));
#5094=CARTESIAN_POINT('Ctrl Pts',(-38.1940783498894,10.1240960046748,42.43203559063));
#5095=CARTESIAN_POINT('Ctrl Pts',(-37.9886106889627,10.1240960046748,42.3629698976714));
#5096=CARTESIAN_POINT('Ctrl Pts',(-37.7918377260786,10.1240960046748,42.2884526934804));
#5097=CARTESIAN_POINT('Ctrl Pts',(-37.6109079062235,10.1240960046748,42.2181769906015));
#5098=CARTESIAN_POINT('Ctrl Pts',(-37.4501138827607,10.1240960046748,42.1583612713131));
#5099=CARTESIAN_POINT('Ctrl Pts',(-37.3104019857065,10.1240960046748,42.1109733261552));
#5100=CARTESIAN_POINT('Ctrl Pts',(-37.1906326246186,10.1240960046748,42.0753069363868));
#5101=CARTESIAN_POINT('Ctrl Pts',(-37.0884614112422,10.1240960046748,42.0490489866722));
#5102=CARTESIAN_POINT('Ctrl Pts',(-37.0012936322361,10.1240960046748,42.0294568245259));
#5103=CARTESIAN_POINT('Ctrl Pts',(-36.9273600936368,10.1240960046748,42.0146760408476));
#5104=CARTESIAN_POINT('Ctrl Pts',(-36.8780888459501,10.1240960046748,42.0059906974585));
#5105=CARTESIAN_POINT('Ctrl Pts',(-36.8465303683034,10.1240960046748,42.0010951322787));
#5106=CARTESIAN_POINT('Ctrl Pts',(-36.8278856433256,10.1240960046748,41.9985504534328));
#5107=CARTESIAN_POINT('Ctrl Pts',(-36.8191617977659,10.1240960046748,41.9974578128213));
#5108=CARTESIAN_POINT('',(-36.8191617977659,10.1240960046748,41.9974578128213));
#5109=CARTESIAN_POINT('Ctrl Pts',(-36.8191617977659,10.1240960046748,41.9974578128213));
#5110=CARTESIAN_POINT('Ctrl Pts',(-36.8191617977659,9.62409600467475,41.9974578128213));
#5111=CARTESIAN_POINT('Ctrl Pts',(-36.8252112849047,10.1240960046748,41.9720086705055));
#5112=CARTESIAN_POINT('Ctrl Pts',(-36.8252112849047,9.62409600467475,41.9720086705055));
#5113=CARTESIAN_POINT('Ctrl Pts',(-36.8357556996118,10.1240960046748,41.9182593178761));
#5114=CARTESIAN_POINT('Ctrl Pts',(-36.8357556996118,9.62409600467475,41.9182593178761));
#5115=CARTESIAN_POINT('Ctrl Pts',(-36.846908707028,10.1240960046748,41.829082292942));
#5116=CARTESIAN_POINT('Ctrl Pts',(-36.846908707028,9.62409600467475,41.829082292942));
#5117=CARTESIAN_POINT('Ctrl Pts',(-36.852434704432,10.1240960046748,41.693040803497));
#5118=CARTESIAN_POINT('Ctrl Pts',(-36.852434704432,9.62409600467475,41.693040803497));
#5119=CARTESIAN_POINT('Ctrl Pts',(-36.8439967044503,10.1240960046748,41.4953923832155));
#5120=CARTESIAN_POINT('Ctrl Pts',(-36.8439967044503,9.62409600467475,41.4953923832155));
#5121=CARTESIAN_POINT('Ctrl Pts',(-36.8210628917243,10.1240960046748,41.2733385189773));
#5122=CARTESIAN_POINT('Ctrl Pts',(-36.8210628917243,9.62409600467475,41.2733385189773));
#5123=CARTESIAN_POINT('Ctrl Pts',(-36.7854870863658,10.1240960046748,41.0335797052352));
#5124=CARTESIAN_POINT('Ctrl Pts',(-36.7854870863658,9.62409600467475,41.0335797052352));
#5125=CARTESIAN_POINT('Ctrl Pts',(-36.7404437877634,10.1240960046748,40.7873911120144));
#5126=CARTESIAN_POINT('Ctrl Pts',(-36.7404437877634,9.62409600467475,40.7873911120144));
#5127=CARTESIAN_POINT('Ctrl Pts',(-36.6893143324717,10.1240960046748,40.5471782026252));
#5128=CARTESIAN_POINT('Ctrl Pts',(-36.6893143324717,9.62409600467475,40.5471782026252));
#5129=CARTESIAN_POINT('Ctrl Pts',(-36.6345585038695,10.1240960046748,40.3229430300615));
#5130=CARTESIAN_POINT('Ctrl Pts',(-36.6345585038695,9.62409600467475,40.3229430300615));
#5131=CARTESIAN_POINT('Ctrl Pts',(-36.5767289913899,10.1240960046748,40.1193000972208));
#5132=CARTESIAN_POINT('Ctrl Pts',(-36.5767289913899,9.62409600467475,40.1193000972208));
#5133=CARTESIAN_POINT('Ctrl Pts',(-36.513073443274,10.1240960046748,39.9309430150465));
#5134=CARTESIAN_POINT('Ctrl Pts',(-36.513073443274,9.62409600467475,39.9309430150465));
#5135=CARTESIAN_POINT('Ctrl Pts',(-36.4377028620831,10.1240960046748,39.7440305091337));
#5136=CARTESIAN_POINT('Ctrl Pts',(-36.4377028620831,9.62409600467475,39.7440305091337));
#5137=CARTESIAN_POINT('Ctrl Pts',(-36.3431336165511,10.1240960046748,39.5428861681516));
#5138=CARTESIAN_POINT('Ctrl Pts',(-36.3431336165511,9.62409600467475,39.5428861681516));
#5139=CARTESIAN_POINT('Ctrl Pts',(-36.2214032337815,10.1240960046748,39.3148911384378));
#5140=CARTESIAN_POINT('Ctrl Pts',(-36.2214032337815,9.62409600467475,39.3148911384378));
#5141=CARTESIAN_POINT('Ctrl Pts',(-36.0654212703631,10.1240960046748,39.056776398865));
#5142=CARTESIAN_POINT('Ctrl Pts',(-36.0654212703631,9.62409600467475,39.056776398865));
#5143=CARTESIAN_POINT('Ctrl Pts',(-35.8700393356464,10.1240960046748,38.7784170423298));
#5144=CARTESIAN_POINT('Ctrl Pts',(-35.8700393356464,9.62409600467475,38.7784170423298));
#5145=CARTESIAN_POINT('Ctrl Pts',(-35.6323336588224,10.1240960046748,38.4978124340681));
#5146=CARTESIAN_POINT('Ctrl Pts',(-35.6323336588224,9.62409600467475,38.4978124340681));
#5147=CARTESIAN_POINT('Ctrl Pts',(-35.3519969161479,10.1240960046748,38.2375079741332));
#5148=CARTESIAN_POINT('Ctrl Pts',(-35.3519969161479,9.62409600467475,38.2375079741332));
#5149=CARTESIAN_POINT('Ctrl Pts',(-35.0317624746655,10.1240960046748,38.020342817776));
#5150=CARTESIAN_POINT('Ctrl Pts',(-35.0317624746655,9.62409600467475,38.020342817776));
#5151=CARTESIAN_POINT('Ctrl Pts',(-34.6777388932917,10.1240960046748,37.8658503935301));
#5152=CARTESIAN_POINT('Ctrl Pts',(-34.6777388932917,9.62409600467475,37.8658503935301));
#5153=CARTESIAN_POINT('Ctrl Pts',(-34.3000845571694,10.1240960046748,37.7854688269912));
#5154=CARTESIAN_POINT('Ctrl Pts',(-34.3000845571694,9.62409600467475,37.7854688269912));
#5155=CARTESIAN_POINT('Ctrl Pts',(-33.912461138393,10.1240960046748,37.7818721794978));
#5156=CARTESIAN_POINT('Ctrl Pts',(-33.912461138393,9.62409600467475,37.7818721794978));
#5157=CARTESIAN_POINT('Ctrl Pts',(-33.5304154160674,10.1240960046748,37.8517968482273));
#5158=CARTESIAN_POINT('Ctrl Pts',(-33.5304154160674,9.62409600467475,37.8517968482273));
#5159=CARTESIAN_POINT('Ctrl Pts',(-33.1701061946778,10.1240960046748,37.9877984154679));
#5160=CARTESIAN_POINT('Ctrl Pts',(-33.1701061946778,9.62409600467475,37.9877984154679));
#5161=CARTESIAN_POINT('Ctrl Pts',(-32.8468428779719,10.1240960046748,38.1804533176459));
#5162=CARTESIAN_POINT('Ctrl Pts',(-32.8468428779719,9.62409600467475,38.1804533176459));
#5163=CARTESIAN_POINT('Ctrl Pts',(-32.5738232137537,10.1240960046748,38.4201996644462));
#5164=CARTESIAN_POINT('Ctrl Pts',(-32.5738232137537,9.62409600467475,38.4201996644462));
#5165=CARTESIAN_POINT('Ctrl Pts',(-32.3604459000413,10.1240960046748,38.6996577990178));
#5166=CARTESIAN_POINT('Ctrl Pts',(-32.3604459000413,9.62409600467475,38.6996577990178));
#5167=CARTESIAN_POINT('Ctrl Pts',(-32.21249392986,10.1240960046748,39.0138914332249));
#5168=CARTESIAN_POINT('Ctrl Pts',(-32.21249392986,9.62409600467475,39.0138914332249));
#5169=CARTESIAN_POINT('Ctrl Pts',(-32.1331392628538,10.1240960046748,39.3597710588153));
#5170=CARTESIAN_POINT('Ctrl Pts',(-32.1331392628538,9.62409600467475,39.3597710588153));
#5171=CARTESIAN_POINT('Ctrl Pts',(-32.1255498882933,10.1240960046748,39.6604572874751));
#5172=CARTESIAN_POINT('Ctrl Pts',(-32.1255498882933,9.62409600467475,39.6604572874751));
#5173=CARTESIAN_POINT('Ctrl Pts',(-32.151375771664,10.1240960046748,39.8991612307804));
#5174=CARTESIAN_POINT('Ctrl Pts',(-32.151375771664,9.62409600467475,39.8991612307804));
#5175=CARTESIAN_POINT('Ctrl Pts',(-32.1825753284804,10.1240960046748,40.0641488251775));
#5176=CARTESIAN_POINT('Ctrl Pts',(-32.1825753284804,9.62409600467475,40.0641488251775));
#5177=CARTESIAN_POINT('Ctrl Pts',(-32.2016707017975,10.1240960046748,40.1481055116299));
#5178=CARTESIAN_POINT('Ctrl Pts',(-32.2016707017975,9.62409600467475,40.1481055116299));
#5179=CARTESIAN_POINT('',(-32.2016707017975,10.1240960046748,40.1481055116299));
#5180=CARTESIAN_POINT('Ctrl Pts',(-36.8191617977659,10.1240960046748,41.9974578128213));
#5181=CARTESIAN_POINT('Ctrl Pts',(-36.8252112849047,10.1240960046748,41.9720086705055));
#5182=CARTESIAN_POINT('Ctrl Pts',(-36.8357556996118,10.1240960046748,41.9182593178761));
#5183=CARTESIAN_POINT('Ctrl Pts',(-36.846908707028,10.1240960046748,41.829082292942));
#5184=CARTESIAN_POINT('Ctrl Pts',(-36.852434704432,10.1240960046748,41.693040803497));
#5185=CARTESIAN_POINT('Ctrl Pts',(-36.8439967044503,10.1240960046748,41.4953923832155));
#5186=CARTESIAN_POINT('Ctrl Pts',(-36.8210628917243,10.1240960046748,41.2733385189773));
#5187=CARTESIAN_POINT('Ctrl Pts',(-36.7854870863658,10.1240960046748,41.0335797052352));
#5188=CARTESIAN_POINT('Ctrl Pts',(-36.7404437877634,10.1240960046748,40.7873911120144));
#5189=CARTESIAN_POINT('Ctrl Pts',(-36.6893143324717,10.1240960046748,40.5471782026252));
#5190=CARTESIAN_POINT('Ctrl Pts',(-36.6345585038695,10.1240960046748,40.3229430300615));
#5191=CARTESIAN_POINT('Ctrl Pts',(-36.5767289913899,10.1240960046748,40.1193000972208));
#5192=CARTESIAN_POINT('Ctrl Pts',(-36.513073443274,10.1240960046748,39.9309430150465));
#5193=CARTESIAN_POINT('Ctrl Pts',(-36.4377028620831,10.1240960046748,39.7440305091337));
#5194=CARTESIAN_POINT('Ctrl Pts',(-36.3431336165511,10.1240960046748,39.5428861681516));
#5195=CARTESIAN_POINT('Ctrl Pts',(-36.2214032337815,10.1240960046748,39.3148911384378));
#5196=CARTESIAN_POINT('Ctrl Pts',(-36.0654212703631,10.1240960046748,39.056776398865));
#5197=CARTESIAN_POINT('Ctrl Pts',(-35.8700393356464,10.1240960046748,38.7784170423298));
#5198=CARTESIAN_POINT('Ctrl Pts',(-35.6323336588224,10.1240960046748,38.4978124340681));
#5199=CARTESIAN_POINT('Ctrl Pts',(-35.3519969161479,10.1240960046748,38.2375079741332));
#5200=CARTESIAN_POINT('Ctrl Pts',(-35.0317624746655,10.1240960046748,38.020342817776));
#5201=CARTESIAN_POINT('Ctrl Pts',(-34.6777388932917,10.1240960046748,37.8658503935301));
#5202=CARTESIAN_POINT('Ctrl Pts',(-34.3000845571694,10.1240960046748,37.7854688269912));
#5203=CARTESIAN_POINT('Ctrl Pts',(-33.912461138393,10.1240960046748,37.7818721794978));
#5204=CARTESIAN_POINT('Ctrl Pts',(-33.5304154160674,10.1240960046748,37.8517968482273));
#5205=CARTESIAN_POINT('Ctrl Pts',(-33.1701061946778,10.1240960046748,37.9877984154679));
#5206=CARTESIAN_POINT('Ctrl Pts',(-32.8468428779719,10.1240960046748,38.1804533176459));
#5207=CARTESIAN_POINT('Ctrl Pts',(-32.5738232137537,10.1240960046748,38.4201996644462));
#5208=CARTESIAN_POINT('Ctrl Pts',(-32.3604459000413,10.1240960046748,38.6996577990178));
#5209=CARTESIAN_POINT('Ctrl Pts',(-32.21249392986,10.1240960046748,39.0138914332249));
#5210=CARTESIAN_POINT('Ctrl Pts',(-32.1331392628538,10.1240960046748,39.3597710588153));
#5211=CARTESIAN_POINT('Ctrl Pts',(-32.1255498882933,10.1240960046748,39.6604572874751));
#5212=CARTESIAN_POINT('Ctrl Pts',(-32.151375771664,10.1240960046748,39.8991612307804));
#5213=CARTESIAN_POINT('Ctrl Pts',(-32.1825753284804,10.1240960046748,40.0641488251775));
#5214=CARTESIAN_POINT('Ctrl Pts',(-32.2016707017975,10.1240960046748,40.1481055116299));
#5215=CARTESIAN_POINT('',(-32.2016707017975,10.1240960046748,40.1481055116299));
#5216=CARTESIAN_POINT('Ctrl Pts',(-32.2016707017975,10.1240960046748,40.1481055116299));
#5217=CARTESIAN_POINT('Ctrl Pts',(-32.2016707017975,9.62409600467475,40.1481055116299));
#5218=CARTESIAN_POINT('Ctrl Pts',(-32.2201509843926,10.1240960046748,40.147622687535));
#5219=CARTESIAN_POINT('Ctrl Pts',(-32.2201509843926,9.62409600467475,40.147622687535));
#5220=CARTESIAN_POINT('Ctrl Pts',(-32.2529755258903,10.1240960046748,40.1494423075148));
#5221=CARTESIAN_POINT('Ctrl Pts',(-32.2529755258903,9.62409600467475,40.1494423075148));
#5222=CARTESIAN_POINT('Ctrl Pts',(-32.2898054007801,10.1240960046748,40.1605262872507));
#5223=CARTESIAN_POINT('Ctrl Pts',(-32.2898054007801,9.62409600467475,40.1605262872507));
#5224=CARTESIAN_POINT('Ctrl Pts',(-32.3140432241158,10.1240960046748,40.1920552001698));
#5225=CARTESIAN_POINT('Ctrl Pts',(-32.3140432241158,9.62409600467475,40.1920552001698));
#5226=CARTESIAN_POINT('Ctrl Pts',(-32.3044814715128,10.1240960046748,40.2579013992755));
#5227=CARTESIAN_POINT('Ctrl Pts',(-32.3044814715128,9.62409600467475,40.2579013992755));
#5228=CARTESIAN_POINT('Ctrl Pts',(-32.2601068168043,10.1240960046748,40.3456264204933));
#5229=CARTESIAN_POINT('Ctrl Pts',(-32.2601068168043,9.62409600467475,40.3456264204933));
#5230=CARTESIAN_POINT('Ctrl Pts',(-32.191772085323,10.1240960046748,40.4454334039515));
#5231=CARTESIAN_POINT('Ctrl Pts',(-32.191772085323,9.62409600467475,40.4454334039515));
#5232=CARTESIAN_POINT('Ctrl Pts',(-32.1130985157135,10.1240960046748,40.5460608159655));
#5233=CARTESIAN_POINT('Ctrl Pts',(-32.1130985157135,9.62409600467475,40.5460608159655));
#5234=CARTESIAN_POINT('Ctrl Pts',(-32.0368077713161,10.1240960046748,40.6392368773284));
#5235=CARTESIAN_POINT('Ctrl Pts',(-32.0368077713161,9.62409600467475,40.6392368773284));
#5236=CARTESIAN_POINT('Ctrl Pts',(-31.9710868829712,10.1240960046748,40.7241683776786));
#5237=CARTESIAN_POINT('Ctrl Pts',(-31.9710868829712,9.62409600467475,40.7241683776786));
#5238=CARTESIAN_POINT('Ctrl Pts',(-31.9197454813258,10.1240960046748,40.8060801159832));
#5239=CARTESIAN_POINT('Ctrl Pts',(-31.9197454813258,9.62409600467475,40.8060801159832));
#5240=CARTESIAN_POINT('Ctrl Pts',(-31.8848272678368,10.1240960046748,40.8829007460074));
#5241=CARTESIAN_POINT('Ctrl Pts',(-31.8848272678368,9.62409600467475,40.8829007460074));
#5242=CARTESIAN_POINT('Ctrl Pts',(-31.8611602554921,10.1240960046748,40.950884015034));
#5243=CARTESIAN_POINT('Ctrl Pts',(-31.8611602554921,9.62409600467475,40.950884015034));
#5244=CARTESIAN_POINT('Ctrl Pts',(-31.8469606660581,10.1240960046748,40.9993736050982));
#5245=CARTESIAN_POINT('Ctrl Pts',(-31.8469606660581,9.62409600467475,40.9993736050982));
#5246=CARTESIAN_POINT('Ctrl Pts',(-31.841245353221,10.1240960046748,41.02034127528));
#5247=CARTESIAN_POINT('Ctrl Pts',(-31.841245353221,9.62409600467475,41.02034127528));
#5248=CARTESIAN_POINT('',(-31.8412453532209,10.1240960046748,41.0203412752804));
#5249=CARTESIAN_POINT('Ctrl Pts',(-32.2016707017975,10.1240960046748,40.1481055116299));
#5250=CARTESIAN_POINT('Ctrl Pts',(-32.2201509843926,10.1240960046748,40.147622687535));
#5251=CARTESIAN_POINT('Ctrl Pts',(-32.2529755258903,10.1240960046748,40.1494423075148));
#5252=CARTESIAN_POINT('Ctrl Pts',(-32.2898054007801,10.1240960046748,40.1605262872507));
#5253=CARTESIAN_POINT('Ctrl Pts',(-32.3140432241158,10.1240960046748,40.1920552001698));
#5254=CARTESIAN_POINT('Ctrl Pts',(-32.3044814715128,10.1240960046748,40.2579013992755));
#5255=CARTESIAN_POINT('Ctrl Pts',(-32.2601068168043,10.1240960046748,40.3456264204933));
#5256=CARTESIAN_POINT('Ctrl Pts',(-32.191772085323,10.1240960046748,40.4454334039515));
#5257=CARTESIAN_POINT('Ctrl Pts',(-32.1130985157135,10.1240960046748,40.5460608159655));
#5258=CARTESIAN_POINT('Ctrl Pts',(-32.0368077713161,10.1240960046748,40.6392368773284));
#5259=CARTESIAN_POINT('Ctrl Pts',(-31.9710868829712,10.1240960046748,40.7241683776786));
#5260=CARTESIAN_POINT('Ctrl Pts',(-31.9197454813258,10.1240960046748,40.8060801159832));
#5261=CARTESIAN_POINT('Ctrl Pts',(-31.8848272678368,10.1240960046748,40.8829007460073));
#5262=CARTESIAN_POINT('Ctrl Pts',(-31.8611602554921,10.1240960046748,40.9508840150341));
#5263=CARTESIAN_POINT('Ctrl Pts',(-31.8469606660581,10.1240960046748,40.9993736050982));
#5264=CARTESIAN_POINT('Ctrl Pts',(-31.841245353221,10.1240960046748,41.02034127528));
#5265=CARTESIAN_POINT('',(-31.8412453532209,10.1240960046748,41.0203412752804));
#5266=CARTESIAN_POINT('Ctrl Pts',(-31.8412453532209,10.1240960046748,41.0203412752804));
#5267=CARTESIAN_POINT('Ctrl Pts',(-31.8412453532209,9.62409600467475,41.0203412752804));
#5268=CARTESIAN_POINT('Ctrl Pts',(-31.8335474235099,10.1240960046748,40.9937843880844));
#5269=CARTESIAN_POINT('Ctrl Pts',(-31.8335474235099,9.62409600467475,40.9937843880844));
#5270=CARTESIAN_POINT('Ctrl Pts',(-31.8181945905777,10.1240960046748,40.9401068477394));
#5271=CARTESIAN_POINT('Ctrl Pts',(-31.8181945905777,9.62409600467475,40.9401068477394));
#5272=CARTESIAN_POINT('Ctrl Pts',(-31.7952944376752,10.1240960046748,40.8578993890417));
#5273=CARTESIAN_POINT('Ctrl Pts',(-31.7952944376752,9.62409600467475,40.8578993890417));
#5274=CARTESIAN_POINT('Ctrl Pts',(-31.7650190319973,10.1240960046748,40.7449047267094));
#5275=CARTESIAN_POINT('Ctrl Pts',(-31.7650190319973,9.62409600467475,40.7449047267094));
#5276=CARTESIAN_POINT('Ctrl Pts',(-31.7274872643923,10.1240960046748,40.597836596869));
#5277=CARTESIAN_POINT('Ctrl Pts',(-31.7274872643923,9.62409600467475,40.597836596869));
#5278=CARTESIAN_POINT('Ctrl Pts',(-31.6899110671002,10.1240960046748,40.4443797429397));
#5279=CARTESIAN_POINT('Ctrl Pts',(-31.6899110671002,9.62409600467475,40.4443797429397));
#5280=CARTESIAN_POINT('Ctrl Pts',(-31.6515804854233,10.1240960046748,40.2834571564401));
#5281=CARTESIAN_POINT('Ctrl Pts',(-31.6515804854233,9.62409600467475,40.2834571564401));
#5282=CARTESIAN_POINT('Ctrl Pts',(-31.6112992346264,10.1240960046748,40.1131789668633));
#5283=CARTESIAN_POINT('Ctrl Pts',(-31.6112992346264,9.62409600467475,40.1131789668633));
#5284=CARTESIAN_POINT('Ctrl Pts',(-31.5673389178933,10.1240960046748,39.9312733393029));
#5285=CARTESIAN_POINT('Ctrl Pts',(-31.5673389178933,9.62409600467475,39.9312733393029));
#5286=CARTESIAN_POINT('Ctrl Pts',(-31.5174523704279,10.1240960046748,39.7359056700063));
#5287=CARTESIAN_POINT('Ctrl Pts',(-31.5174523704279,9.62409600467475,39.7359056700063));
#5288=CARTESIAN_POINT('Ctrl Pts',(-31.458851439072,10.1240960046748,39.5264136647019));
#5289=CARTESIAN_POINT('Ctrl Pts',(-31.458851439072,9.62409600467475,39.5264136647019));
#5290=CARTESIAN_POINT('Ctrl Pts',(-31.3882357530403,10.1240960046748,39.3040014667073));
#5291=CARTESIAN_POINT('Ctrl Pts',(-31.3882357530403,9.62409600467475,39.3040014667073));
#5292=CARTESIAN_POINT('Ctrl Pts',(-31.3017091611862,10.1240960046748,39.0726412996299));
#5293=CARTESIAN_POINT('Ctrl Pts',(-31.3017091611862,9.62409600467475,39.0726412996299));
#5294=CARTESIAN_POINT('Ctrl Pts',(-31.195067345257,10.1240960046748,38.8392155759704));
#5295=CARTESIAN_POINT('Ctrl Pts',(-31.195067345257,9.62409600467475,38.8392155759704));
#5296=CARTESIAN_POINT('Ctrl Pts',(-31.0646211406899,10.1240960046748,38.6125552827844));
#5297=CARTESIAN_POINT('Ctrl Pts',(-31.0646211406899,9.62409600467475,38.6125552827844));
#5298=CARTESIAN_POINT('Ctrl Pts',(-30.907881078152,10.1240960046748,38.4027498642758));
#5299=CARTESIAN_POINT('Ctrl Pts',(-30.907881078152,9.62409600467475,38.4027498642758));
#5300=CARTESIAN_POINT('Ctrl Pts',(-30.7243198576885,10.1240960046748,38.2203487565363));
#5301=CARTESIAN_POINT('Ctrl Pts',(-30.7243198576885,9.62409600467475,38.2203487565363));
#5302=CARTESIAN_POINT('Ctrl Pts',(-30.5160575418171,10.1240960046748,38.0756113619471));
#5303=CARTESIAN_POINT('Ctrl Pts',(-30.5160575418171,9.62409600467475,38.0756113619471));
#5304=CARTESIAN_POINT('Ctrl Pts',(-30.2886949771051,10.1240960046748,37.9777331550998));
#5305=CARTESIAN_POINT('Ctrl Pts',(-30.2886949771051,9.62409600467475,37.9777331550998));
#5306=CARTESIAN_POINT('Ctrl Pts',(-30.0517546419269,10.1240960046748,37.9340865236171));
#5307=CARTESIAN_POINT('Ctrl Pts',(-30.0517546419269,9.62409600467475,37.9340865236171));
#5308=CARTESIAN_POINT('Ctrl Pts',(-29.8169664396024,10.1240960046748,37.9494186258099));
#5309=CARTESIAN_POINT('Ctrl Pts',(-29.8169664396024,9.62409600467475,37.9494186258099));
#5310=CARTESIAN_POINT('Ctrl Pts',(-29.5968495911324,10.1240960046748,38.0251034156459));
#5311=CARTESIAN_POINT('Ctrl Pts',(-29.5968495911324,9.62409600467475,38.0251034156459));
#5312=CARTESIAN_POINT('Ctrl Pts',(-29.4031240888442,10.1240960046748,38.1582637896302));
#5313=CARTESIAN_POINT('Ctrl Pts',(-29.4031240888442,9.62409600467475,38.1582637896302));
#5314=CARTESIAN_POINT('Ctrl Pts',(-29.2453259321514,10.1240960046748,38.3411814576988));
#5315=CARTESIAN_POINT('Ctrl Pts',(-29.2453259321514,9.62409600467475,38.3411814576988));
#5316=CARTESIAN_POINT('Ctrl Pts',(-29.1290049987126,10.1240960046748,38.5599838187));
#5317=CARTESIAN_POINT('Ctrl Pts',(-29.1290049987126,9.62409600467475,38.5599838187));
#5318=CARTESIAN_POINT('Ctrl Pts',(-29.0554685584272,10.1240960046748,38.796119712912));
#5319=CARTESIAN_POINT('Ctrl Pts',(-29.0554685584272,9.62409600467475,38.796119712912));
#5320=CARTESIAN_POINT('Ctrl Pts',(-29.0228059862268,10.1240960046748,39.0301841374152));
#5321=CARTESIAN_POINT('Ctrl Pts',(-29.0228059862268,9.62409600467475,39.0301841374152));
#5322=CARTESIAN_POINT('Ctrl Pts',(-29.0265432988519,10.1240960046748,39.24504461419));
#5323=CARTESIAN_POINT('Ctrl Pts',(-29.0265432988519,9.62409600467475,39.24504461419));
#5324=CARTESIAN_POINT('Ctrl Pts',(-29.0604508936925,10.1240960046748,39.4293206799473));
#5325=CARTESIAN_POINT('Ctrl Pts',(-29.0604508936925,9.62409600467475,39.4293206799473));
#5326=CARTESIAN_POINT('Ctrl Pts',(-29.1172698117523,10.1240960046748,39.5805677031309));
#5327=CARTESIAN_POINT('Ctrl Pts',(-29.1172698117523,9.62409600467475,39.5805677031309));
#5328=CARTESIAN_POINT('Ctrl Pts',(-29.1895066205144,10.1240960046748,39.7090148187723));
#5329=CARTESIAN_POINT('Ctrl Pts',(-29.1895066205144,9.62409600467475,39.7090148187723));
#5330=CARTESIAN_POINT('Ctrl Pts',(-29.2693786997436,10.1240960046748,39.8322968731153));
#5331=CARTESIAN_POINT('Ctrl Pts',(-29.2693786997436,9.62409600467475,39.8322968731153));
#5332=CARTESIAN_POINT('Ctrl Pts',(-29.3486546231828,10.1240960046748,39.9692887904809));
#5333=CARTESIAN_POINT('Ctrl Pts',(-29.3486546231828,9.62409600467475,39.9692887904809));
#5334=CARTESIAN_POINT('Ctrl Pts',(-29.4186271818259,10.1240960046748,40.1347915479948));
#5335=CARTESIAN_POINT('Ctrl Pts',(-29.4186271818259,9.62409600467475,40.1347915479948));
#5336=CARTESIAN_POINT('Ctrl Pts',(-29.4698026405147,10.1240960046748,40.3326113872458));
#5337=CARTESIAN_POINT('Ctrl Pts',(-29.4698026405147,9.62409600467475,40.3326113872458));
#5338=CARTESIAN_POINT('Ctrl Pts',(-29.4925347773686,10.1240960046748,40.553840332777));
#5339=CARTESIAN_POINT('Ctrl Pts',(-29.4925347773686,9.62409600467475,40.553840332777));
#5340=CARTESIAN_POINT('Ctrl Pts',(-29.4788959993861,10.1240960046748,40.7820055080895));
#5341=CARTESIAN_POINT('Ctrl Pts',(-29.4788959993861,9.62409600467475,40.7820055080895));
#5342=CARTESIAN_POINT('Ctrl Pts',(-29.4242717209303,10.1240960046748,40.9965291106135));
#5343=CARTESIAN_POINT('Ctrl Pts',(-29.4242717209303,9.62409600467475,40.9965291106135));
#5344=CARTESIAN_POINT('Ctrl Pts',(-29.3290106813327,10.1240960046748,41.1768170226243));
#5345=CARTESIAN_POINT('Ctrl Pts',(-29.3290106813327,9.62409600467475,41.1768170226243));
#5346=CARTESIAN_POINT('Ctrl Pts',(-29.2001998483236,10.1240960046748,41.3061906058955));
#5347=CARTESIAN_POINT('Ctrl Pts',(-29.2001998483236,9.62409600467475,41.3061906058955));
#5348=CARTESIAN_POINT('Ctrl Pts',(-29.0529912164743,10.1240960046748,41.3755642489539));
#5349=CARTESIAN_POINT('Ctrl Pts',(-29.0529912164743,9.62409600467475,41.3755642489539));
#5350=CARTESIAN_POINT('Ctrl Pts',(-28.9060808767987,10.1240960046748,41.3822140465817));
#5351=CARTESIAN_POINT('Ctrl Pts',(-28.9060808767987,9.62409600467475,41.3822140465817));
#5352=CARTESIAN_POINT('Ctrl Pts',(-28.7775201673898,10.1240960046748,41.3288996474544));
#5353=CARTESIAN_POINT('Ctrl Pts',(-28.7775201673898,9.62409600467475,41.3288996474544));
#5354=CARTESIAN_POINT('Ctrl Pts',(-28.6805203634497,10.1240960046748,41.2228496809801));
#5355=CARTESIAN_POINT('Ctrl Pts',(-28.6805203634497,9.62409600467475,41.2228496809801));
#5356=CARTESIAN_POINT('Ctrl Pts',(-28.6189385368212,10.1240960046748,41.0748389986957));
#5357=CARTESIAN_POINT('Ctrl Pts',(-28.6189385368212,9.62409600467475,41.0748389986957));
#5358=CARTESIAN_POINT('Ctrl Pts',(-28.5895559218751,10.1240960046748,40.8975474441483));
#5359=CARTESIAN_POINT('Ctrl Pts',(-28.5895559218751,9.62409600467475,40.8975474441483));
#5360=CARTESIAN_POINT('Ctrl Pts',(-28.5848800265198,10.1240960046748,40.7038326376187));
#5361=CARTESIAN_POINT('Ctrl Pts',(-28.5848800265198,9.62409600467475,40.7038326376187));
#5362=CARTESIAN_POINT('Ctrl Pts',(-28.5956285924916,10.1240960046748,40.5051332527523));
#5363=CARTESIAN_POINT('Ctrl Pts',(-28.5956285924916,9.62409600467475,40.5051332527523));
#5364=CARTESIAN_POINT('Ctrl Pts',(-28.6136264022021,10.1240960046748,40.3095845618066));
#5365=CARTESIAN_POINT('Ctrl Pts',(-28.6136264022021,9.62409600467475,40.3095845618066));
#5366=CARTESIAN_POINT('Ctrl Pts',(-28.6336205841074,10.1240960046748,40.120995227124));
#5367=CARTESIAN_POINT('Ctrl Pts',(-28.6336205841074,9.62409600467475,40.120995227124));
#5368=CARTESIAN_POINT('Ctrl Pts',(-28.6523553099567,10.1240960046748,39.9400748353939));
#5369=CARTESIAN_POINT('Ctrl Pts',(-28.6523553099567,9.62409600467475,39.9400748353939));
#5370=CARTESIAN_POINT('Ctrl Pts',(-28.6681606503428,10.1240960046748,39.765239318721));
#5371=CARTESIAN_POINT('Ctrl Pts',(-28.6681606503428,9.62409600467475,39.765239318721));
#5372=CARTESIAN_POINT('Ctrl Pts',(-28.6803406027238,10.1240960046748,39.5935704653426));
#5373=CARTESIAN_POINT('Ctrl Pts',(-28.6803406027238,9.62409600467475,39.5935704653426));
#5374=CARTESIAN_POINT('Ctrl Pts',(-28.68864744594,10.1240960046748,39.4217303059159));
#5375=CARTESIAN_POINT('Ctrl Pts',(-28.68864744594,9.62409600467475,39.4217303059159));
#5376=CARTESIAN_POINT('Ctrl Pts',(-28.6927268261225,10.1240960046748,39.2468168142326));
#5377=CARTESIAN_POINT('Ctrl Pts',(-28.6927268261225,9.62409600467475,39.2468168142326));
#5378=CARTESIAN_POINT('Ctrl Pts',(-28.6916554346135,10.1240960046748,39.0669217163307));
#5379=CARTESIAN_POINT('Ctrl Pts',(-28.6916554346135,9.62409600467475,39.0669217163307));
#5380=CARTESIAN_POINT('Ctrl Pts',(-28.6833998163377,10.1240960046748,38.8817996881216));
#5381=CARTESIAN_POINT('Ctrl Pts',(-28.6833998163377,9.62409600467475,38.8817996881216));
#5382=CARTESIAN_POINT('Ctrl Pts',(-28.6644254667122,10.1240960046748,38.6933876040782));
#5383=CARTESIAN_POINT('Ctrl Pts',(-28.6644254667122,9.62409600467475,38.6933876040782));
#5384=CARTESIAN_POINT('Ctrl Pts',(-28.6289519170237,10.1240960046748,38.5066490179039));
#5385=CARTESIAN_POINT('Ctrl Pts',(-28.6289519170237,9.62409600467475,38.5066490179039));
#5386=CARTESIAN_POINT('Ctrl Pts',(-28.569358735909,10.1240960046748,38.3293820236204));
#5387=CARTESIAN_POINT('Ctrl Pts',(-28.569358735909,9.62409600467475,38.3293820236204));
#5388=CARTESIAN_POINT('Ctrl Pts',(-28.4783225232907,10.1240960046748,38.170451531829));
#5389=CARTESIAN_POINT('Ctrl Pts',(-28.4783225232907,9.62409600467475,38.170451531829));
#5390=CARTESIAN_POINT('Ctrl Pts',(-28.3506568440278,10.1240960046748,38.0383216482252));
#5391=CARTESIAN_POINT('Ctrl Pts',(-28.3506568440278,9.62409600467475,38.0383216482252));
#5392=CARTESIAN_POINT('Ctrl Pts',(-28.1850427188951,10.1240960046748,37.9396171202784));
#5393=CARTESIAN_POINT('Ctrl Pts',(-28.1850427188951,9.62409600467475,37.9396171202784));
#5394=CARTESIAN_POINT('Ctrl Pts',(-27.9863765755329,10.1240960046748,37.8773036282411));
#5395=CARTESIAN_POINT('Ctrl Pts',(-27.9863765755329,9.62409600467475,37.8773036282411));
#5396=CARTESIAN_POINT('Ctrl Pts',(-27.7656155349377,10.1240960046748,37.8504826291695));
#5397=CARTESIAN_POINT('Ctrl Pts',(-27.7656155349377,9.62409600467475,37.8504826291695));
#5398=CARTESIAN_POINT('Ctrl Pts',(-27.5371310573588,10.1240960046748,37.8558065145338));
#5399=CARTESIAN_POINT('Ctrl Pts',(-27.5371310573588,9.62409600467475,37.8558065145338));
#5400=CARTESIAN_POINT('Ctrl Pts',(-27.31673400862,10.1240960046748,37.8884533997697));
#5401=CARTESIAN_POINT('Ctrl Pts',(-27.31673400862,9.62409600467475,37.8884533997697));
#5402=CARTESIAN_POINT('Ctrl Pts',(-27.1194592535367,10.1240960046748,37.9432652830511));
#5403=CARTESIAN_POINT('Ctrl Pts',(-27.1194592535367,9.62409600467475,37.9432652830511));
#5404=CARTESIAN_POINT('Ctrl Pts',(-26.9573795158827,10.1240960046748,38.0158481894953));
#5405=CARTESIAN_POINT('Ctrl Pts',(-26.9573795158827,9.62409600467475,38.0158481894953));
#5406=CARTESIAN_POINT('Ctrl Pts',(-26.8421103643681,10.1240960046748,38.1002996852817));
#5407=CARTESIAN_POINT('Ctrl Pts',(-26.8421103643681,9.62409600467475,38.1002996852817));
#5408=CARTESIAN_POINT('Ctrl Pts',(-26.7841209973558,10.1240960046748,38.1772573488737));
#5409=CARTESIAN_POINT('Ctrl Pts',(-26.7841209973558,9.62409600467475,38.1772573488737));
#5410=CARTESIAN_POINT('Ctrl Pts',(-26.7599017455873,10.1240960046748,38.2393347506933));
#5411=CARTESIAN_POINT('Ctrl Pts',(-26.7599017455873,9.62409600467475,38.2393347506933));
#5412=CARTESIAN_POINT('Ctrl Pts',(-26.7520103084348,10.1240960046748,38.2815370231764));
#5413=CARTESIAN_POINT('Ctrl Pts',(-26.7520103084348,9.62409600467475,38.2815370231764));
#5414=CARTESIAN_POINT('Ctrl Pts',(-26.7500234473012,10.1240960046748,38.3008937264305));
#5415=CARTESIAN_POINT('Ctrl Pts',(-26.7500234473012,9.62409600467475,38.3008937264305));
#5416=CARTESIAN_POINT('Ctrl Pts',(-31.8412453532209,10.1240960046748,41.0203412752804));
#5417=CARTESIAN_POINT('Ctrl Pts',(-31.8335474235099,10.1240960046748,40.9937843880844));
#5418=CARTESIAN_POINT('Ctrl Pts',(-31.8181945905777,10.1240960046748,40.9401068477394));
#5419=CARTESIAN_POINT('Ctrl Pts',(-31.7952944376752,10.1240960046748,40.8578993890417));
#5420=CARTESIAN_POINT('Ctrl Pts',(-31.7650190319973,10.1240960046748,40.7449047267094));
#5421=CARTESIAN_POINT('Ctrl Pts',(-31.7274872643923,10.1240960046748,40.597836596869));
#5422=CARTESIAN_POINT('Ctrl Pts',(-31.6899110671002,10.1240960046748,40.4443797429397));
#5423=CARTESIAN_POINT('Ctrl Pts',(-31.6515804854233,10.1240960046748,40.2834571564401));
#5424=CARTESIAN_POINT('Ctrl Pts',(-31.6112992346264,10.1240960046748,40.1131789668633));
#5425=CARTESIAN_POINT('Ctrl Pts',(-31.5673389178933,10.1240960046748,39.9312733393029));
#5426=CARTESIAN_POINT('Ctrl Pts',(-31.5174523704279,10.1240960046748,39.7359056700063));
#5427=CARTESIAN_POINT('Ctrl Pts',(-31.458851439072,10.1240960046748,39.5264136647019));
#5428=CARTESIAN_POINT('Ctrl Pts',(-31.3882357530403,10.1240960046748,39.3040014667073));
#5429=CARTESIAN_POINT('Ctrl Pts',(-31.3017091611862,10.1240960046748,39.0726412996299));
#5430=CARTESIAN_POINT('Ctrl Pts',(-31.195067345257,10.1240960046748,38.8392155759704));
#5431=CARTESIAN_POINT('Ctrl Pts',(-31.0646211406899,10.1240960046748,38.6125552827844));
#5432=CARTESIAN_POINT('Ctrl Pts',(-30.907881078152,10.1240960046748,38.4027498642758));
#5433=CARTESIAN_POINT('Ctrl Pts',(-30.7243198576885,10.1240960046748,38.2203487565363));
#5434=CARTESIAN_POINT('Ctrl Pts',(-30.5160575418171,10.1240960046748,38.0756113619471));
#5435=CARTESIAN_POINT('Ctrl Pts',(-30.2886949771051,10.1240960046748,37.9777331550998));
#5436=CARTESIAN_POINT('Ctrl Pts',(-30.0517546419269,10.1240960046748,37.9340865236171));
#5437=CARTESIAN_POINT('Ctrl Pts',(-29.8169664396024,10.1240960046748,37.9494186258099));
#5438=CARTESIAN_POINT('Ctrl Pts',(-29.5968495911324,10.1240960046748,38.0251034156459));
#5439=CARTESIAN_POINT('Ctrl Pts',(-29.4031240888442,10.1240960046748,38.1582637896302));
#5440=CARTESIAN_POINT('Ctrl Pts',(-29.2453259321514,10.1240960046748,38.3411814576988));
#5441=CARTESIAN_POINT('Ctrl Pts',(-29.1290049987126,10.1240960046748,38.5599838187));
#5442=CARTESIAN_POINT('Ctrl Pts',(-29.0554685584272,10.1240960046748,38.796119712912));
#5443=CARTESIAN_POINT('Ctrl Pts',(-29.0228059862268,10.1240960046748,39.0301841374152));
#5444=CARTESIAN_POINT('Ctrl Pts',(-29.0265432988519,10.1240960046748,39.24504461419));
#5445=CARTESIAN_POINT('Ctrl Pts',(-29.0604508936925,10.1240960046748,39.4293206799473));
#5446=CARTESIAN_POINT('Ctrl Pts',(-29.1172698117523,10.1240960046748,39.5805677031309));
#5447=CARTESIAN_POINT('Ctrl Pts',(-29.1895066205144,10.1240960046748,39.7090148187723));
#5448=CARTESIAN_POINT('Ctrl Pts',(-29.2693786997436,10.1240960046748,39.8322968731153));
#5449=CARTESIAN_POINT('Ctrl Pts',(-29.3486546231828,10.1240960046748,39.9692887904809));
#5450=CARTESIAN_POINT('Ctrl Pts',(-29.4186271818259,10.1240960046748,40.1347915479948));
#5451=CARTESIAN_POINT('Ctrl Pts',(-29.4698026405147,10.1240960046748,40.3326113872458));
#5452=CARTESIAN_POINT('Ctrl Pts',(-29.4925347773686,10.1240960046748,40.553840332777));
#5453=CARTESIAN_POINT('Ctrl Pts',(-29.4788959993861,10.1240960046748,40.7820055080895));
#5454=CARTESIAN_POINT('Ctrl Pts',(-29.4242717209303,10.1240960046748,40.9965291106135));
#5455=CARTESIAN_POINT('Ctrl Pts',(-29.3290106813327,10.1240960046748,41.1768170226243));
#5456=CARTESIAN_POINT('Ctrl Pts',(-29.2001998483236,10.1240960046748,41.3061906058955));
#5457=CARTESIAN_POINT('Ctrl Pts',(-29.0529912164743,10.1240960046748,41.3755642489539));
#5458=CARTESIAN_POINT('Ctrl Pts',(-28.9060808767987,10.1240960046748,41.3822140465817));
#5459=CARTESIAN_POINT('Ctrl Pts',(-28.7775201673898,10.1240960046748,41.3288996474544));
#5460=CARTESIAN_POINT('Ctrl Pts',(-28.6805203634497,10.1240960046748,41.2228496809801));
#5461=CARTESIAN_POINT('Ctrl Pts',(-28.6189385368212,10.1240960046748,41.0748389986957));
#5462=CARTESIAN_POINT('Ctrl Pts',(-28.5895559218751,10.1240960046748,40.8975474441483));
#5463=CARTESIAN_POINT('Ctrl Pts',(-28.5848800265198,10.1240960046748,40.7038326376187));
#5464=CARTESIAN_POINT('Ctrl Pts',(-28.5956285924916,10.1240960046748,40.5051332527523));
#5465=CARTESIAN_POINT('Ctrl Pts',(-28.6136264022021,10.1240960046748,40.3095845618066));
#5466=CARTESIAN_POINT('Ctrl Pts',(-28.6336205841074,10.1240960046748,40.120995227124));
#5467=CARTESIAN_POINT('Ctrl Pts',(-28.6523553099567,10.1240960046748,39.9400748353939));
#5468=CARTESIAN_POINT('Ctrl Pts',(-28.6681606503428,10.1240960046748,39.765239318721));
#5469=CARTESIAN_POINT('Ctrl Pts',(-28.6803406027238,10.1240960046748,39.5935704653426));
#5470=CARTESIAN_POINT('Ctrl Pts',(-28.68864744594,10.1240960046748,39.4217303059159));
#5471=CARTESIAN_POINT('Ctrl Pts',(-28.6927268261225,10.1240960046748,39.2468168142326));
#5472=CARTESIAN_POINT('Ctrl Pts',(-28.6916554346135,10.1240960046748,39.0669217163307));
#5473=CARTESIAN_POINT('Ctrl Pts',(-28.6833998163377,10.1240960046748,38.8817996881216));
#5474=CARTESIAN_POINT('Ctrl Pts',(-28.6644254667122,10.1240960046748,38.6933876040782));
#5475=CARTESIAN_POINT('Ctrl Pts',(-28.6289519170237,10.1240960046748,38.5066490179039));
#5476=CARTESIAN_POINT('Ctrl Pts',(-28.569358735909,10.1240960046748,38.3293820236204));
#5477=CARTESIAN_POINT('Ctrl Pts',(-28.4783225232907,10.1240960046748,38.170451531829));
#5478=CARTESIAN_POINT('Ctrl Pts',(-28.3506568440278,10.1240960046748,38.0383216482252));
#5479=CARTESIAN_POINT('Ctrl Pts',(-28.1850427188951,10.1240960046748,37.9396171202784));
#5480=CARTESIAN_POINT('Ctrl Pts',(-27.9863765755329,10.1240960046748,37.8773036282411));
#5481=CARTESIAN_POINT('Ctrl Pts',(-27.7656155349377,10.1240960046748,37.8504826291695));
#5482=CARTESIAN_POINT('Ctrl Pts',(-27.5371310573588,10.1240960046748,37.8558065145338));
#5483=CARTESIAN_POINT('Ctrl Pts',(-27.31673400862,10.1240960046748,37.8884533997697));
#5484=CARTESIAN_POINT('Ctrl Pts',(-27.1194592535367,10.1240960046748,37.9432652830511));
#5485=CARTESIAN_POINT('Ctrl Pts',(-26.9573795158827,10.1240960046748,38.0158481894953));
#5486=CARTESIAN_POINT('Ctrl Pts',(-26.8421103643681,10.1240960046748,38.1002996852817));
#5487=CARTESIAN_POINT('Ctrl Pts',(-26.7841209973558,10.1240960046748,38.1772573488737));
#5488=CARTESIAN_POINT('Ctrl Pts',(-26.7599017455873,10.1240960046748,38.2393347506933));
#5489=CARTESIAN_POINT('Ctrl Pts',(-26.7520103084348,10.1240960046748,38.2815370231763));
#5490=CARTESIAN_POINT('Ctrl Pts',(-26.7500234473012,10.1240960046748,38.3008937264305));
#5491=CARTESIAN_POINT('Ctrl Pts',(-26.7500234473011,10.1240960046748,38.3008937264305));
#5492=CARTESIAN_POINT('Ctrl Pts',(-26.7500234473011,9.62409600467475,38.3008937264305));
#5493=CARTESIAN_POINT('Ctrl Pts',(-26.7497620322242,10.1240960046748,38.3053962755688));
#5494=CARTESIAN_POINT('Ctrl Pts',(-26.7497620322242,9.62409600467475,38.3053962755688));
#5495=CARTESIAN_POINT('Ctrl Pts',(-26.7494845174643,10.1240960046748,38.3099082212448));
#5496=CARTESIAN_POINT('Ctrl Pts',(-26.7494845174643,9.62409600467475,38.3099082212448));
#5497=CARTESIAN_POINT('Ctrl Pts',(-26.7491909032481,10.1240960046748,38.3144295632886));
#5498=CARTESIAN_POINT('Ctrl Pts',(-26.7491909032481,9.62409600467475,38.3144295632886));
#5499=CARTESIAN_POINT('Ctrl Pts',(-26.7488811897039,10.1240960046748,38.318960301657));
#5500=CARTESIAN_POINT('Ctrl Pts',(-26.7488811897039,9.62409600467475,38.318960301657));
#5501=CARTESIAN_POINT('Ctrl Pts',(-26.7485553768408,10.1240960046748,38.3235004363923));
#5502=CARTESIAN_POINT('Ctrl Pts',(-26.7485553768408,9.62409600467475,38.3235004363923));
#5503=CARTESIAN_POINT('',(-26.7500234473011,10.1240960046748,38.3008937264305));
#5504=CARTESIAN_POINT('',(-26.7485553768408,10.1240960046748,38.3235004363923));
#5505=CARTESIAN_POINT('Ctrl Pts',(-26.7485553768408,10.1240960046748,38.3235004363923));
#5506=CARTESIAN_POINT('Ctrl Pts',(-26.7485553768408,9.62409600467475,38.3235004363923));
#5507=CARTESIAN_POINT('Ctrl Pts',(-26.7486833568025,10.1240960046748,38.3189319090415));
#5508=CARTESIAN_POINT('Ctrl Pts',(-26.7486833568025,9.62409600467475,38.3189319090415));
#5509=CARTESIAN_POINT('Ctrl Pts',(-26.7488941536756,10.1240960046748,38.3143869742857));
#5510=CARTESIAN_POINT('Ctrl Pts',(-26.7488941536756,9.62409600467475,38.3143869742857));
#5511=CARTESIAN_POINT('Ctrl Pts',(-26.7491877676646,10.1240960046748,38.3098656320307));
#5512=CARTESIAN_POINT('Ctrl Pts',(-26.7491877676646,9.62409600467475,38.3098656320307));
#5513=CARTESIAN_POINT('Ctrl Pts',(-26.7495641993374,10.1240960046748,38.3053678823763));
#5514=CARTESIAN_POINT('Ctrl Pts',(-26.7495641993374,9.62409600467475,38.3053678823763));
#5515=CARTESIAN_POINT('Ctrl Pts',(-26.7500234473012,10.1240960046748,38.3008937264305));
#5516=CARTESIAN_POINT('Ctrl Pts',(-26.7500234473012,9.62409600467475,38.3008937264305));
#5517=CARTESIAN_POINT('Ctrl Pts',(-35.0710162932288,10.1240960046748,40.8794877348053));
#5518=CARTESIAN_POINT('Ctrl Pts',(-35.0710162932288,9.62409600467475,40.8794877348053));
#5519=CARTESIAN_POINT('Ctrl Pts',(-35.0698383950505,10.1240960046748,40.8988274735142));
#5520=CARTESIAN_POINT('Ctrl Pts',(-35.0698383950505,9.62409600467475,40.8988274735142));
#5521=CARTESIAN_POINT('Ctrl Pts',(-35.0661959141122,10.1240960046748,40.936158214411));
#5522=CARTESIAN_POINT('Ctrl Pts',(-35.0661959141122,9.62409600467475,40.936158214411));
#5523=CARTESIAN_POINT('Ctrl Pts',(-35.0567648295811,10.1240960046748,40.9879376485855));
#5524=CARTESIAN_POINT('Ctrl Pts',(-35.0567648295811,9.62409600467475,40.9879376485855));
#5525=CARTESIAN_POINT('Ctrl Pts',(-35.0356496490361,10.1240960046748,41.0487609017351));
#5526=CARTESIAN_POINT('Ctrl Pts',(-35.0356496490361,9.62409600467475,41.0487609017351));
#5527=CARTESIAN_POINT('Ctrl Pts',(-34.9931443017441,10.1240960046748,41.1141044459109));
#5528=CARTESIAN_POINT('Ctrl Pts',(-34.9931443017441,9.62409600467475,41.1141044459109));
#5529=CARTESIAN_POINT('Ctrl Pts',(-34.9328192083623,10.1240960046748,41.1720905276014));
#5530=CARTESIAN_POINT('Ctrl Pts',(-34.9328192083623,9.62409600467475,41.1720905276014));
#5531=CARTESIAN_POINT('Ctrl Pts',(-34.8536351405465,10.1240960046748,41.2245184062454));
#5532=CARTESIAN_POINT('Ctrl Pts',(-34.8536351405465,9.62409600467475,41.2245184062454));
#5533=CARTESIAN_POINT('Ctrl Pts',(-34.755807364958,10.1240960046748,41.2690823717414));
#5534=CARTESIAN_POINT('Ctrl Pts',(-34.755807364958,9.62409600467475,41.2690823717414));
#5535=CARTESIAN_POINT('Ctrl Pts',(-34.6410922383264,10.1240960046748,41.2994191645463));
#5536=CARTESIAN_POINT('Ctrl Pts',(-34.6410922383264,9.62409600467475,41.2994191645463));
#5537=CARTESIAN_POINT('Ctrl Pts',(-34.5127500383765,10.1240960046748,41.3078328809901));
#5538=CARTESIAN_POINT('Ctrl Pts',(-34.5127500383765,9.62409600467475,41.3078328809901));
#5539=CARTESIAN_POINT('Ctrl Pts',(-34.3756215696692,10.1240960046748,41.287363933124));
#5540=CARTESIAN_POINT('Ctrl Pts',(-34.3756215696692,9.62409600467475,41.287363933124));
#5541=CARTESIAN_POINT('Ctrl Pts',(-34.236122498874,10.1240960046748,41.2339784655913));
#5542=CARTESIAN_POINT('Ctrl Pts',(-34.236122498874,9.62409600467475,41.2339784655913));
#5543=CARTESIAN_POINT('Ctrl Pts',(-34.1023840113212,10.1240960046748,41.1490729106152));
#5544=CARTESIAN_POINT('Ctrl Pts',(-34.1023840113212,9.62409600467475,41.1490729106152));
#5545=CARTESIAN_POINT('Ctrl Pts',(-33.9840148289079,10.1240960046748,41.0407617336622));
#5546=CARTESIAN_POINT('Ctrl Pts',(-33.9840148289079,9.62409600467475,41.0407617336622));
#5547=CARTESIAN_POINT('Ctrl Pts',(-33.8904809216329,10.1240960046748,40.9205173326271));
#5548=CARTESIAN_POINT('Ctrl Pts',(-33.8904809216329,9.62409600467475,40.9205173326271));
#5549=CARTESIAN_POINT('Ctrl Pts',(-33.8297542218304,10.1240960046748,40.8006562295626));
#5550=CARTESIAN_POINT('Ctrl Pts',(-33.8297542218304,9.62409600467475,40.8006562295626));
#5551=CARTESIAN_POINT('Ctrl Pts',(-33.8067491475898,10.1240960046748,40.6913363605423));
#5552=CARTESIAN_POINT('Ctrl Pts',(-33.8067491475898,9.62409600467475,40.6913363605423));
#5553=CARTESIAN_POINT('Ctrl Pts',(-33.822067577095,10.1240960046748,40.5981353764347));
#5554=CARTESIAN_POINT('Ctrl Pts',(-33.822067577095,9.62409600467475,40.5981353764347));
#5555=CARTESIAN_POINT('Ctrl Pts',(-33.8700049954368,10.1240960046748,40.5184042172107));
#5556=CARTESIAN_POINT('Ctrl Pts',(-33.8700049954368,9.62409600467475,40.5184042172107));
#5557=CARTESIAN_POINT('Ctrl Pts',(-33.9399522730937,10.1240960046748,40.4431794382049));
#5558=CARTESIAN_POINT('Ctrl Pts',(-33.9399522730937,9.62409600467475,40.4431794382049));
#5559=CARTESIAN_POINT('Ctrl Pts',(-34.0192895237793,10.1240960046748,40.3615151823218));
#5560=CARTESIAN_POINT('Ctrl Pts',(-34.0192895237793,9.62409600467475,40.3615151823218));
#5561=CARTESIAN_POINT('Ctrl Pts',(-34.095910216214,10.1240960046748,40.264250907797));
#5562=CARTESIAN_POINT('Ctrl Pts',(-34.095910216214,9.62409600467475,40.264250907797));
#5563=CARTESIAN_POINT('Ctrl Pts',(-34.1606389640119,10.1240960046748,40.1475376982031));
#5564=CARTESIAN_POINT('Ctrl Pts',(-34.1606389640119,9.62409600467475,40.1475376982031));
#5565=CARTESIAN_POINT('Ctrl Pts',(-34.2103550512149,10.1240960046748,40.0176942187865));
#5566=CARTESIAN_POINT('Ctrl Pts',(-34.2103550512149,9.62409600467475,40.0176942187865));
#5567=CARTESIAN_POINT('Ctrl Pts',(-34.2474421339069,10.1240960046748,39.8892608941785));
#5568=CARTESIAN_POINT('Ctrl Pts',(-34.2474421339069,9.62409600467475,39.8892608941785));
#5569=CARTESIAN_POINT('Ctrl Pts',(-34.2774825772152,10.1240960046748,39.7798738273107));
#5570=CARTESIAN_POINT('Ctrl Pts',(-34.2774825772152,9.62409600467475,39.7798738273107));
#5571=CARTESIAN_POINT('Ctrl Pts',(-34.3074542627771,10.1240960046748,39.7059234339895));
#5572=CARTESIAN_POINT('Ctrl Pts',(-34.3074542627771,9.62409600467475,39.7059234339895));
#5573=CARTESIAN_POINT('Ctrl Pts',(-34.3438809875487,10.1240960046748,39.6784177171565));
#5574=CARTESIAN_POINT('Ctrl Pts',(-34.3438809875487,9.62409600467475,39.6784177171565));
#5575=CARTESIAN_POINT('Ctrl Pts',(-34.3906223041336,10.1240960046748,39.6974173389458));
#5576=CARTESIAN_POINT('Ctrl Pts',(-34.3906223041336,9.62409600467475,39.6974173389458));
#5577=CARTESIAN_POINT('Ctrl Pts',(-34.4484801489927,10.1240960046748,39.752856637447));
#5578=CARTESIAN_POINT('Ctrl Pts',(-34.4484801489927,9.62409600467475,39.752856637447));
#5579=CARTESIAN_POINT('Ctrl Pts',(-34.5162014347883,10.1240960046748,39.8303029356994));
#5580=CARTESIAN_POINT('Ctrl Pts',(-34.5162014347883,9.62409600467475,39.8303029356994));
#5581=CARTESIAN_POINT('Ctrl Pts',(-34.5910477257243,10.1240960046748,39.9150259070082));
#5582=CARTESIAN_POINT('Ctrl Pts',(-34.5910477257243,9.62409600467475,39.9150259070082));
#5583=CARTESIAN_POINT('Ctrl Pts',(-34.6695652916287,10.1240960046748,39.9972491548892));
#5584=CARTESIAN_POINT('Ctrl Pts',(-34.6695652916287,9.62409600467475,39.9972491548892));
#5585=CARTESIAN_POINT('Ctrl Pts',(-34.7481738418246,10.1240960046748,40.0754069803588));
#5586=CARTESIAN_POINT('Ctrl Pts',(-34.7481738418246,9.62409600467475,40.0754069803588));
#5587=CARTESIAN_POINT('Ctrl Pts',(-34.8233676912721,10.1240960046748,40.1527607769862));
#5588=CARTESIAN_POINT('Ctrl Pts',(-34.8233676912721,9.62409600467475,40.1527607769862));
#5589=CARTESIAN_POINT('Ctrl Pts',(-34.8919724370613,10.1240960046748,40.2349746183847));
#5590=CARTESIAN_POINT('Ctrl Pts',(-34.8919724370613,9.62409600467475,40.2349746183847));
#5591=CARTESIAN_POINT('Ctrl Pts',(-34.9513709531464,10.1240960046748,40.3274101423877));
#5592=CARTESIAN_POINT('Ctrl Pts',(-34.9513709531464,9.62409600467475,40.3274101423877));
#5593=CARTESIAN_POINT('Ctrl Pts',(-34.9997701580934,10.1240960046748,40.432356756987));
#5594=CARTESIAN_POINT('Ctrl Pts',(-34.9997701580934,9.62409600467475,40.432356756987));
#5595=CARTESIAN_POINT('Ctrl Pts',(-35.03638018523,10.1240960046748,40.54682530692));
#5596=CARTESIAN_POINT('Ctrl Pts',(-35.03638018523,9.62409600467475,40.54682530692));
#5597=CARTESIAN_POINT('Ctrl Pts',(-35.0609961025111,10.1240960046748,40.6648072544466));
#5598=CARTESIAN_POINT('Ctrl Pts',(-35.0609961025111,9.62409600467475,40.6648072544466));
#5599=CARTESIAN_POINT('Ctrl Pts',(-35.0711142265105,10.1240960046748,40.7562017193057));
#5600=CARTESIAN_POINT('Ctrl Pts',(-35.0711142265105,9.62409600467475,40.7562017193057));
#5601=CARTESIAN_POINT('Ctrl Pts',(-35.0732633031824,10.1240960046748,40.8201197821577));
#5602=CARTESIAN_POINT('Ctrl Pts',(-35.0732633031824,9.62409600467475,40.8201197821577));
#5603=CARTESIAN_POINT('Ctrl Pts',(-35.0721941914072,10.1240960046748,40.8601479960964));
#5604=CARTESIAN_POINT('Ctrl Pts',(-35.0721941914072,9.62409600467475,40.8601479960964));
#5605=CARTESIAN_POINT('Ctrl Pts',(-35.0710162932288,10.1240960046748,40.8794877348053));
#5606=CARTESIAN_POINT('Ctrl Pts',(-35.0710162932288,9.62409600467475,40.8794877348053));
#5607=CARTESIAN_POINT('',(-35.0710162932288,10.1240960046748,40.8794877348053));
#5608=CARTESIAN_POINT('Origin',(-46.5837649271268,9.62409600467475,41.3902136725354));
#5609=CARTESIAN_POINT('',(-48.3154710225063,9.62409600467475,37.4796716058531));
#5610=CARTESIAN_POINT('',(-46.6521671198442,9.62409600467475,42.8228790676003));
#5611=CARTESIAN_POINT('Ctrl Pts',(-48.3154710225063,9.62409600467475,37.4796716058531));
#5612=CARTESIAN_POINT('Ctrl Pts',(-48.3214576840361,9.62409600467475,37.4725614981447));
#5613=CARTESIAN_POINT('Ctrl Pts',(-48.3289935669042,9.62409600467475,37.4613932320898));
#5614=CARTESIAN_POINT('Ctrl Pts',(-48.326986669481,9.62409600467475,37.4537957998841));
#5615=CARTESIAN_POINT('Ctrl Pts',(-48.2976272555466,9.62409600467475,37.4620166380633));
#5616=CARTESIAN_POINT('Ctrl Pts',(-48.2179504532158,9.62409600467475,37.5022407325354));
#5617=CARTESIAN_POINT('Ctrl Pts',(-48.1000187034088,9.62409600467475,37.570306368855));
#5618=CARTESIAN_POINT('Ctrl Pts',(-47.9541948769111,9.62409600467475,37.6614464136357));
#5619=CARTESIAN_POINT('Ctrl Pts',(-47.7948788050473,9.62409600467475,37.7692489983095));
#5620=CARTESIAN_POINT('Ctrl Pts',(-47.6374262092444,9.62409600467475,37.8874749543552));
#5621=CARTESIAN_POINT('Ctrl Pts',(-47.4954807089774,9.62409600467475,38.0116747696004));
#5622=CARTESIAN_POINT('Ctrl Pts',(-47.3783123723778,9.62409600467475,38.1407494637399));
#5623=CARTESIAN_POINT('Ctrl Pts',(-47.2876369334015,9.62409600467475,38.2789420141602));
#5624=CARTESIAN_POINT('Ctrl Pts',(-47.2193990545152,9.62409600467475,38.4338841718866));
#5625=CARTESIAN_POINT('Ctrl Pts',(-47.1663611665816,9.62409600467475,38.6140081589464));
#5626=CARTESIAN_POINT('Ctrl Pts',(-47.1204094684482,9.62409600467475,38.8261454676436));
#5627=CARTESIAN_POINT('Ctrl Pts',(-47.0748872479022,9.62409600467475,39.073134152649));
#5628=CARTESIAN_POINT('Ctrl Pts',(-47.0271239936234,9.62409600467475,39.3511247251418));
#5629=CARTESIAN_POINT('Ctrl Pts',(-46.9776150235364,9.62409600467475,39.6512673109618));
#5630=CARTESIAN_POINT('Ctrl Pts',(-46.9288950396353,9.62409600467475,39.9617915807795));
#5631=CARTESIAN_POINT('Ctrl Pts',(-46.8845580156557,9.62409600467475,40.2698782767996));
#5632=CARTESIAN_POINT('Ctrl Pts',(-46.8481850086608,9.62409600467475,40.5636844922894));
#5633=CARTESIAN_POINT('Ctrl Pts',(-46.8224077174441,9.62409600467475,40.8341167079736));
#5634=CARTESIAN_POINT('Ctrl Pts',(-46.807675274043,9.62409600467475,41.0771943802969));
#5635=CARTESIAN_POINT('Ctrl Pts',(-46.8019839350143,9.62409600467475,41.2944982881558));
#5636=CARTESIAN_POINT('Ctrl Pts',(-46.8018499629621,9.62409600467475,41.4911401404993));
#5637=CARTESIAN_POINT('Ctrl Pts',(-46.8029654340783,9.62409600467475,41.6743700461495));
#5638=CARTESIAN_POINT('Ctrl Pts',(-46.8009580839804,9.62409600467475,41.8519801239781));
#5639=CARTESIAN_POINT('Ctrl Pts',(-46.7921401508137,9.62409600467475,42.0307342731077));
#5640=CARTESIAN_POINT('Ctrl Pts',(-46.7741600978889,9.62409600467475,42.2149949474971));
#5641=CARTESIAN_POINT('Ctrl Pts',(-46.7456511916414,9.62409600467475,42.4073519433506));
#5642=CARTESIAN_POINT('Ctrl Pts',(-46.7139181237198,9.62409600467475,42.5687067104149));
#5643=CARTESIAN_POINT('Ctrl Pts',(-46.6850211713733,9.62409600467475,42.6940956041865));
#5644=CARTESIAN_POINT('Ctrl Pts',(-46.6634953405341,9.62409600467475,42.7796279470991));
#5645=CARTESIAN_POINT('Ctrl Pts',(-46.6521671198442,9.62409600467475,42.8228790676003));
#5646=CARTESIAN_POINT('',(-49.2768731842894,9.62409600467475,44.9442168457135));
#5647=CARTESIAN_POINT('Ctrl Pts',(-49.2768731842894,9.62409600467475,44.9442168457135));
#5648=CARTESIAN_POINT('Ctrl Pts',(-49.3046619242605,9.62409600467475,44.989410126768));
#5649=CARTESIAN_POINT('Ctrl Pts',(-49.3640565013683,9.62409600467475,45.0728335839579));
#5650=CARTESIAN_POINT('Ctrl Pts',(-49.4646001532374,9.62409600467475,45.1770791624337));
#5651=CARTESIAN_POINT('Ctrl Pts',(-49.6215809668418,9.62409600467475,45.2742540516413));
#5652=CARTESIAN_POINT('Ctrl Pts',(-49.8547569977714,9.62409600467475,45.3266315451867));
#5653=CARTESIAN_POINT('Ctrl Pts',(-50.1208007762059,9.62409600467475,45.3122193466451));
#5654=CARTESIAN_POINT('Ctrl Pts',(-50.4114978751984,9.62409600467475,45.2358694615192));
#5655=CARTESIAN_POINT('Ctrl Pts',(-50.7126531968442,9.62409600467475,45.1061675180311));
#5656=CARTESIAN_POINT('Ctrl Pts',(-51.003834344889,9.62409600467475,44.9356720163083));
#5657=CARTESIAN_POINT('Ctrl Pts',(-51.2624879566177,9.62409600467475,44.7385593867563));
#5658=CARTESIAN_POINT('Ctrl Pts',(-51.4671711288695,9.62409600467475,44.5287949114233));
#5659=CARTESIAN_POINT('Ctrl Pts',(-51.6012701826195,9.62409600467475,44.3180255198855));
#5660=CARTESIAN_POINT('Ctrl Pts',(-51.6562198601899,9.62409600467475,44.1137548317026));
#5661=CARTESIAN_POINT('Ctrl Pts',(-51.6357877496886,9.62409600467475,43.9169368174355));
#5662=CARTESIAN_POINT('Ctrl Pts',(-51.5532506084275,9.62409600467475,43.7234514188904));
#5663=CARTESIAN_POINT('Ctrl Pts',(-51.4268887985285,9.62409600467475,43.5264994530974));
#5664=CARTESIAN_POINT('Ctrl Pts',(-51.2763251073384,9.62409600467475,43.3185383816308));
#5665=CARTESIAN_POINT('Ctrl Pts',(-51.1179640324652,9.62409600467475,43.0937108021342));
#5666=CARTESIAN_POINT('Ctrl Pts',(-50.9627530917313,9.62409600467475,42.8490043945921));
#5667=CARTESIAN_POINT('Ctrl Pts',(-50.8175389262827,9.62409600467475,42.583444251615));
#5668=CARTESIAN_POINT('Ctrl Pts',(-50.6855835210774,9.62409600467475,42.2977484786541));
#5669=CARTESIAN_POINT('Ctrl Pts',(-50.5674052819643,9.62409600467475,41.9937978690648));
#5670=CARTESIAN_POINT('Ctrl Pts',(-50.4614588066401,9.62409600467475,41.67421251247));
#5671=CARTESIAN_POINT('Ctrl Pts',(-50.3648955067732,9.62409600467475,41.3418341927319));
#5672=CARTESIAN_POINT('Ctrl Pts',(-50.2740940389893,9.62409600467475,40.999721396716));
#5673=CARTESIAN_POINT('Ctrl Pts',(-50.1851674260645,9.62409600467475,40.651241688329));
#5674=CARTESIAN_POINT('Ctrl Pts',(-50.0944608433386,9.62409600467475,40.3001267861843));
#5675=CARTESIAN_POINT('Ctrl Pts',(-49.9990857044426,9.62409600467475,39.9505586854383));
#5676=CARTESIAN_POINT('Ctrl Pts',(-49.8973659955588,9.62409600467475,39.607213407365));
#5677=CARTESIAN_POINT('Ctrl Pts',(-49.7895127646412,9.62409600467475,39.2754022500523));
#5678=CARTESIAN_POINT('Ctrl Pts',(-49.6774575055673,9.62409600467475,38.9608603934883));
#5679=CARTESIAN_POINT('Ctrl Pts',(-49.5638889651232,9.62409600467475,38.6692000238434));
#5680=CARTESIAN_POINT('Ctrl Pts',(-49.4515278689776,9.62409600467475,38.4054642875143));
#5681=CARTESIAN_POINT('Ctrl Pts',(-49.3422748073051,9.62409600467475,38.1736162723407));
#5682=CARTESIAN_POINT('Ctrl Pts',(-49.2364813633494,9.62409600467475,37.9760973698118));
#5683=CARTESIAN_POINT('Ctrl Pts',(-49.1319742629562,9.62409600467475,37.813222770817));
#5684=CARTESIAN_POINT('Ctrl Pts',(-49.024820285723,9.62409600467475,37.6837259441442));
#5685=CARTESIAN_POINT('Ctrl Pts',(-48.9104826633358,9.62409600467475,37.5855579109602));
#5686=CARTESIAN_POINT('Ctrl Pts',(-48.7847630123491,9.62409600467475,37.5165466353455));
#5687=CARTESIAN_POINT('Ctrl Pts',(-48.6450231840181,9.62409600467475,37.4752255155678));
#5688=CARTESIAN_POINT('Ctrl Pts',(-48.5210257934297,9.62409600467475,37.4637062851666));
#5689=CARTESIAN_POINT('Ctrl Pts',(-48.4209840980555,9.62409600467475,37.4670378609197));
#5690=CARTESIAN_POINT('Ctrl Pts',(-48.3511631596232,9.62409600467475,37.474574453415));
#5691=CARTESIAN_POINT('Ctrl Pts',(-48.3154710225063,9.62409600467475,37.4796716058531));
#5692=CARTESIAN_POINT('',(-48.807896520005,9.62409600467475,42.0834591935785));
#5693=CARTESIAN_POINT('Ctrl Pts',(-48.807896520005,9.62409600467475,42.0834591935785));
#5694=CARTESIAN_POINT('Ctrl Pts',(-48.8189306647684,9.62409600467475,42.1528764771456));
#5695=CARTESIAN_POINT('Ctrl Pts',(-48.8408570611173,9.62409600467475,42.2906646360388));
#5696=CARTESIAN_POINT('Ctrl Pts',(-48.8733209996984,9.62409600467475,42.4942078236342));
#5697=CARTESIAN_POINT('Ctrl Pts',(-48.9157407295407,9.62409600467475,42.7592158476996));
#5698=CARTESIAN_POINT('Ctrl Pts',(-48.9672226844928,9.62409600467475,43.0790989976023));
#5699=CARTESIAN_POINT('Ctrl Pts',(-49.0170156226528,9.62409600467475,43.3865262908347));
#5700=CARTESIAN_POINT('Ctrl Pts',(-49.0649679382983,9.62409600467475,43.6803796928566));
#5701=CARTESIAN_POINT('Ctrl Pts',(-49.1109733495143,9.62409600467475,43.9598754149857));
#5702=CARTESIAN_POINT('Ctrl Pts',(-49.1550749780096,9.62409600467475,44.2253314634762));
#5703=CARTESIAN_POINT('Ctrl Pts',(-49.1974027086344,9.62409600467475,44.4777056897724));
#5704=CARTESIAN_POINT('Ctrl Pts',(-49.2299551343567,9.62409600467475,44.6699460979723));
#5705=CARTESIAN_POINT('Ctrl Pts',(-49.2536785119913,9.62409600467475,44.8090309722164));
#5706=CARTESIAN_POINT('Ctrl Pts',(-49.2691919796612,9.62409600467475,44.8995262206612));
#5707=CARTESIAN_POINT('Ctrl Pts',(-49.2768731842894,9.62409600467475,44.9442168457135));
#5708=CARTESIAN_POINT('',(-48.4639802995297,9.62409600467475,41.9898910297655));
#5709=CARTESIAN_POINT('Ctrl Pts',(-48.4639802995297,9.62409600467475,41.9898910297655));
#5710=CARTESIAN_POINT('Ctrl Pts',(-48.4770663285907,9.62409600467475,41.9881637588799));
#5711=CARTESIAN_POINT('Ctrl Pts',(-48.5027015073847,9.62409600467475,41.9850204484587));
#5712=CARTESIAN_POINT('Ctrl Pts',(-48.5395437106747,9.62409600467475,41.9812391345101));
#5713=CARTESIAN_POINT('Ctrl Pts',(-48.5853918928592,9.62409600467475,41.9780957730222));
#5714=CARTESIAN_POINT('Ctrl Pts',(-48.6368692272921,9.62409600467475,41.9775479255138));
#5715=CARTESIAN_POINT('Ctrl Pts',(-48.6819750463627,9.62409600467475,41.9806936739731));
#5716=CARTESIAN_POINT('Ctrl Pts',(-48.7201616875421,9.62409600467475,41.9878505008127));
#5717=CARTESIAN_POINT('Ctrl Pts',(-48.7510812263901,9.62409600467475,41.9992200993812));
#5718=CARTESIAN_POINT('Ctrl Pts',(-48.7749557399419,9.62409600467475,42.0146737306215));
#5719=CARTESIAN_POINT('Ctrl Pts',(-48.7922901156307,9.62409600467475,42.0339187090231));
#5720=CARTESIAN_POINT('Ctrl Pts',(-48.801341074823,9.62409600467475,42.0521068622992));
#5721=CARTESIAN_POINT('Ctrl Pts',(-48.8055901904409,9.62409600467475,42.0672199070612));
#5722=CARTESIAN_POINT('Ctrl Pts',(-48.8073127728804,9.62409600467475,42.0779388357047));
#5723=CARTESIAN_POINT('Ctrl Pts',(-48.807896520005,9.62409600467475,42.0834591935785));
#5724=CARTESIAN_POINT('',(-45.7908133131085,9.62409600467475,44.2094867383346));
#5725=CARTESIAN_POINT('Ctrl Pts',(-45.7908133131085,9.62409600467475,44.2094867383346));
#5726=CARTESIAN_POINT('Ctrl Pts',(-45.7932733917855,9.62409600467475,44.224778621921));
#5727=CARTESIAN_POINT('Ctrl Pts',(-45.802062238695,9.62409600467475,44.2559877656687));
#5728=CARTESIAN_POINT('Ctrl Pts',(-45.8268519209411,9.62409600467475,44.3046778794325));
#5729=CARTESIAN_POINT('Ctrl Pts',(-45.8831567202716,9.62409600467475,44.3733553033321));
#5730=CARTESIAN_POINT('Ctrl Pts',(-45.9918545254852,9.62409600467475,44.4650106073952));
#5731=CARTESIAN_POINT('Ctrl Pts',(-46.1370744124359,9.62409600467475,44.5609986283994));
#5732=CARTESIAN_POINT('Ctrl Pts',(-46.314988934463,9.62409600467475,44.658383946337));
#5733=CARTESIAN_POINT('Ctrl Pts',(-46.518661803856,9.62409600467475,44.7520273865755));
#5734=CARTESIAN_POINT('Ctrl Pts',(-46.7385519520564,9.62409600467475,44.8350701502557));
#5735=CARTESIAN_POINT('Ctrl Pts',(-46.9640658845929,9.62409600467475,44.900235512224));
#5736=CARTESIAN_POINT('Ctrl Pts',(-47.1847797094242,9.62409600467475,44.940879260119));
#5737=CARTESIAN_POINT('Ctrl Pts',(-47.3918034470032,9.62409600467475,44.9521591908224));
#5738=CARTESIAN_POINT('Ctrl Pts',(-47.5790716859365,9.62409600467475,44.932147633391));
#5739=CARTESIAN_POINT('Ctrl Pts',(-47.7447471847694,9.62409600467475,44.883055927755));
#5740=CARTESIAN_POINT('Ctrl Pts',(-47.8899302382847,9.62409600467475,44.8096524496466));
#5741=CARTESIAN_POINT('Ctrl Pts',(-48.0172907309858,9.62409600467475,44.7175883699699));
#5742=CARTESIAN_POINT('Ctrl Pts',(-48.1297865786856,9.62409600467475,44.6118304799242));
#5743=CARTESIAN_POINT('Ctrl Pts',(-48.2292631419086,9.62409600467475,44.4949168032662));
#5744=CARTESIAN_POINT('Ctrl Pts',(-48.3153689810348,9.62409600467475,44.365668774723));
#5745=CARTESIAN_POINT('Ctrl Pts',(-48.3866111371841,9.62409600467475,44.2210201420181));
#5746=CARTESIAN_POINT('Ctrl Pts',(-48.4412169113845,9.62409600467475,44.057572076952));
#5747=CARTESIAN_POINT('Ctrl Pts',(-48.4780054014519,9.62409600467475,43.8731353588766));
#5748=CARTESIAN_POINT('Ctrl Pts',(-48.4974120815615,9.62409600467475,43.6685613755479));
#5749=CARTESIAN_POINT('Ctrl Pts',(-48.5019655272439,9.62409600467475,43.4485743205861));
#5750=CARTESIAN_POINT('Ctrl Pts',(-48.4954555393599,9.62409600467475,43.2202335871586));
#5751=CARTESIAN_POINT('Ctrl Pts',(-48.4823882438502,9.62409600467475,42.9919144399724));
#5752=CARTESIAN_POINT('Ctrl Pts',(-48.4673146854279,9.62409600467475,42.7720560384814));
#5753=CARTESIAN_POINT('Ctrl Pts',(-48.4542663660905,9.62409600467475,42.5681062703744));
#5754=CARTESIAN_POINT('Ctrl Pts',(-48.4460166960989,9.62409600467475,42.3851360422147));
#5755=CARTESIAN_POINT('Ctrl Pts',(-48.4441540573423,9.62409600467475,42.2259913134699));
#5756=CARTESIAN_POINT('Ctrl Pts',(-48.4483929056831,9.62409600467475,42.1188053324331));
#5757=CARTESIAN_POINT('Ctrl Pts',(-48.4548960460103,9.62409600467475,42.0498926304717));
#5758=CARTESIAN_POINT('Ctrl Pts',(-48.4607064035389,9.62409600467475,42.0090429036497));
#5759=CARTESIAN_POINT('Ctrl Pts',(-48.4639802995297,9.62409600467475,41.9898910297655));
#5760=CARTESIAN_POINT('',(-44.3307326316363,9.62409600467475,44.3634674097746));
#5761=CARTESIAN_POINT('Ctrl Pts',(-44.3307326316363,9.62409600467475,44.3634674097746));
#5762=CARTESIAN_POINT('Ctrl Pts',(-44.3718295799382,9.62409600467475,44.3642375840914));
#5763=CARTESIAN_POINT('Ctrl Pts',(-44.453005446843,9.62409600467475,44.3654484591651));
#5764=CARTESIAN_POINT('Ctrl Pts',(-44.5717153333275,9.62409600467475,44.3662764078057));
#5765=CARTESIAN_POINT('Ctrl Pts',(-44.7237853536052,9.62409600467475,44.3653706000623));
#5766=CARTESIAN_POINT('Ctrl Pts',(-44.9028026103765,9.62409600467475,44.3606555757559));
#5767=CARTESIAN_POINT('Ctrl Pts',(-45.0696932380948,9.62409600467475,44.3520159079487));
#5768=CARTESIAN_POINT('Ctrl Pts',(-45.2233576449043,9.62409600467475,44.3390957264302));
#5769=CARTESIAN_POINT('Ctrl Pts',(-45.3630093965231,9.62409600467475,44.3216405108234));
#5770=CARTESIAN_POINT('Ctrl Pts',(-45.488929635892,9.62409600467475,44.2997412497943));
#5771=CARTESIAN_POINT('Ctrl Pts',(-45.602043515192,9.62409600467475,44.2736973581647));
#5772=CARTESIAN_POINT('Ctrl Pts',(-45.6830731263011,9.62409600467475,44.2498001420894));
#5773=CARTESIAN_POINT('Ctrl Pts',(-45.7388532198963,9.62409600467475,44.2302615897257));
#5774=CARTESIAN_POINT('Ctrl Pts',(-45.7738570898471,9.62409600467475,44.2165294309961));
#5775=CARTESIAN_POINT('Ctrl Pts',(-45.7908133131085,9.62409600467475,44.2094867383346));
#5776=CARTESIAN_POINT('',(-42.1992336924636,9.62409600467475,44.3379648471501));
#5777=CARTESIAN_POINT('',(-44.3307326316363,9.62409600467475,44.3634674097746));
#5778=CARTESIAN_POINT('Ctrl Pts',(-46.6521671198442,9.62409600467475,42.8228790676003));
#5779=CARTESIAN_POINT('Ctrl Pts',(-46.6208898383654,9.62409600467475,42.8854447606572));
#5780=CARTESIAN_POINT('Ctrl Pts',(-46.5609541336287,9.62409600467475,43.0034180752288));
#5781=CARTESIAN_POINT('Ctrl Pts',(-46.4789071368068,9.62409600467475,43.1589038488362));
#5782=CARTESIAN_POINT('Ctrl Pts',(-46.3852265006065,9.62409600467475,43.3232638968168));
#5783=CARTESIAN_POINT('Ctrl Pts',(-46.293948805355,9.62409600467475,43.4576211297722));
#5784=CARTESIAN_POINT('Ctrl Pts',(-46.2273677199297,9.62409600467475,43.5224340475352));
#5785=CARTESIAN_POINT('Ctrl Pts',(-46.1832098241419,9.62409600467475,43.5208484035408));
#5786=CARTESIAN_POINT('Ctrl Pts',(-46.1576798103908,9.62409600467475,43.4581371629688));
#5787=CARTESIAN_POINT('Ctrl Pts',(-46.1450436097438,9.62409600467475,43.3422773408903));
#5788=CARTESIAN_POINT('Ctrl Pts',(-46.1386496598411,9.62409600467475,43.1830796147678));
#5789=CARTESIAN_POINT('Ctrl Pts',(-46.1320529872909,9.62409600467475,42.9912410151722));
#5790=CARTESIAN_POINT('Ctrl Pts',(-46.1200071959333,9.62409600467475,42.7774708164396));
#5791=CARTESIAN_POINT('Ctrl Pts',(-46.099738064833,9.62409600467475,42.5514798142554));
#5792=CARTESIAN_POINT('Ctrl Pts',(-46.0712582472489,9.62409600467475,42.3214221300169));
#5793=CARTESIAN_POINT('Ctrl Pts',(-46.0365153917095,9.62409600467475,42.093882908999));
#5794=CARTESIAN_POINT('Ctrl Pts',(-45.9988400840258,9.62409600467475,41.8737272742689));
#5795=CARTESIAN_POINT('Ctrl Pts',(-45.9622707889741,9.62409600467475,41.6640020153417));
#5796=CARTESIAN_POINT('Ctrl Pts',(-45.9309367573887,9.62409600467475,41.4658198126579));
#5797=CARTESIAN_POINT('Ctrl Pts',(-45.9084047866151,9.62409600467475,41.2782352653199));
#5798=CARTESIAN_POINT('Ctrl Pts',(-45.8970734287428,9.62409600467475,41.0981653912609));
#5799=CARTESIAN_POINT('Ctrl Pts',(-45.8982561207764,9.62409600467475,40.9213188161671));
#5800=CARTESIAN_POINT('Ctrl Pts',(-45.9122359737842,9.62409600467475,40.7430545954747));
#5801=CARTESIAN_POINT('Ctrl Pts',(-45.9383245949908,9.62409600467475,40.559310142725));
#5802=CARTESIAN_POINT('Ctrl Pts',(-45.9749322153534,9.62409600467475,40.3674021352229));
#5803=CARTESIAN_POINT('Ctrl Pts',(-46.0195985660482,9.62409600467475,40.1671260661402));
#5804=CARTESIAN_POINT('Ctrl Pts',(-46.0691862520423,9.62409600467475,39.9606836479648));
#5805=CARTESIAN_POINT('Ctrl Pts',(-46.1202082614616,9.62409600467475,39.7516795516961));
#5806=CARTESIAN_POINT('Ctrl Pts',(-46.1691083571152,9.62409600467475,39.5444050698217));
#5807=CARTESIAN_POINT('Ctrl Pts',(-46.2125787244199,9.62409600467475,39.342964354926));
#5808=CARTESIAN_POINT('Ctrl Pts',(-46.2478201489983,9.62409600467475,39.1505606696305));
#5809=CARTESIAN_POINT('Ctrl Pts',(-46.2729293897421,9.62409600467475,38.9684859527971));
#5810=CARTESIAN_POINT('Ctrl Pts',(-46.2868454031461,9.62409600467475,38.7961005310139));
#5811=CARTESIAN_POINT('Ctrl Pts',(-46.2888171506815,9.62409600467475,38.6318948734025));
#5812=CARTESIAN_POINT('Ctrl Pts',(-46.2779690871407,9.62409600467475,38.4743059882106));
#5813=CARTESIAN_POINT('Ctrl Pts',(-46.2528865463415,9.62409600467475,38.32255234808));
#5814=CARTESIAN_POINT('Ctrl Pts',(-46.2110498738445,9.62409600467475,38.17765512375));
#5815=CARTESIAN_POINT('Ctrl Pts',(-46.1487947243999,9.62409600467475,38.0427512369769));
#5816=CARTESIAN_POINT('Ctrl Pts',(-46.0624914690109,9.62409600467475,37.9217327958035));
#5817=CARTESIAN_POINT('Ctrl Pts',(-45.9495347228805,9.62409600467475,37.8181591354951));
#5818=CARTESIAN_POINT('Ctrl Pts',(-45.8092980012522,9.62409600467475,37.734189754228));
#5819=CARTESIAN_POINT('Ctrl Pts',(-45.6443817423729,9.62409600467475,37.669183769958));
#5820=CARTESIAN_POINT('Ctrl Pts',(-45.4602787684577,9.62409600467475,37.620142263764));
#5821=CARTESIAN_POINT('Ctrl Pts',(-45.264271384292,9.62409600467475,37.5830455338306));
#5822=CARTESIAN_POINT('Ctrl Pts',(-45.0645684483764,9.62409600467475,37.5539170391441));
#5823=CARTESIAN_POINT('Ctrl Pts',(-44.869353900786,9.62409600467475,37.5299757051076));
#5824=CARTESIAN_POINT('Ctrl Pts',(-44.6858485850265,9.62409600467475,37.5108099657155));
#5825=CARTESIAN_POINT('Ctrl Pts',(-44.5194367641977,9.62409600467475,37.4993767085424));
#5826=CARTESIAN_POINT('Ctrl Pts',(-44.3739159631796,9.62409600467475,37.5005001400892));
#5827=CARTESIAN_POINT('Ctrl Pts',(-44.2516780173415,9.62409600467475,37.5194718434567));
#5828=CARTESIAN_POINT('Ctrl Pts',(-44.1539067605169,9.62409600467475,37.5607286763852));
#5829=CARTESIAN_POINT('Ctrl Pts',(-44.0807888658826,9.62409600467475,37.6262206133041));
#5830=CARTESIAN_POINT('Ctrl Pts',(-44.0316421363007,9.62409600467475,37.7148985837348));
#5831=CARTESIAN_POINT('Ctrl Pts',(-44.0048999946546,9.62409600467475,37.8238889220585));
#5832=CARTESIAN_POINT('Ctrl Pts',(-43.9981471965441,9.62409600467475,37.9492385470522));
#5833=CARTESIAN_POINT('Ctrl Pts',(-44.0080936046978,9.62409600467475,38.0868865398413));
#5834=CARTESIAN_POINT('Ctrl Pts',(-44.0309276460937,9.62409600467475,38.2331021561287));
#5835=CARTESIAN_POINT('Ctrl Pts',(-44.0627566672631,9.62409600467475,38.3848757991443));
#5836=CARTESIAN_POINT('Ctrl Pts',(-44.0999953170342,9.62409600467475,38.5402897814411));
#5837=CARTESIAN_POINT('Ctrl Pts',(-44.1398268902017,9.62409600467475,38.6989774002889));
#5838=CARTESIAN_POINT('Ctrl Pts',(-44.1804751122559,9.62409600467475,38.8622989242943));
#5839=CARTESIAN_POINT('Ctrl Pts',(-44.220855200176,9.62409600467475,39.032547576313));
#5840=CARTESIAN_POINT('Ctrl Pts',(-44.2603300337048,9.62409600467475,39.2123233306255));
#5841=CARTESIAN_POINT('Ctrl Pts',(-44.2984197105937,9.62409600467475,39.4038272496622));
#5842=CARTESIAN_POINT('Ctrl Pts',(-44.3345441502495,9.62409600467475,39.6082214151189));
#5843=CARTESIAN_POINT('Ctrl Pts',(-44.3677167954169,9.62409600467475,39.8248755158123));
#5844=CARTESIAN_POINT('Ctrl Pts',(-44.3966663341612,9.62409600467475,40.0516502673515));
#5845=CARTESIAN_POINT('Ctrl Pts',(-44.4200160805671,9.62409600467475,40.285318216153));
#5846=CARTESIAN_POINT('Ctrl Pts',(-44.4364389810033,9.62409600467475,40.5219322552282));
#5847=CARTESIAN_POINT('Ctrl Pts',(-44.4448318646974,9.62409600467475,40.7572227998603));
#5848=CARTESIAN_POINT('Ctrl Pts',(-44.4444606970533,9.62409600467475,40.9869658442741));
#5849=CARTESIAN_POINT('Ctrl Pts',(-44.435168906668,9.62409600467475,41.2074034804984));
#5850=CARTESIAN_POINT('Ctrl Pts',(-44.4173934895379,9.62409600467475,41.4155121111788));
#5851=CARTESIAN_POINT('Ctrl Pts',(-44.3917001426522,9.62409600467475,41.608910543288));
#5852=CARTESIAN_POINT('Ctrl Pts',(-44.3584320242689,9.62409600467475,41.7858356092493));
#5853=CARTESIAN_POINT('Ctrl Pts',(-44.317272302073,9.62409600467475,41.9450978383295));
#5854=CARTESIAN_POINT('Ctrl Pts',(-44.2669377611353,9.62409600467475,42.0860309867847));
#5855=CARTESIAN_POINT('Ctrl Pts',(-44.2045780278326,9.62409600467475,42.2084824184133));
#5856=CARTESIAN_POINT('Ctrl Pts',(-44.1264036025208,9.62409600467475,42.3126060628863));
#5857=CARTESIAN_POINT('Ctrl Pts',(-44.0292175397167,9.62409600467475,42.3984909734826));
#5858=CARTESIAN_POINT('Ctrl Pts',(-43.9115434095257,9.62409600467475,42.4658863497127));
#5859=CARTESIAN_POINT('Ctrl Pts',(-43.7752276689852,9.62409600467475,42.5137788589515));
#5860=CARTESIAN_POINT('Ctrl Pts',(-43.6258589801603,9.62409600467475,42.5403773242704));
#5861=CARTESIAN_POINT('Ctrl Pts',(-43.4705139286344,9.62409600467475,42.5440382564856));
#5862=CARTESIAN_POINT('Ctrl Pts',(-43.315907080802,9.62409600467475,42.5240497012225));
#5863=CARTESIAN_POINT('Ctrl Pts',(-43.1666154933742,9.62409600467475,42.4813868478672));
#5864=CARTESIAN_POINT('Ctrl Pts',(-43.0226858868649,9.62409600467475,42.4196923862634));
#5865=CARTESIAN_POINT('Ctrl Pts',(-42.8804534374942,9.62409600467475,42.3450830993533));
#5866=CARTESIAN_POINT('Ctrl Pts',(-42.7349708472522,9.62409600467475,42.2653384819351));
#5867=CARTESIAN_POINT('Ctrl Pts',(-42.5820501452816,9.62409600467475,42.1892903580368));
#5868=CARTESIAN_POINT('Ctrl Pts',(-42.4202014437354,9.62409600467475,42.1261158595507));
#5869=CARTESIAN_POINT('Ctrl Pts',(-42.2532790965449,9.62409600467475,42.0847068450647));
#5870=CARTESIAN_POINT('Ctrl Pts',(-42.0895589370834,9.62409600467475,42.0728409893983));
#5871=CARTESIAN_POINT('Ctrl Pts',(-41.9388620154878,9.62409600467475,42.0962781690713));
#5872=CARTESIAN_POINT('Ctrl Pts',(-41.8102343275455,9.62409600467475,42.1578464950808));
#5873=CARTESIAN_POINT('Ctrl Pts',(-41.7095108236589,9.62409600467475,42.2566020051566));
#5874=CARTESIAN_POINT('Ctrl Pts',(-41.6366213129963,9.62409600467475,42.3867655094406));
#5875=CARTESIAN_POINT('Ctrl Pts',(-41.5872745967489,9.62409600467475,42.5394098678117));
#5876=CARTESIAN_POINT('Ctrl Pts',(-41.5551693762047,9.62409600467475,42.7044748538517));
#5877=CARTESIAN_POINT('Ctrl Pts',(-41.5339586196661,9.62409600467475,42.8726072577058));
#5878=CARTESIAN_POINT('Ctrl Pts',(-41.5194455933556,9.62409600467475,43.0372056613544));
#5879=CARTESIAN_POINT('Ctrl Pts',(-41.5113099940637,9.62409600467475,43.1959992512186));
#5880=CARTESIAN_POINT('Ctrl Pts',(-41.5116031778984,9.62409600467475,43.3493357502375));
#5881=CARTESIAN_POINT('Ctrl Pts',(-41.5235164476955,9.62409600467475,43.4987408910261));
#5882=CARTESIAN_POINT('Ctrl Pts',(-41.550122070043,9.62409600467475,43.6454702089506));
#5883=CARTESIAN_POINT('Ctrl Pts',(-41.592945810617,9.62409600467475,43.7888390456607));
#5884=CARTESIAN_POINT('Ctrl Pts',(-41.6511865463806,9.62409600467475,43.9253654994051));
#5885=CARTESIAN_POINT('Ctrl Pts',(-41.7227101588745,9.62409600467475,44.0501211179698));
#5886=CARTESIAN_POINT('Ctrl Pts',(-41.8047331805814,9.62409600467475,44.1577023092949));
#5887=CARTESIAN_POINT('Ctrl Pts',(-41.8945800565707,9.62409600467475,44.2432778285703));
#5888=CARTESIAN_POINT('Ctrl Pts',(-41.9905338789095,9.62409600467475,44.3037927353586));
#5889=CARTESIAN_POINT('Ctrl Pts',(-42.071519087655,9.62409600467475,44.3309775935229));
#5890=CARTESIAN_POINT('Ctrl Pts',(-42.1345029602612,9.62409600467475,44.3392008225796));
#5891=CARTESIAN_POINT('Ctrl Pts',(-42.177490433805,9.62409600467475,44.3392777450079));
#5892=CARTESIAN_POINT('Ctrl Pts',(-42.1992336924636,9.62409600467475,44.3379648471501));
#5893=CARTESIAN_POINT('',(-48.3327313093944,9.62409600467475,40.785264806024));
#5894=CARTESIAN_POINT('',(-48.4113373194221,9.62409600467475,39.7741950020416));
#5895=CARTESIAN_POINT('Ctrl Pts',(-48.3327313093944,9.62409600467475,40.785264806024));
#5896=CARTESIAN_POINT('Ctrl Pts',(-48.3331155824653,9.62409600467475,40.7639622841469));
#5897=CARTESIAN_POINT('Ctrl Pts',(-48.3339876700293,9.62409600467475,40.721451479206));
#5898=CARTESIAN_POINT('Ctrl Pts',(-48.3356064151764,9.62409600467475,40.65796797871));
#5899=CARTESIAN_POINT('Ctrl Pts',(-48.3383962804859,9.62409600467475,40.5738981096851));
#5900=CARTESIAN_POINT('Ctrl Pts',(-48.3430077787555,9.62409600467475,40.4698339400439));
#5901=CARTESIAN_POINT('Ctrl Pts',(-48.3488445593236,9.62409600467475,40.366884968034));
#5902=CARTESIAN_POINT('Ctrl Pts',(-48.3560076364326,9.62409600467475,40.2651431323356));
#5903=CARTESIAN_POINT('Ctrl Pts',(-48.3645540080687,9.62409600467475,40.1646603099835));
#5904=CARTESIAN_POINT('Ctrl Pts',(-48.3744312598983,9.62409600467475,40.0653887957694));
#5905=CARTESIAN_POINT('Ctrl Pts',(-48.3855399286459,9.62409600467475,39.9672380626245));
#5906=CARTESIAN_POINT('Ctrl Pts',(-48.3953316631185,9.62409600467475,39.8895409844605));
#5907=CARTESIAN_POINT('Ctrl Pts',(-48.403152138747,9.62409600467475,39.8317020240731));
#5908=CARTESIAN_POINT('Ctrl Pts',(-48.4085741912305,9.62409600467475,39.793332395463));
#5909=CARTESIAN_POINT('Ctrl Pts',(-48.4113373194221,9.62409600467475,39.7741950020416));
#5910=CARTESIAN_POINT('Ctrl Pts',(-48.4113373194221,9.62409600467475,39.7741950020416));
#5911=CARTESIAN_POINT('Ctrl Pts',(-48.4124891624553,9.62409600467475,39.7739389117425));
#5912=CARTESIAN_POINT('Ctrl Pts',(-48.4155880950941,9.62409600467475,39.7754608697477));
#5913=CARTESIAN_POINT('Ctrl Pts',(-48.4226223484567,9.62409600467475,39.7838463262867));
#5914=CARTESIAN_POINT('Ctrl Pts',(-48.4367915467994,9.62409600467475,39.8072808839184));
#5915=CARTESIAN_POINT('Ctrl Pts',(-48.4623359479492,9.62409600467475,39.8570095994359));
#5916=CARTESIAN_POINT('Ctrl Pts',(-48.495038072053,9.62409600467475,39.9266759300238));
#5917=CARTESIAN_POINT('Ctrl Pts',(-48.5334142005421,9.62409600467475,40.0149034316972));
#5918=CARTESIAN_POINT('Ctrl Pts',(-48.5747445730114,9.62409600467475,40.1189186398641));
#5919=CARTESIAN_POINT('Ctrl Pts',(-48.6150280426416,9.62409600467475,40.2343892421934));
#5920=CARTESIAN_POINT('Ctrl Pts',(-48.649791213362,9.62409600467475,40.3560658425458));
#5921=CARTESIAN_POINT('Ctrl Pts',(-48.6746947687849,9.62409600467475,40.4782231961854));
#5922=CARTESIAN_POINT('Ctrl Pts',(-48.6862614305417,9.62409600467475,40.5951791321484));
#5923=CARTESIAN_POINT('Ctrl Pts',(-48.6824878378931,9.62409600467475,40.7017383443566));
#5924=CARTESIAN_POINT('Ctrl Pts',(-48.6637586114637,9.62409600467475,40.7937743844575));
#5925=CARTESIAN_POINT('Ctrl Pts',(-48.6324591131677,9.62409600467475,40.8682311436411));
#5926=CARTESIAN_POINT('Ctrl Pts',(-48.5920961114768,9.62409600467475,40.9229062178994));
#5927=CARTESIAN_POINT('Ctrl Pts',(-48.5465883702963,9.62409600467475,40.9563397201002));
#5928=CARTESIAN_POINT('Ctrl Pts',(-48.4995615512204,9.62409600467475,40.9676862763405));
#5929=CARTESIAN_POINT('Ctrl Pts',(-48.4535107569865,9.62409600467475,40.9566475820063));
#5930=CARTESIAN_POINT('Ctrl Pts',(-48.4098463228379,9.62409600467475,40.9232973271668));
#5931=CARTESIAN_POINT('Ctrl Pts',(-48.3773703144963,9.62409600467475,40.8789687254952));
#5932=CARTESIAN_POINT('Ctrl Pts',(-48.3544818082599,9.62409600467475,40.8359151492997));
#5933=CARTESIAN_POINT('Ctrl Pts',(-48.3398731035578,9.62409600467475,40.8028717554052));
#5934=CARTESIAN_POINT('Ctrl Pts',(-48.3327313093944,9.62409600467475,40.785264806024));
#5935=CARTESIAN_POINT('Ctrl Pts',(-48.3154710225063,10.1240960046748,37.4796716058531));
#5936=CARTESIAN_POINT('Ctrl Pts',(-48.3154710225063,9.62409600467475,37.4796716058531));
#5937=CARTESIAN_POINT('Ctrl Pts',(-48.3214576840361,10.1240960046748,37.4725614981447));
#5938=CARTESIAN_POINT('Ctrl Pts',(-48.3214576840361,9.62409600467475,37.4725614981447));
#5939=CARTESIAN_POINT('Ctrl Pts',(-48.3289935669042,10.1240960046748,37.4613932320898));
#5940=CARTESIAN_POINT('Ctrl Pts',(-48.3289935669042,9.62409600467475,37.4613932320898));
#5941=CARTESIAN_POINT('Ctrl Pts',(-48.326986669481,10.1240960046748,37.4537957998841));
#5942=CARTESIAN_POINT('Ctrl Pts',(-48.326986669481,9.62409600467475,37.4537957998841));
#5943=CARTESIAN_POINT('Ctrl Pts',(-48.2976272555466,10.1240960046748,37.4620166380633));
#5944=CARTESIAN_POINT('Ctrl Pts',(-48.2976272555466,9.62409600467475,37.4620166380633));
#5945=CARTESIAN_POINT('Ctrl Pts',(-48.2179504532158,10.1240960046748,37.5022407325354));
#5946=CARTESIAN_POINT('Ctrl Pts',(-48.2179504532158,9.62409600467475,37.5022407325354));
#5947=CARTESIAN_POINT('Ctrl Pts',(-48.1000187034088,10.1240960046748,37.570306368855));
#5948=CARTESIAN_POINT('Ctrl Pts',(-48.1000187034088,9.62409600467475,37.570306368855));
#5949=CARTESIAN_POINT('Ctrl Pts',(-47.9541948769111,10.1240960046748,37.6614464136357));
#5950=CARTESIAN_POINT('Ctrl Pts',(-47.9541948769111,9.62409600467475,37.6614464136357));
#5951=CARTESIAN_POINT('Ctrl Pts',(-47.7948788050473,10.1240960046748,37.7692489983095));
#5952=CARTESIAN_POINT('Ctrl Pts',(-47.7948788050473,9.62409600467475,37.7692489983095));
#5953=CARTESIAN_POINT('Ctrl Pts',(-47.6374262092444,10.1240960046748,37.8874749543552));
#5954=CARTESIAN_POINT('Ctrl Pts',(-47.6374262092444,9.62409600467475,37.8874749543552));
#5955=CARTESIAN_POINT('Ctrl Pts',(-47.4954807089774,10.1240960046748,38.0116747696004));
#5956=CARTESIAN_POINT('Ctrl Pts',(-47.4954807089774,9.62409600467475,38.0116747696004));
#5957=CARTESIAN_POINT('Ctrl Pts',(-47.3783123723778,10.1240960046748,38.1407494637399));
#5958=CARTESIAN_POINT('Ctrl Pts',(-47.3783123723778,9.62409600467475,38.1407494637399));
#5959=CARTESIAN_POINT('Ctrl Pts',(-47.2876369334015,10.1240960046748,38.2789420141602));
#5960=CARTESIAN_POINT('Ctrl Pts',(-47.2876369334015,9.62409600467475,38.2789420141602));
#5961=CARTESIAN_POINT('Ctrl Pts',(-47.2193990545152,10.1240960046748,38.4338841718866));
#5962=CARTESIAN_POINT('Ctrl Pts',(-47.2193990545152,9.62409600467475,38.4338841718866));
#5963=CARTESIAN_POINT('Ctrl Pts',(-47.1663611665816,10.1240960046748,38.6140081589464));
#5964=CARTESIAN_POINT('Ctrl Pts',(-47.1663611665816,9.62409600467475,38.6140081589464));
#5965=CARTESIAN_POINT('Ctrl Pts',(-47.1204094684482,10.1240960046748,38.8261454676436));
#5966=CARTESIAN_POINT('Ctrl Pts',(-47.1204094684482,9.62409600467475,38.8261454676436));
#5967=CARTESIAN_POINT('Ctrl Pts',(-47.0748872479022,10.1240960046748,39.073134152649));
#5968=CARTESIAN_POINT('Ctrl Pts',(-47.0748872479022,9.62409600467475,39.073134152649));
#5969=CARTESIAN_POINT('Ctrl Pts',(-47.0271239936234,10.1240960046748,39.3511247251418));
#5970=CARTESIAN_POINT('Ctrl Pts',(-47.0271239936234,9.62409600467475,39.3511247251418));
#5971=CARTESIAN_POINT('Ctrl Pts',(-46.9776150235364,10.1240960046748,39.6512673109618));
#5972=CARTESIAN_POINT('Ctrl Pts',(-46.9776150235364,9.62409600467475,39.6512673109618));
#5973=CARTESIAN_POINT('Ctrl Pts',(-46.9288950396353,10.1240960046748,39.9617915807795));
#5974=CARTESIAN_POINT('Ctrl Pts',(-46.9288950396353,9.62409600467475,39.9617915807795));
#5975=CARTESIAN_POINT('Ctrl Pts',(-46.8845580156557,10.1240960046748,40.2698782767996));
#5976=CARTESIAN_POINT('Ctrl Pts',(-46.8845580156557,9.62409600467475,40.2698782767996));
#5977=CARTESIAN_POINT('Ctrl Pts',(-46.8481850086608,10.1240960046748,40.5636844922894));
#5978=CARTESIAN_POINT('Ctrl Pts',(-46.8481850086608,9.62409600467475,40.5636844922894));
#5979=CARTESIAN_POINT('Ctrl Pts',(-46.8224077174441,10.1240960046748,40.8341167079736));
#5980=CARTESIAN_POINT('Ctrl Pts',(-46.8224077174441,9.62409600467475,40.8341167079736));
#5981=CARTESIAN_POINT('Ctrl Pts',(-46.807675274043,10.1240960046748,41.0771943802969));
#5982=CARTESIAN_POINT('Ctrl Pts',(-46.807675274043,9.62409600467475,41.0771943802969));
#5983=CARTESIAN_POINT('Ctrl Pts',(-46.8019839350143,10.1240960046748,41.2944982881558));
#5984=CARTESIAN_POINT('Ctrl Pts',(-46.8019839350143,9.62409600467475,41.2944982881558));
#5985=CARTESIAN_POINT('Ctrl Pts',(-46.8018499629621,10.1240960046748,41.4911401404993));
#5986=CARTESIAN_POINT('Ctrl Pts',(-46.8018499629621,9.62409600467475,41.4911401404993));
#5987=CARTESIAN_POINT('Ctrl Pts',(-46.8029654340783,10.1240960046748,41.6743700461495));
#5988=CARTESIAN_POINT('Ctrl Pts',(-46.8029654340783,9.62409600467475,41.6743700461495));
#5989=CARTESIAN_POINT('Ctrl Pts',(-46.8009580839804,10.1240960046748,41.8519801239781));
#5990=CARTESIAN_POINT('Ctrl Pts',(-46.8009580839804,9.62409600467475,41.8519801239781));
#5991=CARTESIAN_POINT('Ctrl Pts',(-46.7921401508137,10.1240960046748,42.0307342731077));
#5992=CARTESIAN_POINT('Ctrl Pts',(-46.7921401508137,9.62409600467475,42.0307342731077));
#5993=CARTESIAN_POINT('Ctrl Pts',(-46.7741600978889,10.1240960046748,42.2149949474971));
#5994=CARTESIAN_POINT('Ctrl Pts',(-46.7741600978889,9.62409600467475,42.2149949474971));
#5995=CARTESIAN_POINT('Ctrl Pts',(-46.7456511916414,10.1240960046748,42.4073519433506));
#5996=CARTESIAN_POINT('Ctrl Pts',(-46.7456511916414,9.62409600467475,42.4073519433506));
#5997=CARTESIAN_POINT('Ctrl Pts',(-46.7139181237198,10.1240960046748,42.5687067104149));
#5998=CARTESIAN_POINT('Ctrl Pts',(-46.7139181237198,9.62409600467475,42.5687067104149));
#5999=CARTESIAN_POINT('Ctrl Pts',(-46.6850211713733,10.1240960046748,42.6940956041865));
#6000=CARTESIAN_POINT('Ctrl Pts',(-46.6850211713733,9.62409600467475,42.6940956041865));
#6001=CARTESIAN_POINT('Ctrl Pts',(-46.6634953405341,10.1240960046748,42.7796279470991));
#6002=CARTESIAN_POINT('Ctrl Pts',(-46.6634953405341,9.62409600467475,42.7796279470991));
#6003=CARTESIAN_POINT('Ctrl Pts',(-46.6521671198442,10.1240960046748,42.8228790676003));
#6004=CARTESIAN_POINT('Ctrl Pts',(-46.6521671198442,9.62409600467475,42.8228790676003));
#6005=CARTESIAN_POINT('',(-48.3154710225063,10.1240960046748,37.4796716058531));
#6006=CARTESIAN_POINT('',(-46.6521671198442,10.1240960046748,42.8228790676003));
#6007=CARTESIAN_POINT('Ctrl Pts',(-48.3154710225063,10.1240960046748,37.4796716058531));
#6008=CARTESIAN_POINT('Ctrl Pts',(-48.3214576840361,10.1240960046748,37.4725614981447));
#6009=CARTESIAN_POINT('Ctrl Pts',(-48.3289935669042,10.1240960046748,37.4613932320898));
#6010=CARTESIAN_POINT('Ctrl Pts',(-48.326986669481,10.1240960046748,37.4537957998841));
#6011=CARTESIAN_POINT('Ctrl Pts',(-48.2976272555466,10.1240960046748,37.4620166380633));
#6012=CARTESIAN_POINT('Ctrl Pts',(-48.2179504532158,10.1240960046748,37.5022407325354));
#6013=CARTESIAN_POINT('Ctrl Pts',(-48.1000187034088,10.1240960046748,37.570306368855));
#6014=CARTESIAN_POINT('Ctrl Pts',(-47.9541948769111,10.1240960046748,37.6614464136357));
#6015=CARTESIAN_POINT('Ctrl Pts',(-47.7948788050473,10.1240960046748,37.7692489983095));
#6016=CARTESIAN_POINT('Ctrl Pts',(-47.6374262092444,10.1240960046748,37.8874749543552));
#6017=CARTESIAN_POINT('Ctrl Pts',(-47.4954807089774,10.1240960046748,38.0116747696004));
#6018=CARTESIAN_POINT('Ctrl Pts',(-47.3783123723778,10.1240960046748,38.1407494637399));
#6019=CARTESIAN_POINT('Ctrl Pts',(-47.2876369334015,10.1240960046748,38.2789420141602));
#6020=CARTESIAN_POINT('Ctrl Pts',(-47.2193990545152,10.1240960046748,38.4338841718866));
#6021=CARTESIAN_POINT('Ctrl Pts',(-47.1663611665816,10.1240960046748,38.6140081589464));
#6022=CARTESIAN_POINT('Ctrl Pts',(-47.1204094684482,10.1240960046748,38.8261454676436));
#6023=CARTESIAN_POINT('Ctrl Pts',(-47.0748872479022,10.1240960046748,39.073134152649));
#6024=CARTESIAN_POINT('Ctrl Pts',(-47.0271239936234,10.1240960046748,39.3511247251418));
#6025=CARTESIAN_POINT('Ctrl Pts',(-46.9776150235364,10.1240960046748,39.6512673109618));
#6026=CARTESIAN_POINT('Ctrl Pts',(-46.9288950396353,10.1240960046748,39.9617915807795));
#6027=CARTESIAN_POINT('Ctrl Pts',(-46.8845580156557,10.1240960046748,40.2698782767996));
#6028=CARTESIAN_POINT('Ctrl Pts',(-46.8481850086608,10.1240960046748,40.5636844922894));
#6029=CARTESIAN_POINT('Ctrl Pts',(-46.8224077174441,10.1240960046748,40.8341167079736));
#6030=CARTESIAN_POINT('Ctrl Pts',(-46.807675274043,10.1240960046748,41.0771943802969));
#6031=CARTESIAN_POINT('Ctrl Pts',(-46.8019839350143,10.1240960046748,41.2944982881558));
#6032=CARTESIAN_POINT('Ctrl Pts',(-46.8018499629621,10.1240960046748,41.4911401404993));
#6033=CARTESIAN_POINT('Ctrl Pts',(-46.8029654340783,10.1240960046748,41.6743700461495));
#6034=CARTESIAN_POINT('Ctrl Pts',(-46.8009580839804,10.1240960046748,41.8519801239781));
#6035=CARTESIAN_POINT('Ctrl Pts',(-46.7921401508137,10.1240960046748,42.0307342731077));
#6036=CARTESIAN_POINT('Ctrl Pts',(-46.7741600978889,10.1240960046748,42.2149949474971));
#6037=CARTESIAN_POINT('Ctrl Pts',(-46.7456511916414,10.1240960046748,42.4073519433506));
#6038=CARTESIAN_POINT('Ctrl Pts',(-46.7139181237198,10.1240960046748,42.5687067104149));
#6039=CARTESIAN_POINT('Ctrl Pts',(-46.6850211713733,10.1240960046748,42.6940956041865));
#6040=CARTESIAN_POINT('Ctrl Pts',(-46.6634953405341,10.1240960046748,42.7796279470991));
#6041=CARTESIAN_POINT('Ctrl Pts',(-46.6521671198442,10.1240960046748,42.8228790676003));
#6042=CARTESIAN_POINT('',(-48.3154710225063,10.1240960046748,37.4796716058531));
#6043=CARTESIAN_POINT('',(-46.6521671198442,10.1240960046748,42.8228790676003));
#6044=CARTESIAN_POINT('Ctrl Pts',(-46.6521671198442,10.1240960046748,42.8228790676003));
#6045=CARTESIAN_POINT('Ctrl Pts',(-46.6521671198442,9.62409600467475,42.8228790676003));
#6046=CARTESIAN_POINT('Ctrl Pts',(-46.6208898383654,10.1240960046748,42.8854447606572));
#6047=CARTESIAN_POINT('Ctrl Pts',(-46.6208898383654,9.62409600467475,42.8854447606572));
#6048=CARTESIAN_POINT('Ctrl Pts',(-46.5609541336287,10.1240960046748,43.0034180752288));
#6049=CARTESIAN_POINT('Ctrl Pts',(-46.5609541336287,9.62409600467475,43.0034180752288));
#6050=CARTESIAN_POINT('Ctrl Pts',(-46.4789071368068,10.1240960046748,43.1589038488362));
#6051=CARTESIAN_POINT('Ctrl Pts',(-46.4789071368068,9.62409600467475,43.1589038488362));
#6052=CARTESIAN_POINT('Ctrl Pts',(-46.3852265006065,10.1240960046748,43.3232638968168));
#6053=CARTESIAN_POINT('Ctrl Pts',(-46.3852265006065,9.62409600467475,43.3232638968168));
#6054=CARTESIAN_POINT('Ctrl Pts',(-46.293948805355,10.1240960046748,43.4576211297722));
#6055=CARTESIAN_POINT('Ctrl Pts',(-46.293948805355,9.62409600467475,43.4576211297722));
#6056=CARTESIAN_POINT('Ctrl Pts',(-46.2273677199297,10.1240960046748,43.5224340475352));
#6057=CARTESIAN_POINT('Ctrl Pts',(-46.2273677199297,9.62409600467475,43.5224340475352));
#6058=CARTESIAN_POINT('Ctrl Pts',(-46.1832098241419,10.1240960046748,43.5208484035408));
#6059=CARTESIAN_POINT('Ctrl Pts',(-46.1832098241419,9.62409600467475,43.5208484035408));
#6060=CARTESIAN_POINT('Ctrl Pts',(-46.1576798103908,10.1240960046748,43.4581371629688));
#6061=CARTESIAN_POINT('Ctrl Pts',(-46.1576798103908,9.62409600467475,43.4581371629688));
#6062=CARTESIAN_POINT('Ctrl Pts',(-46.1450436097438,10.1240960046748,43.3422773408903));
#6063=CARTESIAN_POINT('Ctrl Pts',(-46.1450436097438,9.62409600467475,43.3422773408903));
#6064=CARTESIAN_POINT('Ctrl Pts',(-46.1386496598411,10.1240960046748,43.1830796147678));
#6065=CARTESIAN_POINT('Ctrl Pts',(-46.1386496598411,9.62409600467475,43.1830796147678));
#6066=CARTESIAN_POINT('Ctrl Pts',(-46.1320529872909,10.1240960046748,42.9912410151722));
#6067=CARTESIAN_POINT('Ctrl Pts',(-46.1320529872909,9.62409600467475,42.9912410151722));
#6068=CARTESIAN_POINT('Ctrl Pts',(-46.1200071959333,10.1240960046748,42.7774708164396));
#6069=CARTESIAN_POINT('Ctrl Pts',(-46.1200071959333,9.62409600467475,42.7774708164396));
#6070=CARTESIAN_POINT('Ctrl Pts',(-46.099738064833,10.1240960046748,42.5514798142554));
#6071=CARTESIAN_POINT('Ctrl Pts',(-46.099738064833,9.62409600467475,42.5514798142554));
#6072=CARTESIAN_POINT('Ctrl Pts',(-46.0712582472489,10.1240960046748,42.3214221300169));
#6073=CARTESIAN_POINT('Ctrl Pts',(-46.0712582472489,9.62409600467475,42.3214221300169));
#6074=CARTESIAN_POINT('Ctrl Pts',(-46.0365153917095,10.1240960046748,42.093882908999));
#6075=CARTESIAN_POINT('Ctrl Pts',(-46.0365153917095,9.62409600467475,42.093882908999));
#6076=CARTESIAN_POINT('Ctrl Pts',(-45.9988400840258,10.1240960046748,41.8737272742689));
#6077=CARTESIAN_POINT('Ctrl Pts',(-45.9988400840258,9.62409600467475,41.8737272742689));
#6078=CARTESIAN_POINT('Ctrl Pts',(-45.9622707889741,10.1240960046748,41.6640020153417));
#6079=CARTESIAN_POINT('Ctrl Pts',(-45.9622707889741,9.62409600467475,41.6640020153417));
#6080=CARTESIAN_POINT('Ctrl Pts',(-45.9309367573887,10.1240960046748,41.4658198126579));
#6081=CARTESIAN_POINT('Ctrl Pts',(-45.9309367573887,9.62409600467475,41.4658198126579));
#6082=CARTESIAN_POINT('Ctrl Pts',(-45.9084047866151,10.1240960046748,41.2782352653199));
#6083=CARTESIAN_POINT('Ctrl Pts',(-45.9084047866151,9.62409600467475,41.2782352653199));
#6084=CARTESIAN_POINT('Ctrl Pts',(-45.8970734287428,10.1240960046748,41.0981653912609));
#6085=CARTESIAN_POINT('Ctrl Pts',(-45.8970734287428,9.62409600467475,41.0981653912609));
#6086=CARTESIAN_POINT('Ctrl Pts',(-45.8982561207764,10.1240960046748,40.9213188161671));
#6087=CARTESIAN_POINT('Ctrl Pts',(-45.8982561207764,9.62409600467475,40.9213188161671));
#6088=CARTESIAN_POINT('Ctrl Pts',(-45.9122359737842,10.1240960046748,40.7430545954747));
#6089=CARTESIAN_POINT('Ctrl Pts',(-45.9122359737842,9.62409600467475,40.7430545954747));
#6090=CARTESIAN_POINT('Ctrl Pts',(-45.9383245949908,10.1240960046748,40.559310142725));
#6091=CARTESIAN_POINT('Ctrl Pts',(-45.9383245949908,9.62409600467475,40.559310142725));
#6092=CARTESIAN_POINT('Ctrl Pts',(-45.9749322153534,10.1240960046748,40.3674021352229));
#6093=CARTESIAN_POINT('Ctrl Pts',(-45.9749322153534,9.62409600467475,40.3674021352229));
#6094=CARTESIAN_POINT('Ctrl Pts',(-46.0195985660482,10.1240960046748,40.1671260661402));
#6095=CARTESIAN_POINT('Ctrl Pts',(-46.0195985660482,9.62409600467475,40.1671260661402));
#6096=CARTESIAN_POINT('Ctrl Pts',(-46.0691862520423,10.1240960046748,39.9606836479648));
#6097=CARTESIAN_POINT('Ctrl Pts',(-46.0691862520423,9.62409600467475,39.9606836479648));
#6098=CARTESIAN_POINT('Ctrl Pts',(-46.1202082614616,10.1240960046748,39.7516795516961));
#6099=CARTESIAN_POINT('Ctrl Pts',(-46.1202082614616,9.62409600467475,39.7516795516961));
#6100=CARTESIAN_POINT('Ctrl Pts',(-46.1691083571152,10.1240960046748,39.5444050698217));
#6101=CARTESIAN_POINT('Ctrl Pts',(-46.1691083571152,9.62409600467475,39.5444050698217));
#6102=CARTESIAN_POINT('Ctrl Pts',(-46.2125787244199,10.1240960046748,39.342964354926));
#6103=CARTESIAN_POINT('Ctrl Pts',(-46.2125787244199,9.62409600467475,39.342964354926));
#6104=CARTESIAN_POINT('Ctrl Pts',(-46.2478201489983,10.1240960046748,39.1505606696305));
#6105=CARTESIAN_POINT('Ctrl Pts',(-46.2478201489983,9.62409600467475,39.1505606696305));
#6106=CARTESIAN_POINT('Ctrl Pts',(-46.2729293897421,10.1240960046748,38.9684859527971));
#6107=CARTESIAN_POINT('Ctrl Pts',(-46.2729293897421,9.62409600467475,38.9684859527971));
#6108=CARTESIAN_POINT('Ctrl Pts',(-46.2868454031461,10.1240960046748,38.7961005310139));
#6109=CARTESIAN_POINT('Ctrl Pts',(-46.2868454031461,9.62409600467475,38.7961005310139));
#6110=CARTESIAN_POINT('Ctrl Pts',(-46.2888171506815,10.1240960046748,38.6318948734025));
#6111=CARTESIAN_POINT('Ctrl Pts',(-46.2888171506815,9.62409600467475,38.6318948734025));
#6112=CARTESIAN_POINT('Ctrl Pts',(-46.2779690871407,10.1240960046748,38.4743059882106));
#6113=CARTESIAN_POINT('Ctrl Pts',(-46.2779690871407,9.62409600467475,38.4743059882106));
#6114=CARTESIAN_POINT('Ctrl Pts',(-46.2528865463415,10.1240960046748,38.32255234808));
#6115=CARTESIAN_POINT('Ctrl Pts',(-46.2528865463415,9.62409600467475,38.32255234808));
#6116=CARTESIAN_POINT('Ctrl Pts',(-46.2110498738445,10.1240960046748,38.17765512375));
#6117=CARTESIAN_POINT('Ctrl Pts',(-46.2110498738445,9.62409600467475,38.17765512375));
#6118=CARTESIAN_POINT('Ctrl Pts',(-46.1487947243999,10.1240960046748,38.0427512369769));
#6119=CARTESIAN_POINT('Ctrl Pts',(-46.1487947243999,9.62409600467475,38.0427512369769));
#6120=CARTESIAN_POINT('Ctrl Pts',(-46.0624914690109,10.1240960046748,37.9217327958035));
#6121=CARTESIAN_POINT('Ctrl Pts',(-46.0624914690109,9.62409600467475,37.9217327958035));
#6122=CARTESIAN_POINT('Ctrl Pts',(-45.9495347228805,10.1240960046748,37.8181591354951));
#6123=CARTESIAN_POINT('Ctrl Pts',(-45.9495347228805,9.62409600467475,37.8181591354951));
#6124=CARTESIAN_POINT('Ctrl Pts',(-45.8092980012522,10.1240960046748,37.734189754228));
#6125=CARTESIAN_POINT('Ctrl Pts',(-45.8092980012522,9.62409600467475,37.734189754228));
#6126=CARTESIAN_POINT('Ctrl Pts',(-45.6443817423729,10.1240960046748,37.669183769958));
#6127=CARTESIAN_POINT('Ctrl Pts',(-45.6443817423729,9.62409600467475,37.669183769958));
#6128=CARTESIAN_POINT('Ctrl Pts',(-45.4602787684577,10.1240960046748,37.620142263764));
#6129=CARTESIAN_POINT('Ctrl Pts',(-45.4602787684577,9.62409600467475,37.620142263764));
#6130=CARTESIAN_POINT('Ctrl Pts',(-45.264271384292,10.1240960046748,37.5830455338306));
#6131=CARTESIAN_POINT('Ctrl Pts',(-45.264271384292,9.62409600467475,37.5830455338306));
#6132=CARTESIAN_POINT('Ctrl Pts',(-45.0645684483764,10.1240960046748,37.5539170391441));
#6133=CARTESIAN_POINT('Ctrl Pts',(-45.0645684483764,9.62409600467475,37.5539170391441));
#6134=CARTESIAN_POINT('Ctrl Pts',(-44.869353900786,10.1240960046748,37.5299757051076));
#6135=CARTESIAN_POINT('Ctrl Pts',(-44.869353900786,9.62409600467475,37.5299757051076));
#6136=CARTESIAN_POINT('Ctrl Pts',(-44.6858485850265,10.1240960046748,37.5108099657155));
#6137=CARTESIAN_POINT('Ctrl Pts',(-44.6858485850265,9.62409600467475,37.5108099657155));
#6138=CARTESIAN_POINT('Ctrl Pts',(-44.5194367641977,10.1240960046748,37.4993767085424));
#6139=CARTESIAN_POINT('Ctrl Pts',(-44.5194367641977,9.62409600467475,37.4993767085424));
#6140=CARTESIAN_POINT('Ctrl Pts',(-44.3739159631796,10.1240960046748,37.5005001400892));
#6141=CARTESIAN_POINT('Ctrl Pts',(-44.3739159631796,9.62409600467475,37.5005001400892));
#6142=CARTESIAN_POINT('Ctrl Pts',(-44.2516780173415,10.1240960046748,37.5194718434567));
#6143=CARTESIAN_POINT('Ctrl Pts',(-44.2516780173415,9.62409600467475,37.5194718434567));
#6144=CARTESIAN_POINT('Ctrl Pts',(-44.1539067605169,10.1240960046748,37.5607286763852));
#6145=CARTESIAN_POINT('Ctrl Pts',(-44.1539067605169,9.62409600467475,37.5607286763852));
#6146=CARTESIAN_POINT('Ctrl Pts',(-44.0807888658826,10.1240960046748,37.6262206133041));
#6147=CARTESIAN_POINT('Ctrl Pts',(-44.0807888658826,9.62409600467475,37.6262206133041));
#6148=CARTESIAN_POINT('Ctrl Pts',(-44.0316421363007,10.1240960046748,37.7148985837348));
#6149=CARTESIAN_POINT('Ctrl Pts',(-44.0316421363007,9.62409600467475,37.7148985837348));
#6150=CARTESIAN_POINT('Ctrl Pts',(-44.0048999946546,10.1240960046748,37.8238889220585));
#6151=CARTESIAN_POINT('Ctrl Pts',(-44.0048999946546,9.62409600467475,37.8238889220585));
#6152=CARTESIAN_POINT('Ctrl Pts',(-43.9981471965441,10.1240960046748,37.9492385470522));
#6153=CARTESIAN_POINT('Ctrl Pts',(-43.9981471965441,9.62409600467475,37.9492385470522));
#6154=CARTESIAN_POINT('Ctrl Pts',(-44.0080936046978,10.1240960046748,38.0868865398413));
#6155=CARTESIAN_POINT('Ctrl Pts',(-44.0080936046978,9.62409600467475,38.0868865398413));
#6156=CARTESIAN_POINT('Ctrl Pts',(-44.0309276460937,10.1240960046748,38.2331021561287));
#6157=CARTESIAN_POINT('Ctrl Pts',(-44.0309276460937,9.62409600467475,38.2331021561287));
#6158=CARTESIAN_POINT('Ctrl Pts',(-44.0627566672631,10.1240960046748,38.3848757991443));
#6159=CARTESIAN_POINT('Ctrl Pts',(-44.0627566672631,9.62409600467475,38.3848757991443));
#6160=CARTESIAN_POINT('Ctrl Pts',(-44.0999953170342,10.1240960046748,38.5402897814411));
#6161=CARTESIAN_POINT('Ctrl Pts',(-44.0999953170342,9.62409600467475,38.5402897814411));
#6162=CARTESIAN_POINT('Ctrl Pts',(-44.1398268902017,10.1240960046748,38.6989774002889));
#6163=CARTESIAN_POINT('Ctrl Pts',(-44.1398268902017,9.62409600467475,38.6989774002889));
#6164=CARTESIAN_POINT('Ctrl Pts',(-44.1804751122559,10.1240960046748,38.8622989242943));
#6165=CARTESIAN_POINT('Ctrl Pts',(-44.1804751122559,9.62409600467475,38.8622989242943));
#6166=CARTESIAN_POINT('Ctrl Pts',(-44.220855200176,10.1240960046748,39.032547576313));
#6167=CARTESIAN_POINT('Ctrl Pts',(-44.220855200176,9.62409600467475,39.032547576313));
#6168=CARTESIAN_POINT('Ctrl Pts',(-44.2603300337048,10.1240960046748,39.2123233306255));
#6169=CARTESIAN_POINT('Ctrl Pts',(-44.2603300337048,9.62409600467475,39.2123233306255));
#6170=CARTESIAN_POINT('Ctrl Pts',(-44.2984197105937,10.1240960046748,39.4038272496622));
#6171=CARTESIAN_POINT('Ctrl Pts',(-44.2984197105937,9.62409600467475,39.4038272496622));
#6172=CARTESIAN_POINT('Ctrl Pts',(-44.3345441502495,10.1240960046748,39.6082214151189));
#6173=CARTESIAN_POINT('Ctrl Pts',(-44.3345441502495,9.62409600467475,39.6082214151189));
#6174=CARTESIAN_POINT('Ctrl Pts',(-44.3677167954169,10.1240960046748,39.8248755158123));
#6175=CARTESIAN_POINT('Ctrl Pts',(-44.3677167954169,9.62409600467475,39.8248755158123));
#6176=CARTESIAN_POINT('Ctrl Pts',(-44.3966663341612,10.1240960046748,40.0516502673515));
#6177=CARTESIAN_POINT('Ctrl Pts',(-44.3966663341612,9.62409600467475,40.0516502673515));
#6178=CARTESIAN_POINT('Ctrl Pts',(-44.4200160805671,10.1240960046748,40.285318216153));
#6179=CARTESIAN_POINT('Ctrl Pts',(-44.4200160805671,9.62409600467475,40.285318216153));
#6180=CARTESIAN_POINT('Ctrl Pts',(-44.4364389810033,10.1240960046748,40.5219322552282));
#6181=CARTESIAN_POINT('Ctrl Pts',(-44.4364389810033,9.62409600467475,40.5219322552282));
#6182=CARTESIAN_POINT('Ctrl Pts',(-44.4448318646974,10.1240960046748,40.7572227998603));
#6183=CARTESIAN_POINT('Ctrl Pts',(-44.4448318646974,9.62409600467475,40.7572227998603));
#6184=CARTESIAN_POINT('Ctrl Pts',(-44.4444606970533,10.1240960046748,40.9869658442741));
#6185=CARTESIAN_POINT('Ctrl Pts',(-44.4444606970533,9.62409600467475,40.9869658442741));
#6186=CARTESIAN_POINT('Ctrl Pts',(-44.435168906668,10.1240960046748,41.2074034804984));
#6187=CARTESIAN_POINT('Ctrl Pts',(-44.435168906668,9.62409600467475,41.2074034804984));
#6188=CARTESIAN_POINT('Ctrl Pts',(-44.4173934895379,10.1240960046748,41.4155121111788));
#6189=CARTESIAN_POINT('Ctrl Pts',(-44.4173934895379,9.62409600467475,41.4155121111788));
#6190=CARTESIAN_POINT('Ctrl Pts',(-44.3917001426522,10.1240960046748,41.608910543288));
#6191=CARTESIAN_POINT('Ctrl Pts',(-44.3917001426522,9.62409600467475,41.608910543288));
#6192=CARTESIAN_POINT('Ctrl Pts',(-44.3584320242689,10.1240960046748,41.7858356092493));
#6193=CARTESIAN_POINT('Ctrl Pts',(-44.3584320242689,9.62409600467475,41.7858356092493));
#6194=CARTESIAN_POINT('Ctrl Pts',(-44.317272302073,10.1240960046748,41.9450978383295));
#6195=CARTESIAN_POINT('Ctrl Pts',(-44.317272302073,9.62409600467475,41.9450978383295));
#6196=CARTESIAN_POINT('Ctrl Pts',(-44.2669377611353,10.1240960046748,42.0860309867847));
#6197=CARTESIAN_POINT('Ctrl Pts',(-44.2669377611353,9.62409600467475,42.0860309867847));
#6198=CARTESIAN_POINT('Ctrl Pts',(-44.2045780278326,10.1240960046748,42.2084824184133));
#6199=CARTESIAN_POINT('Ctrl Pts',(-44.2045780278326,9.62409600467475,42.2084824184133));
#6200=CARTESIAN_POINT('Ctrl Pts',(-44.1264036025208,10.1240960046748,42.3126060628863));
#6201=CARTESIAN_POINT('Ctrl Pts',(-44.1264036025208,9.62409600467475,42.3126060628863));
#6202=CARTESIAN_POINT('Ctrl Pts',(-44.0292175397167,10.1240960046748,42.3984909734826));
#6203=CARTESIAN_POINT('Ctrl Pts',(-44.0292175397167,9.62409600467475,42.3984909734826));
#6204=CARTESIAN_POINT('Ctrl Pts',(-43.9115434095257,10.1240960046748,42.4658863497127));
#6205=CARTESIAN_POINT('Ctrl Pts',(-43.9115434095257,9.62409600467475,42.4658863497127));
#6206=CARTESIAN_POINT('Ctrl Pts',(-43.7752276689852,10.1240960046748,42.5137788589515));
#6207=CARTESIAN_POINT('Ctrl Pts',(-43.7752276689852,9.62409600467475,42.5137788589515));
#6208=CARTESIAN_POINT('Ctrl Pts',(-43.6258589801603,10.1240960046748,42.5403773242704));
#6209=CARTESIAN_POINT('Ctrl Pts',(-43.6258589801603,9.62409600467475,42.5403773242704));
#6210=CARTESIAN_POINT('Ctrl Pts',(-43.4705139286344,10.1240960046748,42.5440382564856));
#6211=CARTESIAN_POINT('Ctrl Pts',(-43.4705139286344,9.62409600467475,42.5440382564856));
#6212=CARTESIAN_POINT('Ctrl Pts',(-43.315907080802,10.1240960046748,42.5240497012225));
#6213=CARTESIAN_POINT('Ctrl Pts',(-43.315907080802,9.62409600467475,42.5240497012225));
#6214=CARTESIAN_POINT('Ctrl Pts',(-43.1666154933742,10.1240960046748,42.4813868478672));
#6215=CARTESIAN_POINT('Ctrl Pts',(-43.1666154933742,9.62409600467475,42.4813868478672));
#6216=CARTESIAN_POINT('Ctrl Pts',(-43.0226858868649,10.1240960046748,42.4196923862634));
#6217=CARTESIAN_POINT('Ctrl Pts',(-43.0226858868649,9.62409600467475,42.4196923862634));
#6218=CARTESIAN_POINT('Ctrl Pts',(-42.8804534374942,10.1240960046748,42.3450830993533));
#6219=CARTESIAN_POINT('Ctrl Pts',(-42.8804534374942,9.62409600467475,42.3450830993533));
#6220=CARTESIAN_POINT('Ctrl Pts',(-42.7349708472522,10.1240960046748,42.2653384819351));
#6221=CARTESIAN_POINT('Ctrl Pts',(-42.7349708472522,9.62409600467475,42.2653384819351));
#6222=CARTESIAN_POINT('Ctrl Pts',(-42.5820501452816,10.1240960046748,42.1892903580368));
#6223=CARTESIAN_POINT('Ctrl Pts',(-42.5820501452816,9.62409600467475,42.1892903580368));
#6224=CARTESIAN_POINT('Ctrl Pts',(-42.4202014437354,10.1240960046748,42.1261158595507));
#6225=CARTESIAN_POINT('Ctrl Pts',(-42.4202014437354,9.62409600467475,42.1261158595507));
#6226=CARTESIAN_POINT('Ctrl Pts',(-42.2532790965449,10.1240960046748,42.0847068450647));
#6227=CARTESIAN_POINT('Ctrl Pts',(-42.2532790965449,9.62409600467475,42.0847068450647));
#6228=CARTESIAN_POINT('Ctrl Pts',(-42.0895589370834,10.1240960046748,42.0728409893983));
#6229=CARTESIAN_POINT('Ctrl Pts',(-42.0895589370834,9.62409600467475,42.0728409893983));
#6230=CARTESIAN_POINT('Ctrl Pts',(-41.9388620154878,10.1240960046748,42.0962781690713));
#6231=CARTESIAN_POINT('Ctrl Pts',(-41.9388620154878,9.62409600467475,42.0962781690713));
#6232=CARTESIAN_POINT('Ctrl Pts',(-41.8102343275455,10.1240960046748,42.1578464950808));
#6233=CARTESIAN_POINT('Ctrl Pts',(-41.8102343275455,9.62409600467475,42.1578464950808));
#6234=CARTESIAN_POINT('Ctrl Pts',(-41.7095108236589,10.1240960046748,42.2566020051566));
#6235=CARTESIAN_POINT('Ctrl Pts',(-41.7095108236589,9.62409600467475,42.2566020051566));
#6236=CARTESIAN_POINT('Ctrl Pts',(-41.6366213129963,10.1240960046748,42.3867655094406));
#6237=CARTESIAN_POINT('Ctrl Pts',(-41.6366213129963,9.62409600467475,42.3867655094406));
#6238=CARTESIAN_POINT('Ctrl Pts',(-41.5872745967489,10.1240960046748,42.5394098678117));
#6239=CARTESIAN_POINT('Ctrl Pts',(-41.5872745967489,9.62409600467475,42.5394098678117));
#6240=CARTESIAN_POINT('Ctrl Pts',(-41.5551693762047,10.1240960046748,42.7044748538517));
#6241=CARTESIAN_POINT('Ctrl Pts',(-41.5551693762047,9.62409600467475,42.7044748538517));
#6242=CARTESIAN_POINT('Ctrl Pts',(-41.5339586196661,10.1240960046748,42.8726072577058));
#6243=CARTESIAN_POINT('Ctrl Pts',(-41.5339586196661,9.62409600467475,42.8726072577058));
#6244=CARTESIAN_POINT('Ctrl Pts',(-41.5194455933556,10.1240960046748,43.0372056613544));
#6245=CARTESIAN_POINT('Ctrl Pts',(-41.5194455933556,9.62409600467475,43.0372056613544));
#6246=CARTESIAN_POINT('Ctrl Pts',(-41.5113099940637,10.1240960046748,43.1959992512186));
#6247=CARTESIAN_POINT('Ctrl Pts',(-41.5113099940637,9.62409600467475,43.1959992512186));
#6248=CARTESIAN_POINT('Ctrl Pts',(-41.5116031778984,10.1240960046748,43.3493357502375));
#6249=CARTESIAN_POINT('Ctrl Pts',(-41.5116031778984,9.62409600467475,43.3493357502375));
#6250=CARTESIAN_POINT('Ctrl Pts',(-41.5235164476955,10.1240960046748,43.4987408910261));
#6251=CARTESIAN_POINT('Ctrl Pts',(-41.5235164476955,9.62409600467475,43.4987408910261));
#6252=CARTESIAN_POINT('Ctrl Pts',(-41.550122070043,10.1240960046748,43.6454702089506));
#6253=CARTESIAN_POINT('Ctrl Pts',(-41.550122070043,9.62409600467475,43.6454702089506));
#6254=CARTESIAN_POINT('Ctrl Pts',(-41.592945810617,10.1240960046748,43.7888390456607));
#6255=CARTESIAN_POINT('Ctrl Pts',(-41.592945810617,9.62409600467475,43.7888390456607));
#6256=CARTESIAN_POINT('Ctrl Pts',(-41.6511865463806,10.1240960046748,43.9253654994051));
#6257=CARTESIAN_POINT('Ctrl Pts',(-41.6511865463806,9.62409600467475,43.9253654994051));
#6258=CARTESIAN_POINT('Ctrl Pts',(-41.7227101588745,10.1240960046748,44.0501211179698));
#6259=CARTESIAN_POINT('Ctrl Pts',(-41.7227101588745,9.62409600467475,44.0501211179698));
#6260=CARTESIAN_POINT('Ctrl Pts',(-41.8047331805814,10.1240960046748,44.1577023092949));
#6261=CARTESIAN_POINT('Ctrl Pts',(-41.8047331805814,9.62409600467475,44.1577023092949));
#6262=CARTESIAN_POINT('Ctrl Pts',(-41.8945800565707,10.1240960046748,44.2432778285703));
#6263=CARTESIAN_POINT('Ctrl Pts',(-41.8945800565707,9.62409600467475,44.2432778285703));
#6264=CARTESIAN_POINT('Ctrl Pts',(-41.9905338789095,10.1240960046748,44.3037927353586));
#6265=CARTESIAN_POINT('Ctrl Pts',(-41.9905338789095,9.62409600467475,44.3037927353586));
#6266=CARTESIAN_POINT('Ctrl Pts',(-42.071519087655,10.1240960046748,44.3309775935229));
#6267=CARTESIAN_POINT('Ctrl Pts',(-42.071519087655,9.62409600467475,44.3309775935229));
#6268=CARTESIAN_POINT('Ctrl Pts',(-42.1345029602612,10.1240960046748,44.3392008225796));
#6269=CARTESIAN_POINT('Ctrl Pts',(-42.1345029602612,9.62409600467475,44.3392008225796));
#6270=CARTESIAN_POINT('Ctrl Pts',(-42.177490433805,10.1240960046748,44.3392777450079));
#6271=CARTESIAN_POINT('Ctrl Pts',(-42.177490433805,9.62409600467475,44.3392777450079));
#6272=CARTESIAN_POINT('Ctrl Pts',(-42.1992336924636,10.1240960046748,44.3379648471501));
#6273=CARTESIAN_POINT('Ctrl Pts',(-42.1992336924636,9.62409600467475,44.3379648471501));
#6274=CARTESIAN_POINT('',(-42.1992336924636,10.1240960046748,44.3379648471501));
#6275=CARTESIAN_POINT('Ctrl Pts',(-46.6521671198442,10.1240960046748,42.8228790676003));
#6276=CARTESIAN_POINT('Ctrl Pts',(-46.6208898383654,10.1240960046748,42.8854447606572));
#6277=CARTESIAN_POINT('Ctrl Pts',(-46.5609541336287,10.1240960046748,43.0034180752288));
#6278=CARTESIAN_POINT('Ctrl Pts',(-46.4789071368068,10.1240960046748,43.1589038488362));
#6279=CARTESIAN_POINT('Ctrl Pts',(-46.3852265006065,10.1240960046748,43.3232638968168));
#6280=CARTESIAN_POINT('Ctrl Pts',(-46.293948805355,10.1240960046748,43.4576211297722));
#6281=CARTESIAN_POINT('Ctrl Pts',(-46.2273677199297,10.1240960046748,43.5224340475352));
#6282=CARTESIAN_POINT('Ctrl Pts',(-46.1832098241419,10.1240960046748,43.5208484035408));
#6283=CARTESIAN_POINT('Ctrl Pts',(-46.1576798103908,10.1240960046748,43.4581371629688));
#6284=CARTESIAN_POINT('Ctrl Pts',(-46.1450436097438,10.1240960046748,43.3422773408903));
#6285=CARTESIAN_POINT('Ctrl Pts',(-46.1386496598411,10.1240960046748,43.1830796147678));
#6286=CARTESIAN_POINT('Ctrl Pts',(-46.1320529872909,10.1240960046748,42.9912410151722));
#6287=CARTESIAN_POINT('Ctrl Pts',(-46.1200071959333,10.1240960046748,42.7774708164396));
#6288=CARTESIAN_POINT('Ctrl Pts',(-46.099738064833,10.1240960046748,42.5514798142554));
#6289=CARTESIAN_POINT('Ctrl Pts',(-46.0712582472489,10.1240960046748,42.3214221300169));
#6290=CARTESIAN_POINT('Ctrl Pts',(-46.0365153917095,10.1240960046748,42.093882908999));
#6291=CARTESIAN_POINT('Ctrl Pts',(-45.9988400840258,10.1240960046748,41.8737272742689));
#6292=CARTESIAN_POINT('Ctrl Pts',(-45.9622707889741,10.1240960046748,41.6640020153417));
#6293=CARTESIAN_POINT('Ctrl Pts',(-45.9309367573887,10.1240960046748,41.4658198126579));
#6294=CARTESIAN_POINT('Ctrl Pts',(-45.9084047866151,10.1240960046748,41.2782352653199));
#6295=CARTESIAN_POINT('Ctrl Pts',(-45.8970734287428,10.1240960046748,41.0981653912609));
#6296=CARTESIAN_POINT('Ctrl Pts',(-45.8982561207764,10.1240960046748,40.9213188161671));
#6297=CARTESIAN_POINT('Ctrl Pts',(-45.9122359737842,10.1240960046748,40.7430545954747));
#6298=CARTESIAN_POINT('Ctrl Pts',(-45.9383245949908,10.1240960046748,40.559310142725));
#6299=CARTESIAN_POINT('Ctrl Pts',(-45.9749322153534,10.1240960046748,40.3674021352229));
#6300=CARTESIAN_POINT('Ctrl Pts',(-46.0195985660482,10.1240960046748,40.1671260661402));
#6301=CARTESIAN_POINT('Ctrl Pts',(-46.0691862520423,10.1240960046748,39.9606836479648));
#6302=CARTESIAN_POINT('Ctrl Pts',(-46.1202082614616,10.1240960046748,39.7516795516961));
#6303=CARTESIAN_POINT('Ctrl Pts',(-46.1691083571152,10.1240960046748,39.5444050698217));
#6304=CARTESIAN_POINT('Ctrl Pts',(-46.2125787244199,10.1240960046748,39.342964354926));
#6305=CARTESIAN_POINT('Ctrl Pts',(-46.2478201489983,10.1240960046748,39.1505606696305));
#6306=CARTESIAN_POINT('Ctrl Pts',(-46.2729293897421,10.1240960046748,38.9684859527971));
#6307=CARTESIAN_POINT('Ctrl Pts',(-46.2868454031461,10.1240960046748,38.7961005310139));
#6308=CARTESIAN_POINT('Ctrl Pts',(-46.2888171506815,10.1240960046748,38.6318948734025));
#6309=CARTESIAN_POINT('Ctrl Pts',(-46.2779690871407,10.1240960046748,38.4743059882106));
#6310=CARTESIAN_POINT('Ctrl Pts',(-46.2528865463415,10.1240960046748,38.32255234808));
#6311=CARTESIAN_POINT('Ctrl Pts',(-46.2110498738445,10.1240960046748,38.17765512375));
#6312=CARTESIAN_POINT('Ctrl Pts',(-46.1487947243999,10.1240960046748,38.0427512369769));
#6313=CARTESIAN_POINT('Ctrl Pts',(-46.0624914690109,10.1240960046748,37.9217327958035));
#6314=CARTESIAN_POINT('Ctrl Pts',(-45.9495347228805,10.1240960046748,37.8181591354951));
#6315=CARTESIAN_POINT('Ctrl Pts',(-45.8092980012522,10.1240960046748,37.734189754228));
#6316=CARTESIAN_POINT('Ctrl Pts',(-45.6443817423729,10.1240960046748,37.669183769958));
#6317=CARTESIAN_POINT('Ctrl Pts',(-45.4602787684577,10.1240960046748,37.620142263764));
#6318=CARTESIAN_POINT('Ctrl Pts',(-45.264271384292,10.1240960046748,37.5830455338306));
#6319=CARTESIAN_POINT('Ctrl Pts',(-45.0645684483764,10.1240960046748,37.5539170391441));
#6320=CARTESIAN_POINT('Ctrl Pts',(-44.869353900786,10.1240960046748,37.5299757051076));
#6321=CARTESIAN_POINT('Ctrl Pts',(-44.6858485850265,10.1240960046748,37.5108099657155));
#6322=CARTESIAN_POINT('Ctrl Pts',(-44.5194367641977,10.1240960046748,37.4993767085424));
#6323=CARTESIAN_POINT('Ctrl Pts',(-44.3739159631796,10.1240960046748,37.5005001400892));
#6324=CARTESIAN_POINT('Ctrl Pts',(-44.2516780173415,10.1240960046748,37.5194718434567));
#6325=CARTESIAN_POINT('Ctrl Pts',(-44.1539067605169,10.1240960046748,37.5607286763852));
#6326=CARTESIAN_POINT('Ctrl Pts',(-44.0807888658826,10.1240960046748,37.6262206133041));
#6327=CARTESIAN_POINT('Ctrl Pts',(-44.0316421363007,10.1240960046748,37.7148985837348));
#6328=CARTESIAN_POINT('Ctrl Pts',(-44.0048999946546,10.1240960046748,37.8238889220585));
#6329=CARTESIAN_POINT('Ctrl Pts',(-43.9981471965441,10.1240960046748,37.9492385470522));
#6330=CARTESIAN_POINT('Ctrl Pts',(-44.0080936046978,10.1240960046748,38.0868865398413));
#6331=CARTESIAN_POINT('Ctrl Pts',(-44.0309276460937,10.1240960046748,38.2331021561287));
#6332=CARTESIAN_POINT('Ctrl Pts',(-44.0627566672631,10.1240960046748,38.3848757991443));
#6333=CARTESIAN_POINT('Ctrl Pts',(-44.0999953170342,10.1240960046748,38.5402897814411));
#6334=CARTESIAN_POINT('Ctrl Pts',(-44.1398268902017,10.1240960046748,38.6989774002889));
#6335=CARTESIAN_POINT('Ctrl Pts',(-44.1804751122559,10.1240960046748,38.8622989242943));
#6336=CARTESIAN_POINT('Ctrl Pts',(-44.220855200176,10.1240960046748,39.032547576313));
#6337=CARTESIAN_POINT('Ctrl Pts',(-44.2603300337048,10.1240960046748,39.2123233306255));
#6338=CARTESIAN_POINT('Ctrl Pts',(-44.2984197105937,10.1240960046748,39.4038272496622));
#6339=CARTESIAN_POINT('Ctrl Pts',(-44.3345441502495,10.1240960046748,39.6082214151189));
#6340=CARTESIAN_POINT('Ctrl Pts',(-44.3677167954169,10.1240960046748,39.8248755158123));
#6341=CARTESIAN_POINT('Ctrl Pts',(-44.3966663341612,10.1240960046748,40.0516502673515));
#6342=CARTESIAN_POINT('Ctrl Pts',(-44.4200160805671,10.1240960046748,40.285318216153));
#6343=CARTESIAN_POINT('Ctrl Pts',(-44.4364389810033,10.1240960046748,40.5219322552282));
#6344=CARTESIAN_POINT('Ctrl Pts',(-44.4448318646974,10.1240960046748,40.7572227998603));
#6345=CARTESIAN_POINT('Ctrl Pts',(-44.4444606970533,10.1240960046748,40.9869658442741));
#6346=CARTESIAN_POINT('Ctrl Pts',(-44.435168906668,10.1240960046748,41.2074034804984));
#6347=CARTESIAN_POINT('Ctrl Pts',(-44.4173934895379,10.1240960046748,41.4155121111788));
#6348=CARTESIAN_POINT('Ctrl Pts',(-44.3917001426522,10.1240960046748,41.608910543288));
#6349=CARTESIAN_POINT('Ctrl Pts',(-44.3584320242689,10.1240960046748,41.7858356092493));
#6350=CARTESIAN_POINT('Ctrl Pts',(-44.317272302073,10.1240960046748,41.9450978383295));
#6351=CARTESIAN_POINT('Ctrl Pts',(-44.2669377611353,10.1240960046748,42.0860309867847));
#6352=CARTESIAN_POINT('Ctrl Pts',(-44.2045780278326,10.1240960046748,42.2084824184133));
#6353=CARTESIAN_POINT('Ctrl Pts',(-44.1264036025208,10.1240960046748,42.3126060628863));
#6354=CARTESIAN_POINT('Ctrl Pts',(-44.0292175397167,10.1240960046748,42.3984909734826));
#6355=CARTESIAN_POINT('Ctrl Pts',(-43.9115434095257,10.1240960046748,42.4658863497127));
#6356=CARTESIAN_POINT('Ctrl Pts',(-43.7752276689852,10.1240960046748,42.5137788589515));
#6357=CARTESIAN_POINT('Ctrl Pts',(-43.6258589801603,10.1240960046748,42.5403773242704));
#6358=CARTESIAN_POINT('Ctrl Pts',(-43.4705139286344,10.1240960046748,42.5440382564856));
#6359=CARTESIAN_POINT('Ctrl Pts',(-43.315907080802,10.1240960046748,42.5240497012225));
#6360=CARTESIAN_POINT('Ctrl Pts',(-43.1666154933742,10.1240960046748,42.4813868478672));
#6361=CARTESIAN_POINT('Ctrl Pts',(-43.0226858868649,10.1240960046748,42.4196923862634));
#6362=CARTESIAN_POINT('Ctrl Pts',(-42.8804534374942,10.1240960046748,42.3450830993533));
#6363=CARTESIAN_POINT('Ctrl Pts',(-42.7349708472522,10.1240960046748,42.2653384819351));
#6364=CARTESIAN_POINT('Ctrl Pts',(-42.5820501452816,10.1240960046748,42.1892903580368));
#6365=CARTESIAN_POINT('Ctrl Pts',(-42.4202014437354,10.1240960046748,42.1261158595507));
#6366=CARTESIAN_POINT('Ctrl Pts',(-42.2532790965449,10.1240960046748,42.0847068450647));
#6367=CARTESIAN_POINT('Ctrl Pts',(-42.0895589370834,10.1240960046748,42.0728409893983));
#6368=CARTESIAN_POINT('Ctrl Pts',(-41.9388620154878,10.1240960046748,42.0962781690713));
#6369=CARTESIAN_POINT('Ctrl Pts',(-41.8102343275455,10.1240960046748,42.1578464950808));
#6370=CARTESIAN_POINT('Ctrl Pts',(-41.7095108236589,10.1240960046748,42.2566020051566));
#6371=CARTESIAN_POINT('Ctrl Pts',(-41.6366213129963,10.1240960046748,42.3867655094406));
#6372=CARTESIAN_POINT('Ctrl Pts',(-41.5872745967489,10.1240960046748,42.5394098678117));
#6373=CARTESIAN_POINT('Ctrl Pts',(-41.5551693762047,10.1240960046748,42.7044748538517));
#6374=CARTESIAN_POINT('Ctrl Pts',(-41.5339586196661,10.1240960046748,42.8726072577058));
#6375=CARTESIAN_POINT('Ctrl Pts',(-41.5194455933556,10.1240960046748,43.0372056613544));
#6376=CARTESIAN_POINT('Ctrl Pts',(-41.5113099940637,10.1240960046748,43.1959992512186));
#6377=CARTESIAN_POINT('Ctrl Pts',(-41.5116031778984,10.1240960046748,43.3493357502375));
#6378=CARTESIAN_POINT('Ctrl Pts',(-41.5235164476955,10.1240960046748,43.4987408910261));
#6379=CARTESIAN_POINT('Ctrl Pts',(-41.550122070043,10.1240960046748,43.6454702089506));
#6380=CARTESIAN_POINT('Ctrl Pts',(-41.592945810617,10.1240960046748,43.7888390456607));
#6381=CARTESIAN_POINT('Ctrl Pts',(-41.6511865463806,10.1240960046748,43.9253654994051));
#6382=CARTESIAN_POINT('Ctrl Pts',(-41.7227101588745,10.1240960046748,44.0501211179698));
#6383=CARTESIAN_POINT('Ctrl Pts',(-41.8047331805814,10.1240960046748,44.1577023092949));
#6384=CARTESIAN_POINT('Ctrl Pts',(-41.8945800565707,10.1240960046748,44.2432778285703));
#6385=CARTESIAN_POINT('Ctrl Pts',(-41.9905338789095,10.1240960046748,44.3037927353586));
#6386=CARTESIAN_POINT('Ctrl Pts',(-42.071519087655,10.1240960046748,44.3309775935229));
#6387=CARTESIAN_POINT('Ctrl Pts',(-42.1345029602612,10.1240960046748,44.3392008225796));
#6388=CARTESIAN_POINT('Ctrl Pts',(-42.177490433805,10.1240960046748,44.3392777450079));
#6389=CARTESIAN_POINT('Ctrl Pts',(-42.1992336924636,10.1240960046748,44.3379648471501));
#6390=CARTESIAN_POINT('',(-42.1992336924636,10.1240960046748,44.3379648471501));
#6391=CARTESIAN_POINT('Origin',(-42.1992336924636,10.1240960046748,44.3379648471501));
#6392=CARTESIAN_POINT('',(-44.3307326316363,10.1240960046748,44.3634674097746));
#6393=CARTESIAN_POINT('',(-20.5825968118639,10.1240960046748,44.0793301250551));
#6394=CARTESIAN_POINT('',(-44.3307326316363,10.1240960046748,44.3634674097746));
#6395=CARTESIAN_POINT('Ctrl Pts',(-44.3307326316363,10.1240960046748,44.3634674097746));
#6396=CARTESIAN_POINT('Ctrl Pts',(-44.3307326316363,9.62409600467475,44.3634674097746));
#6397=CARTESIAN_POINT('Ctrl Pts',(-44.3718295799382,10.1240960046748,44.3642375840914));
#6398=CARTESIAN_POINT('Ctrl Pts',(-44.3718295799382,9.62409600467475,44.3642375840914));
#6399=CARTESIAN_POINT('Ctrl Pts',(-44.453005446843,10.1240960046748,44.3654484591651));
#6400=CARTESIAN_POINT('Ctrl Pts',(-44.453005446843,9.62409600467475,44.3654484591651));
#6401=CARTESIAN_POINT('Ctrl Pts',(-44.5717153333275,10.1240960046748,44.3662764078057));
#6402=CARTESIAN_POINT('Ctrl Pts',(-44.5717153333275,9.62409600467475,44.3662764078057));
#6403=CARTESIAN_POINT('Ctrl Pts',(-44.7237853536052,10.1240960046748,44.3653706000623));
#6404=CARTESIAN_POINT('Ctrl Pts',(-44.7237853536052,9.62409600467475,44.3653706000623));
#6405=CARTESIAN_POINT('Ctrl Pts',(-44.9028026103765,10.1240960046748,44.3606555757559));
#6406=CARTESIAN_POINT('Ctrl Pts',(-44.9028026103765,9.62409600467475,44.3606555757559));
#6407=CARTESIAN_POINT('Ctrl Pts',(-45.0696932380948,10.1240960046748,44.3520159079487));
#6408=CARTESIAN_POINT('Ctrl Pts',(-45.0696932380948,9.62409600467475,44.3520159079487));
#6409=CARTESIAN_POINT('Ctrl Pts',(-45.2233576449043,10.1240960046748,44.3390957264302));
#6410=CARTESIAN_POINT('Ctrl Pts',(-45.2233576449043,9.62409600467475,44.3390957264302));
#6411=CARTESIAN_POINT('Ctrl Pts',(-45.3630093965231,10.1240960046748,44.3216405108234));
#6412=CARTESIAN_POINT('Ctrl Pts',(-45.3630093965231,9.62409600467475,44.3216405108234));
#6413=CARTESIAN_POINT('Ctrl Pts',(-45.488929635892,10.1240960046748,44.2997412497943));
#6414=CARTESIAN_POINT('Ctrl Pts',(-45.488929635892,9.62409600467475,44.2997412497943));
#6415=CARTESIAN_POINT('Ctrl Pts',(-45.602043515192,10.1240960046748,44.2736973581647));
#6416=CARTESIAN_POINT('Ctrl Pts',(-45.602043515192,9.62409600467475,44.2736973581647));
#6417=CARTESIAN_POINT('Ctrl Pts',(-45.6830731263011,10.1240960046748,44.2498001420894));
#6418=CARTESIAN_POINT('Ctrl Pts',(-45.6830731263011,9.62409600467475,44.2498001420894));
#6419=CARTESIAN_POINT('Ctrl Pts',(-45.7388532198963,10.1240960046748,44.2302615897257));
#6420=CARTESIAN_POINT('Ctrl Pts',(-45.7388532198963,9.62409600467475,44.2302615897257));
#6421=CARTESIAN_POINT('Ctrl Pts',(-45.7738570898471,10.1240960046748,44.2165294309961));
#6422=CARTESIAN_POINT('Ctrl Pts',(-45.7738570898471,9.62409600467475,44.2165294309961));
#6423=CARTESIAN_POINT('Ctrl Pts',(-45.7908133131085,10.1240960046748,44.2094867383346));
#6424=CARTESIAN_POINT('Ctrl Pts',(-45.7908133131085,9.62409600467475,44.2094867383346));
#6425=CARTESIAN_POINT('',(-45.7908133131085,10.1240960046748,44.2094867383346));
#6426=CARTESIAN_POINT('Ctrl Pts',(-44.3307326316363,10.1240960046748,44.3634674097746));
#6427=CARTESIAN_POINT('Ctrl Pts',(-44.3718295799382,10.1240960046748,44.3642375840914));
#6428=CARTESIAN_POINT('Ctrl Pts',(-44.453005446843,10.1240960046748,44.3654484591651));
#6429=CARTESIAN_POINT('Ctrl Pts',(-44.5717153333275,10.1240960046748,44.3662764078057));
#6430=CARTESIAN_POINT('Ctrl Pts',(-44.7237853536052,10.1240960046748,44.3653706000623));
#6431=CARTESIAN_POINT('Ctrl Pts',(-44.9028026103765,10.1240960046748,44.3606555757559));
#6432=CARTESIAN_POINT('Ctrl Pts',(-45.0696932380948,10.1240960046748,44.3520159079487));
#6433=CARTESIAN_POINT('Ctrl Pts',(-45.2233576449043,10.1240960046748,44.3390957264302));
#6434=CARTESIAN_POINT('Ctrl Pts',(-45.3630093965231,10.1240960046748,44.3216405108234));
#6435=CARTESIAN_POINT('Ctrl Pts',(-45.488929635892,10.1240960046748,44.2997412497943));
#6436=CARTESIAN_POINT('Ctrl Pts',(-45.602043515192,10.1240960046748,44.2736973581647));
#6437=CARTESIAN_POINT('Ctrl Pts',(-45.6830731263011,10.1240960046748,44.2498001420894));
#6438=CARTESIAN_POINT('Ctrl Pts',(-45.7388532198963,10.1240960046748,44.2302615897257));
#6439=CARTESIAN_POINT('Ctrl Pts',(-45.7738570898471,10.1240960046748,44.2165294309961));
#6440=CARTESIAN_POINT('Ctrl Pts',(-45.7908133131085,10.1240960046748,44.2094867383346));
#6441=CARTESIAN_POINT('',(-45.7908133131085,10.1240960046748,44.2094867383346));
#6442=CARTESIAN_POINT('Ctrl Pts',(-45.7908133131085,10.1240960046748,44.2094867383346));
#6443=CARTESIAN_POINT('Ctrl Pts',(-45.7908133131085,9.62409600467475,44.2094867383346));
#6444=CARTESIAN_POINT('Ctrl Pts',(-45.7932733917855,10.1240960046748,44.224778621921));
#6445=CARTESIAN_POINT('Ctrl Pts',(-45.7932733917855,9.62409600467475,44.224778621921));
#6446=CARTESIAN_POINT('Ctrl Pts',(-45.802062238695,10.1240960046748,44.2559877656687));
#6447=CARTESIAN_POINT('Ctrl Pts',(-45.802062238695,9.62409600467475,44.2559877656687));
#6448=CARTESIAN_POINT('Ctrl Pts',(-45.8268519209411,10.1240960046748,44.3046778794325));
#6449=CARTESIAN_POINT('Ctrl Pts',(-45.8268519209411,9.62409600467475,44.3046778794325));
#6450=CARTESIAN_POINT('Ctrl Pts',(-45.8831567202716,10.1240960046748,44.3733553033321));
#6451=CARTESIAN_POINT('Ctrl Pts',(-45.8831567202716,9.62409600467475,44.3733553033321));
#6452=CARTESIAN_POINT('Ctrl Pts',(-45.9918545254852,10.1240960046748,44.4650106073952));
#6453=CARTESIAN_POINT('Ctrl Pts',(-45.9918545254852,9.62409600467475,44.4650106073952));
#6454=CARTESIAN_POINT('Ctrl Pts',(-46.1370744124359,10.1240960046748,44.5609986283994));
#6455=CARTESIAN_POINT('Ctrl Pts',(-46.1370744124359,9.62409600467475,44.5609986283994));
#6456=CARTESIAN_POINT('Ctrl Pts',(-46.314988934463,10.1240960046748,44.658383946337));
#6457=CARTESIAN_POINT('Ctrl Pts',(-46.314988934463,9.62409600467475,44.658383946337));
#6458=CARTESIAN_POINT('Ctrl Pts',(-46.518661803856,10.1240960046748,44.7520273865755));
#6459=CARTESIAN_POINT('Ctrl Pts',(-46.518661803856,9.62409600467475,44.7520273865755));
#6460=CARTESIAN_POINT('Ctrl Pts',(-46.7385519520564,10.1240960046748,44.8350701502557));
#6461=CARTESIAN_POINT('Ctrl Pts',(-46.7385519520564,9.62409600467475,44.8350701502557));
#6462=CARTESIAN_POINT('Ctrl Pts',(-46.9640658845929,10.1240960046748,44.900235512224));
#6463=CARTESIAN_POINT('Ctrl Pts',(-46.9640658845929,9.62409600467475,44.900235512224));
#6464=CARTESIAN_POINT('Ctrl Pts',(-47.1847797094242,10.1240960046748,44.940879260119));
#6465=CARTESIAN_POINT('Ctrl Pts',(-47.1847797094242,9.62409600467475,44.940879260119));
#6466=CARTESIAN_POINT('Ctrl Pts',(-47.3918034470032,10.1240960046748,44.9521591908224));
#6467=CARTESIAN_POINT('Ctrl Pts',(-47.3918034470032,9.62409600467475,44.9521591908224));
#6468=CARTESIAN_POINT('Ctrl Pts',(-47.5790716859365,10.1240960046748,44.932147633391));
#6469=CARTESIAN_POINT('Ctrl Pts',(-47.5790716859365,9.62409600467475,44.932147633391));
#6470=CARTESIAN_POINT('Ctrl Pts',(-47.7447471847694,10.1240960046748,44.883055927755));
#6471=CARTESIAN_POINT('Ctrl Pts',(-47.7447471847694,9.62409600467475,44.883055927755));
#6472=CARTESIAN_POINT('Ctrl Pts',(-47.8899302382847,10.1240960046748,44.8096524496466));
#6473=CARTESIAN_POINT('Ctrl Pts',(-47.8899302382847,9.62409600467475,44.8096524496466));
#6474=CARTESIAN_POINT('Ctrl Pts',(-48.0172907309858,10.1240960046748,44.7175883699699));
#6475=CARTESIAN_POINT('Ctrl Pts',(-48.0172907309858,9.62409600467475,44.7175883699699));
#6476=CARTESIAN_POINT('Ctrl Pts',(-48.1297865786856,10.1240960046748,44.6118304799242));
#6477=CARTESIAN_POINT('Ctrl Pts',(-48.1297865786856,9.62409600467475,44.6118304799242));
#6478=CARTESIAN_POINT('Ctrl Pts',(-48.2292631419086,10.1240960046748,44.4949168032662));
#6479=CARTESIAN_POINT('Ctrl Pts',(-48.2292631419086,9.62409600467475,44.4949168032662));
#6480=CARTESIAN_POINT('Ctrl Pts',(-48.3153689810348,10.1240960046748,44.365668774723));
#6481=CARTESIAN_POINT('Ctrl Pts',(-48.3153689810348,9.62409600467475,44.365668774723));
#6482=CARTESIAN_POINT('Ctrl Pts',(-48.3866111371841,10.1240960046748,44.2210201420181));
#6483=CARTESIAN_POINT('Ctrl Pts',(-48.3866111371841,9.62409600467475,44.2210201420181));
#6484=CARTESIAN_POINT('Ctrl Pts',(-48.4412169113845,10.1240960046748,44.057572076952));
#6485=CARTESIAN_POINT('Ctrl Pts',(-48.4412169113845,9.62409600467475,44.057572076952));
#6486=CARTESIAN_POINT('Ctrl Pts',(-48.4780054014519,10.1240960046748,43.8731353588766));
#6487=CARTESIAN_POINT('Ctrl Pts',(-48.4780054014519,9.62409600467475,43.8731353588766));
#6488=CARTESIAN_POINT('Ctrl Pts',(-48.4974120815615,10.1240960046748,43.6685613755479));
#6489=CARTESIAN_POINT('Ctrl Pts',(-48.4974120815615,9.62409600467475,43.6685613755479));
#6490=CARTESIAN_POINT('Ctrl Pts',(-48.5019655272439,10.1240960046748,43.4485743205861));
#6491=CARTESIAN_POINT('Ctrl Pts',(-48.5019655272439,9.62409600467475,43.4485743205861));
#6492=CARTESIAN_POINT('Ctrl Pts',(-48.4954555393599,10.1240960046748,43.2202335871586));
#6493=CARTESIAN_POINT('Ctrl Pts',(-48.4954555393599,9.62409600467475,43.2202335871586));
#6494=CARTESIAN_POINT('Ctrl Pts',(-48.4823882438502,10.1240960046748,42.9919144399724));
#6495=CARTESIAN_POINT('Ctrl Pts',(-48.4823882438502,9.62409600467475,42.9919144399724));
#6496=CARTESIAN_POINT('Ctrl Pts',(-48.4673146854279,10.1240960046748,42.7720560384814));
#6497=CARTESIAN_POINT('Ctrl Pts',(-48.4673146854279,9.62409600467475,42.7720560384814));
#6498=CARTESIAN_POINT('Ctrl Pts',(-48.4542663660905,10.1240960046748,42.5681062703744));
#6499=CARTESIAN_POINT('Ctrl Pts',(-48.4542663660905,9.62409600467475,42.5681062703744));
#6500=CARTESIAN_POINT('Ctrl Pts',(-48.4460166960989,10.1240960046748,42.3851360422147));
#6501=CARTESIAN_POINT('Ctrl Pts',(-48.4460166960989,9.62409600467475,42.3851360422147));
#6502=CARTESIAN_POINT('Ctrl Pts',(-48.4441540573423,10.1240960046748,42.2259913134699));
#6503=CARTESIAN_POINT('Ctrl Pts',(-48.4441540573423,9.62409600467475,42.2259913134699));
#6504=CARTESIAN_POINT('Ctrl Pts',(-48.4483929056831,10.1240960046748,42.1188053324331));
#6505=CARTESIAN_POINT('Ctrl Pts',(-48.4483929056831,9.62409600467475,42.1188053324331));
#6506=CARTESIAN_POINT('Ctrl Pts',(-48.4548960460103,10.1240960046748,42.0498926304717));
#6507=CARTESIAN_POINT('Ctrl Pts',(-48.4548960460103,9.62409600467475,42.0498926304717));
#6508=CARTESIAN_POINT('Ctrl Pts',(-48.4607064035389,10.1240960046748,42.0090429036497));
#6509=CARTESIAN_POINT('Ctrl Pts',(-48.4607064035389,9.62409600467475,42.0090429036497));
#6510=CARTESIAN_POINT('Ctrl Pts',(-48.4639802995297,10.1240960046748,41.9898910297655));
#6511=CARTESIAN_POINT('Ctrl Pts',(-48.4639802995297,9.62409600467475,41.9898910297655));
#6512=CARTESIAN_POINT('',(-48.4639802995297,10.1240960046748,41.9898910297655));
#6513=CARTESIAN_POINT('Ctrl Pts',(-45.7908133131085,10.1240960046748,44.2094867383346));
#6514=CARTESIAN_POINT('Ctrl Pts',(-45.7932733917855,10.1240960046748,44.224778621921));
#6515=CARTESIAN_POINT('Ctrl Pts',(-45.802062238695,10.1240960046748,44.2559877656687));
#6516=CARTESIAN_POINT('Ctrl Pts',(-45.8268519209411,10.1240960046748,44.3046778794325));
#6517=CARTESIAN_POINT('Ctrl Pts',(-45.8831567202716,10.1240960046748,44.3733553033321));
#6518=CARTESIAN_POINT('Ctrl Pts',(-45.9918545254852,10.1240960046748,44.4650106073952));
#6519=CARTESIAN_POINT('Ctrl Pts',(-46.1370744124359,10.1240960046748,44.5609986283994));
#6520=CARTESIAN_POINT('Ctrl Pts',(-46.314988934463,10.1240960046748,44.658383946337));
#6521=CARTESIAN_POINT('Ctrl Pts',(-46.518661803856,10.1240960046748,44.7520273865755));
#6522=CARTESIAN_POINT('Ctrl Pts',(-46.7385519520564,10.1240960046748,44.8350701502557));
#6523=CARTESIAN_POINT('Ctrl Pts',(-46.9640658845929,10.1240960046748,44.900235512224));
#6524=CARTESIAN_POINT('Ctrl Pts',(-47.1847797094242,10.1240960046748,44.940879260119));
#6525=CARTESIAN_POINT('Ctrl Pts',(-47.3918034470032,10.1240960046748,44.9521591908224));
#6526=CARTESIAN_POINT('Ctrl Pts',(-47.5790716859365,10.1240960046748,44.932147633391));
#6527=CARTESIAN_POINT('Ctrl Pts',(-47.7447471847694,10.1240960046748,44.883055927755));
#6528=CARTESIAN_POINT('Ctrl Pts',(-47.8899302382847,10.1240960046748,44.8096524496466));
#6529=CARTESIAN_POINT('Ctrl Pts',(-48.0172907309858,10.1240960046748,44.7175883699699));
#6530=CARTESIAN_POINT('Ctrl Pts',(-48.1297865786856,10.1240960046748,44.6118304799242));
#6531=CARTESIAN_POINT('Ctrl Pts',(-48.2292631419086,10.1240960046748,44.4949168032662));
#6532=CARTESIAN_POINT('Ctrl Pts',(-48.3153689810348,10.1240960046748,44.365668774723));
#6533=CARTESIAN_POINT('Ctrl Pts',(-48.3866111371841,10.1240960046748,44.2210201420181));
#6534=CARTESIAN_POINT('Ctrl Pts',(-48.4412169113845,10.1240960046748,44.057572076952));
#6535=CARTESIAN_POINT('Ctrl Pts',(-48.4780054014519,10.1240960046748,43.8731353588766));
#6536=CARTESIAN_POINT('Ctrl Pts',(-48.4974120815615,10.1240960046748,43.6685613755479));
#6537=CARTESIAN_POINT('Ctrl Pts',(-48.5019655272439,10.1240960046748,43.4485743205861));
#6538=CARTESIAN_POINT('Ctrl Pts',(-48.4954555393599,10.1240960046748,43.2202335871586));
#6539=CARTESIAN_POINT('Ctrl Pts',(-48.4823882438502,10.1240960046748,42.9919144399724));
#6540=CARTESIAN_POINT('Ctrl Pts',(-48.4673146854279,10.1240960046748,42.7720560384814));
#6541=CARTESIAN_POINT('Ctrl Pts',(-48.4542663660905,10.1240960046748,42.5681062703744));
#6542=CARTESIAN_POINT('Ctrl Pts',(-48.4460166960989,10.1240960046748,42.3851360422147));
#6543=CARTESIAN_POINT('Ctrl Pts',(-48.4441540573423,10.1240960046748,42.2259913134699));
#6544=CARTESIAN_POINT('Ctrl Pts',(-48.4483929056831,10.1240960046748,42.1188053324331));
#6545=CARTESIAN_POINT('Ctrl Pts',(-48.4548960460103,10.1240960046748,42.0498926304717));
#6546=CARTESIAN_POINT('Ctrl Pts',(-48.4607064035389,10.1240960046748,42.0090429036497));
#6547=CARTESIAN_POINT('Ctrl Pts',(-48.4639802995297,10.1240960046748,41.9898910297655));
#6548=CARTESIAN_POINT('',(-48.4639802995297,10.1240960046748,41.9898910297655));
#6549=CARTESIAN_POINT('Ctrl Pts',(-48.4639802995297,10.1240960046748,41.9898910297655));
#6550=CARTESIAN_POINT('Ctrl Pts',(-48.4639802995297,9.62409600467475,41.9898910297655));
#6551=CARTESIAN_POINT('Ctrl Pts',(-48.4770663285907,10.1240960046748,41.9881637588799));
#6552=CARTESIAN_POINT('Ctrl Pts',(-48.4770663285907,9.62409600467475,41.9881637588799));
#6553=CARTESIAN_POINT('Ctrl Pts',(-48.5027015073847,10.1240960046748,41.9850204484587));
#6554=CARTESIAN_POINT('Ctrl Pts',(-48.5027015073847,9.62409600467475,41.9850204484587));
#6555=CARTESIAN_POINT('Ctrl Pts',(-48.5395437106747,10.1240960046748,41.9812391345101));
#6556=CARTESIAN_POINT('Ctrl Pts',(-48.5395437106747,9.62409600467475,41.9812391345101));
#6557=CARTESIAN_POINT('Ctrl Pts',(-48.5853918928592,10.1240960046748,41.9780957730222));
#6558=CARTESIAN_POINT('Ctrl Pts',(-48.5853918928592,9.62409600467475,41.9780957730222));
#6559=CARTESIAN_POINT('Ctrl Pts',(-48.6368692272921,10.1240960046748,41.9775479255138));
#6560=CARTESIAN_POINT('Ctrl Pts',(-48.6368692272921,9.62409600467475,41.9775479255138));
#6561=CARTESIAN_POINT('Ctrl Pts',(-48.6819750463627,10.1240960046748,41.9806936739731));
#6562=CARTESIAN_POINT('Ctrl Pts',(-48.6819750463627,9.62409600467475,41.9806936739731));
#6563=CARTESIAN_POINT('Ctrl Pts',(-48.7201616875421,10.1240960046748,41.9878505008127));
#6564=CARTESIAN_POINT('Ctrl Pts',(-48.7201616875421,9.62409600467475,41.9878505008127));
#6565=CARTESIAN_POINT('Ctrl Pts',(-48.7510812263901,10.1240960046748,41.9992200993812));
#6566=CARTESIAN_POINT('Ctrl Pts',(-48.7510812263901,9.62409600467475,41.9992200993812));
#6567=CARTESIAN_POINT('Ctrl Pts',(-48.7749557399419,10.1240960046748,42.0146737306215));
#6568=CARTESIAN_POINT('Ctrl Pts',(-48.7749557399419,9.62409600467475,42.0146737306215));
#6569=CARTESIAN_POINT('Ctrl Pts',(-48.7922901156307,10.1240960046748,42.0339187090231));
#6570=CARTESIAN_POINT('Ctrl Pts',(-48.7922901156307,9.62409600467475,42.0339187090231));
#6571=CARTESIAN_POINT('Ctrl Pts',(-48.801341074823,10.1240960046748,42.0521068622992));
#6572=CARTESIAN_POINT('Ctrl Pts',(-48.801341074823,9.62409600467475,42.0521068622992));
#6573=CARTESIAN_POINT('Ctrl Pts',(-48.8055901904409,10.1240960046748,42.0672199070612));
#6574=CARTESIAN_POINT('Ctrl Pts',(-48.8055901904409,9.62409600467475,42.0672199070612));
#6575=CARTESIAN_POINT('Ctrl Pts',(-48.8073127728804,10.1240960046748,42.0779388357047));
#6576=CARTESIAN_POINT('Ctrl Pts',(-48.8073127728804,9.62409600467475,42.0779388357047));
#6577=CARTESIAN_POINT('Ctrl Pts',(-48.807896520005,10.1240960046748,42.0834591935785));
#6578=CARTESIAN_POINT('Ctrl Pts',(-48.807896520005,9.62409600467475,42.0834591935785));
#6579=CARTESIAN_POINT('',(-48.807896520005,10.1240960046748,42.0834591935785));
#6580=CARTESIAN_POINT('Ctrl Pts',(-48.4639802995297,10.1240960046748,41.9898910297655));
#6581=CARTESIAN_POINT('Ctrl Pts',(-48.4770663285907,10.1240960046748,41.9881637588799));
#6582=CARTESIAN_POINT('Ctrl Pts',(-48.5027015073847,10.1240960046748,41.9850204484587));
#6583=CARTESIAN_POINT('Ctrl Pts',(-48.5395437106747,10.1240960046748,41.9812391345101));
#6584=CARTESIAN_POINT('Ctrl Pts',(-48.5853918928592,10.1240960046748,41.9780957730222));
#6585=CARTESIAN_POINT('Ctrl Pts',(-48.6368692272921,10.1240960046748,41.9775479255138));
#6586=CARTESIAN_POINT('Ctrl Pts',(-48.6819750463627,10.1240960046748,41.9806936739731));
#6587=CARTESIAN_POINT('Ctrl Pts',(-48.7201616875421,10.1240960046748,41.9878505008127));
#6588=CARTESIAN_POINT('Ctrl Pts',(-48.7510812263901,10.1240960046748,41.9992200993812));
#6589=CARTESIAN_POINT('Ctrl Pts',(-48.7749557399419,10.1240960046748,42.0146737306215));
#6590=CARTESIAN_POINT('Ctrl Pts',(-48.7922901156307,10.1240960046748,42.0339187090231));
#6591=CARTESIAN_POINT('Ctrl Pts',(-48.801341074823,10.1240960046748,42.0521068622992));
#6592=CARTESIAN_POINT('Ctrl Pts',(-48.8055901904409,10.1240960046748,42.0672199070612));
#6593=CARTESIAN_POINT('Ctrl Pts',(-48.8073127728804,10.1240960046748,42.0779388357047));
#6594=CARTESIAN_POINT('Ctrl Pts',(-48.807896520005,10.1240960046748,42.0834591935785));
#6595=CARTESIAN_POINT('',(-48.807896520005,10.1240960046748,42.0834591935785));
#6596=CARTESIAN_POINT('Ctrl Pts',(-48.807896520005,10.1240960046748,42.0834591935785));
#6597=CARTESIAN_POINT('Ctrl Pts',(-48.807896520005,9.62409600467475,42.0834591935785));
#6598=CARTESIAN_POINT('Ctrl Pts',(-48.8189306647684,10.1240960046748,42.1528764771456));
#6599=CARTESIAN_POINT('Ctrl Pts',(-48.8189306647684,9.62409600467475,42.1528764771456));
#6600=CARTESIAN_POINT('Ctrl Pts',(-48.8408570611173,10.1240960046748,42.2906646360388));
#6601=CARTESIAN_POINT('Ctrl Pts',(-48.8408570611173,9.62409600467475,42.2906646360388));
#6602=CARTESIAN_POINT('Ctrl Pts',(-48.8733209996984,10.1240960046748,42.4942078236342));
#6603=CARTESIAN_POINT('Ctrl Pts',(-48.8733209996984,9.62409600467475,42.4942078236342));
#6604=CARTESIAN_POINT('Ctrl Pts',(-48.9157407295407,10.1240960046748,42.7592158476996));
#6605=CARTESIAN_POINT('Ctrl Pts',(-48.9157407295407,9.62409600467475,42.7592158476996));
#6606=CARTESIAN_POINT('Ctrl Pts',(-48.9672226844928,10.1240960046748,43.0790989976023));
#6607=CARTESIAN_POINT('Ctrl Pts',(-48.9672226844928,9.62409600467475,43.0790989976023));
#6608=CARTESIAN_POINT('Ctrl Pts',(-49.0170156226528,10.1240960046748,43.3865262908347));
#6609=CARTESIAN_POINT('Ctrl Pts',(-49.0170156226528,9.62409600467475,43.3865262908347));
#6610=CARTESIAN_POINT('Ctrl Pts',(-49.0649679382983,10.1240960046748,43.6803796928566));
#6611=CARTESIAN_POINT('Ctrl Pts',(-49.0649679382983,9.62409600467475,43.6803796928566));
#6612=CARTESIAN_POINT('Ctrl Pts',(-49.1109733495143,10.1240960046748,43.9598754149857));
#6613=CARTESIAN_POINT('Ctrl Pts',(-49.1109733495143,9.62409600467475,43.9598754149857));
#6614=CARTESIAN_POINT('Ctrl Pts',(-49.1550749780096,10.1240960046748,44.2253314634762));
#6615=CARTESIAN_POINT('Ctrl Pts',(-49.1550749780096,9.62409600467475,44.2253314634762));
#6616=CARTESIAN_POINT('Ctrl Pts',(-49.1974027086344,10.1240960046748,44.4777056897724));
#6617=CARTESIAN_POINT('Ctrl Pts',(-49.1974027086344,9.62409600467475,44.4777056897724));
#6618=CARTESIAN_POINT('Ctrl Pts',(-49.2299551343567,10.1240960046748,44.6699460979723));
#6619=CARTESIAN_POINT('Ctrl Pts',(-49.2299551343567,9.62409600467475,44.6699460979723));
#6620=CARTESIAN_POINT('Ctrl Pts',(-49.2536785119913,10.1240960046748,44.8090309722164));
#6621=CARTESIAN_POINT('Ctrl Pts',(-49.2536785119913,9.62409600467475,44.8090309722164));
#6622=CARTESIAN_POINT('Ctrl Pts',(-49.2691919796612,10.1240960046748,44.8995262206612));
#6623=CARTESIAN_POINT('Ctrl Pts',(-49.2691919796612,9.62409600467475,44.8995262206612));
#6624=CARTESIAN_POINT('Ctrl Pts',(-49.2768731842894,10.1240960046748,44.9442168457135));
#6625=CARTESIAN_POINT('Ctrl Pts',(-49.2768731842894,9.62409600467475,44.9442168457135));
#6626=CARTESIAN_POINT('',(-49.2768731842894,10.1240960046748,44.9442168457135));
#6627=CARTESIAN_POINT('Ctrl Pts',(-48.807896520005,10.1240960046748,42.0834591935785));
#6628=CARTESIAN_POINT('Ctrl Pts',(-48.8189306647684,10.1240960046748,42.1528764771456));
#6629=CARTESIAN_POINT('Ctrl Pts',(-48.8408570611173,10.1240960046748,42.2906646360388));
#6630=CARTESIAN_POINT('Ctrl Pts',(-48.8733209996984,10.1240960046748,42.4942078236342));
#6631=CARTESIAN_POINT('Ctrl Pts',(-48.9157407295407,10.1240960046748,42.7592158476996));
#6632=CARTESIAN_POINT('Ctrl Pts',(-48.9672226844928,10.1240960046748,43.0790989976023));
#6633=CARTESIAN_POINT('Ctrl Pts',(-49.0170156226528,10.1240960046748,43.3865262908347));
#6634=CARTESIAN_POINT('Ctrl Pts',(-49.0649679382983,10.1240960046748,43.6803796928566));
#6635=CARTESIAN_POINT('Ctrl Pts',(-49.1109733495143,10.1240960046748,43.9598754149857));
#6636=CARTESIAN_POINT('Ctrl Pts',(-49.1550749780096,10.1240960046748,44.2253314634762));
#6637=CARTESIAN_POINT('Ctrl Pts',(-49.1974027086344,10.1240960046748,44.4777056897724));
#6638=CARTESIAN_POINT('Ctrl Pts',(-49.2299551343567,10.1240960046748,44.6699460979723));
#6639=CARTESIAN_POINT('Ctrl Pts',(-49.2536785119913,10.1240960046748,44.8090309722164));
#6640=CARTESIAN_POINT('Ctrl Pts',(-49.2691919796612,10.1240960046748,44.8995262206612));
#6641=CARTESIAN_POINT('Ctrl Pts',(-49.2768731842894,10.1240960046748,44.9442168457135));
#6642=CARTESIAN_POINT('',(-49.2768731842894,10.1240960046748,44.9442168457135));
#6643=CARTESIAN_POINT('Ctrl Pts',(-49.2768731842894,10.1240960046748,44.9442168457135));
#6644=CARTESIAN_POINT('Ctrl Pts',(-49.2768731842894,9.62409600467475,44.9442168457135));
#6645=CARTESIAN_POINT('Ctrl Pts',(-49.3046619242605,10.1240960046748,44.989410126768));
#6646=CARTESIAN_POINT('Ctrl Pts',(-49.3046619242605,9.62409600467475,44.989410126768));
#6647=CARTESIAN_POINT('Ctrl Pts',(-49.3640565013683,10.1240960046748,45.0728335839579));
#6648=CARTESIAN_POINT('Ctrl Pts',(-49.3640565013683,9.62409600467475,45.0728335839579));
#6649=CARTESIAN_POINT('Ctrl Pts',(-49.4646001532374,10.1240960046748,45.1770791624337));
#6650=CARTESIAN_POINT('Ctrl Pts',(-49.4646001532374,9.62409600467475,45.1770791624337));
#6651=CARTESIAN_POINT('Ctrl Pts',(-49.6215809668418,10.1240960046748,45.2742540516413));
#6652=CARTESIAN_POINT('Ctrl Pts',(-49.6215809668418,9.62409600467475,45.2742540516413));
#6653=CARTESIAN_POINT('Ctrl Pts',(-49.8547569977714,10.1240960046748,45.3266315451867));
#6654=CARTESIAN_POINT('Ctrl Pts',(-49.8547569977714,9.62409600467475,45.3266315451867));
#6655=CARTESIAN_POINT('Ctrl Pts',(-50.1208007762059,10.1240960046748,45.3122193466451));
#6656=CARTESIAN_POINT('Ctrl Pts',(-50.1208007762059,9.62409600467475,45.3122193466451));
#6657=CARTESIAN_POINT('Ctrl Pts',(-50.4114978751984,10.1240960046748,45.2358694615192));
#6658=CARTESIAN_POINT('Ctrl Pts',(-50.4114978751984,9.62409600467475,45.2358694615192));
#6659=CARTESIAN_POINT('Ctrl Pts',(-50.7126531968442,10.1240960046748,45.1061675180311));
#6660=CARTESIAN_POINT('Ctrl Pts',(-50.7126531968442,9.62409600467475,45.1061675180311));
#6661=CARTESIAN_POINT('Ctrl Pts',(-51.003834344889,10.1240960046748,44.9356720163083));
#6662=CARTESIAN_POINT('Ctrl Pts',(-51.003834344889,9.62409600467475,44.9356720163083));
#6663=CARTESIAN_POINT('Ctrl Pts',(-51.2624879566177,10.1240960046748,44.7385593867563));
#6664=CARTESIAN_POINT('Ctrl Pts',(-51.2624879566177,9.62409600467475,44.7385593867563));
#6665=CARTESIAN_POINT('Ctrl Pts',(-51.4671711288695,10.1240960046748,44.5287949114233));
#6666=CARTESIAN_POINT('Ctrl Pts',(-51.4671711288695,9.62409600467475,44.5287949114233));
#6667=CARTESIAN_POINT('Ctrl Pts',(-51.6012701826195,10.1240960046748,44.3180255198855));
#6668=CARTESIAN_POINT('Ctrl Pts',(-51.6012701826195,9.62409600467475,44.3180255198855));
#6669=CARTESIAN_POINT('Ctrl Pts',(-51.6562198601899,10.1240960046748,44.1137548317026));
#6670=CARTESIAN_POINT('Ctrl Pts',(-51.6562198601899,9.62409600467475,44.1137548317026));
#6671=CARTESIAN_POINT('Ctrl Pts',(-51.6357877496886,10.1240960046748,43.9169368174355));
#6672=CARTESIAN_POINT('Ctrl Pts',(-51.6357877496886,9.62409600467475,43.9169368174355));
#6673=CARTESIAN_POINT('Ctrl Pts',(-51.5532506084275,10.1240960046748,43.7234514188904));
#6674=CARTESIAN_POINT('Ctrl Pts',(-51.5532506084275,9.62409600467475,43.7234514188904));
#6675=CARTESIAN_POINT('Ctrl Pts',(-51.4268887985285,10.1240960046748,43.5264994530974));
#6676=CARTESIAN_POINT('Ctrl Pts',(-51.4268887985285,9.62409600467475,43.5264994530974));
#6677=CARTESIAN_POINT('Ctrl Pts',(-51.2763251073384,10.1240960046748,43.3185383816308));
#6678=CARTESIAN_POINT('Ctrl Pts',(-51.2763251073384,9.62409600467475,43.3185383816308));
#6679=CARTESIAN_POINT('Ctrl Pts',(-51.1179640324652,10.1240960046748,43.0937108021342));
#6680=CARTESIAN_POINT('Ctrl Pts',(-51.1179640324652,9.62409600467475,43.0937108021342));
#6681=CARTESIAN_POINT('Ctrl Pts',(-50.9627530917313,10.1240960046748,42.8490043945921));
#6682=CARTESIAN_POINT('Ctrl Pts',(-50.9627530917313,9.62409600467475,42.8490043945921));
#6683=CARTESIAN_POINT('Ctrl Pts',(-50.8175389262827,10.1240960046748,42.583444251615));
#6684=CARTESIAN_POINT('Ctrl Pts',(-50.8175389262827,9.62409600467475,42.583444251615));
#6685=CARTESIAN_POINT('Ctrl Pts',(-50.6855835210774,10.1240960046748,42.2977484786541));
#6686=CARTESIAN_POINT('Ctrl Pts',(-50.6855835210774,9.62409600467475,42.2977484786541));
#6687=CARTESIAN_POINT('Ctrl Pts',(-50.5674052819643,10.1240960046748,41.9937978690648));
#6688=CARTESIAN_POINT('Ctrl Pts',(-50.5674052819643,9.62409600467475,41.9937978690648));
#6689=CARTESIAN_POINT('Ctrl Pts',(-50.4614588066401,10.1240960046748,41.67421251247));
#6690=CARTESIAN_POINT('Ctrl Pts',(-50.4614588066401,9.62409600467475,41.67421251247));
#6691=CARTESIAN_POINT('Ctrl Pts',(-50.3648955067732,10.1240960046748,41.3418341927319));
#6692=CARTESIAN_POINT('Ctrl Pts',(-50.3648955067732,9.62409600467475,41.3418341927319));
#6693=CARTESIAN_POINT('Ctrl Pts',(-50.2740940389893,10.1240960046748,40.999721396716));
#6694=CARTESIAN_POINT('Ctrl Pts',(-50.2740940389893,9.62409600467475,40.999721396716));
#6695=CARTESIAN_POINT('Ctrl Pts',(-50.1851674260645,10.1240960046748,40.651241688329));
#6696=CARTESIAN_POINT('Ctrl Pts',(-50.1851674260645,9.62409600467475,40.651241688329));
#6697=CARTESIAN_POINT('Ctrl Pts',(-50.0944608433386,10.1240960046748,40.3001267861843));
#6698=CARTESIAN_POINT('Ctrl Pts',(-50.0944608433386,9.62409600467475,40.3001267861843));
#6699=CARTESIAN_POINT('Ctrl Pts',(-49.9990857044426,10.1240960046748,39.9505586854383));
#6700=CARTESIAN_POINT('Ctrl Pts',(-49.9990857044426,9.62409600467475,39.9505586854383));
#6701=CARTESIAN_POINT('Ctrl Pts',(-49.8973659955588,10.1240960046748,39.607213407365));
#6702=CARTESIAN_POINT('Ctrl Pts',(-49.8973659955588,9.62409600467475,39.607213407365));
#6703=CARTESIAN_POINT('Ctrl Pts',(-49.7895127646412,10.1240960046748,39.2754022500523));
#6704=CARTESIAN_POINT('Ctrl Pts',(-49.7895127646412,9.62409600467475,39.2754022500523));
#6705=CARTESIAN_POINT('Ctrl Pts',(-49.6774575055673,10.1240960046748,38.9608603934883));
#6706=CARTESIAN_POINT('Ctrl Pts',(-49.6774575055673,9.62409600467475,38.9608603934883));
#6707=CARTESIAN_POINT('Ctrl Pts',(-49.5638889651232,10.1240960046748,38.6692000238434));
#6708=CARTESIAN_POINT('Ctrl Pts',(-49.5638889651232,9.62409600467475,38.6692000238434));
#6709=CARTESIAN_POINT('Ctrl Pts',(-49.4515278689776,10.1240960046748,38.4054642875143));
#6710=CARTESIAN_POINT('Ctrl Pts',(-49.4515278689776,9.62409600467475,38.4054642875143));
#6711=CARTESIAN_POINT('Ctrl Pts',(-49.3422748073051,10.1240960046748,38.1736162723407));
#6712=CARTESIAN_POINT('Ctrl Pts',(-49.3422748073051,9.62409600467475,38.1736162723407));
#6713=CARTESIAN_POINT('Ctrl Pts',(-49.2364813633494,10.1240960046748,37.9760973698118));
#6714=CARTESIAN_POINT('Ctrl Pts',(-49.2364813633494,9.62409600467475,37.9760973698118));
#6715=CARTESIAN_POINT('Ctrl Pts',(-49.1319742629562,10.1240960046748,37.813222770817));
#6716=CARTESIAN_POINT('Ctrl Pts',(-49.1319742629562,9.62409600467475,37.813222770817));
#6717=CARTESIAN_POINT('Ctrl Pts',(-49.024820285723,10.1240960046748,37.6837259441442));
#6718=CARTESIAN_POINT('Ctrl Pts',(-49.024820285723,9.62409600467475,37.6837259441442));
#6719=CARTESIAN_POINT('Ctrl Pts',(-48.9104826633358,10.1240960046748,37.5855579109602));
#6720=CARTESIAN_POINT('Ctrl Pts',(-48.9104826633358,9.62409600467475,37.5855579109602));
#6721=CARTESIAN_POINT('Ctrl Pts',(-48.7847630123491,10.1240960046748,37.5165466353455));
#6722=CARTESIAN_POINT('Ctrl Pts',(-48.7847630123491,9.62409600467475,37.5165466353455));
#6723=CARTESIAN_POINT('Ctrl Pts',(-48.6450231840181,10.1240960046748,37.4752255155678));
#6724=CARTESIAN_POINT('Ctrl Pts',(-48.6450231840181,9.62409600467475,37.4752255155678));
#6725=CARTESIAN_POINT('Ctrl Pts',(-48.5210257934297,10.1240960046748,37.4637062851666));
#6726=CARTESIAN_POINT('Ctrl Pts',(-48.5210257934297,9.62409600467475,37.4637062851666));
#6727=CARTESIAN_POINT('Ctrl Pts',(-48.4209840980555,10.1240960046748,37.4670378609197));
#6728=CARTESIAN_POINT('Ctrl Pts',(-48.4209840980555,9.62409600467475,37.4670378609197));
#6729=CARTESIAN_POINT('Ctrl Pts',(-48.3511631596232,10.1240960046748,37.474574453415));
#6730=CARTESIAN_POINT('Ctrl Pts',(-48.3511631596232,9.62409600467475,37.474574453415));
#6731=CARTESIAN_POINT('Ctrl Pts',(-48.3154710225063,10.1240960046748,37.4796716058531));
#6732=CARTESIAN_POINT('Ctrl Pts',(-48.3154710225063,9.62409600467475,37.4796716058531));
#6733=CARTESIAN_POINT('Ctrl Pts',(-49.2768731842894,10.1240960046748,44.9442168457135));
#6734=CARTESIAN_POINT('Ctrl Pts',(-49.3046619242605,10.1240960046748,44.989410126768));
#6735=CARTESIAN_POINT('Ctrl Pts',(-49.3640565013683,10.1240960046748,45.0728335839579));
#6736=CARTESIAN_POINT('Ctrl Pts',(-49.4646001532374,10.1240960046748,45.1770791624337));
#6737=CARTESIAN_POINT('Ctrl Pts',(-49.6215809668418,10.1240960046748,45.2742540516413));
#6738=CARTESIAN_POINT('Ctrl Pts',(-49.8547569977714,10.1240960046748,45.3266315451867));
#6739=CARTESIAN_POINT('Ctrl Pts',(-50.1208007762059,10.1240960046748,45.3122193466451));
#6740=CARTESIAN_POINT('Ctrl Pts',(-50.4114978751984,10.1240960046748,45.2358694615192));
#6741=CARTESIAN_POINT('Ctrl Pts',(-50.7126531968442,10.1240960046748,45.1061675180311));
#6742=CARTESIAN_POINT('Ctrl Pts',(-51.003834344889,10.1240960046748,44.9356720163083));
#6743=CARTESIAN_POINT('Ctrl Pts',(-51.2624879566177,10.1240960046748,44.7385593867563));
#6744=CARTESIAN_POINT('Ctrl Pts',(-51.4671711288695,10.1240960046748,44.5287949114233));
#6745=CARTESIAN_POINT('Ctrl Pts',(-51.6012701826195,10.1240960046748,44.3180255198855));
#6746=CARTESIAN_POINT('Ctrl Pts',(-51.6562198601899,10.1240960046748,44.1137548317026));
#6747=CARTESIAN_POINT('Ctrl Pts',(-51.6357877496886,10.1240960046748,43.9169368174355));
#6748=CARTESIAN_POINT('Ctrl Pts',(-51.5532506084275,10.1240960046748,43.7234514188904));
#6749=CARTESIAN_POINT('Ctrl Pts',(-51.4268887985285,10.1240960046748,43.5264994530974));
#6750=CARTESIAN_POINT('Ctrl Pts',(-51.2763251073384,10.1240960046748,43.3185383816308));
#6751=CARTESIAN_POINT('Ctrl Pts',(-51.1179640324652,10.1240960046748,43.0937108021342));
#6752=CARTESIAN_POINT('Ctrl Pts',(-50.9627530917313,10.1240960046748,42.8490043945921));
#6753=CARTESIAN_POINT('Ctrl Pts',(-50.8175389262827,10.1240960046748,42.583444251615));
#6754=CARTESIAN_POINT('Ctrl Pts',(-50.6855835210774,10.1240960046748,42.2977484786541));
#6755=CARTESIAN_POINT('Ctrl Pts',(-50.5674052819643,10.1240960046748,41.9937978690648));
#6756=CARTESIAN_POINT('Ctrl Pts',(-50.4614588066401,10.1240960046748,41.67421251247));
#6757=CARTESIAN_POINT('Ctrl Pts',(-50.3648955067732,10.1240960046748,41.3418341927319));
#6758=CARTESIAN_POINT('Ctrl Pts',(-50.2740940389893,10.1240960046748,40.999721396716));
#6759=CARTESIAN_POINT('Ctrl Pts',(-50.1851674260645,10.1240960046748,40.651241688329));
#6760=CARTESIAN_POINT('Ctrl Pts',(-50.0944608433386,10.1240960046748,40.3001267861843));
#6761=CARTESIAN_POINT('Ctrl Pts',(-49.9990857044426,10.1240960046748,39.9505586854383));
#6762=CARTESIAN_POINT('Ctrl Pts',(-49.8973659955588,10.1240960046748,39.607213407365));
#6763=CARTESIAN_POINT('Ctrl Pts',(-49.7895127646412,10.1240960046748,39.2754022500523));
#6764=CARTESIAN_POINT('Ctrl Pts',(-49.6774575055673,10.1240960046748,38.9608603934883));
#6765=CARTESIAN_POINT('Ctrl Pts',(-49.5638889651232,10.1240960046748,38.6692000238434));
#6766=CARTESIAN_POINT('Ctrl Pts',(-49.4515278689776,10.1240960046748,38.4054642875143));
#6767=CARTESIAN_POINT('Ctrl Pts',(-49.3422748073051,10.1240960046748,38.1736162723407));
#6768=CARTESIAN_POINT('Ctrl Pts',(-49.2364813633494,10.1240960046748,37.9760973698118));
#6769=CARTESIAN_POINT('Ctrl Pts',(-49.1319742629562,10.1240960046748,37.813222770817));
#6770=CARTESIAN_POINT('Ctrl Pts',(-49.024820285723,10.1240960046748,37.6837259441442));
#6771=CARTESIAN_POINT('Ctrl Pts',(-48.9104826633358,10.1240960046748,37.5855579109602));
#6772=CARTESIAN_POINT('Ctrl Pts',(-48.7847630123491,10.1240960046748,37.5165466353455));
#6773=CARTESIAN_POINT('Ctrl Pts',(-48.6450231840181,10.1240960046748,37.4752255155678));
#6774=CARTESIAN_POINT('Ctrl Pts',(-48.5210257934297,10.1240960046748,37.4637062851666));
#6775=CARTESIAN_POINT('Ctrl Pts',(-48.4209840980555,10.1240960046748,37.4670378609197));
#6776=CARTESIAN_POINT('Ctrl Pts',(-48.3511631596232,10.1240960046748,37.474574453415));
#6777=CARTESIAN_POINT('Ctrl Pts',(-48.3154710225063,10.1240960046748,37.4796716058531));
#6778=CARTESIAN_POINT('Ctrl Pts',(-48.3327313093944,10.1240960046748,40.785264806024));
#6779=CARTESIAN_POINT('Ctrl Pts',(-48.3327313093944,9.62409600467475,40.785264806024));
#6780=CARTESIAN_POINT('Ctrl Pts',(-48.3331155824653,10.1240960046748,40.7639622841469));
#6781=CARTESIAN_POINT('Ctrl Pts',(-48.3331155824653,9.62409600467475,40.7639622841469));
#6782=CARTESIAN_POINT('Ctrl Pts',(-48.3339876700293,10.1240960046748,40.721451479206));
#6783=CARTESIAN_POINT('Ctrl Pts',(-48.3339876700293,9.62409600467475,40.721451479206));
#6784=CARTESIAN_POINT('Ctrl Pts',(-48.3356064151764,10.1240960046748,40.65796797871));
#6785=CARTESIAN_POINT('Ctrl Pts',(-48.3356064151764,9.62409600467475,40.65796797871));
#6786=CARTESIAN_POINT('Ctrl Pts',(-48.3383962804859,10.1240960046748,40.5738981096851));
#6787=CARTESIAN_POINT('Ctrl Pts',(-48.3383962804859,9.62409600467475,40.5738981096851));
#6788=CARTESIAN_POINT('Ctrl Pts',(-48.3430077787555,10.1240960046748,40.4698339400439));
#6789=CARTESIAN_POINT('Ctrl Pts',(-48.3430077787555,9.62409600467475,40.4698339400439));
#6790=CARTESIAN_POINT('Ctrl Pts',(-48.3488445593236,10.1240960046748,40.366884968034));
#6791=CARTESIAN_POINT('Ctrl Pts',(-48.3488445593236,9.62409600467475,40.366884968034));
#6792=CARTESIAN_POINT('Ctrl Pts',(-48.3560076364326,10.1240960046748,40.2651431323356));
#6793=CARTESIAN_POINT('Ctrl Pts',(-48.3560076364326,9.62409600467475,40.2651431323356));
#6794=CARTESIAN_POINT('Ctrl Pts',(-48.3645540080687,10.1240960046748,40.1646603099835));
#6795=CARTESIAN_POINT('Ctrl Pts',(-48.3645540080687,9.62409600467475,40.1646603099835));
#6796=CARTESIAN_POINT('Ctrl Pts',(-48.3744312598983,10.1240960046748,40.0653887957694));
#6797=CARTESIAN_POINT('Ctrl Pts',(-48.3744312598983,9.62409600467475,40.0653887957694));
#6798=CARTESIAN_POINT('Ctrl Pts',(-48.3855399286459,10.1240960046748,39.9672380626245));
#6799=CARTESIAN_POINT('Ctrl Pts',(-48.3855399286459,9.62409600467475,39.9672380626245));
#6800=CARTESIAN_POINT('Ctrl Pts',(-48.3953316631185,10.1240960046748,39.8895409844605));
#6801=CARTESIAN_POINT('Ctrl Pts',(-48.3953316631185,9.62409600467475,39.8895409844605));
#6802=CARTESIAN_POINT('Ctrl Pts',(-48.403152138747,10.1240960046748,39.8317020240731));
#6803=CARTESIAN_POINT('Ctrl Pts',(-48.403152138747,9.62409600467475,39.8317020240731));
#6804=CARTESIAN_POINT('Ctrl Pts',(-48.4085741912305,10.1240960046748,39.793332395463));
#6805=CARTESIAN_POINT('Ctrl Pts',(-48.4085741912305,9.62409600467475,39.793332395463));
#6806=CARTESIAN_POINT('Ctrl Pts',(-48.4113373194221,10.1240960046748,39.7741950020416));
#6807=CARTESIAN_POINT('Ctrl Pts',(-48.4113373194221,9.62409600467475,39.7741950020416));
#6808=CARTESIAN_POINT('',(-48.3327313093944,10.1240960046748,40.785264806024));
#6809=CARTESIAN_POINT('',(-48.4113373194221,10.1240960046748,39.7741950020416));
#6810=CARTESIAN_POINT('Ctrl Pts',(-48.4113373194221,10.1240960046748,39.7741950020416));
#6811=CARTESIAN_POINT('Ctrl Pts',(-48.4113373194221,9.62409600467475,39.7741950020416));
#6812=CARTESIAN_POINT('Ctrl Pts',(-48.4124891624553,10.1240960046748,39.7739389117425));
#6813=CARTESIAN_POINT('Ctrl Pts',(-48.4124891624553,9.62409600467475,39.7739389117425));
#6814=CARTESIAN_POINT('Ctrl Pts',(-48.4155880950941,10.1240960046748,39.7754608697477));
#6815=CARTESIAN_POINT('Ctrl Pts',(-48.4155880950941,9.62409600467475,39.7754608697477));
#6816=CARTESIAN_POINT('Ctrl Pts',(-48.4226223484567,10.1240960046748,39.7838463262867));
#6817=CARTESIAN_POINT('Ctrl Pts',(-48.4226223484567,9.62409600467475,39.7838463262867));
#6818=CARTESIAN_POINT('Ctrl Pts',(-48.4367915467994,10.1240960046748,39.8072808839184));
#6819=CARTESIAN_POINT('Ctrl Pts',(-48.4367915467994,9.62409600467475,39.8072808839184));
#6820=CARTESIAN_POINT('Ctrl Pts',(-48.4623359479492,10.1240960046748,39.8570095994359));
#6821=CARTESIAN_POINT('Ctrl Pts',(-48.4623359479492,9.62409600467475,39.8570095994359));
#6822=CARTESIAN_POINT('Ctrl Pts',(-48.495038072053,10.1240960046748,39.9266759300238));
#6823=CARTESIAN_POINT('Ctrl Pts',(-48.495038072053,9.62409600467475,39.9266759300238));
#6824=CARTESIAN_POINT('Ctrl Pts',(-48.5334142005421,10.1240960046748,40.0149034316972));
#6825=CARTESIAN_POINT('Ctrl Pts',(-48.5334142005421,9.62409600467475,40.0149034316972));
#6826=CARTESIAN_POINT('Ctrl Pts',(-48.5747445730114,10.1240960046748,40.1189186398641));
#6827=CARTESIAN_POINT('Ctrl Pts',(-48.5747445730114,9.62409600467475,40.1189186398641));
#6828=CARTESIAN_POINT('Ctrl Pts',(-48.6150280426416,10.1240960046748,40.2343892421934));
#6829=CARTESIAN_POINT('Ctrl Pts',(-48.6150280426416,9.62409600467475,40.2343892421934));
#6830=CARTESIAN_POINT('Ctrl Pts',(-48.649791213362,10.1240960046748,40.3560658425458));
#6831=CARTESIAN_POINT('Ctrl Pts',(-48.649791213362,9.62409600467475,40.3560658425458));
#6832=CARTESIAN_POINT('Ctrl Pts',(-48.6746947687849,10.1240960046748,40.4782231961854));
#6833=CARTESIAN_POINT('Ctrl Pts',(-48.6746947687849,9.62409600467475,40.4782231961854));
#6834=CARTESIAN_POINT('Ctrl Pts',(-48.6862614305417,10.1240960046748,40.5951791321484));
#6835=CARTESIAN_POINT('Ctrl Pts',(-48.6862614305417,9.62409600467475,40.5951791321484));
#6836=CARTESIAN_POINT('Ctrl Pts',(-48.6824878378931,10.1240960046748,40.7017383443566));
#6837=CARTESIAN_POINT('Ctrl Pts',(-48.6824878378931,9.62409600467475,40.7017383443566));
#6838=CARTESIAN_POINT('Ctrl Pts',(-48.6637586114637,10.1240960046748,40.7937743844575));
#6839=CARTESIAN_POINT('Ctrl Pts',(-48.6637586114637,9.62409600467475,40.7937743844575));
#6840=CARTESIAN_POINT('Ctrl Pts',(-48.6324591131677,10.1240960046748,40.8682311436411));
#6841=CARTESIAN_POINT('Ctrl Pts',(-48.6324591131677,9.62409600467475,40.8682311436411));
#6842=CARTESIAN_POINT('Ctrl Pts',(-48.5920961114768,10.1240960046748,40.9229062178994));
#6843=CARTESIAN_POINT('Ctrl Pts',(-48.5920961114768,9.62409600467475,40.9229062178994));
#6844=CARTESIAN_POINT('Ctrl Pts',(-48.5465883702963,10.1240960046748,40.9563397201002));
#6845=CARTESIAN_POINT('Ctrl Pts',(-48.5465883702963,9.62409600467475,40.9563397201002));
#6846=CARTESIAN_POINT('Ctrl Pts',(-48.4995615512204,10.1240960046748,40.9676862763405));
#6847=CARTESIAN_POINT('Ctrl Pts',(-48.4995615512204,9.62409600467475,40.9676862763405));
#6848=CARTESIAN_POINT('Ctrl Pts',(-48.4535107569865,10.1240960046748,40.9566475820063));
#6849=CARTESIAN_POINT('Ctrl Pts',(-48.4535107569865,9.62409600467475,40.9566475820063));
#6850=CARTESIAN_POINT('Ctrl Pts',(-48.4098463228379,10.1240960046748,40.9232973271668));
#6851=CARTESIAN_POINT('Ctrl Pts',(-48.4098463228379,9.62409600467475,40.9232973271668));
#6852=CARTESIAN_POINT('Ctrl Pts',(-48.3773703144963,10.1240960046748,40.8789687254952));
#6853=CARTESIAN_POINT('Ctrl Pts',(-48.3773703144963,9.62409600467475,40.8789687254952));
#6854=CARTESIAN_POINT('Ctrl Pts',(-48.3544818082599,10.1240960046748,40.8359151492997));
#6855=CARTESIAN_POINT('Ctrl Pts',(-48.3544818082599,9.62409600467475,40.8359151492997));
#6856=CARTESIAN_POINT('Ctrl Pts',(-48.3398731035578,10.1240960046748,40.8028717554052));
#6857=CARTESIAN_POINT('Ctrl Pts',(-48.3398731035578,9.62409600467475,40.8028717554052));
#6858=CARTESIAN_POINT('Ctrl Pts',(-48.3327313093944,10.1240960046748,40.785264806024));
#6859=CARTESIAN_POINT('Ctrl Pts',(-48.3327313093944,9.62409600467475,40.785264806024));
#6860=CARTESIAN_POINT('Origin',(-52.5786002661085,9.62409600467475,40.9818062644824));
#6861=CARTESIAN_POINT('',(-52.6262429213444,9.62409600467475,41.5407011765409));
#6862=CARTESIAN_POINT('',(-54.3481083563337,9.62409600467475,42.71013561129));
#6863=CARTESIAN_POINT('Ctrl Pts',(-52.6262429213444,9.62409600467475,41.5407011765409));
#6864=CARTESIAN_POINT('Ctrl Pts',(-52.6292269647181,9.62409600467475,41.5453903875566));
#6865=CARTESIAN_POINT('Ctrl Pts',(-52.6352443389055,9.62409600467475,41.5574333710388));
#6866=CARTESIAN_POINT('Ctrl Pts',(-52.6444207774473,9.62409600467475,41.5834891572719));
#6867=CARTESIAN_POINT('Ctrl Pts',(-52.6550222931386,9.62409600467475,41.6351822932144));
#6868=CARTESIAN_POINT('Ctrl Pts',(-52.6561040829798,9.62409600467475,41.7317356662229));
#6869=CARTESIAN_POINT('Ctrl Pts',(-52.6353643179479,9.62409600467475,41.8621809453495));
#6870=CARTESIAN_POINT('Ctrl Pts',(-52.5886195546617,9.62409600467475,42.0225619460439));
#6871=CARTESIAN_POINT('Ctrl Pts',(-52.5181489749104,9.62409600467475,42.2031922879405));
#6872=CARTESIAN_POINT('Ctrl Pts',(-52.4299720429368,9.62409600467475,42.3922553928564));
#6873=CARTESIAN_POINT('Ctrl Pts',(-52.3321250854038,9.62409600467475,42.5785712082972));
#6874=CARTESIAN_POINT('Ctrl Pts',(-52.2327297876069,9.62409600467475,42.7543557826255));
#6875=CARTESIAN_POINT('Ctrl Pts',(-52.1376908119741,9.62409600467475,42.9188675848464));
#6876=CARTESIAN_POINT('Ctrl Pts',(-52.0508577032305,9.62409600467475,43.0773798802979));
#6877=CARTESIAN_POINT('Ctrl Pts',(-51.9755245896526,9.62409600467475,43.2376733509476));
#6878=CARTESIAN_POINT('Ctrl Pts',(-51.9155820440402,9.62409600467475,43.4072076877425));
#6879=CARTESIAN_POINT('Ctrl Pts',(-51.8766411474834,9.62409600467475,43.5902668072592));
#6880=CARTESIAN_POINT('Ctrl Pts',(-51.8676189178665,9.62409600467475,43.7844517960174));
#6881=CARTESIAN_POINT('Ctrl Pts',(-51.899085363266,9.62409600467475,43.9819234312847));
#6882=CARTESIAN_POINT('Ctrl Pts',(-51.9807224143575,9.62409600467475,44.1719868440627));
#6883=CARTESIAN_POINT('Ctrl Pts',(-52.1189817012502,9.62409600467475,44.3432651665272));
#6884=CARTESIAN_POINT('Ctrl Pts',(-52.3148548810006,9.62409600467475,44.4858983418345));
#6885=CARTESIAN_POINT('Ctrl Pts',(-52.5610015828496,9.62409600467475,44.5941014622309));
#6886=CARTESIAN_POINT('Ctrl Pts',(-52.8434243898471,9.62409600467475,44.6657939116013));
#6887=CARTESIAN_POINT('Ctrl Pts',(-53.1442691776919,9.62409600467475,44.7014985124081));
#6888=CARTESIAN_POINT('Ctrl Pts',(-53.4441649777654,9.62409600467475,44.7035233691749));
#6889=CARTESIAN_POINT('Ctrl Pts',(-53.7248465515404,9.62409600467475,44.6750118788181));
#6890=CARTESIAN_POINT('Ctrl Pts',(-53.971412531351,9.62409600467475,44.6191271871882));
#6891=CARTESIAN_POINT('Ctrl Pts',(-54.1753743337685,9.62409600467475,44.5380138259552));
#6892=CARTESIAN_POINT('Ctrl Pts',(-54.3343339882138,9.62409600467475,44.4327010042057));
#6893=CARTESIAN_POINT('Ctrl Pts',(-54.4498979046203,9.62409600467475,44.3034984468796));
#6894=CARTESIAN_POINT('Ctrl Pts',(-54.5261232547339,9.62409600467475,44.1502461800402));
#6895=CARTESIAN_POINT('Ctrl Pts',(-54.5678580800225,9.62409600467475,43.9726073828013));
#6896=CARTESIAN_POINT('Ctrl Pts',(-54.5789006595729,9.62409600467475,43.7703883252223));
#6897=CARTESIAN_POINT('Ctrl Pts',(-54.5617953112145,9.62409600467475,43.5435611660854));
#6898=CARTESIAN_POINT('Ctrl Pts',(-54.5181767016752,9.62409600467475,43.2921856813853));
#6899=CARTESIAN_POINT('Ctrl Pts',(-54.462777288788,9.62409600467475,43.07153192339));
#6900=CARTESIAN_POINT('Ctrl Pts',(-54.4098584995923,9.62409600467475,42.8950878606814));
#6901=CARTESIAN_POINT('Ctrl Pts',(-54.3695328117034,9.62409600467475,42.7725966660893));
#6902=CARTESIAN_POINT('Ctrl Pts',(-54.3481083563337,9.62409600467475,42.71013561129));
#6903=CARTESIAN_POINT('',(-52.5920133402175,9.62409600467475,39.6090977889863));
#6904=CARTESIAN_POINT('Ctrl Pts',(-52.5920133402175,9.62409600467475,39.6090977889863));
#6905=CARTESIAN_POINT('Ctrl Pts',(-52.6237807638308,9.62409600467475,39.6056908237133));
#6906=CARTESIAN_POINT('Ctrl Pts',(-52.6857000036131,9.62409600467475,39.6023294468035));
#6907=CARTESIAN_POINT('Ctrl Pts',(-52.7737320209895,9.62409600467475,39.6076458660983));
#6908=CARTESIAN_POINT('Ctrl Pts',(-52.880849620501,9.62409600467475,39.6355619962097));
#6909=CARTESIAN_POINT('Ctrl Pts',(-52.9941852226092,9.62409600467475,39.7045583586226));
#6910=CARTESIAN_POINT('Ctrl Pts',(-53.0822125745702,9.62409600467475,39.8045068003262));
#6911=CARTESIAN_POINT('Ctrl Pts',(-53.1396624740688,9.62409600467475,39.9284475835144));
#6912=CARTESIAN_POINT('Ctrl Pts',(-53.1615169905902,9.62409600467475,40.0634280008636));
#6913=CARTESIAN_POINT('Ctrl Pts',(-53.1437436028297,9.62409600467475,40.1914487377283));
#6914=CARTESIAN_POINT('Ctrl Pts',(-53.0840202091335,9.62409600467475,40.2942848011947));
#6915=CARTESIAN_POINT('Ctrl Pts',(-52.9824216318711,9.62409600467475,40.3571332505893));
#6916=CARTESIAN_POINT('Ctrl Pts',(-52.8422432562282,9.62409600467475,40.3731327759942));
#6917=CARTESIAN_POINT('Ctrl Pts',(-52.6704564741314,9.62409600467475,40.346401852909));
#6918=CARTESIAN_POINT('Ctrl Pts',(-52.4761903703553,9.62409600467475,40.2883072555294));
#6919=CARTESIAN_POINT('Ctrl Pts',(-52.2695073643562,9.62409600467475,40.2146609866092));
#6920=CARTESIAN_POINT('Ctrl Pts',(-52.0600093497475,9.62409600467475,40.1424750057841));
#6921=CARTESIAN_POINT('Ctrl Pts',(-51.8556605755347,9.62409600467475,40.0871627837059));
#6922=CARTESIAN_POINT('Ctrl Pts',(-51.6611499868147,9.62409600467475,40.058921001676));
#6923=CARTESIAN_POINT('Ctrl Pts',(-51.4782281372086,9.62409600467475,40.0625364450588));
#6924=CARTESIAN_POINT('Ctrl Pts',(-51.3070864760633,9.62409600467475,40.0990054587938));
#6925=CARTESIAN_POINT('Ctrl Pts',(-51.1474398465462,9.62409600467475,40.1666033948403));
#6926=CARTESIAN_POINT('Ctrl Pts',(-50.9996536545708,9.62409600467475,40.2621046945751));
#6927=CARTESIAN_POINT('Ctrl Pts',(-50.866029517271,9.62409600467475,40.3820761433663));
#6928=CARTESIAN_POINT('Ctrl Pts',(-50.7514696607864,9.62409600467475,40.5236661674275));
#6929=CARTESIAN_POINT('Ctrl Pts',(-50.6621646431813,9.62409600467475,40.6837184579603));
#6930=CARTESIAN_POINT('Ctrl Pts',(-50.6046385803411,9.62409600467475,40.8581914095969));
#6931=CARTESIAN_POINT('Ctrl Pts',(-50.5846441603207,9.62409600467475,41.0414316769126));
#6932=CARTESIAN_POINT('Ctrl Pts',(-50.606140954569,9.62409600467475,41.2255505799798));
#6933=CARTESIAN_POINT('Ctrl Pts',(-50.6701660174371,9.62409600467475,41.3996186884956));
#6934=CARTESIAN_POINT('Ctrl Pts',(-50.7751005863723,9.62409600467475,41.5515228988754));
#6935=CARTESIAN_POINT('Ctrl Pts',(-50.9170157021722,9.62409600467475,41.6699330334769));
#6936=CARTESIAN_POINT('Ctrl Pts',(-51.0899673803179,9.62409600467475,41.7463321131851));
#6937=CARTESIAN_POINT('Ctrl Pts',(-51.2863227844502,9.62409600467475,41.7768023076219));
#6938=CARTESIAN_POINT('Ctrl Pts',(-51.497008531246,9.62409600467475,41.7645173468214));
#6939=CARTESIAN_POINT('Ctrl Pts',(-51.7120792542584,9.62409600467475,41.7188290548937));
#6940=CARTESIAN_POINT('Ctrl Pts',(-51.9214339077587,9.62409600467475,41.6527969448426));
#6941=CARTESIAN_POINT('Ctrl Pts',(-52.1154754219854,9.62409600467475,41.581251986103));
#6942=CARTESIAN_POINT('Ctrl Pts',(-52.2858131566267,9.62409600467475,41.5186077304739));
#6943=CARTESIAN_POINT('Ctrl Pts',(-52.4259107123986,9.62409600467475,41.4768804420961));
#6944=CARTESIAN_POINT('Ctrl Pts',(-52.5318765109671,9.62409600467475,41.4633476231046));
#6945=CARTESIAN_POINT('Ctrl Pts',(-52.5878741650931,9.62409600467475,41.4778836130509));
#6946=CARTESIAN_POINT('Ctrl Pts',(-52.613441496047,9.62409600467475,41.5035552818306));
#6947=CARTESIAN_POINT('Ctrl Pts',(-52.6231915935833,9.62409600467475,41.5272263968217));
#6948=CARTESIAN_POINT('Ctrl Pts',(-52.6262429213444,9.62409600467475,41.5407011765409));
#6949=CARTESIAN_POINT('Ctrl Pts',(-54.3481083563337,9.62409600467475,42.71013561129));
#6950=CARTESIAN_POINT('Ctrl Pts',(-54.3450984407263,9.62409600467475,42.6676336830064));
#6951=CARTESIAN_POINT('Ctrl Pts',(-54.3393711127346,9.62409600467475,42.5816492172659));
#6952=CARTESIAN_POINT('Ctrl Pts',(-54.3316575727806,9.62409600467475,42.4497306382199));
#6953=CARTESIAN_POINT('Ctrl Pts',(-54.3231296672918,9.62409600467475,42.2679511646518));
#6954=CARTESIAN_POINT('Ctrl Pts',(-54.3154913615023,9.62409600467475,42.0310313290784));
#6955=CARTESIAN_POINT('Ctrl Pts',(-54.3111505997718,9.62409600467475,41.7848262201104));
#6956=CARTESIAN_POINT('Ctrl Pts',(-54.310632811019,9.62409600467475,41.5301782584898));
#6957=CARTESIAN_POINT('Ctrl Pts',(-54.3148417656225,9.62409600467475,41.2685598733697));
#6958=CARTESIAN_POINT('Ctrl Pts',(-54.3250069231997,9.62409600467475,41.0021048341749));
#6959=CARTESIAN_POINT('Ctrl Pts',(-54.3420677032421,9.62409600467475,40.7331216434267));
#6960=CARTESIAN_POINT('Ctrl Pts',(-54.3661461899687,9.62409600467475,40.4636894239073));
#6961=CARTESIAN_POINT('Ctrl Pts',(-54.3959974613123,9.62409600467475,40.1952357518591));
#6962=CARTESIAN_POINT('Ctrl Pts',(-54.4284299854777,9.62409600467475,39.9280860517659));
#6963=CARTESIAN_POINT('Ctrl Pts',(-54.4578332037815,9.62409600467475,39.6611210431875));
#6964=CARTESIAN_POINT('Ctrl Pts',(-54.477038431225,9.62409600467475,39.3927760961538));
#6965=CARTESIAN_POINT('Ctrl Pts',(-54.4780753456645,9.62409600467475,39.1219278578324));
#6966=CARTESIAN_POINT('Ctrl Pts',(-54.452971288386,9.62409600467475,38.8488516950377));
#6967=CARTESIAN_POINT('Ctrl Pts',(-54.3945182617034,9.62409600467475,38.5760903194614));
#6968=CARTESIAN_POINT('Ctrl Pts',(-54.2970942580691,9.62409600467475,38.3095339491133));
#6969=CARTESIAN_POINT('Ctrl Pts',(-54.1569581005344,9.62409600467475,38.0573120558337));
#6970=CARTESIAN_POINT('Ctrl Pts',(-53.9724749741599,9.62409600467475,37.8284664590864));
#6971=CARTESIAN_POINT('Ctrl Pts',(-53.7444021628119,9.62409600467475,37.6316472351923));
#6972=CARTESIAN_POINT('Ctrl Pts',(-53.4760976587955,9.62409600467475,37.4739304226187));
#6973=CARTESIAN_POINT('Ctrl Pts',(-53.1739249186381,9.62409600467475,37.3592502430955));
#6974=CARTESIAN_POINT('Ctrl Pts',(-52.8469503391165,9.62409600467475,37.2883536696258));
#6975=CARTESIAN_POINT('Ctrl Pts',(-52.5060325854643,9.62409600467475,37.2600891597899));
#6976=CARTESIAN_POINT('Ctrl Pts',(-52.1630993877629,9.62409600467475,37.272272776378));
#6977=CARTESIAN_POINT('Ctrl Pts',(-51.8303333383668,9.62409600467475,37.3228027861503));
#6978=CARTESIAN_POINT('Ctrl Pts',(-51.5194430575116,9.62409600467475,37.4104767687355));
#6979=CARTESIAN_POINT('Ctrl Pts',(-51.2407850357925,9.62409600467475,37.5364092008683));
#6980=CARTESIAN_POINT('Ctrl Pts',(-51.0030599502317,9.62409600467475,37.7030328671238));
#6981=CARTESIAN_POINT('Ctrl Pts',(-50.8133630540971,9.62409600467475,37.9116516207243));
#6982=CARTESIAN_POINT('Ctrl Pts',(-50.6771292753607,9.62409600467475,38.1602918737689));
#6983=CARTESIAN_POINT('Ctrl Pts',(-50.5980979237469,9.62409600467475,38.4417118176512));
#6984=CARTESIAN_POINT('Ctrl Pts',(-50.5782998726442,9.62409600467475,38.7406261583273));
#6985=CARTESIAN_POINT('Ctrl Pts',(-50.6179036072301,9.62409600467475,39.0334988628454));
#6986=CARTESIAN_POINT('Ctrl Pts',(-50.7147497216418,9.62409600467475,39.2945265662021));
#6987=CARTESIAN_POINT('Ctrl Pts',(-50.8638880389003,9.62409600467475,39.5006119207379));
#6988=CARTESIAN_POINT('Ctrl Pts',(-51.0572081822342,9.62409600467475,39.6363051445091));
#6989=CARTESIAN_POINT('Ctrl Pts',(-51.2827661708483,9.62409600467475,39.6998234582631));
#6990=CARTESIAN_POINT('Ctrl Pts',(-51.5250231320619,9.62409600467475,39.705338101759));
#6991=CARTESIAN_POINT('Ctrl Pts',(-51.7674225098968,9.62409600467475,39.6752635321204));
#6992=CARTESIAN_POINT('Ctrl Pts',(-51.9946645805445,9.62409600467475,39.6341129170557));
#6993=CARTESIAN_POINT('Ctrl Pts',(-52.194812417702,9.62409600467475,39.6024478245902));
#6994=CARTESIAN_POINT('Ctrl Pts',(-52.3622011968608,9.62409600467475,39.5890403507538));
#6995=CARTESIAN_POINT('Ctrl Pts',(-52.4696284098652,9.62409600467475,39.5916508477694));
#6996=CARTESIAN_POINT('Ctrl Pts',(-52.5361175469738,9.62409600467475,39.5987901830665));
#6997=CARTESIAN_POINT('Ctrl Pts',(-52.5743904397876,9.62409600467475,39.6053598384339));
#6998=CARTESIAN_POINT('Ctrl Pts',(-52.5920133402175,9.62409600467475,39.6090977889863));
#6999=CARTESIAN_POINT('Ctrl Pts',(-52.6262429213444,10.1240960046748,41.5407011765409));
#7000=CARTESIAN_POINT('Ctrl Pts',(-52.6262429213444,9.62409600467475,41.5407011765409));
#7001=CARTESIAN_POINT('Ctrl Pts',(-52.6292269647181,10.1240960046748,41.5453903875566));
#7002=CARTESIAN_POINT('Ctrl Pts',(-52.6292269647181,9.62409600467475,41.5453903875566));
#7003=CARTESIAN_POINT('Ctrl Pts',(-52.6352443389055,10.1240960046748,41.5574333710388));
#7004=CARTESIAN_POINT('Ctrl Pts',(-52.6352443389055,9.62409600467475,41.5574333710388));
#7005=CARTESIAN_POINT('Ctrl Pts',(-52.6444207774473,10.1240960046748,41.5834891572719));
#7006=CARTESIAN_POINT('Ctrl Pts',(-52.6444207774473,9.62409600467475,41.5834891572719));
#7007=CARTESIAN_POINT('Ctrl Pts',(-52.6550222931386,10.1240960046748,41.6351822932144));
#7008=CARTESIAN_POINT('Ctrl Pts',(-52.6550222931386,9.62409600467475,41.6351822932144));
#7009=CARTESIAN_POINT('Ctrl Pts',(-52.6561040829798,10.1240960046748,41.7317356662229));
#7010=CARTESIAN_POINT('Ctrl Pts',(-52.6561040829798,9.62409600467475,41.7317356662229));
#7011=CARTESIAN_POINT('Ctrl Pts',(-52.6353643179479,10.1240960046748,41.8621809453495));
#7012=CARTESIAN_POINT('Ctrl Pts',(-52.6353643179479,9.62409600467475,41.8621809453495));
#7013=CARTESIAN_POINT('Ctrl Pts',(-52.5886195546617,10.1240960046748,42.0225619460439));
#7014=CARTESIAN_POINT('Ctrl Pts',(-52.5886195546617,9.62409600467475,42.0225619460439));
#7015=CARTESIAN_POINT('Ctrl Pts',(-52.5181489749104,10.1240960046748,42.2031922879405));
#7016=CARTESIAN_POINT('Ctrl Pts',(-52.5181489749104,9.62409600467475,42.2031922879405));
#7017=CARTESIAN_POINT('Ctrl Pts',(-52.4299720429368,10.1240960046748,42.3922553928564));
#7018=CARTESIAN_POINT('Ctrl Pts',(-52.4299720429368,9.62409600467475,42.3922553928564));
#7019=CARTESIAN_POINT('Ctrl Pts',(-52.3321250854038,10.1240960046748,42.5785712082972));
#7020=CARTESIAN_POINT('Ctrl Pts',(-52.3321250854038,9.62409600467475,42.5785712082972));
#7021=CARTESIAN_POINT('Ctrl Pts',(-52.2327297876069,10.1240960046748,42.7543557826255));
#7022=CARTESIAN_POINT('Ctrl Pts',(-52.2327297876069,9.62409600467475,42.7543557826255));
#7023=CARTESIAN_POINT('Ctrl Pts',(-52.1376908119741,10.1240960046748,42.9188675848464));
#7024=CARTESIAN_POINT('Ctrl Pts',(-52.1376908119741,9.62409600467475,42.9188675848464));
#7025=CARTESIAN_POINT('Ctrl Pts',(-52.0508577032305,10.1240960046748,43.0773798802979));
#7026=CARTESIAN_POINT('Ctrl Pts',(-52.0508577032305,9.62409600467475,43.0773798802979));
#7027=CARTESIAN_POINT('Ctrl Pts',(-51.9755245896526,10.1240960046748,43.2376733509476));
#7028=CARTESIAN_POINT('Ctrl Pts',(-51.9755245896526,9.62409600467475,43.2376733509476));
#7029=CARTESIAN_POINT('Ctrl Pts',(-51.9155820440402,10.1240960046748,43.4072076877425));
#7030=CARTESIAN_POINT('Ctrl Pts',(-51.9155820440402,9.62409600467475,43.4072076877425));
#7031=CARTESIAN_POINT('Ctrl Pts',(-51.8766411474834,10.1240960046748,43.5902668072592));
#7032=CARTESIAN_POINT('Ctrl Pts',(-51.8766411474834,9.62409600467475,43.5902668072592));
#7033=CARTESIAN_POINT('Ctrl Pts',(-51.8676189178665,10.1240960046748,43.7844517960174));
#7034=CARTESIAN_POINT('Ctrl Pts',(-51.8676189178665,9.62409600467475,43.7844517960174));
#7035=CARTESIAN_POINT('Ctrl Pts',(-51.899085363266,10.1240960046748,43.9819234312847));
#7036=CARTESIAN_POINT('Ctrl Pts',(-51.899085363266,9.62409600467475,43.9819234312847));
#7037=CARTESIAN_POINT('Ctrl Pts',(-51.9807224143575,10.1240960046748,44.1719868440627));
#7038=CARTESIAN_POINT('Ctrl Pts',(-51.9807224143575,9.62409600467475,44.1719868440627));
#7039=CARTESIAN_POINT('Ctrl Pts',(-52.1189817012502,10.1240960046748,44.3432651665272));
#7040=CARTESIAN_POINT('Ctrl Pts',(-52.1189817012502,9.62409600467475,44.3432651665272));
#7041=CARTESIAN_POINT('Ctrl Pts',(-52.3148548810006,10.1240960046748,44.4858983418345));
#7042=CARTESIAN_POINT('Ctrl Pts',(-52.3148548810006,9.62409600467475,44.4858983418345));
#7043=CARTESIAN_POINT('Ctrl Pts',(-52.5610015828496,10.1240960046748,44.5941014622309));
#7044=CARTESIAN_POINT('Ctrl Pts',(-52.5610015828496,9.62409600467475,44.5941014622309));
#7045=CARTESIAN_POINT('Ctrl Pts',(-52.8434243898471,10.1240960046748,44.6657939116013));
#7046=CARTESIAN_POINT('Ctrl Pts',(-52.8434243898471,9.62409600467475,44.6657939116013));
#7047=CARTESIAN_POINT('Ctrl Pts',(-53.1442691776919,10.1240960046748,44.7014985124081));
#7048=CARTESIAN_POINT('Ctrl Pts',(-53.1442691776919,9.62409600467475,44.7014985124081));
#7049=CARTESIAN_POINT('Ctrl Pts',(-53.4441649777654,10.1240960046748,44.7035233691749));
#7050=CARTESIAN_POINT('Ctrl Pts',(-53.4441649777654,9.62409600467475,44.7035233691749));
#7051=CARTESIAN_POINT('Ctrl Pts',(-53.7248465515404,10.1240960046748,44.6750118788181));
#7052=CARTESIAN_POINT('Ctrl Pts',(-53.7248465515404,9.62409600467475,44.6750118788181));
#7053=CARTESIAN_POINT('Ctrl Pts',(-53.971412531351,10.1240960046748,44.6191271871882));
#7054=CARTESIAN_POINT('Ctrl Pts',(-53.971412531351,9.62409600467475,44.6191271871882));
#7055=CARTESIAN_POINT('Ctrl Pts',(-54.1753743337685,10.1240960046748,44.5380138259552));
#7056=CARTESIAN_POINT('Ctrl Pts',(-54.1753743337685,9.62409600467475,44.5380138259552));
#7057=CARTESIAN_POINT('Ctrl Pts',(-54.3343339882138,10.1240960046748,44.4327010042057));
#7058=CARTESIAN_POINT('Ctrl Pts',(-54.3343339882138,9.62409600467475,44.4327010042057));
#7059=CARTESIAN_POINT('Ctrl Pts',(-54.4498979046203,10.1240960046748,44.3034984468796));
#7060=CARTESIAN_POINT('Ctrl Pts',(-54.4498979046203,9.62409600467475,44.3034984468796));
#7061=CARTESIAN_POINT('Ctrl Pts',(-54.5261232547339,10.1240960046748,44.1502461800402));
#7062=CARTESIAN_POINT('Ctrl Pts',(-54.5261232547339,9.62409600467475,44.1502461800402));
#7063=CARTESIAN_POINT('Ctrl Pts',(-54.5678580800225,10.1240960046748,43.9726073828013));
#7064=CARTESIAN_POINT('Ctrl Pts',(-54.5678580800225,9.62409600467475,43.9726073828013));
#7065=CARTESIAN_POINT('Ctrl Pts',(-54.5789006595729,10.1240960046748,43.7703883252223));
#7066=CARTESIAN_POINT('Ctrl Pts',(-54.5789006595729,9.62409600467475,43.7703883252223));
#7067=CARTESIAN_POINT('Ctrl Pts',(-54.5617953112145,10.1240960046748,43.5435611660854));
#7068=CARTESIAN_POINT('Ctrl Pts',(-54.5617953112145,9.62409600467475,43.5435611660854));
#7069=CARTESIAN_POINT('Ctrl Pts',(-54.5181767016752,10.1240960046748,43.2921856813853));
#7070=CARTESIAN_POINT('Ctrl Pts',(-54.5181767016752,9.62409600467475,43.2921856813853));
#7071=CARTESIAN_POINT('Ctrl Pts',(-54.462777288788,10.1240960046748,43.07153192339));
#7072=CARTESIAN_POINT('Ctrl Pts',(-54.462777288788,9.62409600467475,43.07153192339));
#7073=CARTESIAN_POINT('Ctrl Pts',(-54.4098584995923,10.1240960046748,42.8950878606814));
#7074=CARTESIAN_POINT('Ctrl Pts',(-54.4098584995923,9.62409600467475,42.8950878606814));
#7075=CARTESIAN_POINT('Ctrl Pts',(-54.3695328117034,10.1240960046748,42.7725966660893));
#7076=CARTESIAN_POINT('Ctrl Pts',(-54.3695328117034,9.62409600467475,42.7725966660893));
#7077=CARTESIAN_POINT('Ctrl Pts',(-54.3481083563337,10.1240960046748,42.71013561129));
#7078=CARTESIAN_POINT('Ctrl Pts',(-54.3481083563337,9.62409600467475,42.71013561129));
#7079=CARTESIAN_POINT('',(-52.6262429213444,10.1240960046748,41.5407011765409));
#7080=CARTESIAN_POINT('',(-54.3481083563337,10.1240960046748,42.71013561129));
#7081=CARTESIAN_POINT('Ctrl Pts',(-52.6262429213444,10.1240960046748,41.5407011765409));
#7082=CARTESIAN_POINT('Ctrl Pts',(-52.6292269647181,10.1240960046748,41.5453903875566));
#7083=CARTESIAN_POINT('Ctrl Pts',(-52.6352443389055,10.1240960046748,41.5574333710388));
#7084=CARTESIAN_POINT('Ctrl Pts',(-52.6444207774473,10.1240960046748,41.5834891572719));
#7085=CARTESIAN_POINT('Ctrl Pts',(-52.6550222931386,10.1240960046748,41.6351822932144));
#7086=CARTESIAN_POINT('Ctrl Pts',(-52.6561040829798,10.1240960046748,41.7317356662229));
#7087=CARTESIAN_POINT('Ctrl Pts',(-52.6353643179479,10.1240960046748,41.8621809453495));
#7088=CARTESIAN_POINT('Ctrl Pts',(-52.5886195546617,10.1240960046748,42.0225619460439));
#7089=CARTESIAN_POINT('Ctrl Pts',(-52.5181489749104,10.1240960046748,42.2031922879405));
#7090=CARTESIAN_POINT('Ctrl Pts',(-52.4299720429368,10.1240960046748,42.3922553928564));
#7091=CARTESIAN_POINT('Ctrl Pts',(-52.3321250854038,10.1240960046748,42.5785712082972));
#7092=CARTESIAN_POINT('Ctrl Pts',(-52.2327297876069,10.1240960046748,42.7543557826255));
#7093=CARTESIAN_POINT('Ctrl Pts',(-52.1376908119741,10.1240960046748,42.9188675848464));
#7094=CARTESIAN_POINT('Ctrl Pts',(-52.0508577032305,10.1240960046748,43.0773798802979));
#7095=CARTESIAN_POINT('Ctrl Pts',(-51.9755245896526,10.1240960046748,43.2376733509476));
#7096=CARTESIAN_POINT('Ctrl Pts',(-51.9155820440402,10.1240960046748,43.4072076877425));
#7097=CARTESIAN_POINT('Ctrl Pts',(-51.8766411474834,10.1240960046748,43.5902668072592));
#7098=CARTESIAN_POINT('Ctrl Pts',(-51.8676189178665,10.1240960046748,43.7844517960174));
#7099=CARTESIAN_POINT('Ctrl Pts',(-51.899085363266,10.1240960046748,43.9819234312847));
#7100=CARTESIAN_POINT('Ctrl Pts',(-51.9807224143575,10.1240960046748,44.1719868440627));
#7101=CARTESIAN_POINT('Ctrl Pts',(-52.1189817012502,10.1240960046748,44.3432651665272));
#7102=CARTESIAN_POINT('Ctrl Pts',(-52.3148548810006,10.1240960046748,44.4858983418345));
#7103=CARTESIAN_POINT('Ctrl Pts',(-52.5610015828496,10.1240960046748,44.5941014622309));
#7104=CARTESIAN_POINT('Ctrl Pts',(-52.8434243898471,10.1240960046748,44.6657939116013));
#7105=CARTESIAN_POINT('Ctrl Pts',(-53.1442691776919,10.1240960046748,44.7014985124081));
#7106=CARTESIAN_POINT('Ctrl Pts',(-53.4441649777654,10.1240960046748,44.7035233691749));
#7107=CARTESIAN_POINT('Ctrl Pts',(-53.7248465515404,10.1240960046748,44.6750118788181));
#7108=CARTESIAN_POINT('Ctrl Pts',(-53.971412531351,10.1240960046748,44.6191271871882));
#7109=CARTESIAN_POINT('Ctrl Pts',(-54.1753743337685,10.1240960046748,44.5380138259552));
#7110=CARTESIAN_POINT('Ctrl Pts',(-54.3343339882138,10.1240960046748,44.4327010042057));
#7111=CARTESIAN_POINT('Ctrl Pts',(-54.4498979046203,10.1240960046748,44.3034984468796));
#7112=CARTESIAN_POINT('Ctrl Pts',(-54.5261232547339,10.1240960046748,44.1502461800402));
#7113=CARTESIAN_POINT('Ctrl Pts',(-54.5678580800225,10.1240960046748,43.9726073828013));
#7114=CARTESIAN_POINT('Ctrl Pts',(-54.5789006595729,10.1240960046748,43.7703883252223));
#7115=CARTESIAN_POINT('Ctrl Pts',(-54.5617953112145,10.1240960046748,43.5435611660854));
#7116=CARTESIAN_POINT('Ctrl Pts',(-54.5181767016752,10.1240960046748,43.2921856813853));
#7117=CARTESIAN_POINT('Ctrl Pts',(-54.462777288788,10.1240960046748,43.07153192339));
#7118=CARTESIAN_POINT('Ctrl Pts',(-54.4098584995923,10.1240960046748,42.8950878606814));
#7119=CARTESIAN_POINT('Ctrl Pts',(-54.3695328117034,10.1240960046748,42.7725966660893));
#7120=CARTESIAN_POINT('Ctrl Pts',(-54.3481083563337,10.1240960046748,42.71013561129));
#7121=CARTESIAN_POINT('',(-52.6262429213444,10.1240960046748,41.5407011765409));
#7122=CARTESIAN_POINT('',(-54.3481083563337,10.1240960046748,42.71013561129));
#7123=CARTESIAN_POINT('Ctrl Pts',(-54.3481083563337,10.1240960046748,42.71013561129));
#7124=CARTESIAN_POINT('Ctrl Pts',(-54.3481083563337,9.62409600467475,42.71013561129));
#7125=CARTESIAN_POINT('Ctrl Pts',(-54.3450984407263,10.1240960046748,42.6676336830064));
#7126=CARTESIAN_POINT('Ctrl Pts',(-54.3450984407263,9.62409600467475,42.6676336830064));
#7127=CARTESIAN_POINT('Ctrl Pts',(-54.3393711127346,10.1240960046748,42.5816492172659));
#7128=CARTESIAN_POINT('Ctrl Pts',(-54.3393711127346,9.62409600467475,42.5816492172659));
#7129=CARTESIAN_POINT('Ctrl Pts',(-54.3316575727806,10.1240960046748,42.4497306382199));
#7130=CARTESIAN_POINT('Ctrl Pts',(-54.3316575727806,9.62409600467475,42.4497306382199));
#7131=CARTESIAN_POINT('Ctrl Pts',(-54.3231296672918,10.1240960046748,42.2679511646518));
#7132=CARTESIAN_POINT('Ctrl Pts',(-54.3231296672918,9.62409600467475,42.2679511646518));
#7133=CARTESIAN_POINT('Ctrl Pts',(-54.3154913615023,10.1240960046748,42.0310313290784));
#7134=CARTESIAN_POINT('Ctrl Pts',(-54.3154913615023,9.62409600467475,42.0310313290784));
#7135=CARTESIAN_POINT('Ctrl Pts',(-54.3111505997718,10.1240960046748,41.7848262201104));
#7136=CARTESIAN_POINT('Ctrl Pts',(-54.3111505997718,9.62409600467475,41.7848262201104));
#7137=CARTESIAN_POINT('Ctrl Pts',(-54.310632811019,10.1240960046748,41.5301782584898));
#7138=CARTESIAN_POINT('Ctrl Pts',(-54.310632811019,9.62409600467475,41.5301782584898));
#7139=CARTESIAN_POINT('Ctrl Pts',(-54.3148417656225,10.1240960046748,41.2685598733697));
#7140=CARTESIAN_POINT('Ctrl Pts',(-54.3148417656225,9.62409600467475,41.2685598733697));
#7141=CARTESIAN_POINT('Ctrl Pts',(-54.3250069231997,10.1240960046748,41.0021048341749));
#7142=CARTESIAN_POINT('Ctrl Pts',(-54.3250069231997,9.62409600467475,41.0021048341749));
#7143=CARTESIAN_POINT('Ctrl Pts',(-54.3420677032421,10.1240960046748,40.7331216434267));
#7144=CARTESIAN_POINT('Ctrl Pts',(-54.3420677032421,9.62409600467475,40.7331216434267));
#7145=CARTESIAN_POINT('Ctrl Pts',(-54.3661461899687,10.1240960046748,40.4636894239073));
#7146=CARTESIAN_POINT('Ctrl Pts',(-54.3661461899687,9.62409600467475,40.4636894239073));
#7147=CARTESIAN_POINT('Ctrl Pts',(-54.3959974613123,10.1240960046748,40.1952357518591));
#7148=CARTESIAN_POINT('Ctrl Pts',(-54.3959974613123,9.62409600467475,40.1952357518591));
#7149=CARTESIAN_POINT('Ctrl Pts',(-54.4284299854777,10.1240960046748,39.9280860517659));
#7150=CARTESIAN_POINT('Ctrl Pts',(-54.4284299854777,9.62409600467475,39.9280860517659));
#7151=CARTESIAN_POINT('Ctrl Pts',(-54.4578332037815,10.1240960046748,39.6611210431875));
#7152=CARTESIAN_POINT('Ctrl Pts',(-54.4578332037815,9.62409600467475,39.6611210431875));
#7153=CARTESIAN_POINT('Ctrl Pts',(-54.477038431225,10.1240960046748,39.3927760961538));
#7154=CARTESIAN_POINT('Ctrl Pts',(-54.477038431225,9.62409600467475,39.3927760961538));
#7155=CARTESIAN_POINT('Ctrl Pts',(-54.4780753456645,10.1240960046748,39.1219278578324));
#7156=CARTESIAN_POINT('Ctrl Pts',(-54.4780753456645,9.62409600467475,39.1219278578324));
#7157=CARTESIAN_POINT('Ctrl Pts',(-54.452971288386,10.1240960046748,38.8488516950377));
#7158=CARTESIAN_POINT('Ctrl Pts',(-54.452971288386,9.62409600467475,38.8488516950377));
#7159=CARTESIAN_POINT('Ctrl Pts',(-54.3945182617034,10.1240960046748,38.5760903194614));
#7160=CARTESIAN_POINT('Ctrl Pts',(-54.3945182617034,9.62409600467475,38.5760903194614));
#7161=CARTESIAN_POINT('Ctrl Pts',(-54.2970942580691,10.1240960046748,38.3095339491133));
#7162=CARTESIAN_POINT('Ctrl Pts',(-54.2970942580691,9.62409600467475,38.3095339491133));
#7163=CARTESIAN_POINT('Ctrl Pts',(-54.1569581005344,10.1240960046748,38.0573120558337));
#7164=CARTESIAN_POINT('Ctrl Pts',(-54.1569581005344,9.62409600467475,38.0573120558337));
#7165=CARTESIAN_POINT('Ctrl Pts',(-53.9724749741599,10.1240960046748,37.8284664590864));
#7166=CARTESIAN_POINT('Ctrl Pts',(-53.9724749741599,9.62409600467475,37.8284664590864));
#7167=CARTESIAN_POINT('Ctrl Pts',(-53.7444021628119,10.1240960046748,37.6316472351923));
#7168=CARTESIAN_POINT('Ctrl Pts',(-53.7444021628119,9.62409600467475,37.6316472351923));
#7169=CARTESIAN_POINT('Ctrl Pts',(-53.4760976587955,10.1240960046748,37.4739304226187));
#7170=CARTESIAN_POINT('Ctrl Pts',(-53.4760976587955,9.62409600467475,37.4739304226187));
#7171=CARTESIAN_POINT('Ctrl Pts',(-53.1739249186381,10.1240960046748,37.3592502430955));
#7172=CARTESIAN_POINT('Ctrl Pts',(-53.1739249186381,9.62409600467475,37.3592502430955));
#7173=CARTESIAN_POINT('Ctrl Pts',(-52.8469503391165,10.1240960046748,37.2883536696258));
#7174=CARTESIAN_POINT('Ctrl Pts',(-52.8469503391165,9.62409600467475,37.2883536696258));
#7175=CARTESIAN_POINT('Ctrl Pts',(-52.5060325854643,10.1240960046748,37.2600891597899));
#7176=CARTESIAN_POINT('Ctrl Pts',(-52.5060325854643,9.62409600467475,37.2600891597899));
#7177=CARTESIAN_POINT('Ctrl Pts',(-52.1630993877629,10.1240960046748,37.272272776378));
#7178=CARTESIAN_POINT('Ctrl Pts',(-52.1630993877629,9.62409600467475,37.272272776378));
#7179=CARTESIAN_POINT('Ctrl Pts',(-51.8303333383668,10.1240960046748,37.3228027861503));
#7180=CARTESIAN_POINT('Ctrl Pts',(-51.8303333383668,9.62409600467475,37.3228027861503));
#7181=CARTESIAN_POINT('Ctrl Pts',(-51.5194430575116,10.1240960046748,37.4104767687355));
#7182=CARTESIAN_POINT('Ctrl Pts',(-51.5194430575116,9.62409600467475,37.4104767687355));
#7183=CARTESIAN_POINT('Ctrl Pts',(-51.2407850357925,10.1240960046748,37.5364092008683));
#7184=CARTESIAN_POINT('Ctrl Pts',(-51.2407850357925,9.62409600467475,37.5364092008683));
#7185=CARTESIAN_POINT('Ctrl Pts',(-51.0030599502317,10.1240960046748,37.7030328671238));
#7186=CARTESIAN_POINT('Ctrl Pts',(-51.0030599502317,9.62409600467475,37.7030328671238));
#7187=CARTESIAN_POINT('Ctrl Pts',(-50.8133630540971,10.1240960046748,37.9116516207243));
#7188=CARTESIAN_POINT('Ctrl Pts',(-50.8133630540971,9.62409600467475,37.9116516207243));
#7189=CARTESIAN_POINT('Ctrl Pts',(-50.6771292753607,10.1240960046748,38.1602918737689));
#7190=CARTESIAN_POINT('Ctrl Pts',(-50.6771292753607,9.62409600467475,38.1602918737689));
#7191=CARTESIAN_POINT('Ctrl Pts',(-50.5980979237469,10.1240960046748,38.4417118176512));
#7192=CARTESIAN_POINT('Ctrl Pts',(-50.5980979237469,9.62409600467475,38.4417118176512));
#7193=CARTESIAN_POINT('Ctrl Pts',(-50.5782998726442,10.1240960046748,38.7406261583273));
#7194=CARTESIAN_POINT('Ctrl Pts',(-50.5782998726442,9.62409600467475,38.7406261583273));
#7195=CARTESIAN_POINT('Ctrl Pts',(-50.6179036072301,10.1240960046748,39.0334988628454));
#7196=CARTESIAN_POINT('Ctrl Pts',(-50.6179036072301,9.62409600467475,39.0334988628454));
#7197=CARTESIAN_POINT('Ctrl Pts',(-50.7147497216418,10.1240960046748,39.2945265662021));
#7198=CARTESIAN_POINT('Ctrl Pts',(-50.7147497216418,9.62409600467475,39.2945265662021));
#7199=CARTESIAN_POINT('Ctrl Pts',(-50.8638880389003,10.1240960046748,39.5006119207379));
#7200=CARTESIAN_POINT('Ctrl Pts',(-50.8638880389003,9.62409600467475,39.5006119207379));
#7201=CARTESIAN_POINT('Ctrl Pts',(-51.0572081822342,10.1240960046748,39.6363051445091));
#7202=CARTESIAN_POINT('Ctrl Pts',(-51.0572081822342,9.62409600467475,39.6363051445091));
#7203=CARTESIAN_POINT('Ctrl Pts',(-51.2827661708483,10.1240960046748,39.6998234582631));
#7204=CARTESIAN_POINT('Ctrl Pts',(-51.2827661708483,9.62409600467475,39.6998234582631));
#7205=CARTESIAN_POINT('Ctrl Pts',(-51.5250231320619,10.1240960046748,39.705338101759));
#7206=CARTESIAN_POINT('Ctrl Pts',(-51.5250231320619,9.62409600467475,39.705338101759));
#7207=CARTESIAN_POINT('Ctrl Pts',(-51.7674225098968,10.1240960046748,39.6752635321204));
#7208=CARTESIAN_POINT('Ctrl Pts',(-51.7674225098968,9.62409600467475,39.6752635321204));
#7209=CARTESIAN_POINT('Ctrl Pts',(-51.9946645805445,10.1240960046748,39.6341129170557));
#7210=CARTESIAN_POINT('Ctrl Pts',(-51.9946645805445,9.62409600467475,39.6341129170557));
#7211=CARTESIAN_POINT('Ctrl Pts',(-52.194812417702,10.1240960046748,39.6024478245902));
#7212=CARTESIAN_POINT('Ctrl Pts',(-52.194812417702,9.62409600467475,39.6024478245902));
#7213=CARTESIAN_POINT('Ctrl Pts',(-52.3622011968608,10.1240960046748,39.5890403507538));
#7214=CARTESIAN_POINT('Ctrl Pts',(-52.3622011968608,9.62409600467475,39.5890403507538));
#7215=CARTESIAN_POINT('Ctrl Pts',(-52.4696284098652,10.1240960046748,39.5916508477694));
#7216=CARTESIAN_POINT('Ctrl Pts',(-52.4696284098652,9.62409600467475,39.5916508477694));
#7217=CARTESIAN_POINT('Ctrl Pts',(-52.5361175469738,10.1240960046748,39.5987901830665));
#7218=CARTESIAN_POINT('Ctrl Pts',(-52.5361175469738,9.62409600467475,39.5987901830665));
#7219=CARTESIAN_POINT('Ctrl Pts',(-52.5743904397876,10.1240960046748,39.6053598384339));
#7220=CARTESIAN_POINT('Ctrl Pts',(-52.5743904397876,9.62409600467475,39.6053598384339));
#7221=CARTESIAN_POINT('Ctrl Pts',(-52.5920133402175,10.1240960046748,39.6090977889863));
#7222=CARTESIAN_POINT('Ctrl Pts',(-52.5920133402175,9.62409600467475,39.6090977889863));
#7223=CARTESIAN_POINT('',(-52.5920133402175,10.1240960046748,39.6090977889863));
#7224=CARTESIAN_POINT('Ctrl Pts',(-54.3481083563337,10.1240960046748,42.71013561129));
#7225=CARTESIAN_POINT('Ctrl Pts',(-54.3450984407263,10.1240960046748,42.6676336830064));
#7226=CARTESIAN_POINT('Ctrl Pts',(-54.3393711127346,10.1240960046748,42.5816492172659));
#7227=CARTESIAN_POINT('Ctrl Pts',(-54.3316575727806,10.1240960046748,42.4497306382199));
#7228=CARTESIAN_POINT('Ctrl Pts',(-54.3231296672918,10.1240960046748,42.2679511646518));
#7229=CARTESIAN_POINT('Ctrl Pts',(-54.3154913615023,10.1240960046748,42.0310313290784));
#7230=CARTESIAN_POINT('Ctrl Pts',(-54.3111505997718,10.1240960046748,41.7848262201104));
#7231=CARTESIAN_POINT('Ctrl Pts',(-54.310632811019,10.1240960046748,41.5301782584898));
#7232=CARTESIAN_POINT('Ctrl Pts',(-54.3148417656225,10.1240960046748,41.2685598733697));
#7233=CARTESIAN_POINT('Ctrl Pts',(-54.3250069231997,10.1240960046748,41.0021048341749));
#7234=CARTESIAN_POINT('Ctrl Pts',(-54.3420677032421,10.1240960046748,40.7331216434267));
#7235=CARTESIAN_POINT('Ctrl Pts',(-54.3661461899687,10.1240960046748,40.4636894239073));
#7236=CARTESIAN_POINT('Ctrl Pts',(-54.3959974613123,10.1240960046748,40.1952357518591));
#7237=CARTESIAN_POINT('Ctrl Pts',(-54.4284299854777,10.1240960046748,39.9280860517659));
#7238=CARTESIAN_POINT('Ctrl Pts',(-54.4578332037815,10.1240960046748,39.6611210431875));
#7239=CARTESIAN_POINT('Ctrl Pts',(-54.477038431225,10.1240960046748,39.3927760961538));
#7240=CARTESIAN_POINT('Ctrl Pts',(-54.4780753456645,10.1240960046748,39.1219278578324));
#7241=CARTESIAN_POINT('Ctrl Pts',(-54.452971288386,10.1240960046748,38.8488516950377));
#7242=CARTESIAN_POINT('Ctrl Pts',(-54.3945182617034,10.1240960046748,38.5760903194614));
#7243=CARTESIAN_POINT('Ctrl Pts',(-54.2970942580691,10.1240960046748,38.3095339491133));
#7244=CARTESIAN_POINT('Ctrl Pts',(-54.1569581005344,10.1240960046748,38.0573120558337));
#7245=CARTESIAN_POINT('Ctrl Pts',(-53.9724749741599,10.1240960046748,37.8284664590864));
#7246=CARTESIAN_POINT('Ctrl Pts',(-53.7444021628119,10.1240960046748,37.6316472351923));
#7247=CARTESIAN_POINT('Ctrl Pts',(-53.4760976587955,10.1240960046748,37.4739304226187));
#7248=CARTESIAN_POINT('Ctrl Pts',(-53.1739249186381,10.1240960046748,37.3592502430955));
#7249=CARTESIAN_POINT('Ctrl Pts',(-52.8469503391165,10.1240960046748,37.2883536696258));
#7250=CARTESIAN_POINT('Ctrl Pts',(-52.5060325854643,10.1240960046748,37.2600891597899));
#7251=CARTESIAN_POINT('Ctrl Pts',(-52.1630993877629,10.1240960046748,37.272272776378));
#7252=CARTESIAN_POINT('Ctrl Pts',(-51.8303333383668,10.1240960046748,37.3228027861503));
#7253=CARTESIAN_POINT('Ctrl Pts',(-51.5194430575116,10.1240960046748,37.4104767687355));
#7254=CARTESIAN_POINT('Ctrl Pts',(-51.2407850357925,10.1240960046748,37.5364092008683));
#7255=CARTESIAN_POINT('Ctrl Pts',(-51.0030599502317,10.1240960046748,37.7030328671238));
#7256=CARTESIAN_POINT('Ctrl Pts',(-50.8133630540971,10.1240960046748,37.9116516207243));
#7257=CARTESIAN_POINT('Ctrl Pts',(-50.6771292753607,10.1240960046748,38.1602918737689));
#7258=CARTESIAN_POINT('Ctrl Pts',(-50.5980979237469,10.1240960046748,38.4417118176512));
#7259=CARTESIAN_POINT('Ctrl Pts',(-50.5782998726442,10.1240960046748,38.7406261583273));
#7260=CARTESIAN_POINT('Ctrl Pts',(-50.6179036072301,10.1240960046748,39.0334988628454));
#7261=CARTESIAN_POINT('Ctrl Pts',(-50.7147497216418,10.1240960046748,39.2945265662021));
#7262=CARTESIAN_POINT('Ctrl Pts',(-50.8638880389003,10.1240960046748,39.5006119207379));
#7263=CARTESIAN_POINT('Ctrl Pts',(-51.0572081822342,10.1240960046748,39.6363051445091));
#7264=CARTESIAN_POINT('Ctrl Pts',(-51.2827661708483,10.1240960046748,39.6998234582631));
#7265=CARTESIAN_POINT('Ctrl Pts',(-51.5250231320619,10.1240960046748,39.705338101759));
#7266=CARTESIAN_POINT('Ctrl Pts',(-51.7674225098968,10.1240960046748,39.6752635321204));
#7267=CARTESIAN_POINT('Ctrl Pts',(-51.9946645805445,10.1240960046748,39.6341129170557));
#7268=CARTESIAN_POINT('Ctrl Pts',(-52.194812417702,10.1240960046748,39.6024478245902));
#7269=CARTESIAN_POINT('Ctrl Pts',(-52.3622011968608,10.1240960046748,39.5890403507538));
#7270=CARTESIAN_POINT('Ctrl Pts',(-52.4696284098652,10.1240960046748,39.5916508477694));
#7271=CARTESIAN_POINT('Ctrl Pts',(-52.5361175469738,10.1240960046748,39.5987901830665));
#7272=CARTESIAN_POINT('Ctrl Pts',(-52.5743904397876,10.1240960046748,39.6053598384339));
#7273=CARTESIAN_POINT('Ctrl Pts',(-52.5920133402175,10.1240960046748,39.6090977889863));
#7274=CARTESIAN_POINT('',(-52.5920133402175,10.1240960046748,39.6090977889863));
#7275=CARTESIAN_POINT('Ctrl Pts',(-52.5920133402175,10.1240960046748,39.6090977889863));
#7276=CARTESIAN_POINT('Ctrl Pts',(-52.5920133402175,9.62409600467475,39.6090977889863));
#7277=CARTESIAN_POINT('Ctrl Pts',(-52.6237807638308,10.1240960046748,39.6056908237133));
#7278=CARTESIAN_POINT('Ctrl Pts',(-52.6237807638308,9.62409600467475,39.6056908237133));
#7279=CARTESIAN_POINT('Ctrl Pts',(-52.6857000036131,10.1240960046748,39.6023294468035));
#7280=CARTESIAN_POINT('Ctrl Pts',(-52.6857000036131,9.62409600467475,39.6023294468035));
#7281=CARTESIAN_POINT('Ctrl Pts',(-52.7737320209895,10.1240960046748,39.6076458660983));
#7282=CARTESIAN_POINT('Ctrl Pts',(-52.7737320209895,9.62409600467475,39.6076458660983));
#7283=CARTESIAN_POINT('Ctrl Pts',(-52.880849620501,10.1240960046748,39.6355619962097));
#7284=CARTESIAN_POINT('Ctrl Pts',(-52.880849620501,9.62409600467475,39.6355619962097));
#7285=CARTESIAN_POINT('Ctrl Pts',(-52.9941852226092,10.1240960046748,39.7045583586226));
#7286=CARTESIAN_POINT('Ctrl Pts',(-52.9941852226092,9.62409600467475,39.7045583586226));
#7287=CARTESIAN_POINT('Ctrl Pts',(-53.0822125745702,10.1240960046748,39.8045068003262));
#7288=CARTESIAN_POINT('Ctrl Pts',(-53.0822125745702,9.62409600467475,39.8045068003262));
#7289=CARTESIAN_POINT('Ctrl Pts',(-53.1396624740688,10.1240960046748,39.9284475835144));
#7290=CARTESIAN_POINT('Ctrl Pts',(-53.1396624740688,9.62409600467475,39.9284475835144));
#7291=CARTESIAN_POINT('Ctrl Pts',(-53.1615169905902,10.1240960046748,40.0634280008636));
#7292=CARTESIAN_POINT('Ctrl Pts',(-53.1615169905902,9.62409600467475,40.0634280008636));
#7293=CARTESIAN_POINT('Ctrl Pts',(-53.1437436028297,10.1240960046748,40.1914487377283));
#7294=CARTESIAN_POINT('Ctrl Pts',(-53.1437436028297,9.62409600467475,40.1914487377283));
#7295=CARTESIAN_POINT('Ctrl Pts',(-53.0840202091335,10.1240960046748,40.2942848011947));
#7296=CARTESIAN_POINT('Ctrl Pts',(-53.0840202091335,9.62409600467475,40.2942848011947));
#7297=CARTESIAN_POINT('Ctrl Pts',(-52.9824216318711,10.1240960046748,40.3571332505893));
#7298=CARTESIAN_POINT('Ctrl Pts',(-52.9824216318711,9.62409600467475,40.3571332505893));
#7299=CARTESIAN_POINT('Ctrl Pts',(-52.8422432562282,10.1240960046748,40.3731327759942));
#7300=CARTESIAN_POINT('Ctrl Pts',(-52.8422432562282,9.62409600467475,40.3731327759942));
#7301=CARTESIAN_POINT('Ctrl Pts',(-52.6704564741314,10.1240960046748,40.346401852909));
#7302=CARTESIAN_POINT('Ctrl Pts',(-52.6704564741314,9.62409600467475,40.346401852909));
#7303=CARTESIAN_POINT('Ctrl Pts',(-52.4761903703553,10.1240960046748,40.2883072555294));
#7304=CARTESIAN_POINT('Ctrl Pts',(-52.4761903703553,9.62409600467475,40.2883072555294));
#7305=CARTESIAN_POINT('Ctrl Pts',(-52.2695073643562,10.1240960046748,40.2146609866092));
#7306=CARTESIAN_POINT('Ctrl Pts',(-52.2695073643562,9.62409600467475,40.2146609866092));
#7307=CARTESIAN_POINT('Ctrl Pts',(-52.0600093497475,10.1240960046748,40.1424750057841));
#7308=CARTESIAN_POINT('Ctrl Pts',(-52.0600093497475,9.62409600467475,40.1424750057841));
#7309=CARTESIAN_POINT('Ctrl Pts',(-51.8556605755347,10.1240960046748,40.0871627837059));
#7310=CARTESIAN_POINT('Ctrl Pts',(-51.8556605755347,9.62409600467475,40.0871627837059));
#7311=CARTESIAN_POINT('Ctrl Pts',(-51.6611499868147,10.1240960046748,40.058921001676));
#7312=CARTESIAN_POINT('Ctrl Pts',(-51.6611499868147,9.62409600467475,40.058921001676));
#7313=CARTESIAN_POINT('Ctrl Pts',(-51.4782281372086,10.1240960046748,40.0625364450588));
#7314=CARTESIAN_POINT('Ctrl Pts',(-51.4782281372086,9.62409600467475,40.0625364450588));
#7315=CARTESIAN_POINT('Ctrl Pts',(-51.3070864760633,10.1240960046748,40.0990054587938));
#7316=CARTESIAN_POINT('Ctrl Pts',(-51.3070864760633,9.62409600467475,40.0990054587938));
#7317=CARTESIAN_POINT('Ctrl Pts',(-51.1474398465462,10.1240960046748,40.1666033948403));
#7318=CARTESIAN_POINT('Ctrl Pts',(-51.1474398465462,9.62409600467475,40.1666033948403));
#7319=CARTESIAN_POINT('Ctrl Pts',(-50.9996536545708,10.1240960046748,40.2621046945751));
#7320=CARTESIAN_POINT('Ctrl Pts',(-50.9996536545708,9.62409600467475,40.2621046945751));
#7321=CARTESIAN_POINT('Ctrl Pts',(-50.866029517271,10.1240960046748,40.3820761433663));
#7322=CARTESIAN_POINT('Ctrl Pts',(-50.866029517271,9.62409600467475,40.3820761433663));
#7323=CARTESIAN_POINT('Ctrl Pts',(-50.7514696607864,10.1240960046748,40.5236661674275));
#7324=CARTESIAN_POINT('Ctrl Pts',(-50.7514696607864,9.62409600467475,40.5236661674275));
#7325=CARTESIAN_POINT('Ctrl Pts',(-50.6621646431813,10.1240960046748,40.6837184579603));
#7326=CARTESIAN_POINT('Ctrl Pts',(-50.6621646431813,9.62409600467475,40.6837184579603));
#7327=CARTESIAN_POINT('Ctrl Pts',(-50.6046385803411,10.1240960046748,40.8581914095969));
#7328=CARTESIAN_POINT('Ctrl Pts',(-50.6046385803411,9.62409600467475,40.8581914095969));
#7329=CARTESIAN_POINT('Ctrl Pts',(-50.5846441603207,10.1240960046748,41.0414316769126));
#7330=CARTESIAN_POINT('Ctrl Pts',(-50.5846441603207,9.62409600467475,41.0414316769126));
#7331=CARTESIAN_POINT('Ctrl Pts',(-50.606140954569,10.1240960046748,41.2255505799798));
#7332=CARTESIAN_POINT('Ctrl Pts',(-50.606140954569,9.62409600467475,41.2255505799798));
#7333=CARTESIAN_POINT('Ctrl Pts',(-50.6701660174371,10.1240960046748,41.3996186884956));
#7334=CARTESIAN_POINT('Ctrl Pts',(-50.6701660174371,9.62409600467475,41.3996186884956));
#7335=CARTESIAN_POINT('Ctrl Pts',(-50.7751005863723,10.1240960046748,41.5515228988754));
#7336=CARTESIAN_POINT('Ctrl Pts',(-50.7751005863723,9.62409600467475,41.5515228988754));
#7337=CARTESIAN_POINT('Ctrl Pts',(-50.9170157021722,10.1240960046748,41.6699330334769));
#7338=CARTESIAN_POINT('Ctrl Pts',(-50.9170157021722,9.62409600467475,41.6699330334769));
#7339=CARTESIAN_POINT('Ctrl Pts',(-51.0899673803179,10.1240960046748,41.7463321131851));
#7340=CARTESIAN_POINT('Ctrl Pts',(-51.0899673803179,9.62409600467475,41.7463321131851));
#7341=CARTESIAN_POINT('Ctrl Pts',(-51.2863227844502,10.1240960046748,41.7768023076219));
#7342=CARTESIAN_POINT('Ctrl Pts',(-51.2863227844502,9.62409600467475,41.7768023076219));
#7343=CARTESIAN_POINT('Ctrl Pts',(-51.497008531246,10.1240960046748,41.7645173468214));
#7344=CARTESIAN_POINT('Ctrl Pts',(-51.497008531246,9.62409600467475,41.7645173468214));
#7345=CARTESIAN_POINT('Ctrl Pts',(-51.7120792542584,10.1240960046748,41.7188290548937));
#7346=CARTESIAN_POINT('Ctrl Pts',(-51.7120792542584,9.62409600467475,41.7188290548937));
#7347=CARTESIAN_POINT('Ctrl Pts',(-51.9214339077587,10.1240960046748,41.6527969448426));
#7348=CARTESIAN_POINT('Ctrl Pts',(-51.9214339077587,9.62409600467475,41.6527969448426));
#7349=CARTESIAN_POINT('Ctrl Pts',(-52.1154754219854,10.1240960046748,41.581251986103));
#7350=CARTESIAN_POINT('Ctrl Pts',(-52.1154754219854,9.62409600467475,41.581251986103));
#7351=CARTESIAN_POINT('Ctrl Pts',(-52.2858131566267,10.1240960046748,41.5186077304739));
#7352=CARTESIAN_POINT('Ctrl Pts',(-52.2858131566267,9.62409600467475,41.5186077304739));
#7353=CARTESIAN_POINT('Ctrl Pts',(-52.4259107123986,10.1240960046748,41.4768804420961));
#7354=CARTESIAN_POINT('Ctrl Pts',(-52.4259107123986,9.62409600467475,41.4768804420961));
#7355=CARTESIAN_POINT('Ctrl Pts',(-52.5318765109671,10.1240960046748,41.4633476231046));
#7356=CARTESIAN_POINT('Ctrl Pts',(-52.5318765109671,9.62409600467475,41.4633476231046));
#7357=CARTESIAN_POINT('Ctrl Pts',(-52.5878741650931,10.1240960046748,41.4778836130509));
#7358=CARTESIAN_POINT('Ctrl Pts',(-52.5878741650931,9.62409600467475,41.4778836130509));
#7359=CARTESIAN_POINT('Ctrl Pts',(-52.613441496047,10.1240960046748,41.5035552818306));
#7360=CARTESIAN_POINT('Ctrl Pts',(-52.613441496047,9.62409600467475,41.5035552818306));
#7361=CARTESIAN_POINT('Ctrl Pts',(-52.6231915935833,10.1240960046748,41.5272263968217));
#7362=CARTESIAN_POINT('Ctrl Pts',(-52.6231915935833,9.62409600467475,41.5272263968217));
#7363=CARTESIAN_POINT('Ctrl Pts',(-52.6262429213444,10.1240960046748,41.5407011765409));
#7364=CARTESIAN_POINT('Ctrl Pts',(-52.6262429213444,9.62409600467475,41.5407011765409));
#7365=CARTESIAN_POINT('Ctrl Pts',(-52.5920133402175,10.1240960046748,39.6090977889863));
#7366=CARTESIAN_POINT('Ctrl Pts',(-52.6237807638308,10.1240960046748,39.6056908237133));
#7367=CARTESIAN_POINT('Ctrl Pts',(-52.6857000036131,10.1240960046748,39.6023294468035));
#7368=CARTESIAN_POINT('Ctrl Pts',(-52.7737320209895,10.1240960046748,39.6076458660983));
#7369=CARTESIAN_POINT('Ctrl Pts',(-52.880849620501,10.1240960046748,39.6355619962097));
#7370=CARTESIAN_POINT('Ctrl Pts',(-52.9941852226092,10.1240960046748,39.7045583586226));
#7371=CARTESIAN_POINT('Ctrl Pts',(-53.0822125745702,10.1240960046748,39.8045068003262));
#7372=CARTESIAN_POINT('Ctrl Pts',(-53.1396624740688,10.1240960046748,39.9284475835144));
#7373=CARTESIAN_POINT('Ctrl Pts',(-53.1615169905902,10.1240960046748,40.0634280008636));
#7374=CARTESIAN_POINT('Ctrl Pts',(-53.1437436028297,10.1240960046748,40.1914487377283));
#7375=CARTESIAN_POINT('Ctrl Pts',(-53.0840202091335,10.1240960046748,40.2942848011947));
#7376=CARTESIAN_POINT('Ctrl Pts',(-52.9824216318711,10.1240960046748,40.3571332505893));
#7377=CARTESIAN_POINT('Ctrl Pts',(-52.8422432562282,10.1240960046748,40.3731327759942));
#7378=CARTESIAN_POINT('Ctrl Pts',(-52.6704564741314,10.1240960046748,40.346401852909));
#7379=CARTESIAN_POINT('Ctrl Pts',(-52.4761903703553,10.1240960046748,40.2883072555294));
#7380=CARTESIAN_POINT('Ctrl Pts',(-52.2695073643562,10.1240960046748,40.2146609866092));
#7381=CARTESIAN_POINT('Ctrl Pts',(-52.0600093497475,10.1240960046748,40.1424750057841));
#7382=CARTESIAN_POINT('Ctrl Pts',(-51.8556605755347,10.1240960046748,40.0871627837059));
#7383=CARTESIAN_POINT('Ctrl Pts',(-51.6611499868147,10.1240960046748,40.058921001676));
#7384=CARTESIAN_POINT('Ctrl Pts',(-51.4782281372086,10.1240960046748,40.0625364450588));
#7385=CARTESIAN_POINT('Ctrl Pts',(-51.3070864760633,10.1240960046748,40.0990054587938));
#7386=CARTESIAN_POINT('Ctrl Pts',(-51.1474398465462,10.1240960046748,40.1666033948403));
#7387=CARTESIAN_POINT('Ctrl Pts',(-50.9996536545708,10.1240960046748,40.2621046945751));
#7388=CARTESIAN_POINT('Ctrl Pts',(-50.866029517271,10.1240960046748,40.3820761433663));
#7389=CARTESIAN_POINT('Ctrl Pts',(-50.7514696607864,10.1240960046748,40.5236661674275));
#7390=CARTESIAN_POINT('Ctrl Pts',(-50.6621646431813,10.1240960046748,40.6837184579603));
#7391=CARTESIAN_POINT('Ctrl Pts',(-50.6046385803411,10.1240960046748,40.8581914095969));
#7392=CARTESIAN_POINT('Ctrl Pts',(-50.5846441603207,10.1240960046748,41.0414316769126));
#7393=CARTESIAN_POINT('Ctrl Pts',(-50.606140954569,10.1240960046748,41.2255505799798));
#7394=CARTESIAN_POINT('Ctrl Pts',(-50.6701660174371,10.1240960046748,41.3996186884956));
#7395=CARTESIAN_POINT('Ctrl Pts',(-50.7751005863723,10.1240960046748,41.5515228988754));
#7396=CARTESIAN_POINT('Ctrl Pts',(-50.9170157021722,10.1240960046748,41.6699330334769));
#7397=CARTESIAN_POINT('Ctrl Pts',(-51.0899673803179,10.1240960046748,41.7463321131851));
#7398=CARTESIAN_POINT('Ctrl Pts',(-51.2863227844502,10.1240960046748,41.7768023076219));
#7399=CARTESIAN_POINT('Ctrl Pts',(-51.497008531246,10.1240960046748,41.7645173468214));
#7400=CARTESIAN_POINT('Ctrl Pts',(-51.7120792542584,10.1240960046748,41.7188290548937));
#7401=CARTESIAN_POINT('Ctrl Pts',(-51.9214339077587,10.1240960046748,41.6527969448426));
#7402=CARTESIAN_POINT('Ctrl Pts',(-52.1154754219854,10.1240960046748,41.581251986103));
#7403=CARTESIAN_POINT('Ctrl Pts',(-52.2858131566267,10.1240960046748,41.5186077304739));
#7404=CARTESIAN_POINT('Ctrl Pts',(-52.4259107123986,10.1240960046748,41.4768804420961));
#7405=CARTESIAN_POINT('Ctrl Pts',(-52.5318765109671,10.1240960046748,41.4633476231046));
#7406=CARTESIAN_POINT('Ctrl Pts',(-52.5878741650931,10.1240960046748,41.4778836130509));
#7407=CARTESIAN_POINT('Ctrl Pts',(-52.613441496047,10.1240960046748,41.5035552818306));
#7408=CARTESIAN_POINT('Ctrl Pts',(-52.6231915935833,10.1240960046748,41.5272263968217));
#7409=CARTESIAN_POINT('Ctrl Pts',(-52.6262429213444,10.1240960046748,41.5407011765409));
#7410=CARTESIAN_POINT('Origin',(33.7934488086259,10.1240960046748,27.0266298358158));
#7411=CARTESIAN_POINT('',(33.7934488086259,9.35909600467475,27.0266298358158));
#7412=CARTESIAN_POINT('',(40.7784488086259,9.35909600467475,27.0266298358158));
#7413=CARTESIAN_POINT('',(33.7934488086259,10.1240960046748,27.0266298358158));
#7414=CARTESIAN_POINT('',(31.0629488086259,10.1240960046748,27.0266298358158));
#7415=CARTESIAN_POINT('',(33.7934488086259,10.1240960046748,27.0266298358158));
#7416=CARTESIAN_POINT('Origin',(61.7334488086259,10.1240960046748,42.2666298358158));
#7417=CARTESIAN_POINT('',(33.7934488086259,10.1240960046748,42.2666298358158));
#7418=CARTESIAN_POINT('',(31.0629488086259,10.1240960046748,42.2666298358158));
#7419=CARTESIAN_POINT('',(33.7934488086259,9.35909600467475,42.2666298358158));
#7420=CARTESIAN_POINT('',(54.7484488086259,9.35909600467475,42.2666298358158));
#7421=CARTESIAN_POINT('',(33.7934488086259,10.1240960046748,42.2666298358158));
#7422=CARTESIAN_POINT('Origin',(0.392448808625954,10.1240960046748,-9.80337016418422));
#7423=CARTESIAN_POINT('',(33.7934488086259,10.1240960046748,16.2316298358158));
#7424=CARTESIAN_POINT('Origin',(33.7934488086259,10.1240960046748,42.2666298358158));
#7425=CARTESIAN_POINT('',(33.7934488086259,9.35909600467475,27.0266298358158));
#7426=CARTESIAN_POINT('Origin',(47.7634488086259,9.35909600467475,34.6466298358158));
#7427=UNCERTAINTY_MEASURE_WITH_UNIT(LENGTH_MEASURE(0.01),#7431,
'DISTANCE_ACCURACY_VALUE',
'Maximum model space distance between geometric entities at asserted c
onnectivities');
#7428=UNCERTAINTY_MEASURE_WITH_UNIT(LENGTH_MEASURE(0.01),#7431,
'DISTANCE_ACCURACY_VALUE',
'Maximum model space distance between geometric entities at asserted c
onnectivities');
#7429=(
GEOMETRIC_REPRESENTATION_CONTEXT(3)
GLOBAL_UNCERTAINTY_ASSIGNED_CONTEXT((#7427))
GLOBAL_UNIT_ASSIGNED_CONTEXT((#7431,#7433,#7434))
REPRESENTATION_CONTEXT('','3D')
);
#7430=(
GEOMETRIC_REPRESENTATION_CONTEXT(3)
GLOBAL_UNCERTAINTY_ASSIGNED_CONTEXT((#7428))
GLOBAL_UNIT_ASSIGNED_CONTEXT((#7431,#7433,#7434))
REPRESENTATION_CONTEXT('','3D')
);
#7431=(
LENGTH_UNIT()
NAMED_UNIT(*)
SI_UNIT(.MILLI.,.METRE.)
);
#7432=(
LENGTH_UNIT()
NAMED_UNIT(*)
SI_UNIT($,.METRE.)
);
#7433=(
NAMED_UNIT(*)
PLANE_ANGLE_UNIT()
SI_UNIT($,.RADIAN.)
);
#7434=(
NAMED_UNIT(*)
SI_UNIT($,.STERADIAN.)
SOLID_ANGLE_UNIT()
);
#7435=SHAPE_DEFINITION_REPRESENTATION(#7436,#7437);
#7436=PRODUCT_DEFINITION_SHAPE('',$,#7439);
#7437=SHAPE_REPRESENTATION('',(#2264),#7429);
#7438=PRODUCT_DEFINITION_CONTEXT('part definition',#7443,'design');
#7439=PRODUCT_DEFINITION('RightSideSplitKb','RightSideSplitKb v19',#7440,
#7438);
#7440=PRODUCT_DEFINITION_FORMATION('',$,#7445);
#7441=PRODUCT_RELATED_PRODUCT_CATEGORY('RightSideSplitKb v19',
'RightSideSplitKb v19',(#7445));
#7442=APPLICATION_PROTOCOL_DEFINITION('international standard',
'automotive_design',2009,#7443);
#7443=APPLICATION_CONTEXT(
'Core Data for Automotive Mechanical Design Process');
#7444=PRODUCT_CONTEXT('part definition',#7443,'mechanical');
#7445=PRODUCT('RightSideSplitKb','RightSideSplitKb v19',$,(#7444));
#7446=PRESENTATION_STYLE_ASSIGNMENT((#7450));
#7447=PRESENTATION_STYLE_ASSIGNMENT((#7451));
#7448=PRESENTATION_STYLE_ASSIGNMENT((#7452));
#7449=PRESENTATION_STYLE_ASSIGNMENT((#7453));
#7450=SURFACE_STYLE_USAGE(.BOTH.,#7454);
#7451=SURFACE_STYLE_USAGE(.BOTH.,#7455);
#7452=SURFACE_STYLE_USAGE(.BOTH.,#7456);
#7453=SURFACE_STYLE_USAGE(.BOTH.,#7457);
#7454=SURFACE_SIDE_STYLE('',(#7458));
#7455=SURFACE_SIDE_STYLE('',(#7459));
#7456=SURFACE_SIDE_STYLE('',(#7460));
#7457=SURFACE_SIDE_STYLE('',(#7461));
#7458=SURFACE_STYLE_FILL_AREA(#7462);
#7459=SURFACE_STYLE_FILL_AREA(#7463);
#7460=SURFACE_STYLE_FILL_AREA(#7464);
#7461=SURFACE_STYLE_FILL_AREA(#7465);
#7462=FILL_AREA_STYLE('Steel - Satin',(#7466));
#7463=FILL_AREA_STYLE('Opaque(80,124,105)',(#7467));
#7464=FILL_AREA_STYLE('Plastic - Matte (Black)',(#7468));
#7465=FILL_AREA_STYLE('Plastic - Glossy (Yellow)',(#7469));
#7466=FILL_AREA_STYLE_COLOUR('Steel - Satin',#7470);
#7467=FILL_AREA_STYLE_COLOUR('Opaque(80,124,105)',#7471);
#7468=FILL_AREA_STYLE_COLOUR('Plastic - Matte (Black)',#7472);
#7469=FILL_AREA_STYLE_COLOUR('Plastic - Glossy (Yellow)',#7473);
#7470=COLOUR_RGB('Steel - Satin',0.627450980392157,0.627450980392157,0.627450980392157);
#7471=COLOUR_RGB('Opaque(80,124,105)',0.313725490196078,0.486274509803922,
0.411764705882353);
#7472=COLOUR_RGB('Plastic - Matte (Black)',0.0980392156862745,0.0980392156862745,
0.0980392156862745);
#7473=COLOUR_RGB('Plastic - Glossy (Yellow)',0.909803921568627,0.67843137254902,
0.137254901960784);
ENDSEC;
END-ISO-10303-21;
