ISO-10303-21;
HEADER;
/* Generated by software containing ST-Developer
 * from STEP Tools, Inc. (www.steptools.com) 
 */

FILE_DESCRIPTION(
/* description */ (''),
/* implementation_level */ '2;1');

FILE_NAME(
/* name */ 'LeftSideTopPlate.step',
/* time_stamp */ '2026-06-17T20:09:16+03:00',
/* author */ (''),
/* organization */ (''),
/* preprocessor_version */ 'ST-DEVELOPER v20.1',
/* originating_system */ 'Autodesk Translation Framework v15.8.0.0',
/* authorisation */ '');

FILE_SCHEMA (('AUTOMOTIVE_DESIGN { 1 0 10303 214 3 1 1 }'));
ENDSEC;

DATA;
#10=MECHANICAL_DESIGN_GEOMETRIC_PRESENTATION_REPRESENTATION('',(#13),#7689);
#11=SHAPE_REPRESENTATION_RELATIONSHIP('SRR','None',#7696,#12);
#12=ADVANCED_BREP_SHAPE_REPRESENTATION('',(#14),#7688);
#13=STYLED_ITEM('',(#7707),#14);
#14=MANIFOLD_SOLID_BREP('TopPlate',#4801);
#15=FACE_BOUND('',#671,.T.);
#16=FACE_BOUND('',#672,.T.);
#17=FACE_BOUND('',#673,.T.);
#18=FACE_BOUND('',#674,.T.);
#19=FACE_BOUND('',#675,.T.);
#20=FACE_BOUND('',#676,.T.);
#21=FACE_BOUND('',#677,.T.);
#22=FACE_BOUND('',#678,.T.);
#23=FACE_BOUND('',#679,.T.);
#24=FACE_BOUND('',#680,.T.);
#25=FACE_BOUND('',#681,.T.);
#26=FACE_BOUND('',#682,.T.);
#27=FACE_BOUND('',#683,.T.);
#28=FACE_BOUND('',#684,.T.);
#29=FACE_BOUND('',#685,.T.);
#30=FACE_BOUND('',#686,.T.);
#31=FACE_BOUND('',#687,.T.);
#32=FACE_BOUND('',#688,.T.);
#33=FACE_BOUND('',#689,.T.);
#34=FACE_BOUND('',#690,.T.);
#35=FACE_BOUND('',#691,.T.);
#36=FACE_BOUND('',#692,.T.);
#37=FACE_BOUND('',#693,.T.);
#38=FACE_BOUND('',#694,.T.);
#39=FACE_BOUND('',#695,.T.);
#40=FACE_BOUND('',#696,.T.);
#41=FACE_BOUND('',#697,.T.);
#42=FACE_BOUND('',#698,.T.);
#43=FACE_BOUND('',#699,.T.);
#44=FACE_BOUND('',#700,.T.);
#45=FACE_BOUND('',#701,.T.);
#46=FACE_BOUND('',#702,.T.);
#47=FACE_BOUND('',#703,.T.);
#48=FACE_BOUND('',#704,.T.);
#49=FACE_BOUND('',#705,.T.);
#50=FACE_BOUND('',#706,.T.);
#51=FACE_BOUND('',#707,.T.);
#52=FACE_BOUND('',#708,.T.);
#53=FACE_BOUND('',#710,.T.);
#54=FACE_BOUND('',#711,.T.);
#55=FACE_BOUND('',#712,.T.);
#56=FACE_BOUND('',#713,.T.);
#57=FACE_BOUND('',#714,.T.);
#58=FACE_BOUND('',#715,.T.);
#59=FACE_BOUND('',#716,.T.);
#60=FACE_BOUND('',#717,.T.);
#61=FACE_BOUND('',#718,.T.);
#62=FACE_BOUND('',#719,.T.);
#63=FACE_BOUND('',#720,.T.);
#64=FACE_BOUND('',#721,.T.);
#65=FACE_BOUND('',#722,.T.);
#66=FACE_BOUND('',#723,.T.);
#67=FACE_BOUND('',#724,.T.);
#68=FACE_BOUND('',#725,.T.);
#69=FACE_BOUND('',#726,.T.);
#70=FACE_BOUND('',#727,.T.);
#71=FACE_BOUND('',#728,.T.);
#72=FACE_BOUND('',#729,.T.);
#73=FACE_BOUND('',#730,.T.);
#74=FACE_BOUND('',#731,.T.);
#75=FACE_BOUND('',#732,.T.);
#76=FACE_BOUND('',#733,.T.);
#77=FACE_BOUND('',#734,.T.);
#78=FACE_BOUND('',#735,.T.);
#79=FACE_BOUND('',#736,.T.);
#80=FACE_BOUND('',#737,.T.);
#81=FACE_BOUND('',#738,.T.);
#82=FACE_BOUND('',#739,.T.);
#83=FACE_BOUND('',#740,.T.);
#84=FACE_BOUND('',#741,.T.);
#85=FACE_BOUND('',#742,.T.);
#86=FACE_BOUND('',#743,.T.);
#87=FACE_BOUND('',#744,.T.);
#88=FACE_BOUND('',#745,.T.);
#89=FACE_BOUND('',#746,.T.);
#90=FACE_BOUND('',#747,.T.);
#91=FACE_BOUND('',#748,.T.);
#92=CYLINDRICAL_SURFACE('',#4836,1.1);
#93=CYLINDRICAL_SURFACE('',#4838,1.1);
#94=CYLINDRICAL_SURFACE('',#4840,1.1);
#95=CYLINDRICAL_SURFACE('',#4842,1.1);
#96=CYLINDRICAL_SURFACE('',#4849,1.525);
#97=CYLINDRICAL_SURFACE('',#4857,1.525);
#98=CYLINDRICAL_SURFACE('',#4865,1.525);
#99=CYLINDRICAL_SURFACE('',#4873,1.525);
#100=CYLINDRICAL_SURFACE('',#4881,1.525);
#101=CYLINDRICAL_SURFACE('',#4889,1.525);
#102=CYLINDRICAL_SURFACE('',#4897,1.525);
#103=CYLINDRICAL_SURFACE('',#4905,1.525);
#104=CYLINDRICAL_SURFACE('',#4913,1.525);
#105=CYLINDRICAL_SURFACE('',#4921,1.525);
#106=CYLINDRICAL_SURFACE('',#4929,1.525);
#107=CYLINDRICAL_SURFACE('',#4937,1.525);
#108=CYLINDRICAL_SURFACE('',#4945,1.525);
#109=CYLINDRICAL_SURFACE('',#4953,1.525);
#110=CYLINDRICAL_SURFACE('',#4961,1.525);
#111=CYLINDRICAL_SURFACE('',#4969,1.525);
#112=CYLINDRICAL_SURFACE('',#4977,1.525);
#113=CYLINDRICAL_SURFACE('',#4985,1.525);
#114=CYLINDRICAL_SURFACE('',#4993,1.525);
#115=CYLINDRICAL_SURFACE('',#5001,1.525);
#116=CYLINDRICAL_SURFACE('',#5009,1.525);
#117=CYLINDRICAL_SURFACE('',#5017,1.525);
#118=CYLINDRICAL_SURFACE('',#5025,1.525);
#119=CYLINDRICAL_SURFACE('',#5033,1.525);
#120=CYLINDRICAL_SURFACE('',#5041,1.525);
#121=CYLINDRICAL_SURFACE('',#5049,1.525);
#122=CYLINDRICAL_SURFACE('',#5057,1.525);
#123=CYLINDRICAL_SURFACE('',#5065,1.525);
#124=CYLINDRICAL_SURFACE('',#5073,1.525);
#125=CYLINDRICAL_SURFACE('',#5081,1.525);
#126=CYLINDRICAL_SURFACE('',#5089,1.525);
#127=CYLINDRICAL_SURFACE('',#5097,1.525);
#128=CYLINDRICAL_SURFACE('',#5105,1.525);
#129=CYLINDRICAL_SURFACE('',#5113,1.525);
#130=CIRCLE('',#4821,1.9);
#131=CIRCLE('',#4822,1.1);
#132=CIRCLE('',#4823,1.1);
#133=CIRCLE('',#4825,1.9);
#134=CIRCLE('',#4826,1.1);
#135=CIRCLE('',#4827,1.1);
#136=CIRCLE('',#4829,1.9);
#137=CIRCLE('',#4830,1.1);
#138=CIRCLE('',#4831,1.1);
#139=CIRCLE('',#4833,1.9);
#140=CIRCLE('',#4834,1.1);
#141=CIRCLE('',#4835,1.1);
#142=CIRCLE('',#4837,1.1);
#143=CIRCLE('',#4839,1.1);
#144=CIRCLE('',#4841,1.1);
#145=CIRCLE('',#4843,1.1);
#146=CIRCLE('',#4850,1.525);
#147=CIRCLE('',#4851,1.525);
#148=CIRCLE('',#4858,1.525);
#149=CIRCLE('',#4859,1.525);
#150=CIRCLE('',#4866,1.525);
#151=CIRCLE('',#4867,1.525);
#152=CIRCLE('',#4874,1.525);
#153=CIRCLE('',#4875,1.525);
#154=CIRCLE('',#4882,1.525);
#155=CIRCLE('',#4883,1.525);
#156=CIRCLE('',#4890,1.525);
#157=CIRCLE('',#4891,1.525);
#158=CIRCLE('',#4898,1.525);
#159=CIRCLE('',#4899,1.525);
#160=CIRCLE('',#4906,1.525);
#161=CIRCLE('',#4907,1.525);
#162=CIRCLE('',#4914,1.525);
#163=CIRCLE('',#4915,1.525);
#164=CIRCLE('',#4922,1.525);
#165=CIRCLE('',#4923,1.525);
#166=CIRCLE('',#4930,1.525);
#167=CIRCLE('',#4931,1.525);
#168=CIRCLE('',#4938,1.525);
#169=CIRCLE('',#4939,1.525);
#170=CIRCLE('',#4946,1.525);
#171=CIRCLE('',#4947,1.525);
#172=CIRCLE('',#4954,1.525);
#173=CIRCLE('',#4955,1.525);
#174=CIRCLE('',#4962,1.525);
#175=CIRCLE('',#4963,1.525);
#176=CIRCLE('',#4970,1.525);
#177=CIRCLE('',#4971,1.525);
#178=CIRCLE('',#4978,1.525);
#179=CIRCLE('',#4979,1.525);
#180=CIRCLE('',#4986,1.525);
#181=CIRCLE('',#4987,1.525);
#182=CIRCLE('',#4994,1.525);
#183=CIRCLE('',#4995,1.525);
#184=CIRCLE('',#5002,1.525);
#185=CIRCLE('',#5003,1.525);
#186=CIRCLE('',#5010,1.525);
#187=CIRCLE('',#5011,1.525);
#188=CIRCLE('',#5018,1.525);
#189=CIRCLE('',#5019,1.525);
#190=CIRCLE('',#5026,1.525);
#191=CIRCLE('',#5027,1.525);
#192=CIRCLE('',#5034,1.525);
#193=CIRCLE('',#5035,1.525);
#194=CIRCLE('',#5042,1.525);
#195=CIRCLE('',#5043,1.525);
#196=CIRCLE('',#5050,1.525);
#197=CIRCLE('',#5051,1.525);
#198=CIRCLE('',#5058,1.525);
#199=CIRCLE('',#5059,1.525);
#200=CIRCLE('',#5066,1.525);
#201=CIRCLE('',#5067,1.525);
#202=CIRCLE('',#5074,1.525);
#203=CIRCLE('',#5075,1.525);
#204=CIRCLE('',#5082,1.525);
#205=CIRCLE('',#5083,1.525);
#206=CIRCLE('',#5090,1.525);
#207=CIRCLE('',#5091,1.525);
#208=CIRCLE('',#5098,1.525);
#209=CIRCLE('',#5099,1.525);
#210=CIRCLE('',#5106,1.525);
#211=CIRCLE('',#5107,1.525);
#212=CIRCLE('',#5114,1.525);
#213=CIRCLE('',#5115,1.525);
#214=CONICAL_SURFACE('',#4820,1.45,0.785398163397448);
#215=CONICAL_SURFACE('',#4824,1.45,0.785398163397448);
#216=CONICAL_SURFACE('',#4828,1.45,0.785398163397448);
#217=CONICAL_SURFACE('',#4832,1.45,0.785398163397448);
#218=FACE_OUTER_BOUND('',#445,.T.);
#219=FACE_OUTER_BOUND('',#446,.T.);
#220=FACE_OUTER_BOUND('',#447,.T.);
#221=FACE_OUTER_BOUND('',#448,.T.);
#222=FACE_OUTER_BOUND('',#449,.T.);
#223=FACE_OUTER_BOUND('',#450,.T.);
#224=FACE_OUTER_BOUND('',#451,.T.);
#225=FACE_OUTER_BOUND('',#452,.T.);
#226=FACE_OUTER_BOUND('',#453,.T.);
#227=FACE_OUTER_BOUND('',#454,.T.);
#228=FACE_OUTER_BOUND('',#455,.T.);
#229=FACE_OUTER_BOUND('',#456,.T.);
#230=FACE_OUTER_BOUND('',#457,.T.);
#231=FACE_OUTER_BOUND('',#458,.T.);
#232=FACE_OUTER_BOUND('',#459,.T.);
#233=FACE_OUTER_BOUND('',#460,.T.);
#234=FACE_OUTER_BOUND('',#461,.T.);
#235=FACE_OUTER_BOUND('',#462,.T.);
#236=FACE_OUTER_BOUND('',#463,.T.);
#237=FACE_OUTER_BOUND('',#464,.T.);
#238=FACE_OUTER_BOUND('',#465,.T.);
#239=FACE_OUTER_BOUND('',#466,.T.);
#240=FACE_OUTER_BOUND('',#467,.T.);
#241=FACE_OUTER_BOUND('',#468,.T.);
#242=FACE_OUTER_BOUND('',#469,.T.);
#243=FACE_OUTER_BOUND('',#470,.T.);
#244=FACE_OUTER_BOUND('',#471,.T.);
#245=FACE_OUTER_BOUND('',#472,.T.);
#246=FACE_OUTER_BOUND('',#473,.T.);
#247=FACE_OUTER_BOUND('',#474,.T.);
#248=FACE_OUTER_BOUND('',#475,.T.);
#249=FACE_OUTER_BOUND('',#476,.T.);
#250=FACE_OUTER_BOUND('',#477,.T.);
#251=FACE_OUTER_BOUND('',#478,.T.);
#252=FACE_OUTER_BOUND('',#479,.T.);
#253=FACE_OUTER_BOUND('',#480,.T.);
#254=FACE_OUTER_BOUND('',#481,.T.);
#255=FACE_OUTER_BOUND('',#482,.T.);
#256=FACE_OUTER_BOUND('',#483,.T.);
#257=FACE_OUTER_BOUND('',#484,.T.);
#258=FACE_OUTER_BOUND('',#485,.T.);
#259=FACE_OUTER_BOUND('',#486,.T.);
#260=FACE_OUTER_BOUND('',#487,.T.);
#261=FACE_OUTER_BOUND('',#488,.T.);
#262=FACE_OUTER_BOUND('',#489,.T.);
#263=FACE_OUTER_BOUND('',#490,.T.);
#264=FACE_OUTER_BOUND('',#491,.T.);
#265=FACE_OUTER_BOUND('',#492,.T.);
#266=FACE_OUTER_BOUND('',#493,.T.);
#267=FACE_OUTER_BOUND('',#494,.T.);
#268=FACE_OUTER_BOUND('',#495,.T.);
#269=FACE_OUTER_BOUND('',#496,.T.);
#270=FACE_OUTER_BOUND('',#497,.T.);
#271=FACE_OUTER_BOUND('',#498,.T.);
#272=FACE_OUTER_BOUND('',#499,.T.);
#273=FACE_OUTER_BOUND('',#500,.T.);
#274=FACE_OUTER_BOUND('',#501,.T.);
#275=FACE_OUTER_BOUND('',#502,.T.);
#276=FACE_OUTER_BOUND('',#503,.T.);
#277=FACE_OUTER_BOUND('',#504,.T.);
#278=FACE_OUTER_BOUND('',#505,.T.);
#279=FACE_OUTER_BOUND('',#506,.T.);
#280=FACE_OUTER_BOUND('',#507,.T.);
#281=FACE_OUTER_BOUND('',#508,.T.);
#282=FACE_OUTER_BOUND('',#509,.T.);
#283=FACE_OUTER_BOUND('',#510,.T.);
#284=FACE_OUTER_BOUND('',#511,.T.);
#285=FACE_OUTER_BOUND('',#512,.T.);
#286=FACE_OUTER_BOUND('',#513,.T.);
#287=FACE_OUTER_BOUND('',#514,.T.);
#288=FACE_OUTER_BOUND('',#515,.T.);
#289=FACE_OUTER_BOUND('',#516,.T.);
#290=FACE_OUTER_BOUND('',#517,.T.);
#291=FACE_OUTER_BOUND('',#518,.T.);
#292=FACE_OUTER_BOUND('',#519,.T.);
#293=FACE_OUTER_BOUND('',#520,.T.);
#294=FACE_OUTER_BOUND('',#521,.T.);
#295=FACE_OUTER_BOUND('',#522,.T.);
#296=FACE_OUTER_BOUND('',#523,.T.);
#297=FACE_OUTER_BOUND('',#524,.T.);
#298=FACE_OUTER_BOUND('',#525,.T.);
#299=FACE_OUTER_BOUND('',#526,.T.);
#300=FACE_OUTER_BOUND('',#527,.T.);
#301=FACE_OUTER_BOUND('',#528,.T.);
#302=FACE_OUTER_BOUND('',#529,.T.);
#303=FACE_OUTER_BOUND('',#530,.T.);
#304=FACE_OUTER_BOUND('',#531,.T.);
#305=FACE_OUTER_BOUND('',#532,.T.);
#306=FACE_OUTER_BOUND('',#533,.T.);
#307=FACE_OUTER_BOUND('',#534,.T.);
#308=FACE_OUTER_BOUND('',#535,.T.);
#309=FACE_OUTER_BOUND('',#536,.T.);
#310=FACE_OUTER_BOUND('',#537,.T.);
#311=FACE_OUTER_BOUND('',#538,.T.);
#312=FACE_OUTER_BOUND('',#539,.T.);
#313=FACE_OUTER_BOUND('',#540,.T.);
#314=FACE_OUTER_BOUND('',#541,.T.);
#315=FACE_OUTER_BOUND('',#542,.T.);
#316=FACE_OUTER_BOUND('',#543,.T.);
#317=FACE_OUTER_BOUND('',#544,.T.);
#318=FACE_OUTER_BOUND('',#545,.T.);
#319=FACE_OUTER_BOUND('',#546,.T.);
#320=FACE_OUTER_BOUND('',#547,.T.);
#321=FACE_OUTER_BOUND('',#548,.T.);
#322=FACE_OUTER_BOUND('',#549,.T.);
#323=FACE_OUTER_BOUND('',#550,.T.);
#324=FACE_OUTER_BOUND('',#551,.T.);
#325=FACE_OUTER_BOUND('',#552,.T.);
#326=FACE_OUTER_BOUND('',#553,.T.);
#327=FACE_OUTER_BOUND('',#554,.T.);
#328=FACE_OUTER_BOUND('',#555,.T.);
#329=FACE_OUTER_BOUND('',#556,.T.);
#330=FACE_OUTER_BOUND('',#557,.T.);
#331=FACE_OUTER_BOUND('',#558,.T.);
#332=FACE_OUTER_BOUND('',#559,.T.);
#333=FACE_OUTER_BOUND('',#560,.T.);
#334=FACE_OUTER_BOUND('',#561,.T.);
#335=FACE_OUTER_BOUND('',#562,.T.);
#336=FACE_OUTER_BOUND('',#563,.T.);
#337=FACE_OUTER_BOUND('',#564,.T.);
#338=FACE_OUTER_BOUND('',#565,.T.);
#339=FACE_OUTER_BOUND('',#566,.T.);
#340=FACE_OUTER_BOUND('',#567,.T.);
#341=FACE_OUTER_BOUND('',#568,.T.);
#342=FACE_OUTER_BOUND('',#569,.T.);
#343=FACE_OUTER_BOUND('',#570,.T.);
#344=FACE_OUTER_BOUND('',#571,.T.);
#345=FACE_OUTER_BOUND('',#572,.T.);
#346=FACE_OUTER_BOUND('',#573,.T.);
#347=FACE_OUTER_BOUND('',#574,.T.);
#348=FACE_OUTER_BOUND('',#575,.T.);
#349=FACE_OUTER_BOUND('',#576,.T.);
#350=FACE_OUTER_BOUND('',#577,.T.);
#351=FACE_OUTER_BOUND('',#578,.T.);
#352=FACE_OUTER_BOUND('',#579,.T.);
#353=FACE_OUTER_BOUND('',#580,.T.);
#354=FACE_OUTER_BOUND('',#581,.T.);
#355=FACE_OUTER_BOUND('',#582,.T.);
#356=FACE_OUTER_BOUND('',#583,.T.);
#357=FACE_OUTER_BOUND('',#584,.T.);
#358=FACE_OUTER_BOUND('',#585,.T.);
#359=FACE_OUTER_BOUND('',#586,.T.);
#360=FACE_OUTER_BOUND('',#587,.T.);
#361=FACE_OUTER_BOUND('',#588,.T.);
#362=FACE_OUTER_BOUND('',#589,.T.);
#363=FACE_OUTER_BOUND('',#590,.T.);
#364=FACE_OUTER_BOUND('',#591,.T.);
#365=FACE_OUTER_BOUND('',#592,.T.);
#366=FACE_OUTER_BOUND('',#593,.T.);
#367=FACE_OUTER_BOUND('',#594,.T.);
#368=FACE_OUTER_BOUND('',#595,.T.);
#369=FACE_OUTER_BOUND('',#596,.T.);
#370=FACE_OUTER_BOUND('',#597,.T.);
#371=FACE_OUTER_BOUND('',#598,.T.);
#372=FACE_OUTER_BOUND('',#599,.T.);
#373=FACE_OUTER_BOUND('',#600,.T.);
#374=FACE_OUTER_BOUND('',#601,.T.);
#375=FACE_OUTER_BOUND('',#602,.T.);
#376=FACE_OUTER_BOUND('',#603,.T.);
#377=FACE_OUTER_BOUND('',#604,.T.);
#378=FACE_OUTER_BOUND('',#605,.T.);
#379=FACE_OUTER_BOUND('',#606,.T.);
#380=FACE_OUTER_BOUND('',#607,.T.);
#381=FACE_OUTER_BOUND('',#608,.T.);
#382=FACE_OUTER_BOUND('',#609,.T.);
#383=FACE_OUTER_BOUND('',#610,.T.);
#384=FACE_OUTER_BOUND('',#611,.T.);
#385=FACE_OUTER_BOUND('',#612,.T.);
#386=FACE_OUTER_BOUND('',#613,.T.);
#387=FACE_OUTER_BOUND('',#614,.T.);
#388=FACE_OUTER_BOUND('',#615,.T.);
#389=FACE_OUTER_BOUND('',#616,.T.);
#390=FACE_OUTER_BOUND('',#617,.T.);
#391=FACE_OUTER_BOUND('',#618,.T.);
#392=FACE_OUTER_BOUND('',#619,.T.);
#393=FACE_OUTER_BOUND('',#620,.T.);
#394=FACE_OUTER_BOUND('',#621,.T.);
#395=FACE_OUTER_BOUND('',#622,.T.);
#396=FACE_OUTER_BOUND('',#623,.T.);
#397=FACE_OUTER_BOUND('',#624,.T.);
#398=FACE_OUTER_BOUND('',#625,.T.);
#399=FACE_OUTER_BOUND('',#626,.T.);
#400=FACE_OUTER_BOUND('',#627,.T.);
#401=FACE_OUTER_BOUND('',#628,.T.);
#402=FACE_OUTER_BOUND('',#629,.T.);
#403=FACE_OUTER_BOUND('',#630,.T.);
#404=FACE_OUTER_BOUND('',#631,.T.);
#405=FACE_OUTER_BOUND('',#632,.T.);
#406=FACE_OUTER_BOUND('',#633,.T.);
#407=FACE_OUTER_BOUND('',#634,.T.);
#408=FACE_OUTER_BOUND('',#635,.T.);
#409=FACE_OUTER_BOUND('',#636,.T.);
#410=FACE_OUTER_BOUND('',#637,.T.);
#411=FACE_OUTER_BOUND('',#638,.T.);
#412=FACE_OUTER_BOUND('',#639,.T.);
#413=FACE_OUTER_BOUND('',#640,.T.);
#414=FACE_OUTER_BOUND('',#641,.T.);
#415=FACE_OUTER_BOUND('',#642,.T.);
#416=FACE_OUTER_BOUND('',#643,.T.);
#417=FACE_OUTER_BOUND('',#644,.T.);
#418=FACE_OUTER_BOUND('',#645,.T.);
#419=FACE_OUTER_BOUND('',#646,.T.);
#420=FACE_OUTER_BOUND('',#647,.T.);
#421=FACE_OUTER_BOUND('',#648,.T.);
#422=FACE_OUTER_BOUND('',#649,.T.);
#423=FACE_OUTER_BOUND('',#650,.T.);
#424=FACE_OUTER_BOUND('',#651,.T.);
#425=FACE_OUTER_BOUND('',#652,.T.);
#426=FACE_OUTER_BOUND('',#653,.T.);
#427=FACE_OUTER_BOUND('',#654,.T.);
#428=FACE_OUTER_BOUND('',#655,.T.);
#429=FACE_OUTER_BOUND('',#656,.T.);
#430=FACE_OUTER_BOUND('',#657,.T.);
#431=FACE_OUTER_BOUND('',#658,.T.);
#432=FACE_OUTER_BOUND('',#659,.T.);
#433=FACE_OUTER_BOUND('',#660,.T.);
#434=FACE_OUTER_BOUND('',#661,.T.);
#435=FACE_OUTER_BOUND('',#662,.T.);
#436=FACE_OUTER_BOUND('',#663,.T.);
#437=FACE_OUTER_BOUND('',#664,.T.);
#438=FACE_OUTER_BOUND('',#665,.T.);
#439=FACE_OUTER_BOUND('',#666,.T.);
#440=FACE_OUTER_BOUND('',#667,.T.);
#441=FACE_OUTER_BOUND('',#668,.T.);
#442=FACE_OUTER_BOUND('',#669,.T.);
#443=FACE_OUTER_BOUND('',#670,.T.);
#444=FACE_OUTER_BOUND('',#709,.T.);
#445=EDGE_LOOP('',(#3045,#3046,#3047,#3048));
#446=EDGE_LOOP('',(#3049,#3050,#3051,#3052));
#447=EDGE_LOOP('',(#3053,#3054,#3055,#3056));
#448=EDGE_LOOP('',(#3057,#3058,#3059,#3060));
#449=EDGE_LOOP('',(#3061,#3062,#3063,#3064));
#450=EDGE_LOOP('',(#3065,#3066,#3067,#3068,#3069));
#451=EDGE_LOOP('',(#3070,#3071,#3072,#3073,#3074));
#452=EDGE_LOOP('',(#3075,#3076,#3077,#3078,#3079));
#453=EDGE_LOOP('',(#3080,#3081,#3082,#3083,#3084));
#454=EDGE_LOOP('',(#3085,#3086,#3087,#3088,#3089));
#455=EDGE_LOOP('',(#3090,#3091,#3092,#3093,#3094));
#456=EDGE_LOOP('',(#3095,#3096,#3097,#3098,#3099));
#457=EDGE_LOOP('',(#3100,#3101,#3102,#3103,#3104));
#458=EDGE_LOOP('',(#3105,#3106,#3107,#3108));
#459=EDGE_LOOP('',(#3109,#3110,#3111,#3112));
#460=EDGE_LOOP('',(#3113,#3114,#3115,#3116));
#461=EDGE_LOOP('',(#3117,#3118,#3119,#3120));
#462=EDGE_LOOP('',(#3121,#3122,#3123,#3124));
#463=EDGE_LOOP('',(#3125,#3126,#3127,#3128));
#464=EDGE_LOOP('',(#3129,#3130,#3131,#3132));
#465=EDGE_LOOP('',(#3133,#3134,#3135,#3136));
#466=EDGE_LOOP('',(#3137,#3138,#3139,#3140));
#467=EDGE_LOOP('',(#3141,#3142,#3143,#3144));
#468=EDGE_LOOP('',(#3145,#3146,#3147,#3148));
#469=EDGE_LOOP('',(#3149,#3150,#3151,#3152));
#470=EDGE_LOOP('',(#3153,#3154,#3155,#3156));
#471=EDGE_LOOP('',(#3157,#3158,#3159,#3160));
#472=EDGE_LOOP('',(#3161,#3162,#3163,#3164));
#473=EDGE_LOOP('',(#3165,#3166,#3167,#3168));
#474=EDGE_LOOP('',(#3169,#3170,#3171,#3172));
#475=EDGE_LOOP('',(#3173,#3174,#3175,#3176));
#476=EDGE_LOOP('',(#3177,#3178,#3179,#3180));
#477=EDGE_LOOP('',(#3181,#3182,#3183,#3184));
#478=EDGE_LOOP('',(#3185,#3186,#3187,#3188));
#479=EDGE_LOOP('',(#3189,#3190,#3191,#3192));
#480=EDGE_LOOP('',(#3193,#3194,#3195,#3196));
#481=EDGE_LOOP('',(#3197,#3198,#3199,#3200));
#482=EDGE_LOOP('',(#3201,#3202,#3203,#3204));
#483=EDGE_LOOP('',(#3205,#3206,#3207,#3208));
#484=EDGE_LOOP('',(#3209,#3210,#3211,#3212));
#485=EDGE_LOOP('',(#3213,#3214,#3215,#3216));
#486=EDGE_LOOP('',(#3217,#3218,#3219,#3220));
#487=EDGE_LOOP('',(#3221,#3222,#3223,#3224));
#488=EDGE_LOOP('',(#3225,#3226,#3227,#3228));
#489=EDGE_LOOP('',(#3229,#3230,#3231,#3232));
#490=EDGE_LOOP('',(#3233,#3234,#3235,#3236));
#491=EDGE_LOOP('',(#3237,#3238,#3239,#3240));
#492=EDGE_LOOP('',(#3241,#3242,#3243,#3244));
#493=EDGE_LOOP('',(#3245,#3246,#3247,#3248));
#494=EDGE_LOOP('',(#3249,#3250,#3251,#3252));
#495=EDGE_LOOP('',(#3253,#3254,#3255,#3256));
#496=EDGE_LOOP('',(#3257,#3258,#3259,#3260));
#497=EDGE_LOOP('',(#3261,#3262,#3263,#3264));
#498=EDGE_LOOP('',(#3265,#3266,#3267,#3268));
#499=EDGE_LOOP('',(#3269,#3270,#3271,#3272));
#500=EDGE_LOOP('',(#3273,#3274,#3275,#3276));
#501=EDGE_LOOP('',(#3277,#3278,#3279,#3280));
#502=EDGE_LOOP('',(#3281,#3282,#3283,#3284));
#503=EDGE_LOOP('',(#3285,#3286,#3287,#3288));
#504=EDGE_LOOP('',(#3289,#3290,#3291,#3292));
#505=EDGE_LOOP('',(#3293,#3294,#3295,#3296));
#506=EDGE_LOOP('',(#3297,#3298,#3299,#3300));
#507=EDGE_LOOP('',(#3301,#3302,#3303,#3304));
#508=EDGE_LOOP('',(#3305,#3306,#3307,#3308));
#509=EDGE_LOOP('',(#3309,#3310,#3311,#3312));
#510=EDGE_LOOP('',(#3313,#3314,#3315,#3316));
#511=EDGE_LOOP('',(#3317,#3318,#3319,#3320));
#512=EDGE_LOOP('',(#3321,#3322,#3323,#3324));
#513=EDGE_LOOP('',(#3325,#3326,#3327,#3328));
#514=EDGE_LOOP('',(#3329,#3330,#3331,#3332));
#515=EDGE_LOOP('',(#3333,#3334,#3335,#3336));
#516=EDGE_LOOP('',(#3337,#3338,#3339,#3340));
#517=EDGE_LOOP('',(#3341,#3342,#3343,#3344));
#518=EDGE_LOOP('',(#3345,#3346,#3347,#3348));
#519=EDGE_LOOP('',(#3349,#3350,#3351,#3352));
#520=EDGE_LOOP('',(#3353,#3354,#3355,#3356));
#521=EDGE_LOOP('',(#3357,#3358,#3359,#3360));
#522=EDGE_LOOP('',(#3361,#3362,#3363,#3364));
#523=EDGE_LOOP('',(#3365,#3366,#3367,#3368));
#524=EDGE_LOOP('',(#3369,#3370,#3371,#3372));
#525=EDGE_LOOP('',(#3373,#3374,#3375,#3376));
#526=EDGE_LOOP('',(#3377,#3378,#3379,#3380));
#527=EDGE_LOOP('',(#3381,#3382,#3383,#3384));
#528=EDGE_LOOP('',(#3385,#3386,#3387,#3388));
#529=EDGE_LOOP('',(#3389,#3390,#3391,#3392));
#530=EDGE_LOOP('',(#3393,#3394,#3395,#3396));
#531=EDGE_LOOP('',(#3397,#3398,#3399,#3400));
#532=EDGE_LOOP('',(#3401,#3402,#3403,#3404));
#533=EDGE_LOOP('',(#3405,#3406,#3407,#3408));
#534=EDGE_LOOP('',(#3409,#3410,#3411,#3412));
#535=EDGE_LOOP('',(#3413,#3414,#3415,#3416));
#536=EDGE_LOOP('',(#3417,#3418,#3419,#3420));
#537=EDGE_LOOP('',(#3421,#3422,#3423,#3424));
#538=EDGE_LOOP('',(#3425,#3426,#3427,#3428));
#539=EDGE_LOOP('',(#3429,#3430,#3431,#3432));
#540=EDGE_LOOP('',(#3433,#3434,#3435,#3436));
#541=EDGE_LOOP('',(#3437,#3438,#3439,#3440));
#542=EDGE_LOOP('',(#3441,#3442,#3443,#3444));
#543=EDGE_LOOP('',(#3445,#3446,#3447,#3448));
#544=EDGE_LOOP('',(#3449,#3450,#3451,#3452));
#545=EDGE_LOOP('',(#3453,#3454,#3455,#3456));
#546=EDGE_LOOP('',(#3457,#3458,#3459,#3460));
#547=EDGE_LOOP('',(#3461,#3462,#3463,#3464));
#548=EDGE_LOOP('',(#3465,#3466,#3467,#3468));
#549=EDGE_LOOP('',(#3469,#3470,#3471,#3472));
#550=EDGE_LOOP('',(#3473,#3474,#3475,#3476));
#551=EDGE_LOOP('',(#3477,#3478,#3479,#3480));
#552=EDGE_LOOP('',(#3481,#3482,#3483,#3484));
#553=EDGE_LOOP('',(#3485,#3486,#3487,#3488));
#554=EDGE_LOOP('',(#3489,#3490,#3491,#3492));
#555=EDGE_LOOP('',(#3493,#3494,#3495,#3496));
#556=EDGE_LOOP('',(#3497,#3498,#3499,#3500));
#557=EDGE_LOOP('',(#3501,#3502,#3503,#3504));
#558=EDGE_LOOP('',(#3505,#3506,#3507,#3508));
#559=EDGE_LOOP('',(#3509,#3510,#3511,#3512));
#560=EDGE_LOOP('',(#3513,#3514,#3515,#3516));
#561=EDGE_LOOP('',(#3517,#3518,#3519,#3520));
#562=EDGE_LOOP('',(#3521,#3522,#3523,#3524));
#563=EDGE_LOOP('',(#3525,#3526,#3527,#3528));
#564=EDGE_LOOP('',(#3529,#3530,#3531,#3532));
#565=EDGE_LOOP('',(#3533,#3534,#3535,#3536));
#566=EDGE_LOOP('',(#3537,#3538,#3539,#3540));
#567=EDGE_LOOP('',(#3541,#3542,#3543,#3544));
#568=EDGE_LOOP('',(#3545,#3546,#3547,#3548));
#569=EDGE_LOOP('',(#3549,#3550,#3551,#3552));
#570=EDGE_LOOP('',(#3553,#3554,#3555,#3556));
#571=EDGE_LOOP('',(#3557,#3558,#3559,#3560));
#572=EDGE_LOOP('',(#3561,#3562,#3563,#3564));
#573=EDGE_LOOP('',(#3565,#3566,#3567,#3568));
#574=EDGE_LOOP('',(#3569,#3570,#3571,#3572));
#575=EDGE_LOOP('',(#3573,#3574,#3575,#3576));
#576=EDGE_LOOP('',(#3577,#3578,#3579,#3580));
#577=EDGE_LOOP('',(#3581,#3582,#3583,#3584));
#578=EDGE_LOOP('',(#3585,#3586,#3587,#3588));
#579=EDGE_LOOP('',(#3589,#3590,#3591,#3592));
#580=EDGE_LOOP('',(#3593,#3594,#3595,#3596));
#581=EDGE_LOOP('',(#3597,#3598,#3599,#3600));
#582=EDGE_LOOP('',(#3601,#3602,#3603,#3604));
#583=EDGE_LOOP('',(#3605,#3606,#3607,#3608));
#584=EDGE_LOOP('',(#3609,#3610,#3611,#3612));
#585=EDGE_LOOP('',(#3613,#3614,#3615,#3616));
#586=EDGE_LOOP('',(#3617,#3618,#3619,#3620));
#587=EDGE_LOOP('',(#3621,#3622,#3623,#3624));
#588=EDGE_LOOP('',(#3625,#3626,#3627,#3628));
#589=EDGE_LOOP('',(#3629,#3630,#3631,#3632));
#590=EDGE_LOOP('',(#3633,#3634,#3635,#3636));
#591=EDGE_LOOP('',(#3637,#3638,#3639,#3640));
#592=EDGE_LOOP('',(#3641,#3642,#3643,#3644));
#593=EDGE_LOOP('',(#3645,#3646,#3647,#3648));
#594=EDGE_LOOP('',(#3649,#3650,#3651,#3652));
#595=EDGE_LOOP('',(#3653,#3654,#3655,#3656));
#596=EDGE_LOOP('',(#3657,#3658,#3659,#3660));
#597=EDGE_LOOP('',(#3661,#3662,#3663,#3664));
#598=EDGE_LOOP('',(#3665,#3666,#3667,#3668));
#599=EDGE_LOOP('',(#3669,#3670,#3671,#3672));
#600=EDGE_LOOP('',(#3673,#3674,#3675,#3676));
#601=EDGE_LOOP('',(#3677,#3678,#3679,#3680));
#602=EDGE_LOOP('',(#3681,#3682,#3683,#3684));
#603=EDGE_LOOP('',(#3685,#3686,#3687,#3688));
#604=EDGE_LOOP('',(#3689,#3690,#3691,#3692));
#605=EDGE_LOOP('',(#3693,#3694,#3695,#3696));
#606=EDGE_LOOP('',(#3697,#3698,#3699,#3700));
#607=EDGE_LOOP('',(#3701,#3702,#3703,#3704));
#608=EDGE_LOOP('',(#3705,#3706,#3707,#3708));
#609=EDGE_LOOP('',(#3709,#3710,#3711,#3712));
#610=EDGE_LOOP('',(#3713,#3714,#3715,#3716));
#611=EDGE_LOOP('',(#3717,#3718,#3719,#3720));
#612=EDGE_LOOP('',(#3721,#3722,#3723,#3724));
#613=EDGE_LOOP('',(#3725,#3726,#3727,#3728));
#614=EDGE_LOOP('',(#3729,#3730,#3731,#3732));
#615=EDGE_LOOP('',(#3733,#3734,#3735,#3736));
#616=EDGE_LOOP('',(#3737,#3738,#3739,#3740));
#617=EDGE_LOOP('',(#3741,#3742,#3743,#3744));
#618=EDGE_LOOP('',(#3745,#3746,#3747,#3748));
#619=EDGE_LOOP('',(#3749,#3750,#3751,#3752));
#620=EDGE_LOOP('',(#3753,#3754,#3755,#3756));
#621=EDGE_LOOP('',(#3757,#3758,#3759,#3760));
#622=EDGE_LOOP('',(#3761,#3762,#3763,#3764));
#623=EDGE_LOOP('',(#3765,#3766,#3767,#3768));
#624=EDGE_LOOP('',(#3769,#3770,#3771,#3772));
#625=EDGE_LOOP('',(#3773,#3774,#3775,#3776));
#626=EDGE_LOOP('',(#3777,#3778,#3779,#3780));
#627=EDGE_LOOP('',(#3781,#3782,#3783,#3784));
#628=EDGE_LOOP('',(#3785,#3786,#3787,#3788));
#629=EDGE_LOOP('',(#3789,#3790,#3791,#3792));
#630=EDGE_LOOP('',(#3793,#3794,#3795,#3796));
#631=EDGE_LOOP('',(#3797,#3798,#3799,#3800));
#632=EDGE_LOOP('',(#3801,#3802,#3803,#3804));
#633=EDGE_LOOP('',(#3805,#3806,#3807,#3808));
#634=EDGE_LOOP('',(#3809,#3810,#3811,#3812));
#635=EDGE_LOOP('',(#3813,#3814,#3815,#3816));
#636=EDGE_LOOP('',(#3817,#3818,#3819,#3820));
#637=EDGE_LOOP('',(#3821,#3822,#3823,#3824));
#638=EDGE_LOOP('',(#3825,#3826,#3827,#3828));
#639=EDGE_LOOP('',(#3829,#3830,#3831,#3832));
#640=EDGE_LOOP('',(#3833,#3834,#3835,#3836));
#641=EDGE_LOOP('',(#3837,#3838,#3839,#3840));
#642=EDGE_LOOP('',(#3841,#3842,#3843,#3844));
#643=EDGE_LOOP('',(#3845,#3846,#3847,#3848));
#644=EDGE_LOOP('',(#3849,#3850,#3851,#3852));
#645=EDGE_LOOP('',(#3853,#3854,#3855,#3856));
#646=EDGE_LOOP('',(#3857,#3858,#3859,#3860));
#647=EDGE_LOOP('',(#3861,#3862,#3863,#3864));
#648=EDGE_LOOP('',(#3865,#3866,#3867,#3868));
#649=EDGE_LOOP('',(#3869,#3870,#3871,#3872));
#650=EDGE_LOOP('',(#3873,#3874,#3875,#3876));
#651=EDGE_LOOP('',(#3877,#3878,#3879,#3880));
#652=EDGE_LOOP('',(#3881,#3882,#3883,#3884));
#653=EDGE_LOOP('',(#3885,#3886,#3887,#3888));
#654=EDGE_LOOP('',(#3889,#3890,#3891,#3892));
#655=EDGE_LOOP('',(#3893,#3894,#3895,#3896));
#656=EDGE_LOOP('',(#3897,#3898,#3899,#3900));
#657=EDGE_LOOP('',(#3901,#3902,#3903,#3904));
#658=EDGE_LOOP('',(#3905,#3906,#3907,#3908));
#659=EDGE_LOOP('',(#3909,#3910,#3911,#3912));
#660=EDGE_LOOP('',(#3913,#3914,#3915,#3916));
#661=EDGE_LOOP('',(#3917,#3918,#3919,#3920));
#662=EDGE_LOOP('',(#3921,#3922,#3923,#3924));
#663=EDGE_LOOP('',(#3925,#3926,#3927,#3928));
#664=EDGE_LOOP('',(#3929,#3930,#3931,#3932));
#665=EDGE_LOOP('',(#3933,#3934,#3935,#3936));
#666=EDGE_LOOP('',(#3937,#3938,#3939,#3940));
#667=EDGE_LOOP('',(#3941,#3942,#3943,#3944));
#668=EDGE_LOOP('',(#3945,#3946,#3947,#3948));
#669=EDGE_LOOP('',(#3949,#3950,#3951,#3952));
#670=EDGE_LOOP('',(#3953,#3954,#3955,#3956,#3957,#3958,#3959,#3960));
#671=EDGE_LOOP('',(#3961,#3962,#3963,#3964,#3965,#3966));
#672=EDGE_LOOP('',(#3967,#3968,#3969,#3970,#3971,#3972));
#673=EDGE_LOOP('',(#3973,#3974,#3975,#3976,#3977,#3978));
#674=EDGE_LOOP('',(#3979,#3980,#3981,#3982,#3983,#3984));
#675=EDGE_LOOP('',(#3985,#3986,#3987,#3988,#3989,#3990));
#676=EDGE_LOOP('',(#3991,#3992,#3993,#3994,#3995,#3996));
#677=EDGE_LOOP('',(#3997,#3998,#3999,#4000,#4001,#4002));
#678=EDGE_LOOP('',(#4003,#4004,#4005,#4006,#4007,#4008));
#679=EDGE_LOOP('',(#4009,#4010,#4011,#4012,#4013,#4014));
#680=EDGE_LOOP('',(#4015,#4016,#4017,#4018,#4019,#4020));
#681=EDGE_LOOP('',(#4021,#4022,#4023,#4024,#4025,#4026));
#682=EDGE_LOOP('',(#4027,#4028,#4029,#4030,#4031,#4032));
#683=EDGE_LOOP('',(#4033,#4034,#4035,#4036,#4037,#4038));
#684=EDGE_LOOP('',(#4039,#4040,#4041,#4042,#4043,#4044));
#685=EDGE_LOOP('',(#4045,#4046,#4047,#4048,#4049,#4050));
#686=EDGE_LOOP('',(#4051,#4052,#4053,#4054,#4055,#4056));
#687=EDGE_LOOP('',(#4057,#4058,#4059,#4060,#4061,#4062));
#688=EDGE_LOOP('',(#4063,#4064,#4065,#4066,#4067,#4068));
#689=EDGE_LOOP('',(#4069,#4070,#4071,#4072,#4073,#4074));
#690=EDGE_LOOP('',(#4075,#4076,#4077,#4078,#4079,#4080));
#691=EDGE_LOOP('',(#4081,#4082,#4083,#4084,#4085,#4086));
#692=EDGE_LOOP('',(#4087,#4088,#4089,#4090,#4091,#4092));
#693=EDGE_LOOP('',(#4093,#4094,#4095,#4096,#4097,#4098));
#694=EDGE_LOOP('',(#4099,#4100,#4101,#4102,#4103,#4104));
#695=EDGE_LOOP('',(#4105,#4106,#4107,#4108,#4109,#4110));
#696=EDGE_LOOP('',(#4111,#4112,#4113,#4114,#4115,#4116));
#697=EDGE_LOOP('',(#4117,#4118,#4119,#4120,#4121,#4122));
#698=EDGE_LOOP('',(#4123,#4124,#4125,#4126,#4127,#4128));
#699=EDGE_LOOP('',(#4129,#4130,#4131,#4132,#4133,#4134));
#700=EDGE_LOOP('',(#4135,#4136,#4137,#4138,#4139,#4140));
#701=EDGE_LOOP('',(#4141,#4142,#4143,#4144,#4145,#4146));
#702=EDGE_LOOP('',(#4147,#4148,#4149,#4150,#4151,#4152));
#703=EDGE_LOOP('',(#4153,#4154,#4155,#4156,#4157,#4158));
#704=EDGE_LOOP('',(#4159,#4160,#4161,#4162,#4163,#4164));
#705=EDGE_LOOP('',(#4165));
#706=EDGE_LOOP('',(#4166));
#707=EDGE_LOOP('',(#4167));
#708=EDGE_LOOP('',(#4168));
#709=EDGE_LOOP('',(#4169,#4170,#4171,#4172,#4173,#4174,#4175,#4176));
#710=EDGE_LOOP('',(#4177));
#711=EDGE_LOOP('',(#4178));
#712=EDGE_LOOP('',(#4179));
#713=EDGE_LOOP('',(#4180));
#714=EDGE_LOOP('',(#4181,#4182,#4183,#4184,#4185,#4186));
#715=EDGE_LOOP('',(#4187,#4188,#4189,#4190,#4191,#4192));
#716=EDGE_LOOP('',(#4193,#4194,#4195,#4196,#4197,#4198));
#717=EDGE_LOOP('',(#4199,#4200,#4201,#4202,#4203,#4204));
#718=EDGE_LOOP('',(#4205,#4206,#4207,#4208,#4209,#4210));
#719=EDGE_LOOP('',(#4211,#4212,#4213,#4214,#4215,#4216));
#720=EDGE_LOOP('',(#4217,#4218,#4219,#4220,#4221,#4222));
#721=EDGE_LOOP('',(#4223,#4224,#4225,#4226,#4227,#4228));
#722=EDGE_LOOP('',(#4229,#4230,#4231,#4232,#4233,#4234));
#723=EDGE_LOOP('',(#4235,#4236,#4237,#4238,#4239,#4240));
#724=EDGE_LOOP('',(#4241,#4242,#4243,#4244,#4245,#4246));
#725=EDGE_LOOP('',(#4247,#4248,#4249,#4250,#4251,#4252));
#726=EDGE_LOOP('',(#4253,#4254,#4255,#4256,#4257,#4258));
#727=EDGE_LOOP('',(#4259,#4260,#4261,#4262,#4263,#4264));
#728=EDGE_LOOP('',(#4265,#4266,#4267,#4268,#4269,#4270));
#729=EDGE_LOOP('',(#4271,#4272,#4273,#4274,#4275,#4276));
#730=EDGE_LOOP('',(#4277,#4278,#4279,#4280,#4281,#4282));
#731=EDGE_LOOP('',(#4283,#4284,#4285,#4286,#4287,#4288));
#732=EDGE_LOOP('',(#4289,#4290,#4291,#4292,#4293,#4294));
#733=EDGE_LOOP('',(#4295,#4296,#4297,#4298,#4299,#4300));
#734=EDGE_LOOP('',(#4301,#4302,#4303,#4304,#4305,#4306));
#735=EDGE_LOOP('',(#4307,#4308,#4309,#4310,#4311,#4312));
#736=EDGE_LOOP('',(#4313,#4314,#4315,#4316,#4317,#4318));
#737=EDGE_LOOP('',(#4319,#4320,#4321,#4322,#4323,#4324));
#738=EDGE_LOOP('',(#4325,#4326,#4327,#4328,#4329,#4330));
#739=EDGE_LOOP('',(#4331,#4332,#4333,#4334,#4335,#4336));
#740=EDGE_LOOP('',(#4337,#4338,#4339,#4340,#4341,#4342));
#741=EDGE_LOOP('',(#4343,#4344,#4345,#4346,#4347,#4348));
#742=EDGE_LOOP('',(#4349,#4350,#4351,#4352,#4353,#4354));
#743=EDGE_LOOP('',(#4355,#4356,#4357,#4358,#4359,#4360));
#744=EDGE_LOOP('',(#4361,#4362,#4363,#4364,#4365,#4366));
#745=EDGE_LOOP('',(#4367,#4368,#4369,#4370,#4371,#4372));
#746=EDGE_LOOP('',(#4373,#4374,#4375,#4376,#4377,#4378));
#747=EDGE_LOOP('',(#4379,#4380,#4381,#4382,#4383,#4384));
#748=EDGE_LOOP('',(#4385,#4386,#4387,#4388));
#749=LINE('',#6342,#1337);
#750=LINE('',#6344,#1338);
#751=LINE('',#6346,#1339);
#752=LINE('',#6347,#1340);
#753=LINE('',#6350,#1341);
#754=LINE('',#6352,#1342);
#755=LINE('',#6353,#1343);
#756=LINE('',#6356,#1344);
#757=LINE('',#6358,#1345);
#758=LINE('',#6359,#1346);
#759=LINE('',#6361,#1347);
#760=LINE('',#6362,#1348);
#761=LINE('',#6368,#1349);
#762=LINE('',#6376,#1350);
#763=LINE('',#6384,#1351);
#764=LINE('',#6392,#1352);
#765=LINE('',#6398,#1353);
#766=LINE('',#6402,#1354);
#767=LINE('',#6406,#1355);
#768=LINE('',#6410,#1356);
#769=LINE('',#6415,#1357);
#770=LINE('',#6417,#1358);
#771=LINE('',#6419,#1359);
#772=LINE('',#6420,#1360);
#773=LINE('',#6423,#1361);
#774=LINE('',#6425,#1362);
#775=LINE('',#6426,#1363);
#776=LINE('',#6429,#1364);
#777=LINE('',#6431,#1365);
#778=LINE('',#6432,#1366);
#779=LINE('',#6435,#1367);
#780=LINE('',#6437,#1368);
#781=LINE('',#6438,#1369);
#782=LINE('',#6441,#1370);
#783=LINE('',#6443,#1371);
#784=LINE('',#6444,#1372);
#785=LINE('',#6451,#1373);
#786=LINE('',#6453,#1374);
#787=LINE('',#6455,#1375);
#788=LINE('',#6456,#1376);
#789=LINE('',#6459,#1377);
#790=LINE('',#6461,#1378);
#791=LINE('',#6462,#1379);
#792=LINE('',#6465,#1380);
#793=LINE('',#6467,#1381);
#794=LINE('',#6468,#1382);
#795=LINE('',#6471,#1383);
#796=LINE('',#6473,#1384);
#797=LINE('',#6474,#1385);
#798=LINE('',#6477,#1386);
#799=LINE('',#6479,#1387);
#800=LINE('',#6480,#1388);
#801=LINE('',#6487,#1389);
#802=LINE('',#6489,#1390);
#803=LINE('',#6491,#1391);
#804=LINE('',#6492,#1392);
#805=LINE('',#6495,#1393);
#806=LINE('',#6497,#1394);
#807=LINE('',#6498,#1395);
#808=LINE('',#6501,#1396);
#809=LINE('',#6503,#1397);
#810=LINE('',#6504,#1398);
#811=LINE('',#6507,#1399);
#812=LINE('',#6509,#1400);
#813=LINE('',#6510,#1401);
#814=LINE('',#6513,#1402);
#815=LINE('',#6515,#1403);
#816=LINE('',#6516,#1404);
#817=LINE('',#6523,#1405);
#818=LINE('',#6525,#1406);
#819=LINE('',#6527,#1407);
#820=LINE('',#6528,#1408);
#821=LINE('',#6531,#1409);
#822=LINE('',#6533,#1410);
#823=LINE('',#6534,#1411);
#824=LINE('',#6537,#1412);
#825=LINE('',#6539,#1413);
#826=LINE('',#6540,#1414);
#827=LINE('',#6543,#1415);
#828=LINE('',#6545,#1416);
#829=LINE('',#6546,#1417);
#830=LINE('',#6549,#1418);
#831=LINE('',#6551,#1419);
#832=LINE('',#6552,#1420);
#833=LINE('',#6559,#1421);
#834=LINE('',#6561,#1422);
#835=LINE('',#6563,#1423);
#836=LINE('',#6564,#1424);
#837=LINE('',#6567,#1425);
#838=LINE('',#6569,#1426);
#839=LINE('',#6570,#1427);
#840=LINE('',#6573,#1428);
#841=LINE('',#6575,#1429);
#842=LINE('',#6576,#1430);
#843=LINE('',#6579,#1431);
#844=LINE('',#6581,#1432);
#845=LINE('',#6582,#1433);
#846=LINE('',#6585,#1434);
#847=LINE('',#6587,#1435);
#848=LINE('',#6588,#1436);
#849=LINE('',#6595,#1437);
#850=LINE('',#6597,#1438);
#851=LINE('',#6599,#1439);
#852=LINE('',#6600,#1440);
#853=LINE('',#6603,#1441);
#854=LINE('',#6605,#1442);
#855=LINE('',#6606,#1443);
#856=LINE('',#6609,#1444);
#857=LINE('',#6611,#1445);
#858=LINE('',#6612,#1446);
#859=LINE('',#6615,#1447);
#860=LINE('',#6617,#1448);
#861=LINE('',#6618,#1449);
#862=LINE('',#6621,#1450);
#863=LINE('',#6623,#1451);
#864=LINE('',#6624,#1452);
#865=LINE('',#6631,#1453);
#866=LINE('',#6633,#1454);
#867=LINE('',#6635,#1455);
#868=LINE('',#6636,#1456);
#869=LINE('',#6639,#1457);
#870=LINE('',#6641,#1458);
#871=LINE('',#6642,#1459);
#872=LINE('',#6645,#1460);
#873=LINE('',#6647,#1461);
#874=LINE('',#6648,#1462);
#875=LINE('',#6651,#1463);
#876=LINE('',#6653,#1464);
#877=LINE('',#6654,#1465);
#878=LINE('',#6657,#1466);
#879=LINE('',#6659,#1467);
#880=LINE('',#6660,#1468);
#881=LINE('',#6667,#1469);
#882=LINE('',#6669,#1470);
#883=LINE('',#6671,#1471);
#884=LINE('',#6672,#1472);
#885=LINE('',#6675,#1473);
#886=LINE('',#6677,#1474);
#887=LINE('',#6678,#1475);
#888=LINE('',#6681,#1476);
#889=LINE('',#6683,#1477);
#890=LINE('',#6684,#1478);
#891=LINE('',#6687,#1479);
#892=LINE('',#6689,#1480);
#893=LINE('',#6690,#1481);
#894=LINE('',#6693,#1482);
#895=LINE('',#6695,#1483);
#896=LINE('',#6696,#1484);
#897=LINE('',#6703,#1485);
#898=LINE('',#6705,#1486);
#899=LINE('',#6707,#1487);
#900=LINE('',#6708,#1488);
#901=LINE('',#6711,#1489);
#902=LINE('',#6713,#1490);
#903=LINE('',#6714,#1491);
#904=LINE('',#6717,#1492);
#905=LINE('',#6719,#1493);
#906=LINE('',#6720,#1494);
#907=LINE('',#6723,#1495);
#908=LINE('',#6725,#1496);
#909=LINE('',#6726,#1497);
#910=LINE('',#6729,#1498);
#911=LINE('',#6731,#1499);
#912=LINE('',#6732,#1500);
#913=LINE('',#6739,#1501);
#914=LINE('',#6741,#1502);
#915=LINE('',#6743,#1503);
#916=LINE('',#6744,#1504);
#917=LINE('',#6747,#1505);
#918=LINE('',#6749,#1506);
#919=LINE('',#6750,#1507);
#920=LINE('',#6753,#1508);
#921=LINE('',#6755,#1509);
#922=LINE('',#6756,#1510);
#923=LINE('',#6759,#1511);
#924=LINE('',#6761,#1512);
#925=LINE('',#6762,#1513);
#926=LINE('',#6765,#1514);
#927=LINE('',#6767,#1515);
#928=LINE('',#6768,#1516);
#929=LINE('',#6775,#1517);
#930=LINE('',#6777,#1518);
#931=LINE('',#6779,#1519);
#932=LINE('',#6780,#1520);
#933=LINE('',#6783,#1521);
#934=LINE('',#6785,#1522);
#935=LINE('',#6786,#1523);
#936=LINE('',#6789,#1524);
#937=LINE('',#6791,#1525);
#938=LINE('',#6792,#1526);
#939=LINE('',#6795,#1527);
#940=LINE('',#6797,#1528);
#941=LINE('',#6798,#1529);
#942=LINE('',#6801,#1530);
#943=LINE('',#6803,#1531);
#944=LINE('',#6804,#1532);
#945=LINE('',#6811,#1533);
#946=LINE('',#6813,#1534);
#947=LINE('',#6815,#1535);
#948=LINE('',#6816,#1536);
#949=LINE('',#6819,#1537);
#950=LINE('',#6821,#1538);
#951=LINE('',#6822,#1539);
#952=LINE('',#6825,#1540);
#953=LINE('',#6827,#1541);
#954=LINE('',#6828,#1542);
#955=LINE('',#6831,#1543);
#956=LINE('',#6833,#1544);
#957=LINE('',#6834,#1545);
#958=LINE('',#6837,#1546);
#959=LINE('',#6839,#1547);
#960=LINE('',#6840,#1548);
#961=LINE('',#6847,#1549);
#962=LINE('',#6849,#1550);
#963=LINE('',#6851,#1551);
#964=LINE('',#6852,#1552);
#965=LINE('',#6855,#1553);
#966=LINE('',#6857,#1554);
#967=LINE('',#6858,#1555);
#968=LINE('',#6861,#1556);
#969=LINE('',#6863,#1557);
#970=LINE('',#6864,#1558);
#971=LINE('',#6867,#1559);
#972=LINE('',#6869,#1560);
#973=LINE('',#6870,#1561);
#974=LINE('',#6873,#1562);
#975=LINE('',#6875,#1563);
#976=LINE('',#6876,#1564);
#977=LINE('',#6883,#1565);
#978=LINE('',#6885,#1566);
#979=LINE('',#6887,#1567);
#980=LINE('',#6888,#1568);
#981=LINE('',#6891,#1569);
#982=LINE('',#6893,#1570);
#983=LINE('',#6894,#1571);
#984=LINE('',#6897,#1572);
#985=LINE('',#6899,#1573);
#986=LINE('',#6900,#1574);
#987=LINE('',#6903,#1575);
#988=LINE('',#6905,#1576);
#989=LINE('',#6906,#1577);
#990=LINE('',#6909,#1578);
#991=LINE('',#6911,#1579);
#992=LINE('',#6912,#1580);
#993=LINE('',#6919,#1581);
#994=LINE('',#6921,#1582);
#995=LINE('',#6923,#1583);
#996=LINE('',#6924,#1584);
#997=LINE('',#6927,#1585);
#998=LINE('',#6929,#1586);
#999=LINE('',#6930,#1587);
#1000=LINE('',#6933,#1588);
#1001=LINE('',#6935,#1589);
#1002=LINE('',#6936,#1590);
#1003=LINE('',#6939,#1591);
#1004=LINE('',#6941,#1592);
#1005=LINE('',#6942,#1593);
#1006=LINE('',#6945,#1594);
#1007=LINE('',#6947,#1595);
#1008=LINE('',#6948,#1596);
#1009=LINE('',#6955,#1597);
#1010=LINE('',#6957,#1598);
#1011=LINE('',#6959,#1599);
#1012=LINE('',#6960,#1600);
#1013=LINE('',#6963,#1601);
#1014=LINE('',#6965,#1602);
#1015=LINE('',#6966,#1603);
#1016=LINE('',#6969,#1604);
#1017=LINE('',#6971,#1605);
#1018=LINE('',#6972,#1606);
#1019=LINE('',#6975,#1607);
#1020=LINE('',#6977,#1608);
#1021=LINE('',#6978,#1609);
#1022=LINE('',#6981,#1610);
#1023=LINE('',#6983,#1611);
#1024=LINE('',#6984,#1612);
#1025=LINE('',#6991,#1613);
#1026=LINE('',#6993,#1614);
#1027=LINE('',#6995,#1615);
#1028=LINE('',#6996,#1616);
#1029=LINE('',#6999,#1617);
#1030=LINE('',#7001,#1618);
#1031=LINE('',#7002,#1619);
#1032=LINE('',#7005,#1620);
#1033=LINE('',#7007,#1621);
#1034=LINE('',#7008,#1622);
#1035=LINE('',#7011,#1623);
#1036=LINE('',#7013,#1624);
#1037=LINE('',#7014,#1625);
#1038=LINE('',#7017,#1626);
#1039=LINE('',#7019,#1627);
#1040=LINE('',#7020,#1628);
#1041=LINE('',#7027,#1629);
#1042=LINE('',#7029,#1630);
#1043=LINE('',#7031,#1631);
#1044=LINE('',#7032,#1632);
#1045=LINE('',#7035,#1633);
#1046=LINE('',#7037,#1634);
#1047=LINE('',#7038,#1635);
#1048=LINE('',#7041,#1636);
#1049=LINE('',#7043,#1637);
#1050=LINE('',#7044,#1638);
#1051=LINE('',#7047,#1639);
#1052=LINE('',#7049,#1640);
#1053=LINE('',#7050,#1641);
#1054=LINE('',#7053,#1642);
#1055=LINE('',#7055,#1643);
#1056=LINE('',#7056,#1644);
#1057=LINE('',#7063,#1645);
#1058=LINE('',#7065,#1646);
#1059=LINE('',#7067,#1647);
#1060=LINE('',#7068,#1648);
#1061=LINE('',#7071,#1649);
#1062=LINE('',#7073,#1650);
#1063=LINE('',#7074,#1651);
#1064=LINE('',#7077,#1652);
#1065=LINE('',#7079,#1653);
#1066=LINE('',#7080,#1654);
#1067=LINE('',#7083,#1655);
#1068=LINE('',#7085,#1656);
#1069=LINE('',#7086,#1657);
#1070=LINE('',#7089,#1658);
#1071=LINE('',#7091,#1659);
#1072=LINE('',#7092,#1660);
#1073=LINE('',#7099,#1661);
#1074=LINE('',#7101,#1662);
#1075=LINE('',#7103,#1663);
#1076=LINE('',#7104,#1664);
#1077=LINE('',#7107,#1665);
#1078=LINE('',#7109,#1666);
#1079=LINE('',#7110,#1667);
#1080=LINE('',#7113,#1668);
#1081=LINE('',#7115,#1669);
#1082=LINE('',#7116,#1670);
#1083=LINE('',#7119,#1671);
#1084=LINE('',#7121,#1672);
#1085=LINE('',#7122,#1673);
#1086=LINE('',#7125,#1674);
#1087=LINE('',#7127,#1675);
#1088=LINE('',#7128,#1676);
#1089=LINE('',#7135,#1677);
#1090=LINE('',#7137,#1678);
#1091=LINE('',#7139,#1679);
#1092=LINE('',#7140,#1680);
#1093=LINE('',#7143,#1681);
#1094=LINE('',#7145,#1682);
#1095=LINE('',#7146,#1683);
#1096=LINE('',#7149,#1684);
#1097=LINE('',#7151,#1685);
#1098=LINE('',#7152,#1686);
#1099=LINE('',#7155,#1687);
#1100=LINE('',#7157,#1688);
#1101=LINE('',#7158,#1689);
#1102=LINE('',#7161,#1690);
#1103=LINE('',#7163,#1691);
#1104=LINE('',#7164,#1692);
#1105=LINE('',#7171,#1693);
#1106=LINE('',#7173,#1694);
#1107=LINE('',#7175,#1695);
#1108=LINE('',#7176,#1696);
#1109=LINE('',#7179,#1697);
#1110=LINE('',#7181,#1698);
#1111=LINE('',#7182,#1699);
#1112=LINE('',#7185,#1700);
#1113=LINE('',#7187,#1701);
#1114=LINE('',#7188,#1702);
#1115=LINE('',#7191,#1703);
#1116=LINE('',#7193,#1704);
#1117=LINE('',#7194,#1705);
#1118=LINE('',#7197,#1706);
#1119=LINE('',#7199,#1707);
#1120=LINE('',#7200,#1708);
#1121=LINE('',#7207,#1709);
#1122=LINE('',#7209,#1710);
#1123=LINE('',#7211,#1711);
#1124=LINE('',#7212,#1712);
#1125=LINE('',#7215,#1713);
#1126=LINE('',#7217,#1714);
#1127=LINE('',#7218,#1715);
#1128=LINE('',#7221,#1716);
#1129=LINE('',#7223,#1717);
#1130=LINE('',#7224,#1718);
#1131=LINE('',#7227,#1719);
#1132=LINE('',#7229,#1720);
#1133=LINE('',#7230,#1721);
#1134=LINE('',#7233,#1722);
#1135=LINE('',#7235,#1723);
#1136=LINE('',#7236,#1724);
#1137=LINE('',#7243,#1725);
#1138=LINE('',#7245,#1726);
#1139=LINE('',#7247,#1727);
#1140=LINE('',#7248,#1728);
#1141=LINE('',#7251,#1729);
#1142=LINE('',#7253,#1730);
#1143=LINE('',#7254,#1731);
#1144=LINE('',#7257,#1732);
#1145=LINE('',#7259,#1733);
#1146=LINE('',#7260,#1734);
#1147=LINE('',#7263,#1735);
#1148=LINE('',#7265,#1736);
#1149=LINE('',#7266,#1737);
#1150=LINE('',#7269,#1738);
#1151=LINE('',#7271,#1739);
#1152=LINE('',#7272,#1740);
#1153=LINE('',#7279,#1741);
#1154=LINE('',#7281,#1742);
#1155=LINE('',#7283,#1743);
#1156=LINE('',#7284,#1744);
#1157=LINE('',#7287,#1745);
#1158=LINE('',#7289,#1746);
#1159=LINE('',#7290,#1747);
#1160=LINE('',#7293,#1748);
#1161=LINE('',#7295,#1749);
#1162=LINE('',#7296,#1750);
#1163=LINE('',#7299,#1751);
#1164=LINE('',#7301,#1752);
#1165=LINE('',#7302,#1753);
#1166=LINE('',#7305,#1754);
#1167=LINE('',#7307,#1755);
#1168=LINE('',#7308,#1756);
#1169=LINE('',#7315,#1757);
#1170=LINE('',#7317,#1758);
#1171=LINE('',#7319,#1759);
#1172=LINE('',#7320,#1760);
#1173=LINE('',#7323,#1761);
#1174=LINE('',#7325,#1762);
#1175=LINE('',#7326,#1763);
#1176=LINE('',#7329,#1764);
#1177=LINE('',#7331,#1765);
#1178=LINE('',#7332,#1766);
#1179=LINE('',#7335,#1767);
#1180=LINE('',#7337,#1768);
#1181=LINE('',#7338,#1769);
#1182=LINE('',#7341,#1770);
#1183=LINE('',#7343,#1771);
#1184=LINE('',#7344,#1772);
#1185=LINE('',#7351,#1773);
#1186=LINE('',#7353,#1774);
#1187=LINE('',#7355,#1775);
#1188=LINE('',#7356,#1776);
#1189=LINE('',#7359,#1777);
#1190=LINE('',#7361,#1778);
#1191=LINE('',#7362,#1779);
#1192=LINE('',#7365,#1780);
#1193=LINE('',#7367,#1781);
#1194=LINE('',#7368,#1782);
#1195=LINE('',#7371,#1783);
#1196=LINE('',#7373,#1784);
#1197=LINE('',#7374,#1785);
#1198=LINE('',#7377,#1786);
#1199=LINE('',#7379,#1787);
#1200=LINE('',#7380,#1788);
#1201=LINE('',#7387,#1789);
#1202=LINE('',#7389,#1790);
#1203=LINE('',#7391,#1791);
#1204=LINE('',#7392,#1792);
#1205=LINE('',#7395,#1793);
#1206=LINE('',#7397,#1794);
#1207=LINE('',#7398,#1795);
#1208=LINE('',#7401,#1796);
#1209=LINE('',#7403,#1797);
#1210=LINE('',#7404,#1798);
#1211=LINE('',#7407,#1799);
#1212=LINE('',#7409,#1800);
#1213=LINE('',#7410,#1801);
#1214=LINE('',#7413,#1802);
#1215=LINE('',#7415,#1803);
#1216=LINE('',#7416,#1804);
#1217=LINE('',#7423,#1805);
#1218=LINE('',#7425,#1806);
#1219=LINE('',#7427,#1807);
#1220=LINE('',#7428,#1808);
#1221=LINE('',#7431,#1809);
#1222=LINE('',#7433,#1810);
#1223=LINE('',#7434,#1811);
#1224=LINE('',#7437,#1812);
#1225=LINE('',#7439,#1813);
#1226=LINE('',#7440,#1814);
#1227=LINE('',#7443,#1815);
#1228=LINE('',#7445,#1816);
#1229=LINE('',#7446,#1817);
#1230=LINE('',#7449,#1818);
#1231=LINE('',#7451,#1819);
#1232=LINE('',#7452,#1820);
#1233=LINE('',#7459,#1821);
#1234=LINE('',#7461,#1822);
#1235=LINE('',#7463,#1823);
#1236=LINE('',#7464,#1824);
#1237=LINE('',#7467,#1825);
#1238=LINE('',#7469,#1826);
#1239=LINE('',#7470,#1827);
#1240=LINE('',#7473,#1828);
#1241=LINE('',#7475,#1829);
#1242=LINE('',#7476,#1830);
#1243=LINE('',#7479,#1831);
#1244=LINE('',#7481,#1832);
#1245=LINE('',#7482,#1833);
#1246=LINE('',#7485,#1834);
#1247=LINE('',#7487,#1835);
#1248=LINE('',#7488,#1836);
#1249=LINE('',#7495,#1837);
#1250=LINE('',#7497,#1838);
#1251=LINE('',#7499,#1839);
#1252=LINE('',#7500,#1840);
#1253=LINE('',#7503,#1841);
#1254=LINE('',#7505,#1842);
#1255=LINE('',#7506,#1843);
#1256=LINE('',#7509,#1844);
#1257=LINE('',#7511,#1845);
#1258=LINE('',#7512,#1846);
#1259=LINE('',#7515,#1847);
#1260=LINE('',#7517,#1848);
#1261=LINE('',#7518,#1849);
#1262=LINE('',#7521,#1850);
#1263=LINE('',#7523,#1851);
#1264=LINE('',#7524,#1852);
#1265=LINE('',#7531,#1853);
#1266=LINE('',#7533,#1854);
#1267=LINE('',#7535,#1855);
#1268=LINE('',#7536,#1856);
#1269=LINE('',#7539,#1857);
#1270=LINE('',#7541,#1858);
#1271=LINE('',#7542,#1859);
#1272=LINE('',#7545,#1860);
#1273=LINE('',#7547,#1861);
#1274=LINE('',#7548,#1862);
#1275=LINE('',#7551,#1863);
#1276=LINE('',#7553,#1864);
#1277=LINE('',#7554,#1865);
#1278=LINE('',#7557,#1866);
#1279=LINE('',#7559,#1867);
#1280=LINE('',#7560,#1868);
#1281=LINE('',#7567,#1869);
#1282=LINE('',#7569,#1870);
#1283=LINE('',#7571,#1871);
#1284=LINE('',#7572,#1872);
#1285=LINE('',#7575,#1873);
#1286=LINE('',#7577,#1874);
#1287=LINE('',#7578,#1875);
#1288=LINE('',#7581,#1876);
#1289=LINE('',#7583,#1877);
#1290=LINE('',#7584,#1878);
#1291=LINE('',#7587,#1879);
#1292=LINE('',#7589,#1880);
#1293=LINE('',#7590,#1881);
#1294=LINE('',#7593,#1882);
#1295=LINE('',#7595,#1883);
#1296=LINE('',#7596,#1884);
#1297=LINE('',#7603,#1885);
#1298=LINE('',#7605,#1886);
#1299=LINE('',#7607,#1887);
#1300=LINE('',#7608,#1888);
#1301=LINE('',#7611,#1889);
#1302=LINE('',#7613,#1890);
#1303=LINE('',#7614,#1891);
#1304=LINE('',#7617,#1892);
#1305=LINE('',#7619,#1893);
#1306=LINE('',#7620,#1894);
#1307=LINE('',#7623,#1895);
#1308=LINE('',#7625,#1896);
#1309=LINE('',#7626,#1897);
#1310=LINE('',#7629,#1898);
#1311=LINE('',#7631,#1899);
#1312=LINE('',#7632,#1900);
#1313=LINE('',#7639,#1901);
#1314=LINE('',#7641,#1902);
#1315=LINE('',#7643,#1903);
#1316=LINE('',#7644,#1904);
#1317=LINE('',#7647,#1905);
#1318=LINE('',#7649,#1906);
#1319=LINE('',#7650,#1907);
#1320=LINE('',#7653,#1908);
#1321=LINE('',#7655,#1909);
#1322=LINE('',#7656,#1910);
#1323=LINE('',#7659,#1911);
#1324=LINE('',#7661,#1912);
#1325=LINE('',#7662,#1913);
#1326=LINE('',#7665,#1914);
#1327=LINE('',#7667,#1915);
#1328=LINE('',#7668,#1916);
#1329=LINE('',#7671,#1917);
#1330=LINE('',#7673,#1918);
#1331=LINE('',#7674,#1919);
#1332=LINE('',#7677,#1920);
#1333=LINE('',#7679,#1921);
#1334=LINE('',#7680,#1922);
#1335=LINE('',#7682,#1923);
#1336=LINE('',#7683,#1924);
#1337=VECTOR('',#5130,10.);
#1338=VECTOR('',#5131,10.);
#1339=VECTOR('',#5132,10.);
#1340=VECTOR('',#5133,10.);
#1341=VECTOR('',#5136,10.);
#1342=VECTOR('',#5137,10.);
#1343=VECTOR('',#5138,10.);
#1344=VECTOR('',#5141,10.);
#1345=VECTOR('',#5142,10.);
#1346=VECTOR('',#5143,10.);
#1347=VECTOR('',#5146,10.);
#1348=VECTOR('',#5147,10.);
#1349=VECTOR('',#5154,1.45);
#1350=VECTOR('',#5163,1.45);
#1351=VECTOR('',#5172,1.45);
#1352=VECTOR('',#5181,1.45);
#1353=VECTOR('',#5188,1.1);
#1354=VECTOR('',#5193,1.1);
#1355=VECTOR('',#5198,1.1);
#1356=VECTOR('',#5203,1.1);
#1357=VECTOR('',#5208,10.);
#1358=VECTOR('',#5209,10.);
#1359=VECTOR('',#5210,10.);
#1360=VECTOR('',#5211,10.);
#1361=VECTOR('',#5214,10.);
#1362=VECTOR('',#5215,10.);
#1363=VECTOR('',#5216,10.);
#1364=VECTOR('',#5219,10.);
#1365=VECTOR('',#5220,10.);
#1366=VECTOR('',#5221,10.);
#1367=VECTOR('',#5224,10.);
#1368=VECTOR('',#5225,10.);
#1369=VECTOR('',#5226,10.);
#1370=VECTOR('',#5229,10.);
#1371=VECTOR('',#5230,10.);
#1372=VECTOR('',#5231,10.);
#1373=VECTOR('',#5240,10.);
#1374=VECTOR('',#5241,10.);
#1375=VECTOR('',#5242,10.);
#1376=VECTOR('',#5243,10.);
#1377=VECTOR('',#5246,10.);
#1378=VECTOR('',#5247,10.);
#1379=VECTOR('',#5248,10.);
#1380=VECTOR('',#5251,10.);
#1381=VECTOR('',#5252,10.);
#1382=VECTOR('',#5253,10.);
#1383=VECTOR('',#5256,10.);
#1384=VECTOR('',#5257,10.);
#1385=VECTOR('',#5258,10.);
#1386=VECTOR('',#5261,10.);
#1387=VECTOR('',#5262,10.);
#1388=VECTOR('',#5263,10.);
#1389=VECTOR('',#5272,10.);
#1390=VECTOR('',#5273,10.);
#1391=VECTOR('',#5274,10.);
#1392=VECTOR('',#5275,10.);
#1393=VECTOR('',#5278,10.);
#1394=VECTOR('',#5279,10.);
#1395=VECTOR('',#5280,10.);
#1396=VECTOR('',#5283,10.);
#1397=VECTOR('',#5284,10.);
#1398=VECTOR('',#5285,10.);
#1399=VECTOR('',#5288,10.);
#1400=VECTOR('',#5289,10.);
#1401=VECTOR('',#5290,10.);
#1402=VECTOR('',#5293,10.);
#1403=VECTOR('',#5294,10.);
#1404=VECTOR('',#5295,10.);
#1405=VECTOR('',#5304,10.);
#1406=VECTOR('',#5305,10.);
#1407=VECTOR('',#5306,10.);
#1408=VECTOR('',#5307,10.);
#1409=VECTOR('',#5310,10.);
#1410=VECTOR('',#5311,10.);
#1411=VECTOR('',#5312,10.);
#1412=VECTOR('',#5315,10.);
#1413=VECTOR('',#5316,10.);
#1414=VECTOR('',#5317,10.);
#1415=VECTOR('',#5320,10.);
#1416=VECTOR('',#5321,10.);
#1417=VECTOR('',#5322,10.);
#1418=VECTOR('',#5325,10.);
#1419=VECTOR('',#5326,10.);
#1420=VECTOR('',#5327,10.);
#1421=VECTOR('',#5336,10.);
#1422=VECTOR('',#5337,10.);
#1423=VECTOR('',#5338,10.);
#1424=VECTOR('',#5339,10.);
#1425=VECTOR('',#5342,10.);
#1426=VECTOR('',#5343,10.);
#1427=VECTOR('',#5344,10.);
#1428=VECTOR('',#5347,10.);
#1429=VECTOR('',#5348,10.);
#1430=VECTOR('',#5349,10.);
#1431=VECTOR('',#5352,10.);
#1432=VECTOR('',#5353,10.);
#1433=VECTOR('',#5354,10.);
#1434=VECTOR('',#5357,10.);
#1435=VECTOR('',#5358,10.);
#1436=VECTOR('',#5359,10.);
#1437=VECTOR('',#5368,10.);
#1438=VECTOR('',#5369,10.);
#1439=VECTOR('',#5370,10.);
#1440=VECTOR('',#5371,10.);
#1441=VECTOR('',#5374,10.);
#1442=VECTOR('',#5375,10.);
#1443=VECTOR('',#5376,10.);
#1444=VECTOR('',#5379,10.);
#1445=VECTOR('',#5380,10.);
#1446=VECTOR('',#5381,10.);
#1447=VECTOR('',#5384,10.);
#1448=VECTOR('',#5385,10.);
#1449=VECTOR('',#5386,10.);
#1450=VECTOR('',#5389,10.);
#1451=VECTOR('',#5390,10.);
#1452=VECTOR('',#5391,10.);
#1453=VECTOR('',#5400,10.);
#1454=VECTOR('',#5401,10.);
#1455=VECTOR('',#5402,10.);
#1456=VECTOR('',#5403,10.);
#1457=VECTOR('',#5406,10.);
#1458=VECTOR('',#5407,10.);
#1459=VECTOR('',#5408,10.);
#1460=VECTOR('',#5411,10.);
#1461=VECTOR('',#5412,10.);
#1462=VECTOR('',#5413,10.);
#1463=VECTOR('',#5416,10.);
#1464=VECTOR('',#5417,10.);
#1465=VECTOR('',#5418,10.);
#1466=VECTOR('',#5421,10.);
#1467=VECTOR('',#5422,10.);
#1468=VECTOR('',#5423,10.);
#1469=VECTOR('',#5432,10.);
#1470=VECTOR('',#5433,10.);
#1471=VECTOR('',#5434,10.);
#1472=VECTOR('',#5435,10.);
#1473=VECTOR('',#5438,10.);
#1474=VECTOR('',#5439,10.);
#1475=VECTOR('',#5440,10.);
#1476=VECTOR('',#5443,10.);
#1477=VECTOR('',#5444,10.);
#1478=VECTOR('',#5445,10.);
#1479=VECTOR('',#5448,10.);
#1480=VECTOR('',#5449,10.);
#1481=VECTOR('',#5450,10.);
#1482=VECTOR('',#5453,10.);
#1483=VECTOR('',#5454,10.);
#1484=VECTOR('',#5455,10.);
#1485=VECTOR('',#5464,10.);
#1486=VECTOR('',#5465,10.);
#1487=VECTOR('',#5466,10.);
#1488=VECTOR('',#5467,10.);
#1489=VECTOR('',#5470,10.);
#1490=VECTOR('',#5471,10.);
#1491=VECTOR('',#5472,10.);
#1492=VECTOR('',#5475,10.);
#1493=VECTOR('',#5476,10.);
#1494=VECTOR('',#5477,10.);
#1495=VECTOR('',#5480,10.);
#1496=VECTOR('',#5481,10.);
#1497=VECTOR('',#5482,10.);
#1498=VECTOR('',#5485,10.);
#1499=VECTOR('',#5486,10.);
#1500=VECTOR('',#5487,10.);
#1501=VECTOR('',#5496,10.);
#1502=VECTOR('',#5497,10.);
#1503=VECTOR('',#5498,10.);
#1504=VECTOR('',#5499,10.);
#1505=VECTOR('',#5502,10.);
#1506=VECTOR('',#5503,10.);
#1507=VECTOR('',#5504,10.);
#1508=VECTOR('',#5507,10.);
#1509=VECTOR('',#5508,10.);
#1510=VECTOR('',#5509,10.);
#1511=VECTOR('',#5512,10.);
#1512=VECTOR('',#5513,10.);
#1513=VECTOR('',#5514,10.);
#1514=VECTOR('',#5517,10.);
#1515=VECTOR('',#5518,10.);
#1516=VECTOR('',#5519,10.);
#1517=VECTOR('',#5528,10.);
#1518=VECTOR('',#5529,10.);
#1519=VECTOR('',#5530,10.);
#1520=VECTOR('',#5531,10.);
#1521=VECTOR('',#5534,10.);
#1522=VECTOR('',#5535,10.);
#1523=VECTOR('',#5536,10.);
#1524=VECTOR('',#5539,10.);
#1525=VECTOR('',#5540,10.);
#1526=VECTOR('',#5541,10.);
#1527=VECTOR('',#5544,10.);
#1528=VECTOR('',#5545,10.);
#1529=VECTOR('',#5546,10.);
#1530=VECTOR('',#5549,10.);
#1531=VECTOR('',#5550,10.);
#1532=VECTOR('',#5551,10.);
#1533=VECTOR('',#5560,10.);
#1534=VECTOR('',#5561,10.);
#1535=VECTOR('',#5562,10.);
#1536=VECTOR('',#5563,10.);
#1537=VECTOR('',#5566,10.);
#1538=VECTOR('',#5567,10.);
#1539=VECTOR('',#5568,10.);
#1540=VECTOR('',#5571,10.);
#1541=VECTOR('',#5572,10.);
#1542=VECTOR('',#5573,10.);
#1543=VECTOR('',#5576,10.);
#1544=VECTOR('',#5577,10.);
#1545=VECTOR('',#5578,10.);
#1546=VECTOR('',#5581,10.);
#1547=VECTOR('',#5582,10.);
#1548=VECTOR('',#5583,10.);
#1549=VECTOR('',#5592,10.);
#1550=VECTOR('',#5593,10.);
#1551=VECTOR('',#5594,10.);
#1552=VECTOR('',#5595,10.);
#1553=VECTOR('',#5598,10.);
#1554=VECTOR('',#5599,10.);
#1555=VECTOR('',#5600,10.);
#1556=VECTOR('',#5603,10.);
#1557=VECTOR('',#5604,10.);
#1558=VECTOR('',#5605,10.);
#1559=VECTOR('',#5608,10.);
#1560=VECTOR('',#5609,10.);
#1561=VECTOR('',#5610,10.);
#1562=VECTOR('',#5613,10.);
#1563=VECTOR('',#5614,10.);
#1564=VECTOR('',#5615,10.);
#1565=VECTOR('',#5624,10.);
#1566=VECTOR('',#5625,10.);
#1567=VECTOR('',#5626,10.);
#1568=VECTOR('',#5627,10.);
#1569=VECTOR('',#5630,10.);
#1570=VECTOR('',#5631,10.);
#1571=VECTOR('',#5632,10.);
#1572=VECTOR('',#5635,10.);
#1573=VECTOR('',#5636,10.);
#1574=VECTOR('',#5637,10.);
#1575=VECTOR('',#5640,10.);
#1576=VECTOR('',#5641,10.);
#1577=VECTOR('',#5642,10.);
#1578=VECTOR('',#5645,10.);
#1579=VECTOR('',#5646,10.);
#1580=VECTOR('',#5647,10.);
#1581=VECTOR('',#5656,10.);
#1582=VECTOR('',#5657,10.);
#1583=VECTOR('',#5658,10.);
#1584=VECTOR('',#5659,10.);
#1585=VECTOR('',#5662,10.);
#1586=VECTOR('',#5663,10.);
#1587=VECTOR('',#5664,10.);
#1588=VECTOR('',#5667,10.);
#1589=VECTOR('',#5668,10.);
#1590=VECTOR('',#5669,10.);
#1591=VECTOR('',#5672,10.);
#1592=VECTOR('',#5673,10.);
#1593=VECTOR('',#5674,10.);
#1594=VECTOR('',#5677,10.);
#1595=VECTOR('',#5678,10.);
#1596=VECTOR('',#5679,10.);
#1597=VECTOR('',#5688,10.);
#1598=VECTOR('',#5689,10.);
#1599=VECTOR('',#5690,10.);
#1600=VECTOR('',#5691,10.);
#1601=VECTOR('',#5694,10.);
#1602=VECTOR('',#5695,10.);
#1603=VECTOR('',#5696,10.);
#1604=VECTOR('',#5699,10.);
#1605=VECTOR('',#5700,10.);
#1606=VECTOR('',#5701,10.);
#1607=VECTOR('',#5704,10.);
#1608=VECTOR('',#5705,10.);
#1609=VECTOR('',#5706,10.);
#1610=VECTOR('',#5709,10.);
#1611=VECTOR('',#5710,10.);
#1612=VECTOR('',#5711,10.);
#1613=VECTOR('',#5720,10.);
#1614=VECTOR('',#5721,10.);
#1615=VECTOR('',#5722,10.);
#1616=VECTOR('',#5723,10.);
#1617=VECTOR('',#5726,10.);
#1618=VECTOR('',#5727,10.);
#1619=VECTOR('',#5728,10.);
#1620=VECTOR('',#5731,10.);
#1621=VECTOR('',#5732,10.);
#1622=VECTOR('',#5733,10.);
#1623=VECTOR('',#5736,10.);
#1624=VECTOR('',#5737,10.);
#1625=VECTOR('',#5738,10.);
#1626=VECTOR('',#5741,10.);
#1627=VECTOR('',#5742,10.);
#1628=VECTOR('',#5743,10.);
#1629=VECTOR('',#5752,10.);
#1630=VECTOR('',#5753,10.);
#1631=VECTOR('',#5754,10.);
#1632=VECTOR('',#5755,10.);
#1633=VECTOR('',#5758,10.);
#1634=VECTOR('',#5759,10.);
#1635=VECTOR('',#5760,10.);
#1636=VECTOR('',#5763,10.);
#1637=VECTOR('',#5764,10.);
#1638=VECTOR('',#5765,10.);
#1639=VECTOR('',#5768,10.);
#1640=VECTOR('',#5769,10.);
#1641=VECTOR('',#5770,10.);
#1642=VECTOR('',#5773,10.);
#1643=VECTOR('',#5774,10.);
#1644=VECTOR('',#5775,10.);
#1645=VECTOR('',#5784,10.);
#1646=VECTOR('',#5785,10.);
#1647=VECTOR('',#5786,10.);
#1648=VECTOR('',#5787,10.);
#1649=VECTOR('',#5790,10.);
#1650=VECTOR('',#5791,10.);
#1651=VECTOR('',#5792,10.);
#1652=VECTOR('',#5795,10.);
#1653=VECTOR('',#5796,10.);
#1654=VECTOR('',#5797,10.);
#1655=VECTOR('',#5800,10.);
#1656=VECTOR('',#5801,10.);
#1657=VECTOR('',#5802,10.);
#1658=VECTOR('',#5805,10.);
#1659=VECTOR('',#5806,10.);
#1660=VECTOR('',#5807,10.);
#1661=VECTOR('',#5816,10.);
#1662=VECTOR('',#5817,10.);
#1663=VECTOR('',#5818,10.);
#1664=VECTOR('',#5819,10.);
#1665=VECTOR('',#5822,10.);
#1666=VECTOR('',#5823,10.);
#1667=VECTOR('',#5824,10.);
#1668=VECTOR('',#5827,10.);
#1669=VECTOR('',#5828,10.);
#1670=VECTOR('',#5829,10.);
#1671=VECTOR('',#5832,10.);
#1672=VECTOR('',#5833,10.);
#1673=VECTOR('',#5834,10.);
#1674=VECTOR('',#5837,10.);
#1675=VECTOR('',#5838,10.);
#1676=VECTOR('',#5839,10.);
#1677=VECTOR('',#5848,10.);
#1678=VECTOR('',#5849,10.);
#1679=VECTOR('',#5850,10.);
#1680=VECTOR('',#5851,10.);
#1681=VECTOR('',#5854,10.);
#1682=VECTOR('',#5855,10.);
#1683=VECTOR('',#5856,10.);
#1684=VECTOR('',#5859,10.);
#1685=VECTOR('',#5860,10.);
#1686=VECTOR('',#5861,10.);
#1687=VECTOR('',#5864,10.);
#1688=VECTOR('',#5865,10.);
#1689=VECTOR('',#5866,10.);
#1690=VECTOR('',#5869,10.);
#1691=VECTOR('',#5870,10.);
#1692=VECTOR('',#5871,10.);
#1693=VECTOR('',#5880,10.);
#1694=VECTOR('',#5881,10.);
#1695=VECTOR('',#5882,10.);
#1696=VECTOR('',#5883,10.);
#1697=VECTOR('',#5886,10.);
#1698=VECTOR('',#5887,10.);
#1699=VECTOR('',#5888,10.);
#1700=VECTOR('',#5891,10.);
#1701=VECTOR('',#5892,10.);
#1702=VECTOR('',#5893,10.);
#1703=VECTOR('',#5896,10.);
#1704=VECTOR('',#5897,10.);
#1705=VECTOR('',#5898,10.);
#1706=VECTOR('',#5901,10.);
#1707=VECTOR('',#5902,10.);
#1708=VECTOR('',#5903,10.);
#1709=VECTOR('',#5912,10.);
#1710=VECTOR('',#5913,10.);
#1711=VECTOR('',#5914,10.);
#1712=VECTOR('',#5915,10.);
#1713=VECTOR('',#5918,10.);
#1714=VECTOR('',#5919,10.);
#1715=VECTOR('',#5920,10.);
#1716=VECTOR('',#5923,10.);
#1717=VECTOR('',#5924,10.);
#1718=VECTOR('',#5925,10.);
#1719=VECTOR('',#5928,10.);
#1720=VECTOR('',#5929,10.);
#1721=VECTOR('',#5930,10.);
#1722=VECTOR('',#5933,10.);
#1723=VECTOR('',#5934,10.);
#1724=VECTOR('',#5935,10.);
#1725=VECTOR('',#5944,10.);
#1726=VECTOR('',#5945,10.);
#1727=VECTOR('',#5946,10.);
#1728=VECTOR('',#5947,10.);
#1729=VECTOR('',#5950,10.);
#1730=VECTOR('',#5951,10.);
#1731=VECTOR('',#5952,10.);
#1732=VECTOR('',#5955,10.);
#1733=VECTOR('',#5956,10.);
#1734=VECTOR('',#5957,10.);
#1735=VECTOR('',#5960,10.);
#1736=VECTOR('',#5961,10.);
#1737=VECTOR('',#5962,10.);
#1738=VECTOR('',#5965,10.);
#1739=VECTOR('',#5966,10.);
#1740=VECTOR('',#5967,10.);
#1741=VECTOR('',#5976,10.);
#1742=VECTOR('',#5977,10.);
#1743=VECTOR('',#5978,10.);
#1744=VECTOR('',#5979,10.);
#1745=VECTOR('',#5982,10.);
#1746=VECTOR('',#5983,10.);
#1747=VECTOR('',#5984,10.);
#1748=VECTOR('',#5987,10.);
#1749=VECTOR('',#5988,10.);
#1750=VECTOR('',#5989,10.);
#1751=VECTOR('',#5992,10.);
#1752=VECTOR('',#5993,10.);
#1753=VECTOR('',#5994,10.);
#1754=VECTOR('',#5997,10.);
#1755=VECTOR('',#5998,10.);
#1756=VECTOR('',#5999,10.);
#1757=VECTOR('',#6008,10.);
#1758=VECTOR('',#6009,10.);
#1759=VECTOR('',#6010,10.);
#1760=VECTOR('',#6011,10.);
#1761=VECTOR('',#6014,10.);
#1762=VECTOR('',#6015,10.);
#1763=VECTOR('',#6016,10.);
#1764=VECTOR('',#6019,10.);
#1765=VECTOR('',#6020,10.);
#1766=VECTOR('',#6021,10.);
#1767=VECTOR('',#6024,10.);
#1768=VECTOR('',#6025,10.);
#1769=VECTOR('',#6026,10.);
#1770=VECTOR('',#6029,10.);
#1771=VECTOR('',#6030,10.);
#1772=VECTOR('',#6031,10.);
#1773=VECTOR('',#6040,10.);
#1774=VECTOR('',#6041,10.);
#1775=VECTOR('',#6042,10.);
#1776=VECTOR('',#6043,10.);
#1777=VECTOR('',#6046,10.);
#1778=VECTOR('',#6047,10.);
#1779=VECTOR('',#6048,10.);
#1780=VECTOR('',#6051,10.);
#1781=VECTOR('',#6052,10.);
#1782=VECTOR('',#6053,10.);
#1783=VECTOR('',#6056,10.);
#1784=VECTOR('',#6057,10.);
#1785=VECTOR('',#6058,10.);
#1786=VECTOR('',#6061,10.);
#1787=VECTOR('',#6062,10.);
#1788=VECTOR('',#6063,10.);
#1789=VECTOR('',#6072,10.);
#1790=VECTOR('',#6073,10.);
#1791=VECTOR('',#6074,10.);
#1792=VECTOR('',#6075,10.);
#1793=VECTOR('',#6078,10.);
#1794=VECTOR('',#6079,10.);
#1795=VECTOR('',#6080,10.);
#1796=VECTOR('',#6083,10.);
#1797=VECTOR('',#6084,10.);
#1798=VECTOR('',#6085,10.);
#1799=VECTOR('',#6088,10.);
#1800=VECTOR('',#6089,10.);
#1801=VECTOR('',#6090,10.);
#1802=VECTOR('',#6093,10.);
#1803=VECTOR('',#6094,10.);
#1804=VECTOR('',#6095,10.);
#1805=VECTOR('',#6104,10.);
#1806=VECTOR('',#6105,10.);
#1807=VECTOR('',#6106,10.);
#1808=VECTOR('',#6107,10.);
#1809=VECTOR('',#6110,10.);
#1810=VECTOR('',#6111,10.);
#1811=VECTOR('',#6112,10.);
#1812=VECTOR('',#6115,10.);
#1813=VECTOR('',#6116,10.);
#1814=VECTOR('',#6117,10.);
#1815=VECTOR('',#6120,10.);
#1816=VECTOR('',#6121,10.);
#1817=VECTOR('',#6122,10.);
#1818=VECTOR('',#6125,10.);
#1819=VECTOR('',#6126,10.);
#1820=VECTOR('',#6127,10.);
#1821=VECTOR('',#6136,10.);
#1822=VECTOR('',#6137,10.);
#1823=VECTOR('',#6138,10.);
#1824=VECTOR('',#6139,10.);
#1825=VECTOR('',#6142,10.);
#1826=VECTOR('',#6143,10.);
#1827=VECTOR('',#6144,10.);
#1828=VECTOR('',#6147,10.);
#1829=VECTOR('',#6148,10.);
#1830=VECTOR('',#6149,10.);
#1831=VECTOR('',#6152,10.);
#1832=VECTOR('',#6153,10.);
#1833=VECTOR('',#6154,10.);
#1834=VECTOR('',#6157,10.);
#1835=VECTOR('',#6158,10.);
#1836=VECTOR('',#6159,10.);
#1837=VECTOR('',#6168,10.);
#1838=VECTOR('',#6169,10.);
#1839=VECTOR('',#6170,10.);
#1840=VECTOR('',#6171,10.);
#1841=VECTOR('',#6174,10.);
#1842=VECTOR('',#6175,10.);
#1843=VECTOR('',#6176,10.);
#1844=VECTOR('',#6179,10.);
#1845=VECTOR('',#6180,10.);
#1846=VECTOR('',#6181,10.);
#1847=VECTOR('',#6184,10.);
#1848=VECTOR('',#6185,10.);
#1849=VECTOR('',#6186,10.);
#1850=VECTOR('',#6189,10.);
#1851=VECTOR('',#6190,10.);
#1852=VECTOR('',#6191,10.);
#1853=VECTOR('',#6200,10.);
#1854=VECTOR('',#6201,10.);
#1855=VECTOR('',#6202,10.);
#1856=VECTOR('',#6203,10.);
#1857=VECTOR('',#6206,10.);
#1858=VECTOR('',#6207,10.);
#1859=VECTOR('',#6208,10.);
#1860=VECTOR('',#6211,10.);
#1861=VECTOR('',#6212,10.);
#1862=VECTOR('',#6213,10.);
#1863=VECTOR('',#6216,10.);
#1864=VECTOR('',#6217,10.);
#1865=VECTOR('',#6218,10.);
#1866=VECTOR('',#6221,10.);
#1867=VECTOR('',#6222,10.);
#1868=VECTOR('',#6223,10.);
#1869=VECTOR('',#6232,10.);
#1870=VECTOR('',#6233,10.);
#1871=VECTOR('',#6234,10.);
#1872=VECTOR('',#6235,10.);
#1873=VECTOR('',#6238,10.);
#1874=VECTOR('',#6239,10.);
#1875=VECTOR('',#6240,10.);
#1876=VECTOR('',#6243,10.);
#1877=VECTOR('',#6244,10.);
#1878=VECTOR('',#6245,10.);
#1879=VECTOR('',#6248,10.);
#1880=VECTOR('',#6249,10.);
#1881=VECTOR('',#6250,10.);
#1882=VECTOR('',#6253,10.);
#1883=VECTOR('',#6254,10.);
#1884=VECTOR('',#6255,10.);
#1885=VECTOR('',#6264,10.);
#1886=VECTOR('',#6265,10.);
#1887=VECTOR('',#6266,10.);
#1888=VECTOR('',#6267,10.);
#1889=VECTOR('',#6270,10.);
#1890=VECTOR('',#6271,10.);
#1891=VECTOR('',#6272,10.);
#1892=VECTOR('',#6275,10.);
#1893=VECTOR('',#6276,10.);
#1894=VECTOR('',#6277,10.);
#1895=VECTOR('',#6280,10.);
#1896=VECTOR('',#6281,10.);
#1897=VECTOR('',#6282,10.);
#1898=VECTOR('',#6285,10.);
#1899=VECTOR('',#6286,10.);
#1900=VECTOR('',#6287,10.);
#1901=VECTOR('',#6296,10.);
#1902=VECTOR('',#6297,10.);
#1903=VECTOR('',#6298,10.);
#1904=VECTOR('',#6299,10.);
#1905=VECTOR('',#6302,10.);
#1906=VECTOR('',#6303,10.);
#1907=VECTOR('',#6304,10.);
#1908=VECTOR('',#6307,10.);
#1909=VECTOR('',#6308,10.);
#1910=VECTOR('',#6309,10.);
#1911=VECTOR('',#6312,10.);
#1912=VECTOR('',#6313,10.);
#1913=VECTOR('',#6314,10.);
#1914=VECTOR('',#6317,10.);
#1915=VECTOR('',#6318,10.);
#1916=VECTOR('',#6319,10.);
#1917=VECTOR('',#6322,10.);
#1918=VECTOR('',#6323,10.);
#1919=VECTOR('',#6324,10.);
#1920=VECTOR('',#6327,10.);
#1921=VECTOR('',#6328,10.);
#1922=VECTOR('',#6329,10.);
#1923=VECTOR('',#6332,10.);
#1924=VECTOR('',#6333,10.);
#1925=VERTEX_POINT('',#6340);
#1926=VERTEX_POINT('',#6341);
#1927=VERTEX_POINT('',#6343);
#1928=VERTEX_POINT('',#6345);
#1929=VERTEX_POINT('',#6349);
#1930=VERTEX_POINT('',#6351);
#1931=VERTEX_POINT('',#6355);
#1932=VERTEX_POINT('',#6357);
#1933=VERTEX_POINT('',#6365);
#1934=VERTEX_POINT('',#6367);
#1935=VERTEX_POINT('',#6369);
#1936=VERTEX_POINT('',#6373);
#1937=VERTEX_POINT('',#6375);
#1938=VERTEX_POINT('',#6377);
#1939=VERTEX_POINT('',#6381);
#1940=VERTEX_POINT('',#6383);
#1941=VERTEX_POINT('',#6385);
#1942=VERTEX_POINT('',#6389);
#1943=VERTEX_POINT('',#6391);
#1944=VERTEX_POINT('',#6393);
#1945=VERTEX_POINT('',#6397);
#1946=VERTEX_POINT('',#6401);
#1947=VERTEX_POINT('',#6405);
#1948=VERTEX_POINT('',#6409);
#1949=VERTEX_POINT('',#6413);
#1950=VERTEX_POINT('',#6414);
#1951=VERTEX_POINT('',#6416);
#1952=VERTEX_POINT('',#6418);
#1953=VERTEX_POINT('',#6422);
#1954=VERTEX_POINT('',#6424);
#1955=VERTEX_POINT('',#6428);
#1956=VERTEX_POINT('',#6430);
#1957=VERTEX_POINT('',#6434);
#1958=VERTEX_POINT('',#6436);
#1959=VERTEX_POINT('',#6440);
#1960=VERTEX_POINT('',#6442);
#1961=VERTEX_POINT('',#6449);
#1962=VERTEX_POINT('',#6450);
#1963=VERTEX_POINT('',#6452);
#1964=VERTEX_POINT('',#6454);
#1965=VERTEX_POINT('',#6458);
#1966=VERTEX_POINT('',#6460);
#1967=VERTEX_POINT('',#6464);
#1968=VERTEX_POINT('',#6466);
#1969=VERTEX_POINT('',#6470);
#1970=VERTEX_POINT('',#6472);
#1971=VERTEX_POINT('',#6476);
#1972=VERTEX_POINT('',#6478);
#1973=VERTEX_POINT('',#6485);
#1974=VERTEX_POINT('',#6486);
#1975=VERTEX_POINT('',#6488);
#1976=VERTEX_POINT('',#6490);
#1977=VERTEX_POINT('',#6494);
#1978=VERTEX_POINT('',#6496);
#1979=VERTEX_POINT('',#6500);
#1980=VERTEX_POINT('',#6502);
#1981=VERTEX_POINT('',#6506);
#1982=VERTEX_POINT('',#6508);
#1983=VERTEX_POINT('',#6512);
#1984=VERTEX_POINT('',#6514);
#1985=VERTEX_POINT('',#6521);
#1986=VERTEX_POINT('',#6522);
#1987=VERTEX_POINT('',#6524);
#1988=VERTEX_POINT('',#6526);
#1989=VERTEX_POINT('',#6530);
#1990=VERTEX_POINT('',#6532);
#1991=VERTEX_POINT('',#6536);
#1992=VERTEX_POINT('',#6538);
#1993=VERTEX_POINT('',#6542);
#1994=VERTEX_POINT('',#6544);
#1995=VERTEX_POINT('',#6548);
#1996=VERTEX_POINT('',#6550);
#1997=VERTEX_POINT('',#6557);
#1998=VERTEX_POINT('',#6558);
#1999=VERTEX_POINT('',#6560);
#2000=VERTEX_POINT('',#6562);
#2001=VERTEX_POINT('',#6566);
#2002=VERTEX_POINT('',#6568);
#2003=VERTEX_POINT('',#6572);
#2004=VERTEX_POINT('',#6574);
#2005=VERTEX_POINT('',#6578);
#2006=VERTEX_POINT('',#6580);
#2007=VERTEX_POINT('',#6584);
#2008=VERTEX_POINT('',#6586);
#2009=VERTEX_POINT('',#6593);
#2010=VERTEX_POINT('',#6594);
#2011=VERTEX_POINT('',#6596);
#2012=VERTEX_POINT('',#6598);
#2013=VERTEX_POINT('',#6602);
#2014=VERTEX_POINT('',#6604);
#2015=VERTEX_POINT('',#6608);
#2016=VERTEX_POINT('',#6610);
#2017=VERTEX_POINT('',#6614);
#2018=VERTEX_POINT('',#6616);
#2019=VERTEX_POINT('',#6620);
#2020=VERTEX_POINT('',#6622);
#2021=VERTEX_POINT('',#6629);
#2022=VERTEX_POINT('',#6630);
#2023=VERTEX_POINT('',#6632);
#2024=VERTEX_POINT('',#6634);
#2025=VERTEX_POINT('',#6638);
#2026=VERTEX_POINT('',#6640);
#2027=VERTEX_POINT('',#6644);
#2028=VERTEX_POINT('',#6646);
#2029=VERTEX_POINT('',#6650);
#2030=VERTEX_POINT('',#6652);
#2031=VERTEX_POINT('',#6656);
#2032=VERTEX_POINT('',#6658);
#2033=VERTEX_POINT('',#6665);
#2034=VERTEX_POINT('',#6666);
#2035=VERTEX_POINT('',#6668);
#2036=VERTEX_POINT('',#6670);
#2037=VERTEX_POINT('',#6674);
#2038=VERTEX_POINT('',#6676);
#2039=VERTEX_POINT('',#6680);
#2040=VERTEX_POINT('',#6682);
#2041=VERTEX_POINT('',#6686);
#2042=VERTEX_POINT('',#6688);
#2043=VERTEX_POINT('',#6692);
#2044=VERTEX_POINT('',#6694);
#2045=VERTEX_POINT('',#6701);
#2046=VERTEX_POINT('',#6702);
#2047=VERTEX_POINT('',#6704);
#2048=VERTEX_POINT('',#6706);
#2049=VERTEX_POINT('',#6710);
#2050=VERTEX_POINT('',#6712);
#2051=VERTEX_POINT('',#6716);
#2052=VERTEX_POINT('',#6718);
#2053=VERTEX_POINT('',#6722);
#2054=VERTEX_POINT('',#6724);
#2055=VERTEX_POINT('',#6728);
#2056=VERTEX_POINT('',#6730);
#2057=VERTEX_POINT('',#6737);
#2058=VERTEX_POINT('',#6738);
#2059=VERTEX_POINT('',#6740);
#2060=VERTEX_POINT('',#6742);
#2061=VERTEX_POINT('',#6746);
#2062=VERTEX_POINT('',#6748);
#2063=VERTEX_POINT('',#6752);
#2064=VERTEX_POINT('',#6754);
#2065=VERTEX_POINT('',#6758);
#2066=VERTEX_POINT('',#6760);
#2067=VERTEX_POINT('',#6764);
#2068=VERTEX_POINT('',#6766);
#2069=VERTEX_POINT('',#6773);
#2070=VERTEX_POINT('',#6774);
#2071=VERTEX_POINT('',#6776);
#2072=VERTEX_POINT('',#6778);
#2073=VERTEX_POINT('',#6782);
#2074=VERTEX_POINT('',#6784);
#2075=VERTEX_POINT('',#6788);
#2076=VERTEX_POINT('',#6790);
#2077=VERTEX_POINT('',#6794);
#2078=VERTEX_POINT('',#6796);
#2079=VERTEX_POINT('',#6800);
#2080=VERTEX_POINT('',#6802);
#2081=VERTEX_POINT('',#6809);
#2082=VERTEX_POINT('',#6810);
#2083=VERTEX_POINT('',#6812);
#2084=VERTEX_POINT('',#6814);
#2085=VERTEX_POINT('',#6818);
#2086=VERTEX_POINT('',#6820);
#2087=VERTEX_POINT('',#6824);
#2088=VERTEX_POINT('',#6826);
#2089=VERTEX_POINT('',#6830);
#2090=VERTEX_POINT('',#6832);
#2091=VERTEX_POINT('',#6836);
#2092=VERTEX_POINT('',#6838);
#2093=VERTEX_POINT('',#6845);
#2094=VERTEX_POINT('',#6846);
#2095=VERTEX_POINT('',#6848);
#2096=VERTEX_POINT('',#6850);
#2097=VERTEX_POINT('',#6854);
#2098=VERTEX_POINT('',#6856);
#2099=VERTEX_POINT('',#6860);
#2100=VERTEX_POINT('',#6862);
#2101=VERTEX_POINT('',#6866);
#2102=VERTEX_POINT('',#6868);
#2103=VERTEX_POINT('',#6872);
#2104=VERTEX_POINT('',#6874);
#2105=VERTEX_POINT('',#6881);
#2106=VERTEX_POINT('',#6882);
#2107=VERTEX_POINT('',#6884);
#2108=VERTEX_POINT('',#6886);
#2109=VERTEX_POINT('',#6890);
#2110=VERTEX_POINT('',#6892);
#2111=VERTEX_POINT('',#6896);
#2112=VERTEX_POINT('',#6898);
#2113=VERTEX_POINT('',#6902);
#2114=VERTEX_POINT('',#6904);
#2115=VERTEX_POINT('',#6908);
#2116=VERTEX_POINT('',#6910);
#2117=VERTEX_POINT('',#6917);
#2118=VERTEX_POINT('',#6918);
#2119=VERTEX_POINT('',#6920);
#2120=VERTEX_POINT('',#6922);
#2121=VERTEX_POINT('',#6926);
#2122=VERTEX_POINT('',#6928);
#2123=VERTEX_POINT('',#6932);
#2124=VERTEX_POINT('',#6934);
#2125=VERTEX_POINT('',#6938);
#2126=VERTEX_POINT('',#6940);
#2127=VERTEX_POINT('',#6944);
#2128=VERTEX_POINT('',#6946);
#2129=VERTEX_POINT('',#6953);
#2130=VERTEX_POINT('',#6954);
#2131=VERTEX_POINT('',#6956);
#2132=VERTEX_POINT('',#6958);
#2133=VERTEX_POINT('',#6962);
#2134=VERTEX_POINT('',#6964);
#2135=VERTEX_POINT('',#6968);
#2136=VERTEX_POINT('',#6970);
#2137=VERTEX_POINT('',#6974);
#2138=VERTEX_POINT('',#6976);
#2139=VERTEX_POINT('',#6980);
#2140=VERTEX_POINT('',#6982);
#2141=VERTEX_POINT('',#6989);
#2142=VERTEX_POINT('',#6990);
#2143=VERTEX_POINT('',#6992);
#2144=VERTEX_POINT('',#6994);
#2145=VERTEX_POINT('',#6998);
#2146=VERTEX_POINT('',#7000);
#2147=VERTEX_POINT('',#7004);
#2148=VERTEX_POINT('',#7006);
#2149=VERTEX_POINT('',#7010);
#2150=VERTEX_POINT('',#7012);
#2151=VERTEX_POINT('',#7016);
#2152=VERTEX_POINT('',#7018);
#2153=VERTEX_POINT('',#7025);
#2154=VERTEX_POINT('',#7026);
#2155=VERTEX_POINT('',#7028);
#2156=VERTEX_POINT('',#7030);
#2157=VERTEX_POINT('',#7034);
#2158=VERTEX_POINT('',#7036);
#2159=VERTEX_POINT('',#7040);
#2160=VERTEX_POINT('',#7042);
#2161=VERTEX_POINT('',#7046);
#2162=VERTEX_POINT('',#7048);
#2163=VERTEX_POINT('',#7052);
#2164=VERTEX_POINT('',#7054);
#2165=VERTEX_POINT('',#7061);
#2166=VERTEX_POINT('',#7062);
#2167=VERTEX_POINT('',#7064);
#2168=VERTEX_POINT('',#7066);
#2169=VERTEX_POINT('',#7070);
#2170=VERTEX_POINT('',#7072);
#2171=VERTEX_POINT('',#7076);
#2172=VERTEX_POINT('',#7078);
#2173=VERTEX_POINT('',#7082);
#2174=VERTEX_POINT('',#7084);
#2175=VERTEX_POINT('',#7088);
#2176=VERTEX_POINT('',#7090);
#2177=VERTEX_POINT('',#7097);
#2178=VERTEX_POINT('',#7098);
#2179=VERTEX_POINT('',#7100);
#2180=VERTEX_POINT('',#7102);
#2181=VERTEX_POINT('',#7106);
#2182=VERTEX_POINT('',#7108);
#2183=VERTEX_POINT('',#7112);
#2184=VERTEX_POINT('',#7114);
#2185=VERTEX_POINT('',#7118);
#2186=VERTEX_POINT('',#7120);
#2187=VERTEX_POINT('',#7124);
#2188=VERTEX_POINT('',#7126);
#2189=VERTEX_POINT('',#7133);
#2190=VERTEX_POINT('',#7134);
#2191=VERTEX_POINT('',#7136);
#2192=VERTEX_POINT('',#7138);
#2193=VERTEX_POINT('',#7142);
#2194=VERTEX_POINT('',#7144);
#2195=VERTEX_POINT('',#7148);
#2196=VERTEX_POINT('',#7150);
#2197=VERTEX_POINT('',#7154);
#2198=VERTEX_POINT('',#7156);
#2199=VERTEX_POINT('',#7160);
#2200=VERTEX_POINT('',#7162);
#2201=VERTEX_POINT('',#7169);
#2202=VERTEX_POINT('',#7170);
#2203=VERTEX_POINT('',#7172);
#2204=VERTEX_POINT('',#7174);
#2205=VERTEX_POINT('',#7178);
#2206=VERTEX_POINT('',#7180);
#2207=VERTEX_POINT('',#7184);
#2208=VERTEX_POINT('',#7186);
#2209=VERTEX_POINT('',#7190);
#2210=VERTEX_POINT('',#7192);
#2211=VERTEX_POINT('',#7196);
#2212=VERTEX_POINT('',#7198);
#2213=VERTEX_POINT('',#7205);
#2214=VERTEX_POINT('',#7206);
#2215=VERTEX_POINT('',#7208);
#2216=VERTEX_POINT('',#7210);
#2217=VERTEX_POINT('',#7214);
#2218=VERTEX_POINT('',#7216);
#2219=VERTEX_POINT('',#7220);
#2220=VERTEX_POINT('',#7222);
#2221=VERTEX_POINT('',#7226);
#2222=VERTEX_POINT('',#7228);
#2223=VERTEX_POINT('',#7232);
#2224=VERTEX_POINT('',#7234);
#2225=VERTEX_POINT('',#7241);
#2226=VERTEX_POINT('',#7242);
#2227=VERTEX_POINT('',#7244);
#2228=VERTEX_POINT('',#7246);
#2229=VERTEX_POINT('',#7250);
#2230=VERTEX_POINT('',#7252);
#2231=VERTEX_POINT('',#7256);
#2232=VERTEX_POINT('',#7258);
#2233=VERTEX_POINT('',#7262);
#2234=VERTEX_POINT('',#7264);
#2235=VERTEX_POINT('',#7268);
#2236=VERTEX_POINT('',#7270);
#2237=VERTEX_POINT('',#7277);
#2238=VERTEX_POINT('',#7278);
#2239=VERTEX_POINT('',#7280);
#2240=VERTEX_POINT('',#7282);
#2241=VERTEX_POINT('',#7286);
#2242=VERTEX_POINT('',#7288);
#2243=VERTEX_POINT('',#7292);
#2244=VERTEX_POINT('',#7294);
#2245=VERTEX_POINT('',#7298);
#2246=VERTEX_POINT('',#7300);
#2247=VERTEX_POINT('',#7304);
#2248=VERTEX_POINT('',#7306);
#2249=VERTEX_POINT('',#7313);
#2250=VERTEX_POINT('',#7314);
#2251=VERTEX_POINT('',#7316);
#2252=VERTEX_POINT('',#7318);
#2253=VERTEX_POINT('',#7322);
#2254=VERTEX_POINT('',#7324);
#2255=VERTEX_POINT('',#7328);
#2256=VERTEX_POINT('',#7330);
#2257=VERTEX_POINT('',#7334);
#2258=VERTEX_POINT('',#7336);
#2259=VERTEX_POINT('',#7340);
#2260=VERTEX_POINT('',#7342);
#2261=VERTEX_POINT('',#7349);
#2262=VERTEX_POINT('',#7350);
#2263=VERTEX_POINT('',#7352);
#2264=VERTEX_POINT('',#7354);
#2265=VERTEX_POINT('',#7358);
#2266=VERTEX_POINT('',#7360);
#2267=VERTEX_POINT('',#7364);
#2268=VERTEX_POINT('',#7366);
#2269=VERTEX_POINT('',#7370);
#2270=VERTEX_POINT('',#7372);
#2271=VERTEX_POINT('',#7376);
#2272=VERTEX_POINT('',#7378);
#2273=VERTEX_POINT('',#7385);
#2274=VERTEX_POINT('',#7386);
#2275=VERTEX_POINT('',#7388);
#2276=VERTEX_POINT('',#7390);
#2277=VERTEX_POINT('',#7394);
#2278=VERTEX_POINT('',#7396);
#2279=VERTEX_POINT('',#7400);
#2280=VERTEX_POINT('',#7402);
#2281=VERTEX_POINT('',#7406);
#2282=VERTEX_POINT('',#7408);
#2283=VERTEX_POINT('',#7412);
#2284=VERTEX_POINT('',#7414);
#2285=VERTEX_POINT('',#7421);
#2286=VERTEX_POINT('',#7422);
#2287=VERTEX_POINT('',#7424);
#2288=VERTEX_POINT('',#7426);
#2289=VERTEX_POINT('',#7430);
#2290=VERTEX_POINT('',#7432);
#2291=VERTEX_POINT('',#7436);
#2292=VERTEX_POINT('',#7438);
#2293=VERTEX_POINT('',#7442);
#2294=VERTEX_POINT('',#7444);
#2295=VERTEX_POINT('',#7448);
#2296=VERTEX_POINT('',#7450);
#2297=VERTEX_POINT('',#7457);
#2298=VERTEX_POINT('',#7458);
#2299=VERTEX_POINT('',#7460);
#2300=VERTEX_POINT('',#7462);
#2301=VERTEX_POINT('',#7466);
#2302=VERTEX_POINT('',#7468);
#2303=VERTEX_POINT('',#7472);
#2304=VERTEX_POINT('',#7474);
#2305=VERTEX_POINT('',#7478);
#2306=VERTEX_POINT('',#7480);
#2307=VERTEX_POINT('',#7484);
#2308=VERTEX_POINT('',#7486);
#2309=VERTEX_POINT('',#7493);
#2310=VERTEX_POINT('',#7494);
#2311=VERTEX_POINT('',#7496);
#2312=VERTEX_POINT('',#7498);
#2313=VERTEX_POINT('',#7502);
#2314=VERTEX_POINT('',#7504);
#2315=VERTEX_POINT('',#7508);
#2316=VERTEX_POINT('',#7510);
#2317=VERTEX_POINT('',#7514);
#2318=VERTEX_POINT('',#7516);
#2319=VERTEX_POINT('',#7520);
#2320=VERTEX_POINT('',#7522);
#2321=VERTEX_POINT('',#7529);
#2322=VERTEX_POINT('',#7530);
#2323=VERTEX_POINT('',#7532);
#2324=VERTEX_POINT('',#7534);
#2325=VERTEX_POINT('',#7538);
#2326=VERTEX_POINT('',#7540);
#2327=VERTEX_POINT('',#7544);
#2328=VERTEX_POINT('',#7546);
#2329=VERTEX_POINT('',#7550);
#2330=VERTEX_POINT('',#7552);
#2331=VERTEX_POINT('',#7556);
#2332=VERTEX_POINT('',#7558);
#2333=VERTEX_POINT('',#7565);
#2334=VERTEX_POINT('',#7566);
#2335=VERTEX_POINT('',#7568);
#2336=VERTEX_POINT('',#7570);
#2337=VERTEX_POINT('',#7574);
#2338=VERTEX_POINT('',#7576);
#2339=VERTEX_POINT('',#7580);
#2340=VERTEX_POINT('',#7582);
#2341=VERTEX_POINT('',#7586);
#2342=VERTEX_POINT('',#7588);
#2343=VERTEX_POINT('',#7592);
#2344=VERTEX_POINT('',#7594);
#2345=VERTEX_POINT('',#7601);
#2346=VERTEX_POINT('',#7602);
#2347=VERTEX_POINT('',#7604);
#2348=VERTEX_POINT('',#7606);
#2349=VERTEX_POINT('',#7610);
#2350=VERTEX_POINT('',#7612);
#2351=VERTEX_POINT('',#7616);
#2352=VERTEX_POINT('',#7618);
#2353=VERTEX_POINT('',#7622);
#2354=VERTEX_POINT('',#7624);
#2355=VERTEX_POINT('',#7628);
#2356=VERTEX_POINT('',#7630);
#2357=VERTEX_POINT('',#7637);
#2358=VERTEX_POINT('',#7638);
#2359=VERTEX_POINT('',#7640);
#2360=VERTEX_POINT('',#7642);
#2361=VERTEX_POINT('',#7646);
#2362=VERTEX_POINT('',#7648);
#2363=VERTEX_POINT('',#7652);
#2364=VERTEX_POINT('',#7654);
#2365=VERTEX_POINT('',#7658);
#2366=VERTEX_POINT('',#7660);
#2367=VERTEX_POINT('',#7664);
#2368=VERTEX_POINT('',#7666);
#2369=VERTEX_POINT('',#7670);
#2370=VERTEX_POINT('',#7672);
#2371=VERTEX_POINT('',#7676);
#2372=VERTEX_POINT('',#7678);
#2373=EDGE_CURVE('',#1925,#1926,#749,.T.);
#2374=EDGE_CURVE('',#1925,#1927,#750,.T.);
#2375=EDGE_CURVE('',#1927,#1928,#751,.T.);
#2376=EDGE_CURVE('',#1926,#1928,#752,.T.);
#2377=EDGE_CURVE('',#1926,#1929,#753,.T.);
#2378=EDGE_CURVE('',#1928,#1930,#754,.T.);
#2379=EDGE_CURVE('',#1929,#1930,#755,.T.);
#2380=EDGE_CURVE('',#1929,#1931,#756,.T.);
#2381=EDGE_CURVE('',#1930,#1932,#757,.T.);
#2382=EDGE_CURVE('',#1931,#1932,#758,.T.);
#2383=EDGE_CURVE('',#1931,#1925,#759,.T.);
#2384=EDGE_CURVE('',#1932,#1927,#760,.T.);
#2385=EDGE_CURVE('',#1933,#1933,#130,.T.);
#2386=EDGE_CURVE('',#1933,#1934,#761,.T.);
#2387=EDGE_CURVE('',#1935,#1934,#131,.T.);
#2388=EDGE_CURVE('',#1934,#1935,#132,.T.);
#2389=EDGE_CURVE('',#1936,#1936,#133,.T.);
#2390=EDGE_CURVE('',#1936,#1937,#762,.T.);
#2391=EDGE_CURVE('',#1938,#1937,#134,.T.);
#2392=EDGE_CURVE('',#1937,#1938,#135,.T.);
#2393=EDGE_CURVE('',#1939,#1939,#136,.T.);
#2394=EDGE_CURVE('',#1939,#1940,#763,.T.);
#2395=EDGE_CURVE('',#1941,#1940,#137,.T.);
#2396=EDGE_CURVE('',#1940,#1941,#138,.T.);
#2397=EDGE_CURVE('',#1942,#1942,#139,.T.);
#2398=EDGE_CURVE('',#1942,#1943,#764,.T.);
#2399=EDGE_CURVE('',#1944,#1943,#140,.T.);
#2400=EDGE_CURVE('',#1943,#1944,#141,.T.);
#2401=EDGE_CURVE('',#1935,#1945,#765,.T.);
#2402=EDGE_CURVE('',#1945,#1945,#142,.T.);
#2403=EDGE_CURVE('',#1938,#1946,#766,.T.);
#2404=EDGE_CURVE('',#1946,#1946,#143,.T.);
#2405=EDGE_CURVE('',#1944,#1947,#767,.T.);
#2406=EDGE_CURVE('',#1947,#1947,#144,.T.);
#2407=EDGE_CURVE('',#1941,#1948,#768,.T.);
#2408=EDGE_CURVE('',#1948,#1948,#145,.T.);
#2409=EDGE_CURVE('',#1949,#1950,#769,.F.);
#2410=EDGE_CURVE('',#1949,#1951,#770,.T.);
#2411=EDGE_CURVE('',#1952,#1951,#771,.T.);
#2412=EDGE_CURVE('',#1950,#1952,#772,.T.);
#2413=EDGE_CURVE('',#1950,#1953,#773,.F.);
#2414=EDGE_CURVE('',#1954,#1952,#774,.T.);
#2415=EDGE_CURVE('',#1953,#1954,#775,.T.);
#2416=EDGE_CURVE('',#1953,#1955,#776,.F.);
#2417=EDGE_CURVE('',#1956,#1954,#777,.T.);
#2418=EDGE_CURVE('',#1955,#1956,#778,.T.);
#2419=EDGE_CURVE('',#1955,#1957,#779,.F.);
#2420=EDGE_CURVE('',#1958,#1956,#780,.T.);
#2421=EDGE_CURVE('',#1957,#1958,#781,.T.);
#2422=EDGE_CURVE('',#1959,#1949,#782,.F.);
#2423=EDGE_CURVE('',#1959,#1960,#783,.T.);
#2424=EDGE_CURVE('',#1951,#1960,#784,.T.);
#2425=EDGE_CURVE('',#1957,#1959,#146,.F.);
#2426=EDGE_CURVE('',#1960,#1958,#147,.T.);
#2427=EDGE_CURVE('',#1961,#1962,#785,.F.);
#2428=EDGE_CURVE('',#1961,#1963,#786,.T.);
#2429=EDGE_CURVE('',#1964,#1963,#787,.T.);
#2430=EDGE_CURVE('',#1962,#1964,#788,.T.);
#2431=EDGE_CURVE('',#1962,#1965,#789,.F.);
#2432=EDGE_CURVE('',#1966,#1964,#790,.T.);
#2433=EDGE_CURVE('',#1965,#1966,#791,.T.);
#2434=EDGE_CURVE('',#1965,#1967,#792,.F.);
#2435=EDGE_CURVE('',#1968,#1966,#793,.T.);
#2436=EDGE_CURVE('',#1967,#1968,#794,.T.);
#2437=EDGE_CURVE('',#1967,#1969,#795,.F.);
#2438=EDGE_CURVE('',#1970,#1968,#796,.T.);
#2439=EDGE_CURVE('',#1969,#1970,#797,.T.);
#2440=EDGE_CURVE('',#1971,#1961,#798,.F.);
#2441=EDGE_CURVE('',#1971,#1972,#799,.T.);
#2442=EDGE_CURVE('',#1963,#1972,#800,.T.);
#2443=EDGE_CURVE('',#1969,#1971,#148,.F.);
#2444=EDGE_CURVE('',#1972,#1970,#149,.T.);
#2445=EDGE_CURVE('',#1973,#1974,#801,.F.);
#2446=EDGE_CURVE('',#1973,#1975,#802,.T.);
#2447=EDGE_CURVE('',#1976,#1975,#803,.T.);
#2448=EDGE_CURVE('',#1974,#1976,#804,.T.);
#2449=EDGE_CURVE('',#1974,#1977,#805,.F.);
#2450=EDGE_CURVE('',#1978,#1976,#806,.T.);
#2451=EDGE_CURVE('',#1977,#1978,#807,.T.);
#2452=EDGE_CURVE('',#1977,#1979,#808,.F.);
#2453=EDGE_CURVE('',#1980,#1978,#809,.T.);
#2454=EDGE_CURVE('',#1979,#1980,#810,.T.);
#2455=EDGE_CURVE('',#1979,#1981,#811,.F.);
#2456=EDGE_CURVE('',#1982,#1980,#812,.T.);
#2457=EDGE_CURVE('',#1981,#1982,#813,.T.);
#2458=EDGE_CURVE('',#1983,#1973,#814,.F.);
#2459=EDGE_CURVE('',#1983,#1984,#815,.T.);
#2460=EDGE_CURVE('',#1975,#1984,#816,.T.);
#2461=EDGE_CURVE('',#1981,#1983,#150,.F.);
#2462=EDGE_CURVE('',#1984,#1982,#151,.T.);
#2463=EDGE_CURVE('',#1985,#1986,#817,.F.);
#2464=EDGE_CURVE('',#1985,#1987,#818,.T.);
#2465=EDGE_CURVE('',#1988,#1987,#819,.T.);
#2466=EDGE_CURVE('',#1986,#1988,#820,.T.);
#2467=EDGE_CURVE('',#1986,#1989,#821,.F.);
#2468=EDGE_CURVE('',#1990,#1988,#822,.T.);
#2469=EDGE_CURVE('',#1989,#1990,#823,.T.);
#2470=EDGE_CURVE('',#1989,#1991,#824,.F.);
#2471=EDGE_CURVE('',#1992,#1990,#825,.T.);
#2472=EDGE_CURVE('',#1991,#1992,#826,.T.);
#2473=EDGE_CURVE('',#1991,#1993,#827,.F.);
#2474=EDGE_CURVE('',#1994,#1992,#828,.T.);
#2475=EDGE_CURVE('',#1993,#1994,#829,.T.);
#2476=EDGE_CURVE('',#1995,#1985,#830,.F.);
#2477=EDGE_CURVE('',#1995,#1996,#831,.T.);
#2478=EDGE_CURVE('',#1987,#1996,#832,.T.);
#2479=EDGE_CURVE('',#1993,#1995,#152,.F.);
#2480=EDGE_CURVE('',#1996,#1994,#153,.T.);
#2481=EDGE_CURVE('',#1997,#1998,#833,.F.);
#2482=EDGE_CURVE('',#1997,#1999,#834,.T.);
#2483=EDGE_CURVE('',#2000,#1999,#835,.T.);
#2484=EDGE_CURVE('',#1998,#2000,#836,.T.);
#2485=EDGE_CURVE('',#1998,#2001,#837,.F.);
#2486=EDGE_CURVE('',#2002,#2000,#838,.T.);
#2487=EDGE_CURVE('',#2001,#2002,#839,.T.);
#2488=EDGE_CURVE('',#2001,#2003,#840,.F.);
#2489=EDGE_CURVE('',#2004,#2002,#841,.T.);
#2490=EDGE_CURVE('',#2003,#2004,#842,.T.);
#2491=EDGE_CURVE('',#2003,#2005,#843,.F.);
#2492=EDGE_CURVE('',#2006,#2004,#844,.T.);
#2493=EDGE_CURVE('',#2005,#2006,#845,.T.);
#2494=EDGE_CURVE('',#2007,#1997,#846,.F.);
#2495=EDGE_CURVE('',#2007,#2008,#847,.T.);
#2496=EDGE_CURVE('',#1999,#2008,#848,.T.);
#2497=EDGE_CURVE('',#2005,#2007,#154,.F.);
#2498=EDGE_CURVE('',#2008,#2006,#155,.T.);
#2499=EDGE_CURVE('',#2009,#2010,#849,.F.);
#2500=EDGE_CURVE('',#2009,#2011,#850,.T.);
#2501=EDGE_CURVE('',#2012,#2011,#851,.T.);
#2502=EDGE_CURVE('',#2010,#2012,#852,.T.);
#2503=EDGE_CURVE('',#2010,#2013,#853,.F.);
#2504=EDGE_CURVE('',#2014,#2012,#854,.T.);
#2505=EDGE_CURVE('',#2013,#2014,#855,.T.);
#2506=EDGE_CURVE('',#2013,#2015,#856,.F.);
#2507=EDGE_CURVE('',#2016,#2014,#857,.T.);
#2508=EDGE_CURVE('',#2015,#2016,#858,.T.);
#2509=EDGE_CURVE('',#2015,#2017,#859,.F.);
#2510=EDGE_CURVE('',#2018,#2016,#860,.T.);
#2511=EDGE_CURVE('',#2017,#2018,#861,.T.);
#2512=EDGE_CURVE('',#2019,#2009,#862,.F.);
#2513=EDGE_CURVE('',#2019,#2020,#863,.T.);
#2514=EDGE_CURVE('',#2011,#2020,#864,.T.);
#2515=EDGE_CURVE('',#2017,#2019,#156,.F.);
#2516=EDGE_CURVE('',#2020,#2018,#157,.T.);
#2517=EDGE_CURVE('',#2021,#2022,#865,.F.);
#2518=EDGE_CURVE('',#2021,#2023,#866,.T.);
#2519=EDGE_CURVE('',#2024,#2023,#867,.T.);
#2520=EDGE_CURVE('',#2022,#2024,#868,.T.);
#2521=EDGE_CURVE('',#2022,#2025,#869,.F.);
#2522=EDGE_CURVE('',#2026,#2024,#870,.T.);
#2523=EDGE_CURVE('',#2025,#2026,#871,.T.);
#2524=EDGE_CURVE('',#2025,#2027,#872,.F.);
#2525=EDGE_CURVE('',#2028,#2026,#873,.T.);
#2526=EDGE_CURVE('',#2027,#2028,#874,.T.);
#2527=EDGE_CURVE('',#2027,#2029,#875,.F.);
#2528=EDGE_CURVE('',#2030,#2028,#876,.T.);
#2529=EDGE_CURVE('',#2029,#2030,#877,.T.);
#2530=EDGE_CURVE('',#2031,#2021,#878,.F.);
#2531=EDGE_CURVE('',#2031,#2032,#879,.T.);
#2532=EDGE_CURVE('',#2023,#2032,#880,.T.);
#2533=EDGE_CURVE('',#2029,#2031,#158,.F.);
#2534=EDGE_CURVE('',#2032,#2030,#159,.T.);
#2535=EDGE_CURVE('',#2033,#2034,#881,.F.);
#2536=EDGE_CURVE('',#2033,#2035,#882,.T.);
#2537=EDGE_CURVE('',#2036,#2035,#883,.T.);
#2538=EDGE_CURVE('',#2034,#2036,#884,.T.);
#2539=EDGE_CURVE('',#2034,#2037,#885,.F.);
#2540=EDGE_CURVE('',#2038,#2036,#886,.T.);
#2541=EDGE_CURVE('',#2037,#2038,#887,.T.);
#2542=EDGE_CURVE('',#2037,#2039,#888,.F.);
#2543=EDGE_CURVE('',#2040,#2038,#889,.T.);
#2544=EDGE_CURVE('',#2039,#2040,#890,.T.);
#2545=EDGE_CURVE('',#2039,#2041,#891,.F.);
#2546=EDGE_CURVE('',#2042,#2040,#892,.T.);
#2547=EDGE_CURVE('',#2041,#2042,#893,.T.);
#2548=EDGE_CURVE('',#2043,#2033,#894,.F.);
#2549=EDGE_CURVE('',#2043,#2044,#895,.T.);
#2550=EDGE_CURVE('',#2035,#2044,#896,.T.);
#2551=EDGE_CURVE('',#2041,#2043,#160,.F.);
#2552=EDGE_CURVE('',#2044,#2042,#161,.T.);
#2553=EDGE_CURVE('',#2045,#2046,#897,.F.);
#2554=EDGE_CURVE('',#2045,#2047,#898,.T.);
#2555=EDGE_CURVE('',#2048,#2047,#899,.T.);
#2556=EDGE_CURVE('',#2046,#2048,#900,.T.);
#2557=EDGE_CURVE('',#2046,#2049,#901,.F.);
#2558=EDGE_CURVE('',#2050,#2048,#902,.T.);
#2559=EDGE_CURVE('',#2049,#2050,#903,.T.);
#2560=EDGE_CURVE('',#2049,#2051,#904,.F.);
#2561=EDGE_CURVE('',#2052,#2050,#905,.T.);
#2562=EDGE_CURVE('',#2051,#2052,#906,.T.);
#2563=EDGE_CURVE('',#2051,#2053,#907,.F.);
#2564=EDGE_CURVE('',#2054,#2052,#908,.T.);
#2565=EDGE_CURVE('',#2053,#2054,#909,.T.);
#2566=EDGE_CURVE('',#2055,#2045,#910,.F.);
#2567=EDGE_CURVE('',#2055,#2056,#911,.T.);
#2568=EDGE_CURVE('',#2047,#2056,#912,.T.);
#2569=EDGE_CURVE('',#2053,#2055,#162,.F.);
#2570=EDGE_CURVE('',#2056,#2054,#163,.T.);
#2571=EDGE_CURVE('',#2057,#2058,#913,.F.);
#2572=EDGE_CURVE('',#2057,#2059,#914,.T.);
#2573=EDGE_CURVE('',#2060,#2059,#915,.T.);
#2574=EDGE_CURVE('',#2058,#2060,#916,.T.);
#2575=EDGE_CURVE('',#2058,#2061,#917,.F.);
#2576=EDGE_CURVE('',#2062,#2060,#918,.T.);
#2577=EDGE_CURVE('',#2061,#2062,#919,.T.);
#2578=EDGE_CURVE('',#2061,#2063,#920,.F.);
#2579=EDGE_CURVE('',#2064,#2062,#921,.T.);
#2580=EDGE_CURVE('',#2063,#2064,#922,.T.);
#2581=EDGE_CURVE('',#2063,#2065,#923,.F.);
#2582=EDGE_CURVE('',#2066,#2064,#924,.T.);
#2583=EDGE_CURVE('',#2065,#2066,#925,.T.);
#2584=EDGE_CURVE('',#2067,#2057,#926,.F.);
#2585=EDGE_CURVE('',#2067,#2068,#927,.T.);
#2586=EDGE_CURVE('',#2059,#2068,#928,.T.);
#2587=EDGE_CURVE('',#2065,#2067,#164,.F.);
#2588=EDGE_CURVE('',#2068,#2066,#165,.T.);
#2589=EDGE_CURVE('',#2069,#2070,#929,.F.);
#2590=EDGE_CURVE('',#2069,#2071,#930,.T.);
#2591=EDGE_CURVE('',#2072,#2071,#931,.T.);
#2592=EDGE_CURVE('',#2070,#2072,#932,.T.);
#2593=EDGE_CURVE('',#2070,#2073,#933,.F.);
#2594=EDGE_CURVE('',#2074,#2072,#934,.T.);
#2595=EDGE_CURVE('',#2073,#2074,#935,.T.);
#2596=EDGE_CURVE('',#2073,#2075,#936,.F.);
#2597=EDGE_CURVE('',#2076,#2074,#937,.T.);
#2598=EDGE_CURVE('',#2075,#2076,#938,.T.);
#2599=EDGE_CURVE('',#2075,#2077,#939,.F.);
#2600=EDGE_CURVE('',#2078,#2076,#940,.T.);
#2601=EDGE_CURVE('',#2077,#2078,#941,.T.);
#2602=EDGE_CURVE('',#2079,#2069,#942,.F.);
#2603=EDGE_CURVE('',#2079,#2080,#943,.T.);
#2604=EDGE_CURVE('',#2071,#2080,#944,.T.);
#2605=EDGE_CURVE('',#2077,#2079,#166,.F.);
#2606=EDGE_CURVE('',#2080,#2078,#167,.T.);
#2607=EDGE_CURVE('',#2081,#2082,#945,.F.);
#2608=EDGE_CURVE('',#2081,#2083,#946,.T.);
#2609=EDGE_CURVE('',#2084,#2083,#947,.T.);
#2610=EDGE_CURVE('',#2082,#2084,#948,.T.);
#2611=EDGE_CURVE('',#2082,#2085,#949,.F.);
#2612=EDGE_CURVE('',#2086,#2084,#950,.T.);
#2613=EDGE_CURVE('',#2085,#2086,#951,.T.);
#2614=EDGE_CURVE('',#2085,#2087,#952,.F.);
#2615=EDGE_CURVE('',#2088,#2086,#953,.T.);
#2616=EDGE_CURVE('',#2087,#2088,#954,.T.);
#2617=EDGE_CURVE('',#2087,#2089,#955,.F.);
#2618=EDGE_CURVE('',#2090,#2088,#956,.T.);
#2619=EDGE_CURVE('',#2089,#2090,#957,.T.);
#2620=EDGE_CURVE('',#2091,#2081,#958,.F.);
#2621=EDGE_CURVE('',#2091,#2092,#959,.T.);
#2622=EDGE_CURVE('',#2083,#2092,#960,.T.);
#2623=EDGE_CURVE('',#2089,#2091,#168,.F.);
#2624=EDGE_CURVE('',#2092,#2090,#169,.T.);
#2625=EDGE_CURVE('',#2093,#2094,#961,.F.);
#2626=EDGE_CURVE('',#2093,#2095,#962,.T.);
#2627=EDGE_CURVE('',#2096,#2095,#963,.T.);
#2628=EDGE_CURVE('',#2094,#2096,#964,.T.);
#2629=EDGE_CURVE('',#2094,#2097,#965,.F.);
#2630=EDGE_CURVE('',#2098,#2096,#966,.T.);
#2631=EDGE_CURVE('',#2097,#2098,#967,.T.);
#2632=EDGE_CURVE('',#2097,#2099,#968,.F.);
#2633=EDGE_CURVE('',#2100,#2098,#969,.T.);
#2634=EDGE_CURVE('',#2099,#2100,#970,.T.);
#2635=EDGE_CURVE('',#2099,#2101,#971,.F.);
#2636=EDGE_CURVE('',#2102,#2100,#972,.T.);
#2637=EDGE_CURVE('',#2101,#2102,#973,.T.);
#2638=EDGE_CURVE('',#2103,#2093,#974,.F.);
#2639=EDGE_CURVE('',#2103,#2104,#975,.T.);
#2640=EDGE_CURVE('',#2095,#2104,#976,.T.);
#2641=EDGE_CURVE('',#2101,#2103,#170,.F.);
#2642=EDGE_CURVE('',#2104,#2102,#171,.T.);
#2643=EDGE_CURVE('',#2105,#2106,#977,.F.);
#2644=EDGE_CURVE('',#2105,#2107,#978,.T.);
#2645=EDGE_CURVE('',#2108,#2107,#979,.T.);
#2646=EDGE_CURVE('',#2106,#2108,#980,.T.);
#2647=EDGE_CURVE('',#2106,#2109,#981,.F.);
#2648=EDGE_CURVE('',#2110,#2108,#982,.T.);
#2649=EDGE_CURVE('',#2109,#2110,#983,.T.);
#2650=EDGE_CURVE('',#2109,#2111,#984,.F.);
#2651=EDGE_CURVE('',#2112,#2110,#985,.T.);
#2652=EDGE_CURVE('',#2111,#2112,#986,.T.);
#2653=EDGE_CURVE('',#2111,#2113,#987,.F.);
#2654=EDGE_CURVE('',#2114,#2112,#988,.T.);
#2655=EDGE_CURVE('',#2113,#2114,#989,.T.);
#2656=EDGE_CURVE('',#2115,#2105,#990,.F.);
#2657=EDGE_CURVE('',#2115,#2116,#991,.T.);
#2658=EDGE_CURVE('',#2107,#2116,#992,.T.);
#2659=EDGE_CURVE('',#2113,#2115,#172,.F.);
#2660=EDGE_CURVE('',#2116,#2114,#173,.T.);
#2661=EDGE_CURVE('',#2117,#2118,#993,.F.);
#2662=EDGE_CURVE('',#2117,#2119,#994,.T.);
#2663=EDGE_CURVE('',#2120,#2119,#995,.T.);
#2664=EDGE_CURVE('',#2118,#2120,#996,.T.);
#2665=EDGE_CURVE('',#2118,#2121,#997,.F.);
#2666=EDGE_CURVE('',#2122,#2120,#998,.T.);
#2667=EDGE_CURVE('',#2121,#2122,#999,.T.);
#2668=EDGE_CURVE('',#2121,#2123,#1000,.F.);
#2669=EDGE_CURVE('',#2124,#2122,#1001,.T.);
#2670=EDGE_CURVE('',#2123,#2124,#1002,.T.);
#2671=EDGE_CURVE('',#2123,#2125,#1003,.F.);
#2672=EDGE_CURVE('',#2126,#2124,#1004,.T.);
#2673=EDGE_CURVE('',#2125,#2126,#1005,.T.);
#2674=EDGE_CURVE('',#2127,#2117,#1006,.F.);
#2675=EDGE_CURVE('',#2127,#2128,#1007,.T.);
#2676=EDGE_CURVE('',#2119,#2128,#1008,.T.);
#2677=EDGE_CURVE('',#2125,#2127,#174,.F.);
#2678=EDGE_CURVE('',#2128,#2126,#175,.T.);
#2679=EDGE_CURVE('',#2129,#2130,#1009,.F.);
#2680=EDGE_CURVE('',#2129,#2131,#1010,.T.);
#2681=EDGE_CURVE('',#2132,#2131,#1011,.T.);
#2682=EDGE_CURVE('',#2130,#2132,#1012,.T.);
#2683=EDGE_CURVE('',#2130,#2133,#1013,.F.);
#2684=EDGE_CURVE('',#2134,#2132,#1014,.T.);
#2685=EDGE_CURVE('',#2133,#2134,#1015,.T.);
#2686=EDGE_CURVE('',#2133,#2135,#1016,.F.);
#2687=EDGE_CURVE('',#2136,#2134,#1017,.T.);
#2688=EDGE_CURVE('',#2135,#2136,#1018,.T.);
#2689=EDGE_CURVE('',#2135,#2137,#1019,.F.);
#2690=EDGE_CURVE('',#2138,#2136,#1020,.T.);
#2691=EDGE_CURVE('',#2137,#2138,#1021,.T.);
#2692=EDGE_CURVE('',#2139,#2129,#1022,.F.);
#2693=EDGE_CURVE('',#2139,#2140,#1023,.T.);
#2694=EDGE_CURVE('',#2131,#2140,#1024,.T.);
#2695=EDGE_CURVE('',#2137,#2139,#176,.F.);
#2696=EDGE_CURVE('',#2140,#2138,#177,.T.);
#2697=EDGE_CURVE('',#2141,#2142,#1025,.F.);
#2698=EDGE_CURVE('',#2141,#2143,#1026,.T.);
#2699=EDGE_CURVE('',#2144,#2143,#1027,.T.);
#2700=EDGE_CURVE('',#2142,#2144,#1028,.T.);
#2701=EDGE_CURVE('',#2142,#2145,#1029,.F.);
#2702=EDGE_CURVE('',#2146,#2144,#1030,.T.);
#2703=EDGE_CURVE('',#2145,#2146,#1031,.T.);
#2704=EDGE_CURVE('',#2145,#2147,#1032,.F.);
#2705=EDGE_CURVE('',#2148,#2146,#1033,.T.);
#2706=EDGE_CURVE('',#2147,#2148,#1034,.T.);
#2707=EDGE_CURVE('',#2147,#2149,#1035,.F.);
#2708=EDGE_CURVE('',#2150,#2148,#1036,.T.);
#2709=EDGE_CURVE('',#2149,#2150,#1037,.T.);
#2710=EDGE_CURVE('',#2151,#2141,#1038,.F.);
#2711=EDGE_CURVE('',#2151,#2152,#1039,.T.);
#2712=EDGE_CURVE('',#2143,#2152,#1040,.T.);
#2713=EDGE_CURVE('',#2149,#2151,#178,.F.);
#2714=EDGE_CURVE('',#2152,#2150,#179,.T.);
#2715=EDGE_CURVE('',#2153,#2154,#1041,.F.);
#2716=EDGE_CURVE('',#2153,#2155,#1042,.T.);
#2717=EDGE_CURVE('',#2156,#2155,#1043,.T.);
#2718=EDGE_CURVE('',#2154,#2156,#1044,.T.);
#2719=EDGE_CURVE('',#2154,#2157,#1045,.F.);
#2720=EDGE_CURVE('',#2158,#2156,#1046,.T.);
#2721=EDGE_CURVE('',#2157,#2158,#1047,.T.);
#2722=EDGE_CURVE('',#2157,#2159,#1048,.F.);
#2723=EDGE_CURVE('',#2160,#2158,#1049,.T.);
#2724=EDGE_CURVE('',#2159,#2160,#1050,.T.);
#2725=EDGE_CURVE('',#2159,#2161,#1051,.F.);
#2726=EDGE_CURVE('',#2162,#2160,#1052,.T.);
#2727=EDGE_CURVE('',#2161,#2162,#1053,.T.);
#2728=EDGE_CURVE('',#2163,#2153,#1054,.F.);
#2729=EDGE_CURVE('',#2163,#2164,#1055,.T.);
#2730=EDGE_CURVE('',#2155,#2164,#1056,.T.);
#2731=EDGE_CURVE('',#2161,#2163,#180,.F.);
#2732=EDGE_CURVE('',#2164,#2162,#181,.T.);
#2733=EDGE_CURVE('',#2165,#2166,#1057,.F.);
#2734=EDGE_CURVE('',#2165,#2167,#1058,.T.);
#2735=EDGE_CURVE('',#2168,#2167,#1059,.T.);
#2736=EDGE_CURVE('',#2166,#2168,#1060,.T.);
#2737=EDGE_CURVE('',#2166,#2169,#1061,.F.);
#2738=EDGE_CURVE('',#2170,#2168,#1062,.T.);
#2739=EDGE_CURVE('',#2169,#2170,#1063,.T.);
#2740=EDGE_CURVE('',#2169,#2171,#1064,.F.);
#2741=EDGE_CURVE('',#2172,#2170,#1065,.T.);
#2742=EDGE_CURVE('',#2171,#2172,#1066,.T.);
#2743=EDGE_CURVE('',#2171,#2173,#1067,.F.);
#2744=EDGE_CURVE('',#2174,#2172,#1068,.T.);
#2745=EDGE_CURVE('',#2173,#2174,#1069,.T.);
#2746=EDGE_CURVE('',#2175,#2165,#1070,.F.);
#2747=EDGE_CURVE('',#2175,#2176,#1071,.T.);
#2748=EDGE_CURVE('',#2167,#2176,#1072,.T.);
#2749=EDGE_CURVE('',#2173,#2175,#182,.F.);
#2750=EDGE_CURVE('',#2176,#2174,#183,.T.);
#2751=EDGE_CURVE('',#2177,#2178,#1073,.F.);
#2752=EDGE_CURVE('',#2177,#2179,#1074,.T.);
#2753=EDGE_CURVE('',#2180,#2179,#1075,.T.);
#2754=EDGE_CURVE('',#2178,#2180,#1076,.T.);
#2755=EDGE_CURVE('',#2178,#2181,#1077,.F.);
#2756=EDGE_CURVE('',#2182,#2180,#1078,.T.);
#2757=EDGE_CURVE('',#2181,#2182,#1079,.T.);
#2758=EDGE_CURVE('',#2181,#2183,#1080,.F.);
#2759=EDGE_CURVE('',#2184,#2182,#1081,.T.);
#2760=EDGE_CURVE('',#2183,#2184,#1082,.T.);
#2761=EDGE_CURVE('',#2183,#2185,#1083,.F.);
#2762=EDGE_CURVE('',#2186,#2184,#1084,.T.);
#2763=EDGE_CURVE('',#2185,#2186,#1085,.T.);
#2764=EDGE_CURVE('',#2187,#2177,#1086,.F.);
#2765=EDGE_CURVE('',#2187,#2188,#1087,.T.);
#2766=EDGE_CURVE('',#2179,#2188,#1088,.T.);
#2767=EDGE_CURVE('',#2185,#2187,#184,.F.);
#2768=EDGE_CURVE('',#2188,#2186,#185,.T.);
#2769=EDGE_CURVE('',#2189,#2190,#1089,.F.);
#2770=EDGE_CURVE('',#2189,#2191,#1090,.T.);
#2771=EDGE_CURVE('',#2192,#2191,#1091,.T.);
#2772=EDGE_CURVE('',#2190,#2192,#1092,.T.);
#2773=EDGE_CURVE('',#2190,#2193,#1093,.F.);
#2774=EDGE_CURVE('',#2194,#2192,#1094,.T.);
#2775=EDGE_CURVE('',#2193,#2194,#1095,.T.);
#2776=EDGE_CURVE('',#2193,#2195,#1096,.F.);
#2777=EDGE_CURVE('',#2196,#2194,#1097,.T.);
#2778=EDGE_CURVE('',#2195,#2196,#1098,.T.);
#2779=EDGE_CURVE('',#2195,#2197,#1099,.F.);
#2780=EDGE_CURVE('',#2198,#2196,#1100,.T.);
#2781=EDGE_CURVE('',#2197,#2198,#1101,.T.);
#2782=EDGE_CURVE('',#2199,#2189,#1102,.F.);
#2783=EDGE_CURVE('',#2199,#2200,#1103,.T.);
#2784=EDGE_CURVE('',#2191,#2200,#1104,.T.);
#2785=EDGE_CURVE('',#2197,#2199,#186,.F.);
#2786=EDGE_CURVE('',#2200,#2198,#187,.T.);
#2787=EDGE_CURVE('',#2201,#2202,#1105,.F.);
#2788=EDGE_CURVE('',#2201,#2203,#1106,.T.);
#2789=EDGE_CURVE('',#2204,#2203,#1107,.T.);
#2790=EDGE_CURVE('',#2202,#2204,#1108,.T.);
#2791=EDGE_CURVE('',#2202,#2205,#1109,.F.);
#2792=EDGE_CURVE('',#2206,#2204,#1110,.T.);
#2793=EDGE_CURVE('',#2205,#2206,#1111,.T.);
#2794=EDGE_CURVE('',#2205,#2207,#1112,.F.);
#2795=EDGE_CURVE('',#2208,#2206,#1113,.T.);
#2796=EDGE_CURVE('',#2207,#2208,#1114,.T.);
#2797=EDGE_CURVE('',#2207,#2209,#1115,.F.);
#2798=EDGE_CURVE('',#2210,#2208,#1116,.T.);
#2799=EDGE_CURVE('',#2209,#2210,#1117,.T.);
#2800=EDGE_CURVE('',#2211,#2201,#1118,.F.);
#2801=EDGE_CURVE('',#2211,#2212,#1119,.T.);
#2802=EDGE_CURVE('',#2203,#2212,#1120,.T.);
#2803=EDGE_CURVE('',#2209,#2211,#188,.F.);
#2804=EDGE_CURVE('',#2212,#2210,#189,.T.);
#2805=EDGE_CURVE('',#2213,#2214,#1121,.F.);
#2806=EDGE_CURVE('',#2213,#2215,#1122,.T.);
#2807=EDGE_CURVE('',#2216,#2215,#1123,.T.);
#2808=EDGE_CURVE('',#2214,#2216,#1124,.T.);
#2809=EDGE_CURVE('',#2214,#2217,#1125,.F.);
#2810=EDGE_CURVE('',#2218,#2216,#1126,.T.);
#2811=EDGE_CURVE('',#2217,#2218,#1127,.T.);
#2812=EDGE_CURVE('',#2217,#2219,#1128,.F.);
#2813=EDGE_CURVE('',#2220,#2218,#1129,.T.);
#2814=EDGE_CURVE('',#2219,#2220,#1130,.T.);
#2815=EDGE_CURVE('',#2219,#2221,#1131,.F.);
#2816=EDGE_CURVE('',#2222,#2220,#1132,.T.);
#2817=EDGE_CURVE('',#2221,#2222,#1133,.T.);
#2818=EDGE_CURVE('',#2223,#2213,#1134,.F.);
#2819=EDGE_CURVE('',#2223,#2224,#1135,.T.);
#2820=EDGE_CURVE('',#2215,#2224,#1136,.T.);
#2821=EDGE_CURVE('',#2221,#2223,#190,.F.);
#2822=EDGE_CURVE('',#2224,#2222,#191,.T.);
#2823=EDGE_CURVE('',#2225,#2226,#1137,.F.);
#2824=EDGE_CURVE('',#2225,#2227,#1138,.T.);
#2825=EDGE_CURVE('',#2228,#2227,#1139,.T.);
#2826=EDGE_CURVE('',#2226,#2228,#1140,.T.);
#2827=EDGE_CURVE('',#2226,#2229,#1141,.F.);
#2828=EDGE_CURVE('',#2230,#2228,#1142,.T.);
#2829=EDGE_CURVE('',#2229,#2230,#1143,.T.);
#2830=EDGE_CURVE('',#2229,#2231,#1144,.F.);
#2831=EDGE_CURVE('',#2232,#2230,#1145,.T.);
#2832=EDGE_CURVE('',#2231,#2232,#1146,.T.);
#2833=EDGE_CURVE('',#2231,#2233,#1147,.F.);
#2834=EDGE_CURVE('',#2234,#2232,#1148,.T.);
#2835=EDGE_CURVE('',#2233,#2234,#1149,.T.);
#2836=EDGE_CURVE('',#2235,#2225,#1150,.F.);
#2837=EDGE_CURVE('',#2235,#2236,#1151,.T.);
#2838=EDGE_CURVE('',#2227,#2236,#1152,.T.);
#2839=EDGE_CURVE('',#2233,#2235,#192,.F.);
#2840=EDGE_CURVE('',#2236,#2234,#193,.T.);
#2841=EDGE_CURVE('',#2237,#2238,#1153,.F.);
#2842=EDGE_CURVE('',#2237,#2239,#1154,.T.);
#2843=EDGE_CURVE('',#2240,#2239,#1155,.T.);
#2844=EDGE_CURVE('',#2238,#2240,#1156,.T.);
#2845=EDGE_CURVE('',#2238,#2241,#1157,.F.);
#2846=EDGE_CURVE('',#2242,#2240,#1158,.T.);
#2847=EDGE_CURVE('',#2241,#2242,#1159,.T.);
#2848=EDGE_CURVE('',#2241,#2243,#1160,.F.);
#2849=EDGE_CURVE('',#2244,#2242,#1161,.T.);
#2850=EDGE_CURVE('',#2243,#2244,#1162,.T.);
#2851=EDGE_CURVE('',#2243,#2245,#1163,.F.);
#2852=EDGE_CURVE('',#2246,#2244,#1164,.T.);
#2853=EDGE_CURVE('',#2245,#2246,#1165,.T.);
#2854=EDGE_CURVE('',#2247,#2237,#1166,.F.);
#2855=EDGE_CURVE('',#2247,#2248,#1167,.T.);
#2856=EDGE_CURVE('',#2239,#2248,#1168,.T.);
#2857=EDGE_CURVE('',#2245,#2247,#194,.F.);
#2858=EDGE_CURVE('',#2248,#2246,#195,.T.);
#2859=EDGE_CURVE('',#2249,#2250,#1169,.F.);
#2860=EDGE_CURVE('',#2249,#2251,#1170,.T.);
#2861=EDGE_CURVE('',#2252,#2251,#1171,.T.);
#2862=EDGE_CURVE('',#2250,#2252,#1172,.T.);
#2863=EDGE_CURVE('',#2250,#2253,#1173,.F.);
#2864=EDGE_CURVE('',#2254,#2252,#1174,.T.);
#2865=EDGE_CURVE('',#2253,#2254,#1175,.T.);
#2866=EDGE_CURVE('',#2253,#2255,#1176,.F.);
#2867=EDGE_CURVE('',#2256,#2254,#1177,.T.);
#2868=EDGE_CURVE('',#2255,#2256,#1178,.T.);
#2869=EDGE_CURVE('',#2255,#2257,#1179,.F.);
#2870=EDGE_CURVE('',#2258,#2256,#1180,.T.);
#2871=EDGE_CURVE('',#2257,#2258,#1181,.T.);
#2872=EDGE_CURVE('',#2259,#2249,#1182,.F.);
#2873=EDGE_CURVE('',#2259,#2260,#1183,.T.);
#2874=EDGE_CURVE('',#2251,#2260,#1184,.T.);
#2875=EDGE_CURVE('',#2257,#2259,#196,.F.);
#2876=EDGE_CURVE('',#2260,#2258,#197,.T.);
#2877=EDGE_CURVE('',#2261,#2262,#1185,.F.);
#2878=EDGE_CURVE('',#2261,#2263,#1186,.T.);
#2879=EDGE_CURVE('',#2264,#2263,#1187,.T.);
#2880=EDGE_CURVE('',#2262,#2264,#1188,.T.);
#2881=EDGE_CURVE('',#2262,#2265,#1189,.F.);
#2882=EDGE_CURVE('',#2266,#2264,#1190,.T.);
#2883=EDGE_CURVE('',#2265,#2266,#1191,.T.);
#2884=EDGE_CURVE('',#2265,#2267,#1192,.F.);
#2885=EDGE_CURVE('',#2268,#2266,#1193,.T.);
#2886=EDGE_CURVE('',#2267,#2268,#1194,.T.);
#2887=EDGE_CURVE('',#2267,#2269,#1195,.F.);
#2888=EDGE_CURVE('',#2270,#2268,#1196,.T.);
#2889=EDGE_CURVE('',#2269,#2270,#1197,.T.);
#2890=EDGE_CURVE('',#2271,#2261,#1198,.F.);
#2891=EDGE_CURVE('',#2271,#2272,#1199,.T.);
#2892=EDGE_CURVE('',#2263,#2272,#1200,.T.);
#2893=EDGE_CURVE('',#2269,#2271,#198,.F.);
#2894=EDGE_CURVE('',#2272,#2270,#199,.T.);
#2895=EDGE_CURVE('',#2273,#2274,#1201,.F.);
#2896=EDGE_CURVE('',#2273,#2275,#1202,.T.);
#2897=EDGE_CURVE('',#2276,#2275,#1203,.T.);
#2898=EDGE_CURVE('',#2274,#2276,#1204,.T.);
#2899=EDGE_CURVE('',#2274,#2277,#1205,.F.);
#2900=EDGE_CURVE('',#2278,#2276,#1206,.T.);
#2901=EDGE_CURVE('',#2277,#2278,#1207,.T.);
#2902=EDGE_CURVE('',#2277,#2279,#1208,.F.);
#2903=EDGE_CURVE('',#2280,#2278,#1209,.T.);
#2904=EDGE_CURVE('',#2279,#2280,#1210,.T.);
#2905=EDGE_CURVE('',#2279,#2281,#1211,.F.);
#2906=EDGE_CURVE('',#2282,#2280,#1212,.T.);
#2907=EDGE_CURVE('',#2281,#2282,#1213,.T.);
#2908=EDGE_CURVE('',#2283,#2273,#1214,.F.);
#2909=EDGE_CURVE('',#2283,#2284,#1215,.T.);
#2910=EDGE_CURVE('',#2275,#2284,#1216,.T.);
#2911=EDGE_CURVE('',#2281,#2283,#200,.F.);
#2912=EDGE_CURVE('',#2284,#2282,#201,.T.);
#2913=EDGE_CURVE('',#2285,#2286,#1217,.F.);
#2914=EDGE_CURVE('',#2285,#2287,#1218,.T.);
#2915=EDGE_CURVE('',#2288,#2287,#1219,.T.);
#2916=EDGE_CURVE('',#2286,#2288,#1220,.T.);
#2917=EDGE_CURVE('',#2286,#2289,#1221,.F.);
#2918=EDGE_CURVE('',#2290,#2288,#1222,.T.);
#2919=EDGE_CURVE('',#2289,#2290,#1223,.T.);
#2920=EDGE_CURVE('',#2289,#2291,#1224,.F.);
#2921=EDGE_CURVE('',#2292,#2290,#1225,.T.);
#2922=EDGE_CURVE('',#2291,#2292,#1226,.T.);
#2923=EDGE_CURVE('',#2291,#2293,#1227,.F.);
#2924=EDGE_CURVE('',#2294,#2292,#1228,.T.);
#2925=EDGE_CURVE('',#2293,#2294,#1229,.T.);
#2926=EDGE_CURVE('',#2295,#2285,#1230,.F.);
#2927=EDGE_CURVE('',#2295,#2296,#1231,.T.);
#2928=EDGE_CURVE('',#2287,#2296,#1232,.T.);
#2929=EDGE_CURVE('',#2293,#2295,#202,.F.);
#2930=EDGE_CURVE('',#2296,#2294,#203,.T.);
#2931=EDGE_CURVE('',#2297,#2298,#1233,.F.);
#2932=EDGE_CURVE('',#2297,#2299,#1234,.T.);
#2933=EDGE_CURVE('',#2300,#2299,#1235,.T.);
#2934=EDGE_CURVE('',#2298,#2300,#1236,.T.);
#2935=EDGE_CURVE('',#2298,#2301,#1237,.F.);
#2936=EDGE_CURVE('',#2302,#2300,#1238,.T.);
#2937=EDGE_CURVE('',#2301,#2302,#1239,.T.);
#2938=EDGE_CURVE('',#2301,#2303,#1240,.F.);
#2939=EDGE_CURVE('',#2304,#2302,#1241,.T.);
#2940=EDGE_CURVE('',#2303,#2304,#1242,.T.);
#2941=EDGE_CURVE('',#2303,#2305,#1243,.F.);
#2942=EDGE_CURVE('',#2306,#2304,#1244,.T.);
#2943=EDGE_CURVE('',#2305,#2306,#1245,.T.);
#2944=EDGE_CURVE('',#2307,#2297,#1246,.F.);
#2945=EDGE_CURVE('',#2307,#2308,#1247,.T.);
#2946=EDGE_CURVE('',#2299,#2308,#1248,.T.);
#2947=EDGE_CURVE('',#2305,#2307,#204,.F.);
#2948=EDGE_CURVE('',#2308,#2306,#205,.T.);
#2949=EDGE_CURVE('',#2309,#2310,#1249,.F.);
#2950=EDGE_CURVE('',#2309,#2311,#1250,.T.);
#2951=EDGE_CURVE('',#2312,#2311,#1251,.T.);
#2952=EDGE_CURVE('',#2310,#2312,#1252,.T.);
#2953=EDGE_CURVE('',#2310,#2313,#1253,.F.);
#2954=EDGE_CURVE('',#2314,#2312,#1254,.T.);
#2955=EDGE_CURVE('',#2313,#2314,#1255,.T.);
#2956=EDGE_CURVE('',#2313,#2315,#1256,.F.);
#2957=EDGE_CURVE('',#2316,#2314,#1257,.T.);
#2958=EDGE_CURVE('',#2315,#2316,#1258,.T.);
#2959=EDGE_CURVE('',#2315,#2317,#1259,.F.);
#2960=EDGE_CURVE('',#2318,#2316,#1260,.T.);
#2961=EDGE_CURVE('',#2317,#2318,#1261,.T.);
#2962=EDGE_CURVE('',#2319,#2309,#1262,.F.);
#2963=EDGE_CURVE('',#2319,#2320,#1263,.T.);
#2964=EDGE_CURVE('',#2311,#2320,#1264,.T.);
#2965=EDGE_CURVE('',#2317,#2319,#206,.F.);
#2966=EDGE_CURVE('',#2320,#2318,#207,.T.);
#2967=EDGE_CURVE('',#2321,#2322,#1265,.F.);
#2968=EDGE_CURVE('',#2321,#2323,#1266,.T.);
#2969=EDGE_CURVE('',#2324,#2323,#1267,.T.);
#2970=EDGE_CURVE('',#2322,#2324,#1268,.T.);
#2971=EDGE_CURVE('',#2322,#2325,#1269,.F.);
#2972=EDGE_CURVE('',#2326,#2324,#1270,.T.);
#2973=EDGE_CURVE('',#2325,#2326,#1271,.T.);
#2974=EDGE_CURVE('',#2325,#2327,#1272,.F.);
#2975=EDGE_CURVE('',#2328,#2326,#1273,.T.);
#2976=EDGE_CURVE('',#2327,#2328,#1274,.T.);
#2977=EDGE_CURVE('',#2327,#2329,#1275,.F.);
#2978=EDGE_CURVE('',#2330,#2328,#1276,.T.);
#2979=EDGE_CURVE('',#2329,#2330,#1277,.T.);
#2980=EDGE_CURVE('',#2331,#2321,#1278,.F.);
#2981=EDGE_CURVE('',#2331,#2332,#1279,.T.);
#2982=EDGE_CURVE('',#2323,#2332,#1280,.T.);
#2983=EDGE_CURVE('',#2329,#2331,#208,.F.);
#2984=EDGE_CURVE('',#2332,#2330,#209,.T.);
#2985=EDGE_CURVE('',#2333,#2334,#1281,.F.);
#2986=EDGE_CURVE('',#2333,#2335,#1282,.T.);
#2987=EDGE_CURVE('',#2336,#2335,#1283,.T.);
#2988=EDGE_CURVE('',#2334,#2336,#1284,.T.);
#2989=EDGE_CURVE('',#2334,#2337,#1285,.F.);
#2990=EDGE_CURVE('',#2338,#2336,#1286,.T.);
#2991=EDGE_CURVE('',#2337,#2338,#1287,.T.);
#2992=EDGE_CURVE('',#2337,#2339,#1288,.F.);
#2993=EDGE_CURVE('',#2340,#2338,#1289,.T.);
#2994=EDGE_CURVE('',#2339,#2340,#1290,.T.);
#2995=EDGE_CURVE('',#2339,#2341,#1291,.F.);
#2996=EDGE_CURVE('',#2342,#2340,#1292,.T.);
#2997=EDGE_CURVE('',#2341,#2342,#1293,.T.);
#2998=EDGE_CURVE('',#2343,#2333,#1294,.F.);
#2999=EDGE_CURVE('',#2343,#2344,#1295,.T.);
#3000=EDGE_CURVE('',#2335,#2344,#1296,.T.);
#3001=EDGE_CURVE('',#2341,#2343,#210,.F.);
#3002=EDGE_CURVE('',#2344,#2342,#211,.T.);
#3003=EDGE_CURVE('',#2345,#2346,#1297,.F.);
#3004=EDGE_CURVE('',#2345,#2347,#1298,.T.);
#3005=EDGE_CURVE('',#2348,#2347,#1299,.T.);
#3006=EDGE_CURVE('',#2346,#2348,#1300,.T.);
#3007=EDGE_CURVE('',#2346,#2349,#1301,.F.);
#3008=EDGE_CURVE('',#2350,#2348,#1302,.T.);
#3009=EDGE_CURVE('',#2349,#2350,#1303,.T.);
#3010=EDGE_CURVE('',#2349,#2351,#1304,.F.);
#3011=EDGE_CURVE('',#2352,#2350,#1305,.T.);
#3012=EDGE_CURVE('',#2351,#2352,#1306,.T.);
#3013=EDGE_CURVE('',#2351,#2353,#1307,.F.);
#3014=EDGE_CURVE('',#2354,#2352,#1308,.T.);
#3015=EDGE_CURVE('',#2353,#2354,#1309,.T.);
#3016=EDGE_CURVE('',#2355,#2345,#1310,.F.);
#3017=EDGE_CURVE('',#2355,#2356,#1311,.T.);
#3018=EDGE_CURVE('',#2347,#2356,#1312,.T.);
#3019=EDGE_CURVE('',#2353,#2355,#212,.F.);
#3020=EDGE_CURVE('',#2356,#2354,#213,.T.);
#3021=EDGE_CURVE('',#2357,#2358,#1313,.T.);
#3022=EDGE_CURVE('',#2357,#2359,#1314,.T.);
#3023=EDGE_CURVE('',#2360,#2359,#1315,.T.);
#3024=EDGE_CURVE('',#2358,#2360,#1316,.T.);
#3025=EDGE_CURVE('',#2358,#2361,#1317,.T.);
#3026=EDGE_CURVE('',#2362,#2360,#1318,.T.);
#3027=EDGE_CURVE('',#2361,#2362,#1319,.T.);
#3028=EDGE_CURVE('',#2363,#2361,#1320,.T.);
#3029=EDGE_CURVE('',#2364,#2362,#1321,.T.);
#3030=EDGE_CURVE('',#2363,#2364,#1322,.T.);
#3031=EDGE_CURVE('',#2363,#2365,#1323,.T.);
#3032=EDGE_CURVE('',#2366,#2364,#1324,.T.);
#3033=EDGE_CURVE('',#2365,#2366,#1325,.T.);
#3034=EDGE_CURVE('',#2367,#2365,#1326,.T.);
#3035=EDGE_CURVE('',#2368,#2366,#1327,.T.);
#3036=EDGE_CURVE('',#2367,#2368,#1328,.T.);
#3037=EDGE_CURVE('',#2367,#2369,#1329,.T.);
#3038=EDGE_CURVE('',#2370,#2368,#1330,.T.);
#3039=EDGE_CURVE('',#2369,#2370,#1331,.T.);
#3040=EDGE_CURVE('',#2371,#2369,#1332,.T.);
#3041=EDGE_CURVE('',#2372,#2370,#1333,.T.);
#3042=EDGE_CURVE('',#2371,#2372,#1334,.T.);
#3043=EDGE_CURVE('',#2357,#2371,#1335,.T.);
#3044=EDGE_CURVE('',#2359,#2372,#1336,.T.);
#3045=ORIENTED_EDGE('',*,*,#2373,.F.);
#3046=ORIENTED_EDGE('',*,*,#2374,.T.);
#3047=ORIENTED_EDGE('',*,*,#2375,.T.);
#3048=ORIENTED_EDGE('',*,*,#2376,.F.);
#3049=ORIENTED_EDGE('',*,*,#2377,.F.);
#3050=ORIENTED_EDGE('',*,*,#2376,.T.);
#3051=ORIENTED_EDGE('',*,*,#2378,.T.);
#3052=ORIENTED_EDGE('',*,*,#2379,.F.);
#3053=ORIENTED_EDGE('',*,*,#2380,.F.);
#3054=ORIENTED_EDGE('',*,*,#2379,.T.);
#3055=ORIENTED_EDGE('',*,*,#2381,.T.);
#3056=ORIENTED_EDGE('',*,*,#2382,.F.);
#3057=ORIENTED_EDGE('',*,*,#2383,.F.);
#3058=ORIENTED_EDGE('',*,*,#2382,.T.);
#3059=ORIENTED_EDGE('',*,*,#2384,.T.);
#3060=ORIENTED_EDGE('',*,*,#2374,.F.);
#3061=ORIENTED_EDGE('',*,*,#2384,.F.);
#3062=ORIENTED_EDGE('',*,*,#2381,.F.);
#3063=ORIENTED_EDGE('',*,*,#2378,.F.);
#3064=ORIENTED_EDGE('',*,*,#2375,.F.);
#3065=ORIENTED_EDGE('',*,*,#2385,.F.);
#3066=ORIENTED_EDGE('',*,*,#2386,.T.);
#3067=ORIENTED_EDGE('',*,*,#2387,.F.);
#3068=ORIENTED_EDGE('',*,*,#2388,.F.);
#3069=ORIENTED_EDGE('',*,*,#2386,.F.);
#3070=ORIENTED_EDGE('',*,*,#2389,.F.);
#3071=ORIENTED_EDGE('',*,*,#2390,.T.);
#3072=ORIENTED_EDGE('',*,*,#2391,.F.);
#3073=ORIENTED_EDGE('',*,*,#2392,.F.);
#3074=ORIENTED_EDGE('',*,*,#2390,.F.);
#3075=ORIENTED_EDGE('',*,*,#2393,.F.);
#3076=ORIENTED_EDGE('',*,*,#2394,.T.);
#3077=ORIENTED_EDGE('',*,*,#2395,.F.);
#3078=ORIENTED_EDGE('',*,*,#2396,.F.);
#3079=ORIENTED_EDGE('',*,*,#2394,.F.);
#3080=ORIENTED_EDGE('',*,*,#2397,.F.);
#3081=ORIENTED_EDGE('',*,*,#2398,.T.);
#3082=ORIENTED_EDGE('',*,*,#2399,.F.);
#3083=ORIENTED_EDGE('',*,*,#2400,.F.);
#3084=ORIENTED_EDGE('',*,*,#2398,.F.);
#3085=ORIENTED_EDGE('',*,*,#2387,.T.);
#3086=ORIENTED_EDGE('',*,*,#2388,.T.);
#3087=ORIENTED_EDGE('',*,*,#2401,.T.);
#3088=ORIENTED_EDGE('',*,*,#2402,.F.);
#3089=ORIENTED_EDGE('',*,*,#2401,.F.);
#3090=ORIENTED_EDGE('',*,*,#2391,.T.);
#3091=ORIENTED_EDGE('',*,*,#2392,.T.);
#3092=ORIENTED_EDGE('',*,*,#2403,.T.);
#3093=ORIENTED_EDGE('',*,*,#2404,.F.);
#3094=ORIENTED_EDGE('',*,*,#2403,.F.);
#3095=ORIENTED_EDGE('',*,*,#2399,.T.);
#3096=ORIENTED_EDGE('',*,*,#2400,.T.);
#3097=ORIENTED_EDGE('',*,*,#2405,.T.);
#3098=ORIENTED_EDGE('',*,*,#2406,.F.);
#3099=ORIENTED_EDGE('',*,*,#2405,.F.);
#3100=ORIENTED_EDGE('',*,*,#2395,.T.);
#3101=ORIENTED_EDGE('',*,*,#2396,.T.);
#3102=ORIENTED_EDGE('',*,*,#2407,.T.);
#3103=ORIENTED_EDGE('',*,*,#2408,.F.);
#3104=ORIENTED_EDGE('',*,*,#2407,.F.);
#3105=ORIENTED_EDGE('',*,*,#2409,.F.);
#3106=ORIENTED_EDGE('',*,*,#2410,.T.);
#3107=ORIENTED_EDGE('',*,*,#2411,.F.);
#3108=ORIENTED_EDGE('',*,*,#2412,.F.);
#3109=ORIENTED_EDGE('',*,*,#2413,.F.);
#3110=ORIENTED_EDGE('',*,*,#2412,.T.);
#3111=ORIENTED_EDGE('',*,*,#2414,.F.);
#3112=ORIENTED_EDGE('',*,*,#2415,.F.);
#3113=ORIENTED_EDGE('',*,*,#2416,.F.);
#3114=ORIENTED_EDGE('',*,*,#2415,.T.);
#3115=ORIENTED_EDGE('',*,*,#2417,.F.);
#3116=ORIENTED_EDGE('',*,*,#2418,.F.);
#3117=ORIENTED_EDGE('',*,*,#2419,.F.);
#3118=ORIENTED_EDGE('',*,*,#2418,.T.);
#3119=ORIENTED_EDGE('',*,*,#2420,.F.);
#3120=ORIENTED_EDGE('',*,*,#2421,.F.);
#3121=ORIENTED_EDGE('',*,*,#2422,.F.);
#3122=ORIENTED_EDGE('',*,*,#2423,.T.);
#3123=ORIENTED_EDGE('',*,*,#2424,.F.);
#3124=ORIENTED_EDGE('',*,*,#2410,.F.);
#3125=ORIENTED_EDGE('',*,*,#2425,.F.);
#3126=ORIENTED_EDGE('',*,*,#2421,.T.);
#3127=ORIENTED_EDGE('',*,*,#2426,.F.);
#3128=ORIENTED_EDGE('',*,*,#2423,.F.);
#3129=ORIENTED_EDGE('',*,*,#2427,.F.);
#3130=ORIENTED_EDGE('',*,*,#2428,.T.);
#3131=ORIENTED_EDGE('',*,*,#2429,.F.);
#3132=ORIENTED_EDGE('',*,*,#2430,.F.);
#3133=ORIENTED_EDGE('',*,*,#2431,.F.);
#3134=ORIENTED_EDGE('',*,*,#2430,.T.);
#3135=ORIENTED_EDGE('',*,*,#2432,.F.);
#3136=ORIENTED_EDGE('',*,*,#2433,.F.);
#3137=ORIENTED_EDGE('',*,*,#2434,.F.);
#3138=ORIENTED_EDGE('',*,*,#2433,.T.);
#3139=ORIENTED_EDGE('',*,*,#2435,.F.);
#3140=ORIENTED_EDGE('',*,*,#2436,.F.);
#3141=ORIENTED_EDGE('',*,*,#2437,.F.);
#3142=ORIENTED_EDGE('',*,*,#2436,.T.);
#3143=ORIENTED_EDGE('',*,*,#2438,.F.);
#3144=ORIENTED_EDGE('',*,*,#2439,.F.);
#3145=ORIENTED_EDGE('',*,*,#2440,.F.);
#3146=ORIENTED_EDGE('',*,*,#2441,.T.);
#3147=ORIENTED_EDGE('',*,*,#2442,.F.);
#3148=ORIENTED_EDGE('',*,*,#2428,.F.);
#3149=ORIENTED_EDGE('',*,*,#2443,.F.);
#3150=ORIENTED_EDGE('',*,*,#2439,.T.);
#3151=ORIENTED_EDGE('',*,*,#2444,.F.);
#3152=ORIENTED_EDGE('',*,*,#2441,.F.);
#3153=ORIENTED_EDGE('',*,*,#2445,.F.);
#3154=ORIENTED_EDGE('',*,*,#2446,.T.);
#3155=ORIENTED_EDGE('',*,*,#2447,.F.);
#3156=ORIENTED_EDGE('',*,*,#2448,.F.);
#3157=ORIENTED_EDGE('',*,*,#2449,.F.);
#3158=ORIENTED_EDGE('',*,*,#2448,.T.);
#3159=ORIENTED_EDGE('',*,*,#2450,.F.);
#3160=ORIENTED_EDGE('',*,*,#2451,.F.);
#3161=ORIENTED_EDGE('',*,*,#2452,.F.);
#3162=ORIENTED_EDGE('',*,*,#2451,.T.);
#3163=ORIENTED_EDGE('',*,*,#2453,.F.);
#3164=ORIENTED_EDGE('',*,*,#2454,.F.);
#3165=ORIENTED_EDGE('',*,*,#2455,.F.);
#3166=ORIENTED_EDGE('',*,*,#2454,.T.);
#3167=ORIENTED_EDGE('',*,*,#2456,.F.);
#3168=ORIENTED_EDGE('',*,*,#2457,.F.);
#3169=ORIENTED_EDGE('',*,*,#2458,.F.);
#3170=ORIENTED_EDGE('',*,*,#2459,.T.);
#3171=ORIENTED_EDGE('',*,*,#2460,.F.);
#3172=ORIENTED_EDGE('',*,*,#2446,.F.);
#3173=ORIENTED_EDGE('',*,*,#2461,.F.);
#3174=ORIENTED_EDGE('',*,*,#2457,.T.);
#3175=ORIENTED_EDGE('',*,*,#2462,.F.);
#3176=ORIENTED_EDGE('',*,*,#2459,.F.);
#3177=ORIENTED_EDGE('',*,*,#2463,.F.);
#3178=ORIENTED_EDGE('',*,*,#2464,.T.);
#3179=ORIENTED_EDGE('',*,*,#2465,.F.);
#3180=ORIENTED_EDGE('',*,*,#2466,.F.);
#3181=ORIENTED_EDGE('',*,*,#2467,.F.);
#3182=ORIENTED_EDGE('',*,*,#2466,.T.);
#3183=ORIENTED_EDGE('',*,*,#2468,.F.);
#3184=ORIENTED_EDGE('',*,*,#2469,.F.);
#3185=ORIENTED_EDGE('',*,*,#2470,.F.);
#3186=ORIENTED_EDGE('',*,*,#2469,.T.);
#3187=ORIENTED_EDGE('',*,*,#2471,.F.);
#3188=ORIENTED_EDGE('',*,*,#2472,.F.);
#3189=ORIENTED_EDGE('',*,*,#2473,.F.);
#3190=ORIENTED_EDGE('',*,*,#2472,.T.);
#3191=ORIENTED_EDGE('',*,*,#2474,.F.);
#3192=ORIENTED_EDGE('',*,*,#2475,.F.);
#3193=ORIENTED_EDGE('',*,*,#2476,.F.);
#3194=ORIENTED_EDGE('',*,*,#2477,.T.);
#3195=ORIENTED_EDGE('',*,*,#2478,.F.);
#3196=ORIENTED_EDGE('',*,*,#2464,.F.);
#3197=ORIENTED_EDGE('',*,*,#2479,.F.);
#3198=ORIENTED_EDGE('',*,*,#2475,.T.);
#3199=ORIENTED_EDGE('',*,*,#2480,.F.);
#3200=ORIENTED_EDGE('',*,*,#2477,.F.);
#3201=ORIENTED_EDGE('',*,*,#2481,.F.);
#3202=ORIENTED_EDGE('',*,*,#2482,.T.);
#3203=ORIENTED_EDGE('',*,*,#2483,.F.);
#3204=ORIENTED_EDGE('',*,*,#2484,.F.);
#3205=ORIENTED_EDGE('',*,*,#2485,.F.);
#3206=ORIENTED_EDGE('',*,*,#2484,.T.);
#3207=ORIENTED_EDGE('',*,*,#2486,.F.);
#3208=ORIENTED_EDGE('',*,*,#2487,.F.);
#3209=ORIENTED_EDGE('',*,*,#2488,.F.);
#3210=ORIENTED_EDGE('',*,*,#2487,.T.);
#3211=ORIENTED_EDGE('',*,*,#2489,.F.);
#3212=ORIENTED_EDGE('',*,*,#2490,.F.);
#3213=ORIENTED_EDGE('',*,*,#2491,.F.);
#3214=ORIENTED_EDGE('',*,*,#2490,.T.);
#3215=ORIENTED_EDGE('',*,*,#2492,.F.);
#3216=ORIENTED_EDGE('',*,*,#2493,.F.);
#3217=ORIENTED_EDGE('',*,*,#2494,.F.);
#3218=ORIENTED_EDGE('',*,*,#2495,.T.);
#3219=ORIENTED_EDGE('',*,*,#2496,.F.);
#3220=ORIENTED_EDGE('',*,*,#2482,.F.);
#3221=ORIENTED_EDGE('',*,*,#2497,.F.);
#3222=ORIENTED_EDGE('',*,*,#2493,.T.);
#3223=ORIENTED_EDGE('',*,*,#2498,.F.);
#3224=ORIENTED_EDGE('',*,*,#2495,.F.);
#3225=ORIENTED_EDGE('',*,*,#2499,.F.);
#3226=ORIENTED_EDGE('',*,*,#2500,.T.);
#3227=ORIENTED_EDGE('',*,*,#2501,.F.);
#3228=ORIENTED_EDGE('',*,*,#2502,.F.);
#3229=ORIENTED_EDGE('',*,*,#2503,.F.);
#3230=ORIENTED_EDGE('',*,*,#2502,.T.);
#3231=ORIENTED_EDGE('',*,*,#2504,.F.);
#3232=ORIENTED_EDGE('',*,*,#2505,.F.);
#3233=ORIENTED_EDGE('',*,*,#2506,.F.);
#3234=ORIENTED_EDGE('',*,*,#2505,.T.);
#3235=ORIENTED_EDGE('',*,*,#2507,.F.);
#3236=ORIENTED_EDGE('',*,*,#2508,.F.);
#3237=ORIENTED_EDGE('',*,*,#2509,.F.);
#3238=ORIENTED_EDGE('',*,*,#2508,.T.);
#3239=ORIENTED_EDGE('',*,*,#2510,.F.);
#3240=ORIENTED_EDGE('',*,*,#2511,.F.);
#3241=ORIENTED_EDGE('',*,*,#2512,.F.);
#3242=ORIENTED_EDGE('',*,*,#2513,.T.);
#3243=ORIENTED_EDGE('',*,*,#2514,.F.);
#3244=ORIENTED_EDGE('',*,*,#2500,.F.);
#3245=ORIENTED_EDGE('',*,*,#2515,.F.);
#3246=ORIENTED_EDGE('',*,*,#2511,.T.);
#3247=ORIENTED_EDGE('',*,*,#2516,.F.);
#3248=ORIENTED_EDGE('',*,*,#2513,.F.);
#3249=ORIENTED_EDGE('',*,*,#2517,.F.);
#3250=ORIENTED_EDGE('',*,*,#2518,.T.);
#3251=ORIENTED_EDGE('',*,*,#2519,.F.);
#3252=ORIENTED_EDGE('',*,*,#2520,.F.);
#3253=ORIENTED_EDGE('',*,*,#2521,.F.);
#3254=ORIENTED_EDGE('',*,*,#2520,.T.);
#3255=ORIENTED_EDGE('',*,*,#2522,.F.);
#3256=ORIENTED_EDGE('',*,*,#2523,.F.);
#3257=ORIENTED_EDGE('',*,*,#2524,.F.);
#3258=ORIENTED_EDGE('',*,*,#2523,.T.);
#3259=ORIENTED_EDGE('',*,*,#2525,.F.);
#3260=ORIENTED_EDGE('',*,*,#2526,.F.);
#3261=ORIENTED_EDGE('',*,*,#2527,.F.);
#3262=ORIENTED_EDGE('',*,*,#2526,.T.);
#3263=ORIENTED_EDGE('',*,*,#2528,.F.);
#3264=ORIENTED_EDGE('',*,*,#2529,.F.);
#3265=ORIENTED_EDGE('',*,*,#2530,.F.);
#3266=ORIENTED_EDGE('',*,*,#2531,.T.);
#3267=ORIENTED_EDGE('',*,*,#2532,.F.);
#3268=ORIENTED_EDGE('',*,*,#2518,.F.);
#3269=ORIENTED_EDGE('',*,*,#2533,.F.);
#3270=ORIENTED_EDGE('',*,*,#2529,.T.);
#3271=ORIENTED_EDGE('',*,*,#2534,.F.);
#3272=ORIENTED_EDGE('',*,*,#2531,.F.);
#3273=ORIENTED_EDGE('',*,*,#2535,.F.);
#3274=ORIENTED_EDGE('',*,*,#2536,.T.);
#3275=ORIENTED_EDGE('',*,*,#2537,.F.);
#3276=ORIENTED_EDGE('',*,*,#2538,.F.);
#3277=ORIENTED_EDGE('',*,*,#2539,.F.);
#3278=ORIENTED_EDGE('',*,*,#2538,.T.);
#3279=ORIENTED_EDGE('',*,*,#2540,.F.);
#3280=ORIENTED_EDGE('',*,*,#2541,.F.);
#3281=ORIENTED_EDGE('',*,*,#2542,.F.);
#3282=ORIENTED_EDGE('',*,*,#2541,.T.);
#3283=ORIENTED_EDGE('',*,*,#2543,.F.);
#3284=ORIENTED_EDGE('',*,*,#2544,.F.);
#3285=ORIENTED_EDGE('',*,*,#2545,.F.);
#3286=ORIENTED_EDGE('',*,*,#2544,.T.);
#3287=ORIENTED_EDGE('',*,*,#2546,.F.);
#3288=ORIENTED_EDGE('',*,*,#2547,.F.);
#3289=ORIENTED_EDGE('',*,*,#2548,.F.);
#3290=ORIENTED_EDGE('',*,*,#2549,.T.);
#3291=ORIENTED_EDGE('',*,*,#2550,.F.);
#3292=ORIENTED_EDGE('',*,*,#2536,.F.);
#3293=ORIENTED_EDGE('',*,*,#2551,.F.);
#3294=ORIENTED_EDGE('',*,*,#2547,.T.);
#3295=ORIENTED_EDGE('',*,*,#2552,.F.);
#3296=ORIENTED_EDGE('',*,*,#2549,.F.);
#3297=ORIENTED_EDGE('',*,*,#2553,.F.);
#3298=ORIENTED_EDGE('',*,*,#2554,.T.);
#3299=ORIENTED_EDGE('',*,*,#2555,.F.);
#3300=ORIENTED_EDGE('',*,*,#2556,.F.);
#3301=ORIENTED_EDGE('',*,*,#2557,.F.);
#3302=ORIENTED_EDGE('',*,*,#2556,.T.);
#3303=ORIENTED_EDGE('',*,*,#2558,.F.);
#3304=ORIENTED_EDGE('',*,*,#2559,.F.);
#3305=ORIENTED_EDGE('',*,*,#2560,.F.);
#3306=ORIENTED_EDGE('',*,*,#2559,.T.);
#3307=ORIENTED_EDGE('',*,*,#2561,.F.);
#3308=ORIENTED_EDGE('',*,*,#2562,.F.);
#3309=ORIENTED_EDGE('',*,*,#2563,.F.);
#3310=ORIENTED_EDGE('',*,*,#2562,.T.);
#3311=ORIENTED_EDGE('',*,*,#2564,.F.);
#3312=ORIENTED_EDGE('',*,*,#2565,.F.);
#3313=ORIENTED_EDGE('',*,*,#2566,.F.);
#3314=ORIENTED_EDGE('',*,*,#2567,.T.);
#3315=ORIENTED_EDGE('',*,*,#2568,.F.);
#3316=ORIENTED_EDGE('',*,*,#2554,.F.);
#3317=ORIENTED_EDGE('',*,*,#2569,.F.);
#3318=ORIENTED_EDGE('',*,*,#2565,.T.);
#3319=ORIENTED_EDGE('',*,*,#2570,.F.);
#3320=ORIENTED_EDGE('',*,*,#2567,.F.);
#3321=ORIENTED_EDGE('',*,*,#2571,.F.);
#3322=ORIENTED_EDGE('',*,*,#2572,.T.);
#3323=ORIENTED_EDGE('',*,*,#2573,.F.);
#3324=ORIENTED_EDGE('',*,*,#2574,.F.);
#3325=ORIENTED_EDGE('',*,*,#2575,.F.);
#3326=ORIENTED_EDGE('',*,*,#2574,.T.);
#3327=ORIENTED_EDGE('',*,*,#2576,.F.);
#3328=ORIENTED_EDGE('',*,*,#2577,.F.);
#3329=ORIENTED_EDGE('',*,*,#2578,.F.);
#3330=ORIENTED_EDGE('',*,*,#2577,.T.);
#3331=ORIENTED_EDGE('',*,*,#2579,.F.);
#3332=ORIENTED_EDGE('',*,*,#2580,.F.);
#3333=ORIENTED_EDGE('',*,*,#2581,.F.);
#3334=ORIENTED_EDGE('',*,*,#2580,.T.);
#3335=ORIENTED_EDGE('',*,*,#2582,.F.);
#3336=ORIENTED_EDGE('',*,*,#2583,.F.);
#3337=ORIENTED_EDGE('',*,*,#2584,.F.);
#3338=ORIENTED_EDGE('',*,*,#2585,.T.);
#3339=ORIENTED_EDGE('',*,*,#2586,.F.);
#3340=ORIENTED_EDGE('',*,*,#2572,.F.);
#3341=ORIENTED_EDGE('',*,*,#2587,.F.);
#3342=ORIENTED_EDGE('',*,*,#2583,.T.);
#3343=ORIENTED_EDGE('',*,*,#2588,.F.);
#3344=ORIENTED_EDGE('',*,*,#2585,.F.);
#3345=ORIENTED_EDGE('',*,*,#2589,.F.);
#3346=ORIENTED_EDGE('',*,*,#2590,.T.);
#3347=ORIENTED_EDGE('',*,*,#2591,.F.);
#3348=ORIENTED_EDGE('',*,*,#2592,.F.);
#3349=ORIENTED_EDGE('',*,*,#2593,.F.);
#3350=ORIENTED_EDGE('',*,*,#2592,.T.);
#3351=ORIENTED_EDGE('',*,*,#2594,.F.);
#3352=ORIENTED_EDGE('',*,*,#2595,.F.);
#3353=ORIENTED_EDGE('',*,*,#2596,.F.);
#3354=ORIENTED_EDGE('',*,*,#2595,.T.);
#3355=ORIENTED_EDGE('',*,*,#2597,.F.);
#3356=ORIENTED_EDGE('',*,*,#2598,.F.);
#3357=ORIENTED_EDGE('',*,*,#2599,.F.);
#3358=ORIENTED_EDGE('',*,*,#2598,.T.);
#3359=ORIENTED_EDGE('',*,*,#2600,.F.);
#3360=ORIENTED_EDGE('',*,*,#2601,.F.);
#3361=ORIENTED_EDGE('',*,*,#2602,.F.);
#3362=ORIENTED_EDGE('',*,*,#2603,.T.);
#3363=ORIENTED_EDGE('',*,*,#2604,.F.);
#3364=ORIENTED_EDGE('',*,*,#2590,.F.);
#3365=ORIENTED_EDGE('',*,*,#2605,.F.);
#3366=ORIENTED_EDGE('',*,*,#2601,.T.);
#3367=ORIENTED_EDGE('',*,*,#2606,.F.);
#3368=ORIENTED_EDGE('',*,*,#2603,.F.);
#3369=ORIENTED_EDGE('',*,*,#2607,.F.);
#3370=ORIENTED_EDGE('',*,*,#2608,.T.);
#3371=ORIENTED_EDGE('',*,*,#2609,.F.);
#3372=ORIENTED_EDGE('',*,*,#2610,.F.);
#3373=ORIENTED_EDGE('',*,*,#2611,.F.);
#3374=ORIENTED_EDGE('',*,*,#2610,.T.);
#3375=ORIENTED_EDGE('',*,*,#2612,.F.);
#3376=ORIENTED_EDGE('',*,*,#2613,.F.);
#3377=ORIENTED_EDGE('',*,*,#2614,.F.);
#3378=ORIENTED_EDGE('',*,*,#2613,.T.);
#3379=ORIENTED_EDGE('',*,*,#2615,.F.);
#3380=ORIENTED_EDGE('',*,*,#2616,.F.);
#3381=ORIENTED_EDGE('',*,*,#2617,.F.);
#3382=ORIENTED_EDGE('',*,*,#2616,.T.);
#3383=ORIENTED_EDGE('',*,*,#2618,.F.);
#3384=ORIENTED_EDGE('',*,*,#2619,.F.);
#3385=ORIENTED_EDGE('',*,*,#2620,.F.);
#3386=ORIENTED_EDGE('',*,*,#2621,.T.);
#3387=ORIENTED_EDGE('',*,*,#2622,.F.);
#3388=ORIENTED_EDGE('',*,*,#2608,.F.);
#3389=ORIENTED_EDGE('',*,*,#2623,.F.);
#3390=ORIENTED_EDGE('',*,*,#2619,.T.);
#3391=ORIENTED_EDGE('',*,*,#2624,.F.);
#3392=ORIENTED_EDGE('',*,*,#2621,.F.);
#3393=ORIENTED_EDGE('',*,*,#2625,.F.);
#3394=ORIENTED_EDGE('',*,*,#2626,.T.);
#3395=ORIENTED_EDGE('',*,*,#2627,.F.);
#3396=ORIENTED_EDGE('',*,*,#2628,.F.);
#3397=ORIENTED_EDGE('',*,*,#2629,.F.);
#3398=ORIENTED_EDGE('',*,*,#2628,.T.);
#3399=ORIENTED_EDGE('',*,*,#2630,.F.);
#3400=ORIENTED_EDGE('',*,*,#2631,.F.);
#3401=ORIENTED_EDGE('',*,*,#2632,.F.);
#3402=ORIENTED_EDGE('',*,*,#2631,.T.);
#3403=ORIENTED_EDGE('',*,*,#2633,.F.);
#3404=ORIENTED_EDGE('',*,*,#2634,.F.);
#3405=ORIENTED_EDGE('',*,*,#2635,.F.);
#3406=ORIENTED_EDGE('',*,*,#2634,.T.);
#3407=ORIENTED_EDGE('',*,*,#2636,.F.);
#3408=ORIENTED_EDGE('',*,*,#2637,.F.);
#3409=ORIENTED_EDGE('',*,*,#2638,.F.);
#3410=ORIENTED_EDGE('',*,*,#2639,.T.);
#3411=ORIENTED_EDGE('',*,*,#2640,.F.);
#3412=ORIENTED_EDGE('',*,*,#2626,.F.);
#3413=ORIENTED_EDGE('',*,*,#2641,.F.);
#3414=ORIENTED_EDGE('',*,*,#2637,.T.);
#3415=ORIENTED_EDGE('',*,*,#2642,.F.);
#3416=ORIENTED_EDGE('',*,*,#2639,.F.);
#3417=ORIENTED_EDGE('',*,*,#2643,.F.);
#3418=ORIENTED_EDGE('',*,*,#2644,.T.);
#3419=ORIENTED_EDGE('',*,*,#2645,.F.);
#3420=ORIENTED_EDGE('',*,*,#2646,.F.);
#3421=ORIENTED_EDGE('',*,*,#2647,.F.);
#3422=ORIENTED_EDGE('',*,*,#2646,.T.);
#3423=ORIENTED_EDGE('',*,*,#2648,.F.);
#3424=ORIENTED_EDGE('',*,*,#2649,.F.);
#3425=ORIENTED_EDGE('',*,*,#2650,.F.);
#3426=ORIENTED_EDGE('',*,*,#2649,.T.);
#3427=ORIENTED_EDGE('',*,*,#2651,.F.);
#3428=ORIENTED_EDGE('',*,*,#2652,.F.);
#3429=ORIENTED_EDGE('',*,*,#2653,.F.);
#3430=ORIENTED_EDGE('',*,*,#2652,.T.);
#3431=ORIENTED_EDGE('',*,*,#2654,.F.);
#3432=ORIENTED_EDGE('',*,*,#2655,.F.);
#3433=ORIENTED_EDGE('',*,*,#2656,.F.);
#3434=ORIENTED_EDGE('',*,*,#2657,.T.);
#3435=ORIENTED_EDGE('',*,*,#2658,.F.);
#3436=ORIENTED_EDGE('',*,*,#2644,.F.);
#3437=ORIENTED_EDGE('',*,*,#2659,.F.);
#3438=ORIENTED_EDGE('',*,*,#2655,.T.);
#3439=ORIENTED_EDGE('',*,*,#2660,.F.);
#3440=ORIENTED_EDGE('',*,*,#2657,.F.);
#3441=ORIENTED_EDGE('',*,*,#2661,.F.);
#3442=ORIENTED_EDGE('',*,*,#2662,.T.);
#3443=ORIENTED_EDGE('',*,*,#2663,.F.);
#3444=ORIENTED_EDGE('',*,*,#2664,.F.);
#3445=ORIENTED_EDGE('',*,*,#2665,.F.);
#3446=ORIENTED_EDGE('',*,*,#2664,.T.);
#3447=ORIENTED_EDGE('',*,*,#2666,.F.);
#3448=ORIENTED_EDGE('',*,*,#2667,.F.);
#3449=ORIENTED_EDGE('',*,*,#2668,.F.);
#3450=ORIENTED_EDGE('',*,*,#2667,.T.);
#3451=ORIENTED_EDGE('',*,*,#2669,.F.);
#3452=ORIENTED_EDGE('',*,*,#2670,.F.);
#3453=ORIENTED_EDGE('',*,*,#2671,.F.);
#3454=ORIENTED_EDGE('',*,*,#2670,.T.);
#3455=ORIENTED_EDGE('',*,*,#2672,.F.);
#3456=ORIENTED_EDGE('',*,*,#2673,.F.);
#3457=ORIENTED_EDGE('',*,*,#2674,.F.);
#3458=ORIENTED_EDGE('',*,*,#2675,.T.);
#3459=ORIENTED_EDGE('',*,*,#2676,.F.);
#3460=ORIENTED_EDGE('',*,*,#2662,.F.);
#3461=ORIENTED_EDGE('',*,*,#2677,.F.);
#3462=ORIENTED_EDGE('',*,*,#2673,.T.);
#3463=ORIENTED_EDGE('',*,*,#2678,.F.);
#3464=ORIENTED_EDGE('',*,*,#2675,.F.);
#3465=ORIENTED_EDGE('',*,*,#2679,.F.);
#3466=ORIENTED_EDGE('',*,*,#2680,.T.);
#3467=ORIENTED_EDGE('',*,*,#2681,.F.);
#3468=ORIENTED_EDGE('',*,*,#2682,.F.);
#3469=ORIENTED_EDGE('',*,*,#2683,.F.);
#3470=ORIENTED_EDGE('',*,*,#2682,.T.);
#3471=ORIENTED_EDGE('',*,*,#2684,.F.);
#3472=ORIENTED_EDGE('',*,*,#2685,.F.);
#3473=ORIENTED_EDGE('',*,*,#2686,.F.);
#3474=ORIENTED_EDGE('',*,*,#2685,.T.);
#3475=ORIENTED_EDGE('',*,*,#2687,.F.);
#3476=ORIENTED_EDGE('',*,*,#2688,.F.);
#3477=ORIENTED_EDGE('',*,*,#2689,.F.);
#3478=ORIENTED_EDGE('',*,*,#2688,.T.);
#3479=ORIENTED_EDGE('',*,*,#2690,.F.);
#3480=ORIENTED_EDGE('',*,*,#2691,.F.);
#3481=ORIENTED_EDGE('',*,*,#2692,.F.);
#3482=ORIENTED_EDGE('',*,*,#2693,.T.);
#3483=ORIENTED_EDGE('',*,*,#2694,.F.);
#3484=ORIENTED_EDGE('',*,*,#2680,.F.);
#3485=ORIENTED_EDGE('',*,*,#2695,.F.);
#3486=ORIENTED_EDGE('',*,*,#2691,.T.);
#3487=ORIENTED_EDGE('',*,*,#2696,.F.);
#3488=ORIENTED_EDGE('',*,*,#2693,.F.);
#3489=ORIENTED_EDGE('',*,*,#2697,.F.);
#3490=ORIENTED_EDGE('',*,*,#2698,.T.);
#3491=ORIENTED_EDGE('',*,*,#2699,.F.);
#3492=ORIENTED_EDGE('',*,*,#2700,.F.);
#3493=ORIENTED_EDGE('',*,*,#2701,.F.);
#3494=ORIENTED_EDGE('',*,*,#2700,.T.);
#3495=ORIENTED_EDGE('',*,*,#2702,.F.);
#3496=ORIENTED_EDGE('',*,*,#2703,.F.);
#3497=ORIENTED_EDGE('',*,*,#2704,.F.);
#3498=ORIENTED_EDGE('',*,*,#2703,.T.);
#3499=ORIENTED_EDGE('',*,*,#2705,.F.);
#3500=ORIENTED_EDGE('',*,*,#2706,.F.);
#3501=ORIENTED_EDGE('',*,*,#2707,.F.);
#3502=ORIENTED_EDGE('',*,*,#2706,.T.);
#3503=ORIENTED_EDGE('',*,*,#2708,.F.);
#3504=ORIENTED_EDGE('',*,*,#2709,.F.);
#3505=ORIENTED_EDGE('',*,*,#2710,.F.);
#3506=ORIENTED_EDGE('',*,*,#2711,.T.);
#3507=ORIENTED_EDGE('',*,*,#2712,.F.);
#3508=ORIENTED_EDGE('',*,*,#2698,.F.);
#3509=ORIENTED_EDGE('',*,*,#2713,.F.);
#3510=ORIENTED_EDGE('',*,*,#2709,.T.);
#3511=ORIENTED_EDGE('',*,*,#2714,.F.);
#3512=ORIENTED_EDGE('',*,*,#2711,.F.);
#3513=ORIENTED_EDGE('',*,*,#2715,.F.);
#3514=ORIENTED_EDGE('',*,*,#2716,.T.);
#3515=ORIENTED_EDGE('',*,*,#2717,.F.);
#3516=ORIENTED_EDGE('',*,*,#2718,.F.);
#3517=ORIENTED_EDGE('',*,*,#2719,.F.);
#3518=ORIENTED_EDGE('',*,*,#2718,.T.);
#3519=ORIENTED_EDGE('',*,*,#2720,.F.);
#3520=ORIENTED_EDGE('',*,*,#2721,.F.);
#3521=ORIENTED_EDGE('',*,*,#2722,.F.);
#3522=ORIENTED_EDGE('',*,*,#2721,.T.);
#3523=ORIENTED_EDGE('',*,*,#2723,.F.);
#3524=ORIENTED_EDGE('',*,*,#2724,.F.);
#3525=ORIENTED_EDGE('',*,*,#2725,.F.);
#3526=ORIENTED_EDGE('',*,*,#2724,.T.);
#3527=ORIENTED_EDGE('',*,*,#2726,.F.);
#3528=ORIENTED_EDGE('',*,*,#2727,.F.);
#3529=ORIENTED_EDGE('',*,*,#2728,.F.);
#3530=ORIENTED_EDGE('',*,*,#2729,.T.);
#3531=ORIENTED_EDGE('',*,*,#2730,.F.);
#3532=ORIENTED_EDGE('',*,*,#2716,.F.);
#3533=ORIENTED_EDGE('',*,*,#2731,.F.);
#3534=ORIENTED_EDGE('',*,*,#2727,.T.);
#3535=ORIENTED_EDGE('',*,*,#2732,.F.);
#3536=ORIENTED_EDGE('',*,*,#2729,.F.);
#3537=ORIENTED_EDGE('',*,*,#2733,.F.);
#3538=ORIENTED_EDGE('',*,*,#2734,.T.);
#3539=ORIENTED_EDGE('',*,*,#2735,.F.);
#3540=ORIENTED_EDGE('',*,*,#2736,.F.);
#3541=ORIENTED_EDGE('',*,*,#2737,.F.);
#3542=ORIENTED_EDGE('',*,*,#2736,.T.);
#3543=ORIENTED_EDGE('',*,*,#2738,.F.);
#3544=ORIENTED_EDGE('',*,*,#2739,.F.);
#3545=ORIENTED_EDGE('',*,*,#2740,.F.);
#3546=ORIENTED_EDGE('',*,*,#2739,.T.);
#3547=ORIENTED_EDGE('',*,*,#2741,.F.);
#3548=ORIENTED_EDGE('',*,*,#2742,.F.);
#3549=ORIENTED_EDGE('',*,*,#2743,.F.);
#3550=ORIENTED_EDGE('',*,*,#2742,.T.);
#3551=ORIENTED_EDGE('',*,*,#2744,.F.);
#3552=ORIENTED_EDGE('',*,*,#2745,.F.);
#3553=ORIENTED_EDGE('',*,*,#2746,.F.);
#3554=ORIENTED_EDGE('',*,*,#2747,.T.);
#3555=ORIENTED_EDGE('',*,*,#2748,.F.);
#3556=ORIENTED_EDGE('',*,*,#2734,.F.);
#3557=ORIENTED_EDGE('',*,*,#2749,.F.);
#3558=ORIENTED_EDGE('',*,*,#2745,.T.);
#3559=ORIENTED_EDGE('',*,*,#2750,.F.);
#3560=ORIENTED_EDGE('',*,*,#2747,.F.);
#3561=ORIENTED_EDGE('',*,*,#2751,.F.);
#3562=ORIENTED_EDGE('',*,*,#2752,.T.);
#3563=ORIENTED_EDGE('',*,*,#2753,.F.);
#3564=ORIENTED_EDGE('',*,*,#2754,.F.);
#3565=ORIENTED_EDGE('',*,*,#2755,.F.);
#3566=ORIENTED_EDGE('',*,*,#2754,.T.);
#3567=ORIENTED_EDGE('',*,*,#2756,.F.);
#3568=ORIENTED_EDGE('',*,*,#2757,.F.);
#3569=ORIENTED_EDGE('',*,*,#2758,.F.);
#3570=ORIENTED_EDGE('',*,*,#2757,.T.);
#3571=ORIENTED_EDGE('',*,*,#2759,.F.);
#3572=ORIENTED_EDGE('',*,*,#2760,.F.);
#3573=ORIENTED_EDGE('',*,*,#2761,.F.);
#3574=ORIENTED_EDGE('',*,*,#2760,.T.);
#3575=ORIENTED_EDGE('',*,*,#2762,.F.);
#3576=ORIENTED_EDGE('',*,*,#2763,.F.);
#3577=ORIENTED_EDGE('',*,*,#2764,.F.);
#3578=ORIENTED_EDGE('',*,*,#2765,.T.);
#3579=ORIENTED_EDGE('',*,*,#2766,.F.);
#3580=ORIENTED_EDGE('',*,*,#2752,.F.);
#3581=ORIENTED_EDGE('',*,*,#2767,.F.);
#3582=ORIENTED_EDGE('',*,*,#2763,.T.);
#3583=ORIENTED_EDGE('',*,*,#2768,.F.);
#3584=ORIENTED_EDGE('',*,*,#2765,.F.);
#3585=ORIENTED_EDGE('',*,*,#2769,.F.);
#3586=ORIENTED_EDGE('',*,*,#2770,.T.);
#3587=ORIENTED_EDGE('',*,*,#2771,.F.);
#3588=ORIENTED_EDGE('',*,*,#2772,.F.);
#3589=ORIENTED_EDGE('',*,*,#2773,.F.);
#3590=ORIENTED_EDGE('',*,*,#2772,.T.);
#3591=ORIENTED_EDGE('',*,*,#2774,.F.);
#3592=ORIENTED_EDGE('',*,*,#2775,.F.);
#3593=ORIENTED_EDGE('',*,*,#2776,.F.);
#3594=ORIENTED_EDGE('',*,*,#2775,.T.);
#3595=ORIENTED_EDGE('',*,*,#2777,.F.);
#3596=ORIENTED_EDGE('',*,*,#2778,.F.);
#3597=ORIENTED_EDGE('',*,*,#2779,.F.);
#3598=ORIENTED_EDGE('',*,*,#2778,.T.);
#3599=ORIENTED_EDGE('',*,*,#2780,.F.);
#3600=ORIENTED_EDGE('',*,*,#2781,.F.);
#3601=ORIENTED_EDGE('',*,*,#2782,.F.);
#3602=ORIENTED_EDGE('',*,*,#2783,.T.);
#3603=ORIENTED_EDGE('',*,*,#2784,.F.);
#3604=ORIENTED_EDGE('',*,*,#2770,.F.);
#3605=ORIENTED_EDGE('',*,*,#2785,.F.);
#3606=ORIENTED_EDGE('',*,*,#2781,.T.);
#3607=ORIENTED_EDGE('',*,*,#2786,.F.);
#3608=ORIENTED_EDGE('',*,*,#2783,.F.);
#3609=ORIENTED_EDGE('',*,*,#2787,.F.);
#3610=ORIENTED_EDGE('',*,*,#2788,.T.);
#3611=ORIENTED_EDGE('',*,*,#2789,.F.);
#3612=ORIENTED_EDGE('',*,*,#2790,.F.);
#3613=ORIENTED_EDGE('',*,*,#2791,.F.);
#3614=ORIENTED_EDGE('',*,*,#2790,.T.);
#3615=ORIENTED_EDGE('',*,*,#2792,.F.);
#3616=ORIENTED_EDGE('',*,*,#2793,.F.);
#3617=ORIENTED_EDGE('',*,*,#2794,.F.);
#3618=ORIENTED_EDGE('',*,*,#2793,.T.);
#3619=ORIENTED_EDGE('',*,*,#2795,.F.);
#3620=ORIENTED_EDGE('',*,*,#2796,.F.);
#3621=ORIENTED_EDGE('',*,*,#2797,.F.);
#3622=ORIENTED_EDGE('',*,*,#2796,.T.);
#3623=ORIENTED_EDGE('',*,*,#2798,.F.);
#3624=ORIENTED_EDGE('',*,*,#2799,.F.);
#3625=ORIENTED_EDGE('',*,*,#2800,.F.);
#3626=ORIENTED_EDGE('',*,*,#2801,.T.);
#3627=ORIENTED_EDGE('',*,*,#2802,.F.);
#3628=ORIENTED_EDGE('',*,*,#2788,.F.);
#3629=ORIENTED_EDGE('',*,*,#2803,.F.);
#3630=ORIENTED_EDGE('',*,*,#2799,.T.);
#3631=ORIENTED_EDGE('',*,*,#2804,.F.);
#3632=ORIENTED_EDGE('',*,*,#2801,.F.);
#3633=ORIENTED_EDGE('',*,*,#2805,.F.);
#3634=ORIENTED_EDGE('',*,*,#2806,.T.);
#3635=ORIENTED_EDGE('',*,*,#2807,.F.);
#3636=ORIENTED_EDGE('',*,*,#2808,.F.);
#3637=ORIENTED_EDGE('',*,*,#2809,.F.);
#3638=ORIENTED_EDGE('',*,*,#2808,.T.);
#3639=ORIENTED_EDGE('',*,*,#2810,.F.);
#3640=ORIENTED_EDGE('',*,*,#2811,.F.);
#3641=ORIENTED_EDGE('',*,*,#2812,.F.);
#3642=ORIENTED_EDGE('',*,*,#2811,.T.);
#3643=ORIENTED_EDGE('',*,*,#2813,.F.);
#3644=ORIENTED_EDGE('',*,*,#2814,.F.);
#3645=ORIENTED_EDGE('',*,*,#2815,.F.);
#3646=ORIENTED_EDGE('',*,*,#2814,.T.);
#3647=ORIENTED_EDGE('',*,*,#2816,.F.);
#3648=ORIENTED_EDGE('',*,*,#2817,.F.);
#3649=ORIENTED_EDGE('',*,*,#2818,.F.);
#3650=ORIENTED_EDGE('',*,*,#2819,.T.);
#3651=ORIENTED_EDGE('',*,*,#2820,.F.);
#3652=ORIENTED_EDGE('',*,*,#2806,.F.);
#3653=ORIENTED_EDGE('',*,*,#2821,.F.);
#3654=ORIENTED_EDGE('',*,*,#2817,.T.);
#3655=ORIENTED_EDGE('',*,*,#2822,.F.);
#3656=ORIENTED_EDGE('',*,*,#2819,.F.);
#3657=ORIENTED_EDGE('',*,*,#2823,.F.);
#3658=ORIENTED_EDGE('',*,*,#2824,.T.);
#3659=ORIENTED_EDGE('',*,*,#2825,.F.);
#3660=ORIENTED_EDGE('',*,*,#2826,.F.);
#3661=ORIENTED_EDGE('',*,*,#2827,.F.);
#3662=ORIENTED_EDGE('',*,*,#2826,.T.);
#3663=ORIENTED_EDGE('',*,*,#2828,.F.);
#3664=ORIENTED_EDGE('',*,*,#2829,.F.);
#3665=ORIENTED_EDGE('',*,*,#2830,.F.);
#3666=ORIENTED_EDGE('',*,*,#2829,.T.);
#3667=ORIENTED_EDGE('',*,*,#2831,.F.);
#3668=ORIENTED_EDGE('',*,*,#2832,.F.);
#3669=ORIENTED_EDGE('',*,*,#2833,.F.);
#3670=ORIENTED_EDGE('',*,*,#2832,.T.);
#3671=ORIENTED_EDGE('',*,*,#2834,.F.);
#3672=ORIENTED_EDGE('',*,*,#2835,.F.);
#3673=ORIENTED_EDGE('',*,*,#2836,.F.);
#3674=ORIENTED_EDGE('',*,*,#2837,.T.);
#3675=ORIENTED_EDGE('',*,*,#2838,.F.);
#3676=ORIENTED_EDGE('',*,*,#2824,.F.);
#3677=ORIENTED_EDGE('',*,*,#2839,.F.);
#3678=ORIENTED_EDGE('',*,*,#2835,.T.);
#3679=ORIENTED_EDGE('',*,*,#2840,.F.);
#3680=ORIENTED_EDGE('',*,*,#2837,.F.);
#3681=ORIENTED_EDGE('',*,*,#2841,.F.);
#3682=ORIENTED_EDGE('',*,*,#2842,.T.);
#3683=ORIENTED_EDGE('',*,*,#2843,.F.);
#3684=ORIENTED_EDGE('',*,*,#2844,.F.);
#3685=ORIENTED_EDGE('',*,*,#2845,.F.);
#3686=ORIENTED_EDGE('',*,*,#2844,.T.);
#3687=ORIENTED_EDGE('',*,*,#2846,.F.);
#3688=ORIENTED_EDGE('',*,*,#2847,.F.);
#3689=ORIENTED_EDGE('',*,*,#2848,.F.);
#3690=ORIENTED_EDGE('',*,*,#2847,.T.);
#3691=ORIENTED_EDGE('',*,*,#2849,.F.);
#3692=ORIENTED_EDGE('',*,*,#2850,.F.);
#3693=ORIENTED_EDGE('',*,*,#2851,.F.);
#3694=ORIENTED_EDGE('',*,*,#2850,.T.);
#3695=ORIENTED_EDGE('',*,*,#2852,.F.);
#3696=ORIENTED_EDGE('',*,*,#2853,.F.);
#3697=ORIENTED_EDGE('',*,*,#2854,.F.);
#3698=ORIENTED_EDGE('',*,*,#2855,.T.);
#3699=ORIENTED_EDGE('',*,*,#2856,.F.);
#3700=ORIENTED_EDGE('',*,*,#2842,.F.);
#3701=ORIENTED_EDGE('',*,*,#2857,.F.);
#3702=ORIENTED_EDGE('',*,*,#2853,.T.);
#3703=ORIENTED_EDGE('',*,*,#2858,.F.);
#3704=ORIENTED_EDGE('',*,*,#2855,.F.);
#3705=ORIENTED_EDGE('',*,*,#2859,.F.);
#3706=ORIENTED_EDGE('',*,*,#2860,.T.);
#3707=ORIENTED_EDGE('',*,*,#2861,.F.);
#3708=ORIENTED_EDGE('',*,*,#2862,.F.);
#3709=ORIENTED_EDGE('',*,*,#2863,.F.);
#3710=ORIENTED_EDGE('',*,*,#2862,.T.);
#3711=ORIENTED_EDGE('',*,*,#2864,.F.);
#3712=ORIENTED_EDGE('',*,*,#2865,.F.);
#3713=ORIENTED_EDGE('',*,*,#2866,.F.);
#3714=ORIENTED_EDGE('',*,*,#2865,.T.);
#3715=ORIENTED_EDGE('',*,*,#2867,.F.);
#3716=ORIENTED_EDGE('',*,*,#2868,.F.);
#3717=ORIENTED_EDGE('',*,*,#2869,.F.);
#3718=ORIENTED_EDGE('',*,*,#2868,.T.);
#3719=ORIENTED_EDGE('',*,*,#2870,.F.);
#3720=ORIENTED_EDGE('',*,*,#2871,.F.);
#3721=ORIENTED_EDGE('',*,*,#2872,.F.);
#3722=ORIENTED_EDGE('',*,*,#2873,.T.);
#3723=ORIENTED_EDGE('',*,*,#2874,.F.);
#3724=ORIENTED_EDGE('',*,*,#2860,.F.);
#3725=ORIENTED_EDGE('',*,*,#2875,.F.);
#3726=ORIENTED_EDGE('',*,*,#2871,.T.);
#3727=ORIENTED_EDGE('',*,*,#2876,.F.);
#3728=ORIENTED_EDGE('',*,*,#2873,.F.);
#3729=ORIENTED_EDGE('',*,*,#2877,.F.);
#3730=ORIENTED_EDGE('',*,*,#2878,.T.);
#3731=ORIENTED_EDGE('',*,*,#2879,.F.);
#3732=ORIENTED_EDGE('',*,*,#2880,.F.);
#3733=ORIENTED_EDGE('',*,*,#2881,.F.);
#3734=ORIENTED_EDGE('',*,*,#2880,.T.);
#3735=ORIENTED_EDGE('',*,*,#2882,.F.);
#3736=ORIENTED_EDGE('',*,*,#2883,.F.);
#3737=ORIENTED_EDGE('',*,*,#2884,.F.);
#3738=ORIENTED_EDGE('',*,*,#2883,.T.);
#3739=ORIENTED_EDGE('',*,*,#2885,.F.);
#3740=ORIENTED_EDGE('',*,*,#2886,.F.);
#3741=ORIENTED_EDGE('',*,*,#2887,.F.);
#3742=ORIENTED_EDGE('',*,*,#2886,.T.);
#3743=ORIENTED_EDGE('',*,*,#2888,.F.);
#3744=ORIENTED_EDGE('',*,*,#2889,.F.);
#3745=ORIENTED_EDGE('',*,*,#2890,.F.);
#3746=ORIENTED_EDGE('',*,*,#2891,.T.);
#3747=ORIENTED_EDGE('',*,*,#2892,.F.);
#3748=ORIENTED_EDGE('',*,*,#2878,.F.);
#3749=ORIENTED_EDGE('',*,*,#2893,.F.);
#3750=ORIENTED_EDGE('',*,*,#2889,.T.);
#3751=ORIENTED_EDGE('',*,*,#2894,.F.);
#3752=ORIENTED_EDGE('',*,*,#2891,.F.);
#3753=ORIENTED_EDGE('',*,*,#2895,.F.);
#3754=ORIENTED_EDGE('',*,*,#2896,.T.);
#3755=ORIENTED_EDGE('',*,*,#2897,.F.);
#3756=ORIENTED_EDGE('',*,*,#2898,.F.);
#3757=ORIENTED_EDGE('',*,*,#2899,.F.);
#3758=ORIENTED_EDGE('',*,*,#2898,.T.);
#3759=ORIENTED_EDGE('',*,*,#2900,.F.);
#3760=ORIENTED_EDGE('',*,*,#2901,.F.);
#3761=ORIENTED_EDGE('',*,*,#2902,.F.);
#3762=ORIENTED_EDGE('',*,*,#2901,.T.);
#3763=ORIENTED_EDGE('',*,*,#2903,.F.);
#3764=ORIENTED_EDGE('',*,*,#2904,.F.);
#3765=ORIENTED_EDGE('',*,*,#2905,.F.);
#3766=ORIENTED_EDGE('',*,*,#2904,.T.);
#3767=ORIENTED_EDGE('',*,*,#2906,.F.);
#3768=ORIENTED_EDGE('',*,*,#2907,.F.);
#3769=ORIENTED_EDGE('',*,*,#2908,.F.);
#3770=ORIENTED_EDGE('',*,*,#2909,.T.);
#3771=ORIENTED_EDGE('',*,*,#2910,.F.);
#3772=ORIENTED_EDGE('',*,*,#2896,.F.);
#3773=ORIENTED_EDGE('',*,*,#2911,.F.);
#3774=ORIENTED_EDGE('',*,*,#2907,.T.);
#3775=ORIENTED_EDGE('',*,*,#2912,.F.);
#3776=ORIENTED_EDGE('',*,*,#2909,.F.);
#3777=ORIENTED_EDGE('',*,*,#2913,.F.);
#3778=ORIENTED_EDGE('',*,*,#2914,.T.);
#3779=ORIENTED_EDGE('',*,*,#2915,.F.);
#3780=ORIENTED_EDGE('',*,*,#2916,.F.);
#3781=ORIENTED_EDGE('',*,*,#2917,.F.);
#3782=ORIENTED_EDGE('',*,*,#2916,.T.);
#3783=ORIENTED_EDGE('',*,*,#2918,.F.);
#3784=ORIENTED_EDGE('',*,*,#2919,.F.);
#3785=ORIENTED_EDGE('',*,*,#2920,.F.);
#3786=ORIENTED_EDGE('',*,*,#2919,.T.);
#3787=ORIENTED_EDGE('',*,*,#2921,.F.);
#3788=ORIENTED_EDGE('',*,*,#2922,.F.);
#3789=ORIENTED_EDGE('',*,*,#2923,.F.);
#3790=ORIENTED_EDGE('',*,*,#2922,.T.);
#3791=ORIENTED_EDGE('',*,*,#2924,.F.);
#3792=ORIENTED_EDGE('',*,*,#2925,.F.);
#3793=ORIENTED_EDGE('',*,*,#2926,.F.);
#3794=ORIENTED_EDGE('',*,*,#2927,.T.);
#3795=ORIENTED_EDGE('',*,*,#2928,.F.);
#3796=ORIENTED_EDGE('',*,*,#2914,.F.);
#3797=ORIENTED_EDGE('',*,*,#2929,.F.);
#3798=ORIENTED_EDGE('',*,*,#2925,.T.);
#3799=ORIENTED_EDGE('',*,*,#2930,.F.);
#3800=ORIENTED_EDGE('',*,*,#2927,.F.);
#3801=ORIENTED_EDGE('',*,*,#2931,.F.);
#3802=ORIENTED_EDGE('',*,*,#2932,.T.);
#3803=ORIENTED_EDGE('',*,*,#2933,.F.);
#3804=ORIENTED_EDGE('',*,*,#2934,.F.);
#3805=ORIENTED_EDGE('',*,*,#2935,.F.);
#3806=ORIENTED_EDGE('',*,*,#2934,.T.);
#3807=ORIENTED_EDGE('',*,*,#2936,.F.);
#3808=ORIENTED_EDGE('',*,*,#2937,.F.);
#3809=ORIENTED_EDGE('',*,*,#2938,.F.);
#3810=ORIENTED_EDGE('',*,*,#2937,.T.);
#3811=ORIENTED_EDGE('',*,*,#2939,.F.);
#3812=ORIENTED_EDGE('',*,*,#2940,.F.);
#3813=ORIENTED_EDGE('',*,*,#2941,.F.);
#3814=ORIENTED_EDGE('',*,*,#2940,.T.);
#3815=ORIENTED_EDGE('',*,*,#2942,.F.);
#3816=ORIENTED_EDGE('',*,*,#2943,.F.);
#3817=ORIENTED_EDGE('',*,*,#2944,.F.);
#3818=ORIENTED_EDGE('',*,*,#2945,.T.);
#3819=ORIENTED_EDGE('',*,*,#2946,.F.);
#3820=ORIENTED_EDGE('',*,*,#2932,.F.);
#3821=ORIENTED_EDGE('',*,*,#2947,.F.);
#3822=ORIENTED_EDGE('',*,*,#2943,.T.);
#3823=ORIENTED_EDGE('',*,*,#2948,.F.);
#3824=ORIENTED_EDGE('',*,*,#2945,.F.);
#3825=ORIENTED_EDGE('',*,*,#2949,.F.);
#3826=ORIENTED_EDGE('',*,*,#2950,.T.);
#3827=ORIENTED_EDGE('',*,*,#2951,.F.);
#3828=ORIENTED_EDGE('',*,*,#2952,.F.);
#3829=ORIENTED_EDGE('',*,*,#2953,.F.);
#3830=ORIENTED_EDGE('',*,*,#2952,.T.);
#3831=ORIENTED_EDGE('',*,*,#2954,.F.);
#3832=ORIENTED_EDGE('',*,*,#2955,.F.);
#3833=ORIENTED_EDGE('',*,*,#2956,.F.);
#3834=ORIENTED_EDGE('',*,*,#2955,.T.);
#3835=ORIENTED_EDGE('',*,*,#2957,.F.);
#3836=ORIENTED_EDGE('',*,*,#2958,.F.);
#3837=ORIENTED_EDGE('',*,*,#2959,.F.);
#3838=ORIENTED_EDGE('',*,*,#2958,.T.);
#3839=ORIENTED_EDGE('',*,*,#2960,.F.);
#3840=ORIENTED_EDGE('',*,*,#2961,.F.);
#3841=ORIENTED_EDGE('',*,*,#2962,.F.);
#3842=ORIENTED_EDGE('',*,*,#2963,.T.);
#3843=ORIENTED_EDGE('',*,*,#2964,.F.);
#3844=ORIENTED_EDGE('',*,*,#2950,.F.);
#3845=ORIENTED_EDGE('',*,*,#2965,.F.);
#3846=ORIENTED_EDGE('',*,*,#2961,.T.);
#3847=ORIENTED_EDGE('',*,*,#2966,.F.);
#3848=ORIENTED_EDGE('',*,*,#2963,.F.);
#3849=ORIENTED_EDGE('',*,*,#2967,.F.);
#3850=ORIENTED_EDGE('',*,*,#2968,.T.);
#3851=ORIENTED_EDGE('',*,*,#2969,.F.);
#3852=ORIENTED_EDGE('',*,*,#2970,.F.);
#3853=ORIENTED_EDGE('',*,*,#2971,.F.);
#3854=ORIENTED_EDGE('',*,*,#2970,.T.);
#3855=ORIENTED_EDGE('',*,*,#2972,.F.);
#3856=ORIENTED_EDGE('',*,*,#2973,.F.);
#3857=ORIENTED_EDGE('',*,*,#2974,.F.);
#3858=ORIENTED_EDGE('',*,*,#2973,.T.);
#3859=ORIENTED_EDGE('',*,*,#2975,.F.);
#3860=ORIENTED_EDGE('',*,*,#2976,.F.);
#3861=ORIENTED_EDGE('',*,*,#2977,.F.);
#3862=ORIENTED_EDGE('',*,*,#2976,.T.);
#3863=ORIENTED_EDGE('',*,*,#2978,.F.);
#3864=ORIENTED_EDGE('',*,*,#2979,.F.);
#3865=ORIENTED_EDGE('',*,*,#2980,.F.);
#3866=ORIENTED_EDGE('',*,*,#2981,.T.);
#3867=ORIENTED_EDGE('',*,*,#2982,.F.);
#3868=ORIENTED_EDGE('',*,*,#2968,.F.);
#3869=ORIENTED_EDGE('',*,*,#2983,.F.);
#3870=ORIENTED_EDGE('',*,*,#2979,.T.);
#3871=ORIENTED_EDGE('',*,*,#2984,.F.);
#3872=ORIENTED_EDGE('',*,*,#2981,.F.);
#3873=ORIENTED_EDGE('',*,*,#2985,.F.);
#3874=ORIENTED_EDGE('',*,*,#2986,.T.);
#3875=ORIENTED_EDGE('',*,*,#2987,.F.);
#3876=ORIENTED_EDGE('',*,*,#2988,.F.);
#3877=ORIENTED_EDGE('',*,*,#2989,.F.);
#3878=ORIENTED_EDGE('',*,*,#2988,.T.);
#3879=ORIENTED_EDGE('',*,*,#2990,.F.);
#3880=ORIENTED_EDGE('',*,*,#2991,.F.);
#3881=ORIENTED_EDGE('',*,*,#2992,.F.);
#3882=ORIENTED_EDGE('',*,*,#2991,.T.);
#3883=ORIENTED_EDGE('',*,*,#2993,.F.);
#3884=ORIENTED_EDGE('',*,*,#2994,.F.);
#3885=ORIENTED_EDGE('',*,*,#2995,.F.);
#3886=ORIENTED_EDGE('',*,*,#2994,.T.);
#3887=ORIENTED_EDGE('',*,*,#2996,.F.);
#3888=ORIENTED_EDGE('',*,*,#2997,.F.);
#3889=ORIENTED_EDGE('',*,*,#2998,.F.);
#3890=ORIENTED_EDGE('',*,*,#2999,.T.);
#3891=ORIENTED_EDGE('',*,*,#3000,.F.);
#3892=ORIENTED_EDGE('',*,*,#2986,.F.);
#3893=ORIENTED_EDGE('',*,*,#3001,.F.);
#3894=ORIENTED_EDGE('',*,*,#2997,.T.);
#3895=ORIENTED_EDGE('',*,*,#3002,.F.);
#3896=ORIENTED_EDGE('',*,*,#2999,.F.);
#3897=ORIENTED_EDGE('',*,*,#3003,.F.);
#3898=ORIENTED_EDGE('',*,*,#3004,.T.);
#3899=ORIENTED_EDGE('',*,*,#3005,.F.);
#3900=ORIENTED_EDGE('',*,*,#3006,.F.);
#3901=ORIENTED_EDGE('',*,*,#3007,.F.);
#3902=ORIENTED_EDGE('',*,*,#3006,.T.);
#3903=ORIENTED_EDGE('',*,*,#3008,.F.);
#3904=ORIENTED_EDGE('',*,*,#3009,.F.);
#3905=ORIENTED_EDGE('',*,*,#3010,.F.);
#3906=ORIENTED_EDGE('',*,*,#3009,.T.);
#3907=ORIENTED_EDGE('',*,*,#3011,.F.);
#3908=ORIENTED_EDGE('',*,*,#3012,.F.);
#3909=ORIENTED_EDGE('',*,*,#3013,.F.);
#3910=ORIENTED_EDGE('',*,*,#3012,.T.);
#3911=ORIENTED_EDGE('',*,*,#3014,.F.);
#3912=ORIENTED_EDGE('',*,*,#3015,.F.);
#3913=ORIENTED_EDGE('',*,*,#3016,.F.);
#3914=ORIENTED_EDGE('',*,*,#3017,.T.);
#3915=ORIENTED_EDGE('',*,*,#3018,.F.);
#3916=ORIENTED_EDGE('',*,*,#3004,.F.);
#3917=ORIENTED_EDGE('',*,*,#3019,.F.);
#3918=ORIENTED_EDGE('',*,*,#3015,.T.);
#3919=ORIENTED_EDGE('',*,*,#3020,.F.);
#3920=ORIENTED_EDGE('',*,*,#3017,.F.);
#3921=ORIENTED_EDGE('',*,*,#3021,.F.);
#3922=ORIENTED_EDGE('',*,*,#3022,.T.);
#3923=ORIENTED_EDGE('',*,*,#3023,.F.);
#3924=ORIENTED_EDGE('',*,*,#3024,.F.);
#3925=ORIENTED_EDGE('',*,*,#3025,.F.);
#3926=ORIENTED_EDGE('',*,*,#3024,.T.);
#3927=ORIENTED_EDGE('',*,*,#3026,.F.);
#3928=ORIENTED_EDGE('',*,*,#3027,.F.);
#3929=ORIENTED_EDGE('',*,*,#3028,.T.);
#3930=ORIENTED_EDGE('',*,*,#3027,.T.);
#3931=ORIENTED_EDGE('',*,*,#3029,.F.);
#3932=ORIENTED_EDGE('',*,*,#3030,.F.);
#3933=ORIENTED_EDGE('',*,*,#3031,.F.);
#3934=ORIENTED_EDGE('',*,*,#3030,.T.);
#3935=ORIENTED_EDGE('',*,*,#3032,.F.);
#3936=ORIENTED_EDGE('',*,*,#3033,.F.);
#3937=ORIENTED_EDGE('',*,*,#3034,.T.);
#3938=ORIENTED_EDGE('',*,*,#3033,.T.);
#3939=ORIENTED_EDGE('',*,*,#3035,.F.);
#3940=ORIENTED_EDGE('',*,*,#3036,.F.);
#3941=ORIENTED_EDGE('',*,*,#3037,.F.);
#3942=ORIENTED_EDGE('',*,*,#3036,.T.);
#3943=ORIENTED_EDGE('',*,*,#3038,.F.);
#3944=ORIENTED_EDGE('',*,*,#3039,.F.);
#3945=ORIENTED_EDGE('',*,*,#3040,.T.);
#3946=ORIENTED_EDGE('',*,*,#3039,.T.);
#3947=ORIENTED_EDGE('',*,*,#3041,.F.);
#3948=ORIENTED_EDGE('',*,*,#3042,.F.);
#3949=ORIENTED_EDGE('',*,*,#3043,.T.);
#3950=ORIENTED_EDGE('',*,*,#3042,.T.);
#3951=ORIENTED_EDGE('',*,*,#3044,.F.);
#3952=ORIENTED_EDGE('',*,*,#3022,.F.);
#3953=ORIENTED_EDGE('',*,*,#3044,.T.);
#3954=ORIENTED_EDGE('',*,*,#3041,.T.);
#3955=ORIENTED_EDGE('',*,*,#3038,.T.);
#3956=ORIENTED_EDGE('',*,*,#3035,.T.);
#3957=ORIENTED_EDGE('',*,*,#3032,.T.);
#3958=ORIENTED_EDGE('',*,*,#3029,.T.);
#3959=ORIENTED_EDGE('',*,*,#3026,.T.);
#3960=ORIENTED_EDGE('',*,*,#3023,.T.);
#3961=ORIENTED_EDGE('',*,*,#2419,.T.);
#3962=ORIENTED_EDGE('',*,*,#2425,.T.);
#3963=ORIENTED_EDGE('',*,*,#2422,.T.);
#3964=ORIENTED_EDGE('',*,*,#2409,.T.);
#3965=ORIENTED_EDGE('',*,*,#2413,.T.);
#3966=ORIENTED_EDGE('',*,*,#2416,.T.);
#3967=ORIENTED_EDGE('',*,*,#2437,.T.);
#3968=ORIENTED_EDGE('',*,*,#2443,.T.);
#3969=ORIENTED_EDGE('',*,*,#2440,.T.);
#3970=ORIENTED_EDGE('',*,*,#2427,.T.);
#3971=ORIENTED_EDGE('',*,*,#2431,.T.);
#3972=ORIENTED_EDGE('',*,*,#2434,.T.);
#3973=ORIENTED_EDGE('',*,*,#2455,.T.);
#3974=ORIENTED_EDGE('',*,*,#2461,.T.);
#3975=ORIENTED_EDGE('',*,*,#2458,.T.);
#3976=ORIENTED_EDGE('',*,*,#2445,.T.);
#3977=ORIENTED_EDGE('',*,*,#2449,.T.);
#3978=ORIENTED_EDGE('',*,*,#2452,.T.);
#3979=ORIENTED_EDGE('',*,*,#2473,.T.);
#3980=ORIENTED_EDGE('',*,*,#2479,.T.);
#3981=ORIENTED_EDGE('',*,*,#2476,.T.);
#3982=ORIENTED_EDGE('',*,*,#2463,.T.);
#3983=ORIENTED_EDGE('',*,*,#2467,.T.);
#3984=ORIENTED_EDGE('',*,*,#2470,.T.);
#3985=ORIENTED_EDGE('',*,*,#2491,.T.);
#3986=ORIENTED_EDGE('',*,*,#2497,.T.);
#3987=ORIENTED_EDGE('',*,*,#2494,.T.);
#3988=ORIENTED_EDGE('',*,*,#2481,.T.);
#3989=ORIENTED_EDGE('',*,*,#2485,.T.);
#3990=ORIENTED_EDGE('',*,*,#2488,.T.);
#3991=ORIENTED_EDGE('',*,*,#2509,.T.);
#3992=ORIENTED_EDGE('',*,*,#2515,.T.);
#3993=ORIENTED_EDGE('',*,*,#2512,.T.);
#3994=ORIENTED_EDGE('',*,*,#2499,.T.);
#3995=ORIENTED_EDGE('',*,*,#2503,.T.);
#3996=ORIENTED_EDGE('',*,*,#2506,.T.);
#3997=ORIENTED_EDGE('',*,*,#2527,.T.);
#3998=ORIENTED_EDGE('',*,*,#2533,.T.);
#3999=ORIENTED_EDGE('',*,*,#2530,.T.);
#4000=ORIENTED_EDGE('',*,*,#2517,.T.);
#4001=ORIENTED_EDGE('',*,*,#2521,.T.);
#4002=ORIENTED_EDGE('',*,*,#2524,.T.);
#4003=ORIENTED_EDGE('',*,*,#2545,.T.);
#4004=ORIENTED_EDGE('',*,*,#2551,.T.);
#4005=ORIENTED_EDGE('',*,*,#2548,.T.);
#4006=ORIENTED_EDGE('',*,*,#2535,.T.);
#4007=ORIENTED_EDGE('',*,*,#2539,.T.);
#4008=ORIENTED_EDGE('',*,*,#2542,.T.);
#4009=ORIENTED_EDGE('',*,*,#2563,.T.);
#4010=ORIENTED_EDGE('',*,*,#2569,.T.);
#4011=ORIENTED_EDGE('',*,*,#2566,.T.);
#4012=ORIENTED_EDGE('',*,*,#2553,.T.);
#4013=ORIENTED_EDGE('',*,*,#2557,.T.);
#4014=ORIENTED_EDGE('',*,*,#2560,.T.);
#4015=ORIENTED_EDGE('',*,*,#2581,.T.);
#4016=ORIENTED_EDGE('',*,*,#2587,.T.);
#4017=ORIENTED_EDGE('',*,*,#2584,.T.);
#4018=ORIENTED_EDGE('',*,*,#2571,.T.);
#4019=ORIENTED_EDGE('',*,*,#2575,.T.);
#4020=ORIENTED_EDGE('',*,*,#2578,.T.);
#4021=ORIENTED_EDGE('',*,*,#2599,.T.);
#4022=ORIENTED_EDGE('',*,*,#2605,.T.);
#4023=ORIENTED_EDGE('',*,*,#2602,.T.);
#4024=ORIENTED_EDGE('',*,*,#2589,.T.);
#4025=ORIENTED_EDGE('',*,*,#2593,.T.);
#4026=ORIENTED_EDGE('',*,*,#2596,.T.);
#4027=ORIENTED_EDGE('',*,*,#2617,.T.);
#4028=ORIENTED_EDGE('',*,*,#2623,.T.);
#4029=ORIENTED_EDGE('',*,*,#2620,.T.);
#4030=ORIENTED_EDGE('',*,*,#2607,.T.);
#4031=ORIENTED_EDGE('',*,*,#2611,.T.);
#4032=ORIENTED_EDGE('',*,*,#2614,.T.);
#4033=ORIENTED_EDGE('',*,*,#2635,.T.);
#4034=ORIENTED_EDGE('',*,*,#2641,.T.);
#4035=ORIENTED_EDGE('',*,*,#2638,.T.);
#4036=ORIENTED_EDGE('',*,*,#2625,.T.);
#4037=ORIENTED_EDGE('',*,*,#2629,.T.);
#4038=ORIENTED_EDGE('',*,*,#2632,.T.);
#4039=ORIENTED_EDGE('',*,*,#2653,.T.);
#4040=ORIENTED_EDGE('',*,*,#2659,.T.);
#4041=ORIENTED_EDGE('',*,*,#2656,.T.);
#4042=ORIENTED_EDGE('',*,*,#2643,.T.);
#4043=ORIENTED_EDGE('',*,*,#2647,.T.);
#4044=ORIENTED_EDGE('',*,*,#2650,.T.);
#4045=ORIENTED_EDGE('',*,*,#2671,.T.);
#4046=ORIENTED_EDGE('',*,*,#2677,.T.);
#4047=ORIENTED_EDGE('',*,*,#2674,.T.);
#4048=ORIENTED_EDGE('',*,*,#2661,.T.);
#4049=ORIENTED_EDGE('',*,*,#2665,.T.);
#4050=ORIENTED_EDGE('',*,*,#2668,.T.);
#4051=ORIENTED_EDGE('',*,*,#2689,.T.);
#4052=ORIENTED_EDGE('',*,*,#2695,.T.);
#4053=ORIENTED_EDGE('',*,*,#2692,.T.);
#4054=ORIENTED_EDGE('',*,*,#2679,.T.);
#4055=ORIENTED_EDGE('',*,*,#2683,.T.);
#4056=ORIENTED_EDGE('',*,*,#2686,.T.);
#4057=ORIENTED_EDGE('',*,*,#2707,.T.);
#4058=ORIENTED_EDGE('',*,*,#2713,.T.);
#4059=ORIENTED_EDGE('',*,*,#2710,.T.);
#4060=ORIENTED_EDGE('',*,*,#2697,.T.);
#4061=ORIENTED_EDGE('',*,*,#2701,.T.);
#4062=ORIENTED_EDGE('',*,*,#2704,.T.);
#4063=ORIENTED_EDGE('',*,*,#2725,.T.);
#4064=ORIENTED_EDGE('',*,*,#2731,.T.);
#4065=ORIENTED_EDGE('',*,*,#2728,.T.);
#4066=ORIENTED_EDGE('',*,*,#2715,.T.);
#4067=ORIENTED_EDGE('',*,*,#2719,.T.);
#4068=ORIENTED_EDGE('',*,*,#2722,.T.);
#4069=ORIENTED_EDGE('',*,*,#2743,.T.);
#4070=ORIENTED_EDGE('',*,*,#2749,.T.);
#4071=ORIENTED_EDGE('',*,*,#2746,.T.);
#4072=ORIENTED_EDGE('',*,*,#2733,.T.);
#4073=ORIENTED_EDGE('',*,*,#2737,.T.);
#4074=ORIENTED_EDGE('',*,*,#2740,.T.);
#4075=ORIENTED_EDGE('',*,*,#2761,.T.);
#4076=ORIENTED_EDGE('',*,*,#2767,.T.);
#4077=ORIENTED_EDGE('',*,*,#2764,.T.);
#4078=ORIENTED_EDGE('',*,*,#2751,.T.);
#4079=ORIENTED_EDGE('',*,*,#2755,.T.);
#4080=ORIENTED_EDGE('',*,*,#2758,.T.);
#4081=ORIENTED_EDGE('',*,*,#2779,.T.);
#4082=ORIENTED_EDGE('',*,*,#2785,.T.);
#4083=ORIENTED_EDGE('',*,*,#2782,.T.);
#4084=ORIENTED_EDGE('',*,*,#2769,.T.);
#4085=ORIENTED_EDGE('',*,*,#2773,.T.);
#4086=ORIENTED_EDGE('',*,*,#2776,.T.);
#4087=ORIENTED_EDGE('',*,*,#2797,.T.);
#4088=ORIENTED_EDGE('',*,*,#2803,.T.);
#4089=ORIENTED_EDGE('',*,*,#2800,.T.);
#4090=ORIENTED_EDGE('',*,*,#2787,.T.);
#4091=ORIENTED_EDGE('',*,*,#2791,.T.);
#4092=ORIENTED_EDGE('',*,*,#2794,.T.);
#4093=ORIENTED_EDGE('',*,*,#2815,.T.);
#4094=ORIENTED_EDGE('',*,*,#2821,.T.);
#4095=ORIENTED_EDGE('',*,*,#2818,.T.);
#4096=ORIENTED_EDGE('',*,*,#2805,.T.);
#4097=ORIENTED_EDGE('',*,*,#2809,.T.);
#4098=ORIENTED_EDGE('',*,*,#2812,.T.);
#4099=ORIENTED_EDGE('',*,*,#2833,.T.);
#4100=ORIENTED_EDGE('',*,*,#2839,.T.);
#4101=ORIENTED_EDGE('',*,*,#2836,.T.);
#4102=ORIENTED_EDGE('',*,*,#2823,.T.);
#4103=ORIENTED_EDGE('',*,*,#2827,.T.);
#4104=ORIENTED_EDGE('',*,*,#2830,.T.);
#4105=ORIENTED_EDGE('',*,*,#2851,.T.);
#4106=ORIENTED_EDGE('',*,*,#2857,.T.);
#4107=ORIENTED_EDGE('',*,*,#2854,.T.);
#4108=ORIENTED_EDGE('',*,*,#2841,.T.);
#4109=ORIENTED_EDGE('',*,*,#2845,.T.);
#4110=ORIENTED_EDGE('',*,*,#2848,.T.);
#4111=ORIENTED_EDGE('',*,*,#2869,.T.);
#4112=ORIENTED_EDGE('',*,*,#2875,.T.);
#4113=ORIENTED_EDGE('',*,*,#2872,.T.);
#4114=ORIENTED_EDGE('',*,*,#2859,.T.);
#4115=ORIENTED_EDGE('',*,*,#2863,.T.);
#4116=ORIENTED_EDGE('',*,*,#2866,.T.);
#4117=ORIENTED_EDGE('',*,*,#2887,.T.);
#4118=ORIENTED_EDGE('',*,*,#2893,.T.);
#4119=ORIENTED_EDGE('',*,*,#2890,.T.);
#4120=ORIENTED_EDGE('',*,*,#2877,.T.);
#4121=ORIENTED_EDGE('',*,*,#2881,.T.);
#4122=ORIENTED_EDGE('',*,*,#2884,.T.);
#4123=ORIENTED_EDGE('',*,*,#2905,.T.);
#4124=ORIENTED_EDGE('',*,*,#2911,.T.);
#4125=ORIENTED_EDGE('',*,*,#2908,.T.);
#4126=ORIENTED_EDGE('',*,*,#2895,.T.);
#4127=ORIENTED_EDGE('',*,*,#2899,.T.);
#4128=ORIENTED_EDGE('',*,*,#2902,.T.);
#4129=ORIENTED_EDGE('',*,*,#2923,.T.);
#4130=ORIENTED_EDGE('',*,*,#2929,.T.);
#4131=ORIENTED_EDGE('',*,*,#2926,.T.);
#4132=ORIENTED_EDGE('',*,*,#2913,.T.);
#4133=ORIENTED_EDGE('',*,*,#2917,.T.);
#4134=ORIENTED_EDGE('',*,*,#2920,.T.);
#4135=ORIENTED_EDGE('',*,*,#2941,.T.);
#4136=ORIENTED_EDGE('',*,*,#2947,.T.);
#4137=ORIENTED_EDGE('',*,*,#2944,.T.);
#4138=ORIENTED_EDGE('',*,*,#2931,.T.);
#4139=ORIENTED_EDGE('',*,*,#2935,.T.);
#4140=ORIENTED_EDGE('',*,*,#2938,.T.);
#4141=ORIENTED_EDGE('',*,*,#2959,.T.);
#4142=ORIENTED_EDGE('',*,*,#2965,.T.);
#4143=ORIENTED_EDGE('',*,*,#2962,.T.);
#4144=ORIENTED_EDGE('',*,*,#2949,.T.);
#4145=ORIENTED_EDGE('',*,*,#2953,.T.);
#4146=ORIENTED_EDGE('',*,*,#2956,.T.);
#4147=ORIENTED_EDGE('',*,*,#2977,.T.);
#4148=ORIENTED_EDGE('',*,*,#2983,.T.);
#4149=ORIENTED_EDGE('',*,*,#2980,.T.);
#4150=ORIENTED_EDGE('',*,*,#2967,.T.);
#4151=ORIENTED_EDGE('',*,*,#2971,.T.);
#4152=ORIENTED_EDGE('',*,*,#2974,.T.);
#4153=ORIENTED_EDGE('',*,*,#2995,.T.);
#4154=ORIENTED_EDGE('',*,*,#3001,.T.);
#4155=ORIENTED_EDGE('',*,*,#2998,.T.);
#4156=ORIENTED_EDGE('',*,*,#2985,.T.);
#4157=ORIENTED_EDGE('',*,*,#2989,.T.);
#4158=ORIENTED_EDGE('',*,*,#2992,.T.);
#4159=ORIENTED_EDGE('',*,*,#3013,.T.);
#4160=ORIENTED_EDGE('',*,*,#3019,.T.);
#4161=ORIENTED_EDGE('',*,*,#3016,.T.);
#4162=ORIENTED_EDGE('',*,*,#3003,.T.);
#4163=ORIENTED_EDGE('',*,*,#3007,.T.);
#4164=ORIENTED_EDGE('',*,*,#3010,.T.);
#4165=ORIENTED_EDGE('',*,*,#2397,.T.);
#4166=ORIENTED_EDGE('',*,*,#2393,.T.);
#4167=ORIENTED_EDGE('',*,*,#2389,.T.);
#4168=ORIENTED_EDGE('',*,*,#2385,.T.);
#4169=ORIENTED_EDGE('',*,*,#3043,.F.);
#4170=ORIENTED_EDGE('',*,*,#3021,.T.);
#4171=ORIENTED_EDGE('',*,*,#3025,.T.);
#4172=ORIENTED_EDGE('',*,*,#3028,.F.);
#4173=ORIENTED_EDGE('',*,*,#3031,.T.);
#4174=ORIENTED_EDGE('',*,*,#3034,.F.);
#4175=ORIENTED_EDGE('',*,*,#3037,.T.);
#4176=ORIENTED_EDGE('',*,*,#3040,.F.);
#4177=ORIENTED_EDGE('',*,*,#2402,.T.);
#4178=ORIENTED_EDGE('',*,*,#2404,.T.);
#4179=ORIENTED_EDGE('',*,*,#2406,.T.);
#4180=ORIENTED_EDGE('',*,*,#2408,.T.);
#4181=ORIENTED_EDGE('',*,*,#2420,.T.);
#4182=ORIENTED_EDGE('',*,*,#2417,.T.);
#4183=ORIENTED_EDGE('',*,*,#2414,.T.);
#4184=ORIENTED_EDGE('',*,*,#2411,.T.);
#4185=ORIENTED_EDGE('',*,*,#2424,.T.);
#4186=ORIENTED_EDGE('',*,*,#2426,.T.);
#4187=ORIENTED_EDGE('',*,*,#2438,.T.);
#4188=ORIENTED_EDGE('',*,*,#2435,.T.);
#4189=ORIENTED_EDGE('',*,*,#2432,.T.);
#4190=ORIENTED_EDGE('',*,*,#2429,.T.);
#4191=ORIENTED_EDGE('',*,*,#2442,.T.);
#4192=ORIENTED_EDGE('',*,*,#2444,.T.);
#4193=ORIENTED_EDGE('',*,*,#2456,.T.);
#4194=ORIENTED_EDGE('',*,*,#2453,.T.);
#4195=ORIENTED_EDGE('',*,*,#2450,.T.);
#4196=ORIENTED_EDGE('',*,*,#2447,.T.);
#4197=ORIENTED_EDGE('',*,*,#2460,.T.);
#4198=ORIENTED_EDGE('',*,*,#2462,.T.);
#4199=ORIENTED_EDGE('',*,*,#2474,.T.);
#4200=ORIENTED_EDGE('',*,*,#2471,.T.);
#4201=ORIENTED_EDGE('',*,*,#2468,.T.);
#4202=ORIENTED_EDGE('',*,*,#2465,.T.);
#4203=ORIENTED_EDGE('',*,*,#2478,.T.);
#4204=ORIENTED_EDGE('',*,*,#2480,.T.);
#4205=ORIENTED_EDGE('',*,*,#2492,.T.);
#4206=ORIENTED_EDGE('',*,*,#2489,.T.);
#4207=ORIENTED_EDGE('',*,*,#2486,.T.);
#4208=ORIENTED_EDGE('',*,*,#2483,.T.);
#4209=ORIENTED_EDGE('',*,*,#2496,.T.);
#4210=ORIENTED_EDGE('',*,*,#2498,.T.);
#4211=ORIENTED_EDGE('',*,*,#2510,.T.);
#4212=ORIENTED_EDGE('',*,*,#2507,.T.);
#4213=ORIENTED_EDGE('',*,*,#2504,.T.);
#4214=ORIENTED_EDGE('',*,*,#2501,.T.);
#4215=ORIENTED_EDGE('',*,*,#2514,.T.);
#4216=ORIENTED_EDGE('',*,*,#2516,.T.);
#4217=ORIENTED_EDGE('',*,*,#2528,.T.);
#4218=ORIENTED_EDGE('',*,*,#2525,.T.);
#4219=ORIENTED_EDGE('',*,*,#2522,.T.);
#4220=ORIENTED_EDGE('',*,*,#2519,.T.);
#4221=ORIENTED_EDGE('',*,*,#2532,.T.);
#4222=ORIENTED_EDGE('',*,*,#2534,.T.);
#4223=ORIENTED_EDGE('',*,*,#2546,.T.);
#4224=ORIENTED_EDGE('',*,*,#2543,.T.);
#4225=ORIENTED_EDGE('',*,*,#2540,.T.);
#4226=ORIENTED_EDGE('',*,*,#2537,.T.);
#4227=ORIENTED_EDGE('',*,*,#2550,.T.);
#4228=ORIENTED_EDGE('',*,*,#2552,.T.);
#4229=ORIENTED_EDGE('',*,*,#2564,.T.);
#4230=ORIENTED_EDGE('',*,*,#2561,.T.);
#4231=ORIENTED_EDGE('',*,*,#2558,.T.);
#4232=ORIENTED_EDGE('',*,*,#2555,.T.);
#4233=ORIENTED_EDGE('',*,*,#2568,.T.);
#4234=ORIENTED_EDGE('',*,*,#2570,.T.);
#4235=ORIENTED_EDGE('',*,*,#2582,.T.);
#4236=ORIENTED_EDGE('',*,*,#2579,.T.);
#4237=ORIENTED_EDGE('',*,*,#2576,.T.);
#4238=ORIENTED_EDGE('',*,*,#2573,.T.);
#4239=ORIENTED_EDGE('',*,*,#2586,.T.);
#4240=ORIENTED_EDGE('',*,*,#2588,.T.);
#4241=ORIENTED_EDGE('',*,*,#2600,.T.);
#4242=ORIENTED_EDGE('',*,*,#2597,.T.);
#4243=ORIENTED_EDGE('',*,*,#2594,.T.);
#4244=ORIENTED_EDGE('',*,*,#2591,.T.);
#4245=ORIENTED_EDGE('',*,*,#2604,.T.);
#4246=ORIENTED_EDGE('',*,*,#2606,.T.);
#4247=ORIENTED_EDGE('',*,*,#2618,.T.);
#4248=ORIENTED_EDGE('',*,*,#2615,.T.);
#4249=ORIENTED_EDGE('',*,*,#2612,.T.);
#4250=ORIENTED_EDGE('',*,*,#2609,.T.);
#4251=ORIENTED_EDGE('',*,*,#2622,.T.);
#4252=ORIENTED_EDGE('',*,*,#2624,.T.);
#4253=ORIENTED_EDGE('',*,*,#2636,.T.);
#4254=ORIENTED_EDGE('',*,*,#2633,.T.);
#4255=ORIENTED_EDGE('',*,*,#2630,.T.);
#4256=ORIENTED_EDGE('',*,*,#2627,.T.);
#4257=ORIENTED_EDGE('',*,*,#2640,.T.);
#4258=ORIENTED_EDGE('',*,*,#2642,.T.);
#4259=ORIENTED_EDGE('',*,*,#2654,.T.);
#4260=ORIENTED_EDGE('',*,*,#2651,.T.);
#4261=ORIENTED_EDGE('',*,*,#2648,.T.);
#4262=ORIENTED_EDGE('',*,*,#2645,.T.);
#4263=ORIENTED_EDGE('',*,*,#2658,.T.);
#4264=ORIENTED_EDGE('',*,*,#2660,.T.);
#4265=ORIENTED_EDGE('',*,*,#2672,.T.);
#4266=ORIENTED_EDGE('',*,*,#2669,.T.);
#4267=ORIENTED_EDGE('',*,*,#2666,.T.);
#4268=ORIENTED_EDGE('',*,*,#2663,.T.);
#4269=ORIENTED_EDGE('',*,*,#2676,.T.);
#4270=ORIENTED_EDGE('',*,*,#2678,.T.);
#4271=ORIENTED_EDGE('',*,*,#2690,.T.);
#4272=ORIENTED_EDGE('',*,*,#2687,.T.);
#4273=ORIENTED_EDGE('',*,*,#2684,.T.);
#4274=ORIENTED_EDGE('',*,*,#2681,.T.);
#4275=ORIENTED_EDGE('',*,*,#2694,.T.);
#4276=ORIENTED_EDGE('',*,*,#2696,.T.);
#4277=ORIENTED_EDGE('',*,*,#2708,.T.);
#4278=ORIENTED_EDGE('',*,*,#2705,.T.);
#4279=ORIENTED_EDGE('',*,*,#2702,.T.);
#4280=ORIENTED_EDGE('',*,*,#2699,.T.);
#4281=ORIENTED_EDGE('',*,*,#2712,.T.);
#4282=ORIENTED_EDGE('',*,*,#2714,.T.);
#4283=ORIENTED_EDGE('',*,*,#2726,.T.);
#4284=ORIENTED_EDGE('',*,*,#2723,.T.);
#4285=ORIENTED_EDGE('',*,*,#2720,.T.);
#4286=ORIENTED_EDGE('',*,*,#2717,.T.);
#4287=ORIENTED_EDGE('',*,*,#2730,.T.);
#4288=ORIENTED_EDGE('',*,*,#2732,.T.);
#4289=ORIENTED_EDGE('',*,*,#2744,.T.);
#4290=ORIENTED_EDGE('',*,*,#2741,.T.);
#4291=ORIENTED_EDGE('',*,*,#2738,.T.);
#4292=ORIENTED_EDGE('',*,*,#2735,.T.);
#4293=ORIENTED_EDGE('',*,*,#2748,.T.);
#4294=ORIENTED_EDGE('',*,*,#2750,.T.);
#4295=ORIENTED_EDGE('',*,*,#2762,.T.);
#4296=ORIENTED_EDGE('',*,*,#2759,.T.);
#4297=ORIENTED_EDGE('',*,*,#2756,.T.);
#4298=ORIENTED_EDGE('',*,*,#2753,.T.);
#4299=ORIENTED_EDGE('',*,*,#2766,.T.);
#4300=ORIENTED_EDGE('',*,*,#2768,.T.);
#4301=ORIENTED_EDGE('',*,*,#2780,.T.);
#4302=ORIENTED_EDGE('',*,*,#2777,.T.);
#4303=ORIENTED_EDGE('',*,*,#2774,.T.);
#4304=ORIENTED_EDGE('',*,*,#2771,.T.);
#4305=ORIENTED_EDGE('',*,*,#2784,.T.);
#4306=ORIENTED_EDGE('',*,*,#2786,.T.);
#4307=ORIENTED_EDGE('',*,*,#2798,.T.);
#4308=ORIENTED_EDGE('',*,*,#2795,.T.);
#4309=ORIENTED_EDGE('',*,*,#2792,.T.);
#4310=ORIENTED_EDGE('',*,*,#2789,.T.);
#4311=ORIENTED_EDGE('',*,*,#2802,.T.);
#4312=ORIENTED_EDGE('',*,*,#2804,.T.);
#4313=ORIENTED_EDGE('',*,*,#2816,.T.);
#4314=ORIENTED_EDGE('',*,*,#2813,.T.);
#4315=ORIENTED_EDGE('',*,*,#2810,.T.);
#4316=ORIENTED_EDGE('',*,*,#2807,.T.);
#4317=ORIENTED_EDGE('',*,*,#2820,.T.);
#4318=ORIENTED_EDGE('',*,*,#2822,.T.);
#4319=ORIENTED_EDGE('',*,*,#2834,.T.);
#4320=ORIENTED_EDGE('',*,*,#2831,.T.);
#4321=ORIENTED_EDGE('',*,*,#2828,.T.);
#4322=ORIENTED_EDGE('',*,*,#2825,.T.);
#4323=ORIENTED_EDGE('',*,*,#2838,.T.);
#4324=ORIENTED_EDGE('',*,*,#2840,.T.);
#4325=ORIENTED_EDGE('',*,*,#2852,.T.);
#4326=ORIENTED_EDGE('',*,*,#2849,.T.);
#4327=ORIENTED_EDGE('',*,*,#2846,.T.);
#4328=ORIENTED_EDGE('',*,*,#2843,.T.);
#4329=ORIENTED_EDGE('',*,*,#2856,.T.);
#4330=ORIENTED_EDGE('',*,*,#2858,.T.);
#4331=ORIENTED_EDGE('',*,*,#2870,.T.);
#4332=ORIENTED_EDGE('',*,*,#2867,.T.);
#4333=ORIENTED_EDGE('',*,*,#2864,.T.);
#4334=ORIENTED_EDGE('',*,*,#2861,.T.);
#4335=ORIENTED_EDGE('',*,*,#2874,.T.);
#4336=ORIENTED_EDGE('',*,*,#2876,.T.);
#4337=ORIENTED_EDGE('',*,*,#2888,.T.);
#4338=ORIENTED_EDGE('',*,*,#2885,.T.);
#4339=ORIENTED_EDGE('',*,*,#2882,.T.);
#4340=ORIENTED_EDGE('',*,*,#2879,.T.);
#4341=ORIENTED_EDGE('',*,*,#2892,.T.);
#4342=ORIENTED_EDGE('',*,*,#2894,.T.);
#4343=ORIENTED_EDGE('',*,*,#2906,.T.);
#4344=ORIENTED_EDGE('',*,*,#2903,.T.);
#4345=ORIENTED_EDGE('',*,*,#2900,.T.);
#4346=ORIENTED_EDGE('',*,*,#2897,.T.);
#4347=ORIENTED_EDGE('',*,*,#2910,.T.);
#4348=ORIENTED_EDGE('',*,*,#2912,.T.);
#4349=ORIENTED_EDGE('',*,*,#2924,.T.);
#4350=ORIENTED_EDGE('',*,*,#2921,.T.);
#4351=ORIENTED_EDGE('',*,*,#2918,.T.);
#4352=ORIENTED_EDGE('',*,*,#2915,.T.);
#4353=ORIENTED_EDGE('',*,*,#2928,.T.);
#4354=ORIENTED_EDGE('',*,*,#2930,.T.);
#4355=ORIENTED_EDGE('',*,*,#2942,.T.);
#4356=ORIENTED_EDGE('',*,*,#2939,.T.);
#4357=ORIENTED_EDGE('',*,*,#2936,.T.);
#4358=ORIENTED_EDGE('',*,*,#2933,.T.);
#4359=ORIENTED_EDGE('',*,*,#2946,.T.);
#4360=ORIENTED_EDGE('',*,*,#2948,.T.);
#4361=ORIENTED_EDGE('',*,*,#2960,.T.);
#4362=ORIENTED_EDGE('',*,*,#2957,.T.);
#4363=ORIENTED_EDGE('',*,*,#2954,.T.);
#4364=ORIENTED_EDGE('',*,*,#2951,.T.);
#4365=ORIENTED_EDGE('',*,*,#2964,.T.);
#4366=ORIENTED_EDGE('',*,*,#2966,.T.);
#4367=ORIENTED_EDGE('',*,*,#2978,.T.);
#4368=ORIENTED_EDGE('',*,*,#2975,.T.);
#4369=ORIENTED_EDGE('',*,*,#2972,.T.);
#4370=ORIENTED_EDGE('',*,*,#2969,.T.);
#4371=ORIENTED_EDGE('',*,*,#2982,.T.);
#4372=ORIENTED_EDGE('',*,*,#2984,.T.);
#4373=ORIENTED_EDGE('',*,*,#2996,.T.);
#4374=ORIENTED_EDGE('',*,*,#2993,.T.);
#4375=ORIENTED_EDGE('',*,*,#2990,.T.);
#4376=ORIENTED_EDGE('',*,*,#2987,.T.);
#4377=ORIENTED_EDGE('',*,*,#3000,.T.);
#4378=ORIENTED_EDGE('',*,*,#3002,.T.);
#4379=ORIENTED_EDGE('',*,*,#3014,.T.);
#4380=ORIENTED_EDGE('',*,*,#3011,.T.);
#4381=ORIENTED_EDGE('',*,*,#3008,.T.);
#4382=ORIENTED_EDGE('',*,*,#3005,.T.);
#4383=ORIENTED_EDGE('',*,*,#3018,.T.);
#4384=ORIENTED_EDGE('',*,*,#3020,.T.);
#4385=ORIENTED_EDGE('',*,*,#2380,.T.);
#4386=ORIENTED_EDGE('',*,*,#2383,.T.);
#4387=ORIENTED_EDGE('',*,*,#2373,.T.);
#4388=ORIENTED_EDGE('',*,*,#2377,.T.);
#4389=PLANE('',#4815);
#4390=PLANE('',#4816);
#4391=PLANE('',#4817);
#4392=PLANE('',#4818);
#4393=PLANE('',#4819);
#4394=PLANE('',#4844);
#4395=PLANE('',#4845);
#4396=PLANE('',#4846);
#4397=PLANE('',#4847);
#4398=PLANE('',#4848);
#4399=PLANE('',#4852);
#4400=PLANE('',#4853);
#4401=PLANE('',#4854);
#4402=PLANE('',#4855);
#4403=PLANE('',#4856);
#4404=PLANE('',#4860);
#4405=PLANE('',#4861);
#4406=PLANE('',#4862);
#4407=PLANE('',#4863);
#4408=PLANE('',#4864);
#4409=PLANE('',#4868);
#4410=PLANE('',#4869);
#4411=PLANE('',#4870);
#4412=PLANE('',#4871);
#4413=PLANE('',#4872);
#4414=PLANE('',#4876);
#4415=PLANE('',#4877);
#4416=PLANE('',#4878);
#4417=PLANE('',#4879);
#4418=PLANE('',#4880);
#4419=PLANE('',#4884);
#4420=PLANE('',#4885);
#4421=PLANE('',#4886);
#4422=PLANE('',#4887);
#4423=PLANE('',#4888);
#4424=PLANE('',#4892);
#4425=PLANE('',#4893);
#4426=PLANE('',#4894);
#4427=PLANE('',#4895);
#4428=PLANE('',#4896);
#4429=PLANE('',#4900);
#4430=PLANE('',#4901);
#4431=PLANE('',#4902);
#4432=PLANE('',#4903);
#4433=PLANE('',#4904);
#4434=PLANE('',#4908);
#4435=PLANE('',#4909);
#4436=PLANE('',#4910);
#4437=PLANE('',#4911);
#4438=PLANE('',#4912);
#4439=PLANE('',#4916);
#4440=PLANE('',#4917);
#4441=PLANE('',#4918);
#4442=PLANE('',#4919);
#4443=PLANE('',#4920);
#4444=PLANE('',#4924);
#4445=PLANE('',#4925);
#4446=PLANE('',#4926);
#4447=PLANE('',#4927);
#4448=PLANE('',#4928);
#4449=PLANE('',#4932);
#4450=PLANE('',#4933);
#4451=PLANE('',#4934);
#4452=PLANE('',#4935);
#4453=PLANE('',#4936);
#4454=PLANE('',#4940);
#4455=PLANE('',#4941);
#4456=PLANE('',#4942);
#4457=PLANE('',#4943);
#4458=PLANE('',#4944);
#4459=PLANE('',#4948);
#4460=PLANE('',#4949);
#4461=PLANE('',#4950);
#4462=PLANE('',#4951);
#4463=PLANE('',#4952);
#4464=PLANE('',#4956);
#4465=PLANE('',#4957);
#4466=PLANE('',#4958);
#4467=PLANE('',#4959);
#4468=PLANE('',#4960);
#4469=PLANE('',#4964);
#4470=PLANE('',#4965);
#4471=PLANE('',#4966);
#4472=PLANE('',#4967);
#4473=PLANE('',#4968);
#4474=PLANE('',#4972);
#4475=PLANE('',#4973);
#4476=PLANE('',#4974);
#4477=PLANE('',#4975);
#4478=PLANE('',#4976);
#4479=PLANE('',#4980);
#4480=PLANE('',#4981);
#4481=PLANE('',#4982);
#4482=PLANE('',#4983);
#4483=PLANE('',#4984);
#4484=PLANE('',#4988);
#4485=PLANE('',#4989);
#4486=PLANE('',#4990);
#4487=PLANE('',#4991);
#4488=PLANE('',#4992);
#4489=PLANE('',#4996);
#4490=PLANE('',#4997);
#4491=PLANE('',#4998);
#4492=PLANE('',#4999);
#4493=PLANE('',#5000);
#4494=PLANE('',#5004);
#4495=PLANE('',#5005);
#4496=PLANE('',#5006);
#4497=PLANE('',#5007);
#4498=PLANE('',#5008);
#4499=PLANE('',#5012);
#4500=PLANE('',#5013);
#4501=PLANE('',#5014);
#4502=PLANE('',#5015);
#4503=PLANE('',#5016);
#4504=PLANE('',#5020);
#4505=PLANE('',#5021);
#4506=PLANE('',#5022);
#4507=PLANE('',#5023);
#4508=PLANE('',#5024);
#4509=PLANE('',#5028);
#4510=PLANE('',#5029);
#4511=PLANE('',#5030);
#4512=PLANE('',#5031);
#4513=PLANE('',#5032);
#4514=PLANE('',#5036);
#4515=PLANE('',#5037);
#4516=PLANE('',#5038);
#4517=PLANE('',#5039);
#4518=PLANE('',#5040);
#4519=PLANE('',#5044);
#4520=PLANE('',#5045);
#4521=PLANE('',#5046);
#4522=PLANE('',#5047);
#4523=PLANE('',#5048);
#4524=PLANE('',#5052);
#4525=PLANE('',#5053);
#4526=PLANE('',#5054);
#4527=PLANE('',#5055);
#4528=PLANE('',#5056);
#4529=PLANE('',#5060);
#4530=PLANE('',#5061);
#4531=PLANE('',#5062);
#4532=PLANE('',#5063);
#4533=PLANE('',#5064);
#4534=PLANE('',#5068);
#4535=PLANE('',#5069);
#4536=PLANE('',#5070);
#4537=PLANE('',#5071);
#4538=PLANE('',#5072);
#4539=PLANE('',#5076);
#4540=PLANE('',#5077);
#4541=PLANE('',#5078);
#4542=PLANE('',#5079);
#4543=PLANE('',#5080);
#4544=PLANE('',#5084);
#4545=PLANE('',#5085);
#4546=PLANE('',#5086);
#4547=PLANE('',#5087);
#4548=PLANE('',#5088);
#4549=PLANE('',#5092);
#4550=PLANE('',#5093);
#4551=PLANE('',#5094);
#4552=PLANE('',#5095);
#4553=PLANE('',#5096);
#4554=PLANE('',#5100);
#4555=PLANE('',#5101);
#4556=PLANE('',#5102);
#4557=PLANE('',#5103);
#4558=PLANE('',#5104);
#4559=PLANE('',#5108);
#4560=PLANE('',#5109);
#4561=PLANE('',#5110);
#4562=PLANE('',#5111);
#4563=PLANE('',#5112);
#4564=PLANE('',#5116);
#4565=PLANE('',#5117);
#4566=PLANE('',#5118);
#4567=PLANE('',#5119);
#4568=PLANE('',#5120);
#4569=PLANE('',#5121);
#4570=PLANE('',#5122);
#4571=PLANE('',#5123);
#4572=PLANE('',#5124);
#4573=PLANE('',#5125);
#4574=ADVANCED_FACE('',(#218),#4389,.F.);
#4575=ADVANCED_FACE('',(#219),#4390,.F.);
#4576=ADVANCED_FACE('',(#220),#4391,.F.);
#4577=ADVANCED_FACE('',(#221),#4392,.F.);
#4578=ADVANCED_FACE('',(#222),#4393,.F.);
#4579=ADVANCED_FACE('',(#223),#214,.F.);
#4580=ADVANCED_FACE('',(#224),#215,.F.);
#4581=ADVANCED_FACE('',(#225),#216,.F.);
#4582=ADVANCED_FACE('',(#226),#217,.F.);
#4583=ADVANCED_FACE('',(#227),#92,.F.);
#4584=ADVANCED_FACE('',(#228),#93,.F.);
#4585=ADVANCED_FACE('',(#229),#94,.F.);
#4586=ADVANCED_FACE('',(#230),#95,.F.);
#4587=ADVANCED_FACE('',(#231),#4394,.F.);
#4588=ADVANCED_FACE('',(#232),#4395,.F.);
#4589=ADVANCED_FACE('',(#233),#4396,.F.);
#4590=ADVANCED_FACE('',(#234),#4397,.F.);
#4591=ADVANCED_FACE('',(#235),#4398,.F.);
#4592=ADVANCED_FACE('',(#236),#96,.F.);
#4593=ADVANCED_FACE('',(#237),#4399,.F.);
#4594=ADVANCED_FACE('',(#238),#4400,.F.);
#4595=ADVANCED_FACE('',(#239),#4401,.F.);
#4596=ADVANCED_FACE('',(#240),#4402,.F.);
#4597=ADVANCED_FACE('',(#241),#4403,.F.);
#4598=ADVANCED_FACE('',(#242),#97,.F.);
#4599=ADVANCED_FACE('',(#243),#4404,.F.);
#4600=ADVANCED_FACE('',(#244),#4405,.F.);
#4601=ADVANCED_FACE('',(#245),#4406,.F.);
#4602=ADVANCED_FACE('',(#246),#4407,.F.);
#4603=ADVANCED_FACE('',(#247),#4408,.F.);
#4604=ADVANCED_FACE('',(#248),#98,.F.);
#4605=ADVANCED_FACE('',(#249),#4409,.F.);
#4606=ADVANCED_FACE('',(#250),#4410,.F.);
#4607=ADVANCED_FACE('',(#251),#4411,.F.);
#4608=ADVANCED_FACE('',(#252),#4412,.F.);
#4609=ADVANCED_FACE('',(#253),#4413,.F.);
#4610=ADVANCED_FACE('',(#254),#99,.F.);
#4611=ADVANCED_FACE('',(#255),#4414,.F.);
#4612=ADVANCED_FACE('',(#256),#4415,.F.);
#4613=ADVANCED_FACE('',(#257),#4416,.F.);
#4614=ADVANCED_FACE('',(#258),#4417,.F.);
#4615=ADVANCED_FACE('',(#259),#4418,.F.);
#4616=ADVANCED_FACE('',(#260),#100,.F.);
#4617=ADVANCED_FACE('',(#261),#4419,.F.);
#4618=ADVANCED_FACE('',(#262),#4420,.F.);
#4619=ADVANCED_FACE('',(#263),#4421,.F.);
#4620=ADVANCED_FACE('',(#264),#4422,.F.);
#4621=ADVANCED_FACE('',(#265),#4423,.F.);
#4622=ADVANCED_FACE('',(#266),#101,.F.);
#4623=ADVANCED_FACE('',(#267),#4424,.F.);
#4624=ADVANCED_FACE('',(#268),#4425,.F.);
#4625=ADVANCED_FACE('',(#269),#4426,.F.);
#4626=ADVANCED_FACE('',(#270),#4427,.F.);
#4627=ADVANCED_FACE('',(#271),#4428,.F.);
#4628=ADVANCED_FACE('',(#272),#102,.F.);
#4629=ADVANCED_FACE('',(#273),#4429,.F.);
#4630=ADVANCED_FACE('',(#274),#4430,.F.);
#4631=ADVANCED_FACE('',(#275),#4431,.F.);
#4632=ADVANCED_FACE('',(#276),#4432,.F.);
#4633=ADVANCED_FACE('',(#277),#4433,.F.);
#4634=ADVANCED_FACE('',(#278),#103,.F.);
#4635=ADVANCED_FACE('',(#279),#4434,.F.);
#4636=ADVANCED_FACE('',(#280),#4435,.F.);
#4637=ADVANCED_FACE('',(#281),#4436,.F.);
#4638=ADVANCED_FACE('',(#282),#4437,.F.);
#4639=ADVANCED_FACE('',(#283),#4438,.F.);
#4640=ADVANCED_FACE('',(#284),#104,.F.);
#4641=ADVANCED_FACE('',(#285),#4439,.F.);
#4642=ADVANCED_FACE('',(#286),#4440,.F.);
#4643=ADVANCED_FACE('',(#287),#4441,.F.);
#4644=ADVANCED_FACE('',(#288),#4442,.F.);
#4645=ADVANCED_FACE('',(#289),#4443,.F.);
#4646=ADVANCED_FACE('',(#290),#105,.F.);
#4647=ADVANCED_FACE('',(#291),#4444,.F.);
#4648=ADVANCED_FACE('',(#292),#4445,.F.);
#4649=ADVANCED_FACE('',(#293),#4446,.F.);
#4650=ADVANCED_FACE('',(#294),#4447,.F.);
#4651=ADVANCED_FACE('',(#295),#4448,.F.);
#4652=ADVANCED_FACE('',(#296),#106,.F.);
#4653=ADVANCED_FACE('',(#297),#4449,.F.);
#4654=ADVANCED_FACE('',(#298),#4450,.F.);
#4655=ADVANCED_FACE('',(#299),#4451,.F.);
#4656=ADVANCED_FACE('',(#300),#4452,.F.);
#4657=ADVANCED_FACE('',(#301),#4453,.F.);
#4658=ADVANCED_FACE('',(#302),#107,.F.);
#4659=ADVANCED_FACE('',(#303),#4454,.F.);
#4660=ADVANCED_FACE('',(#304),#4455,.F.);
#4661=ADVANCED_FACE('',(#305),#4456,.F.);
#4662=ADVANCED_FACE('',(#306),#4457,.F.);
#4663=ADVANCED_FACE('',(#307),#4458,.F.);
#4664=ADVANCED_FACE('',(#308),#108,.F.);
#4665=ADVANCED_FACE('',(#309),#4459,.F.);
#4666=ADVANCED_FACE('',(#310),#4460,.F.);
#4667=ADVANCED_FACE('',(#311),#4461,.F.);
#4668=ADVANCED_FACE('',(#312),#4462,.F.);
#4669=ADVANCED_FACE('',(#313),#4463,.F.);
#4670=ADVANCED_FACE('',(#314),#109,.F.);
#4671=ADVANCED_FACE('',(#315),#4464,.F.);
#4672=ADVANCED_FACE('',(#316),#4465,.F.);
#4673=ADVANCED_FACE('',(#317),#4466,.F.);
#4674=ADVANCED_FACE('',(#318),#4467,.F.);
#4675=ADVANCED_FACE('',(#319),#4468,.F.);
#4676=ADVANCED_FACE('',(#320),#110,.F.);
#4677=ADVANCED_FACE('',(#321),#4469,.F.);
#4678=ADVANCED_FACE('',(#322),#4470,.F.);
#4679=ADVANCED_FACE('',(#323),#4471,.F.);
#4680=ADVANCED_FACE('',(#324),#4472,.F.);
#4681=ADVANCED_FACE('',(#325),#4473,.F.);
#4682=ADVANCED_FACE('',(#326),#111,.F.);
#4683=ADVANCED_FACE('',(#327),#4474,.F.);
#4684=ADVANCED_FACE('',(#328),#4475,.F.);
#4685=ADVANCED_FACE('',(#329),#4476,.F.);
#4686=ADVANCED_FACE('',(#330),#4477,.F.);
#4687=ADVANCED_FACE('',(#331),#4478,.F.);
#4688=ADVANCED_FACE('',(#332),#112,.F.);
#4689=ADVANCED_FACE('',(#333),#4479,.F.);
#4690=ADVANCED_FACE('',(#334),#4480,.F.);
#4691=ADVANCED_FACE('',(#335),#4481,.F.);
#4692=ADVANCED_FACE('',(#336),#4482,.F.);
#4693=ADVANCED_FACE('',(#337),#4483,.F.);
#4694=ADVANCED_FACE('',(#338),#113,.F.);
#4695=ADVANCED_FACE('',(#339),#4484,.F.);
#4696=ADVANCED_FACE('',(#340),#4485,.F.);
#4697=ADVANCED_FACE('',(#341),#4486,.F.);
#4698=ADVANCED_FACE('',(#342),#4487,.F.);
#4699=ADVANCED_FACE('',(#343),#4488,.F.);
#4700=ADVANCED_FACE('',(#344),#114,.F.);
#4701=ADVANCED_FACE('',(#345),#4489,.F.);
#4702=ADVANCED_FACE('',(#346),#4490,.F.);
#4703=ADVANCED_FACE('',(#347),#4491,.F.);
#4704=ADVANCED_FACE('',(#348),#4492,.F.);
#4705=ADVANCED_FACE('',(#349),#4493,.F.);
#4706=ADVANCED_FACE('',(#350),#115,.F.);
#4707=ADVANCED_FACE('',(#351),#4494,.F.);
#4708=ADVANCED_FACE('',(#352),#4495,.F.);
#4709=ADVANCED_FACE('',(#353),#4496,.F.);
#4710=ADVANCED_FACE('',(#354),#4497,.F.);
#4711=ADVANCED_FACE('',(#355),#4498,.F.);
#4712=ADVANCED_FACE('',(#356),#116,.F.);
#4713=ADVANCED_FACE('',(#357),#4499,.F.);
#4714=ADVANCED_FACE('',(#358),#4500,.F.);
#4715=ADVANCED_FACE('',(#359),#4501,.F.);
#4716=ADVANCED_FACE('',(#360),#4502,.F.);
#4717=ADVANCED_FACE('',(#361),#4503,.F.);
#4718=ADVANCED_FACE('',(#362),#117,.F.);
#4719=ADVANCED_FACE('',(#363),#4504,.F.);
#4720=ADVANCED_FACE('',(#364),#4505,.F.);
#4721=ADVANCED_FACE('',(#365),#4506,.F.);
#4722=ADVANCED_FACE('',(#366),#4507,.F.);
#4723=ADVANCED_FACE('',(#367),#4508,.F.);
#4724=ADVANCED_FACE('',(#368),#118,.F.);
#4725=ADVANCED_FACE('',(#369),#4509,.F.);
#4726=ADVANCED_FACE('',(#370),#4510,.F.);
#4727=ADVANCED_FACE('',(#371),#4511,.F.);
#4728=ADVANCED_FACE('',(#372),#4512,.F.);
#4729=ADVANCED_FACE('',(#373),#4513,.F.);
#4730=ADVANCED_FACE('',(#374),#119,.F.);
#4731=ADVANCED_FACE('',(#375),#4514,.F.);
#4732=ADVANCED_FACE('',(#376),#4515,.F.);
#4733=ADVANCED_FACE('',(#377),#4516,.F.);
#4734=ADVANCED_FACE('',(#378),#4517,.F.);
#4735=ADVANCED_FACE('',(#379),#4518,.F.);
#4736=ADVANCED_FACE('',(#380),#120,.F.);
#4737=ADVANCED_FACE('',(#381),#4519,.F.);
#4738=ADVANCED_FACE('',(#382),#4520,.F.);
#4739=ADVANCED_FACE('',(#383),#4521,.F.);
#4740=ADVANCED_FACE('',(#384),#4522,.F.);
#4741=ADVANCED_FACE('',(#385),#4523,.F.);
#4742=ADVANCED_FACE('',(#386),#121,.F.);
#4743=ADVANCED_FACE('',(#387),#4524,.F.);
#4744=ADVANCED_FACE('',(#388),#4525,.F.);
#4745=ADVANCED_FACE('',(#389),#4526,.F.);
#4746=ADVANCED_FACE('',(#390),#4527,.F.);
#4747=ADVANCED_FACE('',(#391),#4528,.F.);
#4748=ADVANCED_FACE('',(#392),#122,.F.);
#4749=ADVANCED_FACE('',(#393),#4529,.F.);
#4750=ADVANCED_FACE('',(#394),#4530,.F.);
#4751=ADVANCED_FACE('',(#395),#4531,.F.);
#4752=ADVANCED_FACE('',(#396),#4532,.F.);
#4753=ADVANCED_FACE('',(#397),#4533,.F.);
#4754=ADVANCED_FACE('',(#398),#123,.F.);
#4755=ADVANCED_FACE('',(#399),#4534,.F.);
#4756=ADVANCED_FACE('',(#400),#4535,.F.);
#4757=ADVANCED_FACE('',(#401),#4536,.F.);
#4758=ADVANCED_FACE('',(#402),#4537,.F.);
#4759=ADVANCED_FACE('',(#403),#4538,.F.);
#4760=ADVANCED_FACE('',(#404),#124,.F.);
#4761=ADVANCED_FACE('',(#405),#4539,.F.);
#4762=ADVANCED_FACE('',(#406),#4540,.F.);
#4763=ADVANCED_FACE('',(#407),#4541,.F.);
#4764=ADVANCED_FACE('',(#408),#4542,.F.);
#4765=ADVANCED_FACE('',(#409),#4543,.F.);
#4766=ADVANCED_FACE('',(#410),#125,.F.);
#4767=ADVANCED_FACE('',(#411),#4544,.F.);
#4768=ADVANCED_FACE('',(#412),#4545,.F.);
#4769=ADVANCED_FACE('',(#413),#4546,.F.);
#4770=ADVANCED_FACE('',(#414),#4547,.F.);
#4771=ADVANCED_FACE('',(#415),#4548,.F.);
#4772=ADVANCED_FACE('',(#416),#126,.F.);
#4773=ADVANCED_FACE('',(#417),#4549,.F.);
#4774=ADVANCED_FACE('',(#418),#4550,.F.);
#4775=ADVANCED_FACE('',(#419),#4551,.F.);
#4776=ADVANCED_FACE('',(#420),#4552,.F.);
#4777=ADVANCED_FACE('',(#421),#4553,.F.);
#4778=ADVANCED_FACE('',(#422),#127,.F.);
#4779=ADVANCED_FACE('',(#423),#4554,.F.);
#4780=ADVANCED_FACE('',(#424),#4555,.F.);
#4781=ADVANCED_FACE('',(#425),#4556,.F.);
#4782=ADVANCED_FACE('',(#426),#4557,.F.);
#4783=ADVANCED_FACE('',(#427),#4558,.F.);
#4784=ADVANCED_FACE('',(#428),#128,.F.);
#4785=ADVANCED_FACE('',(#429),#4559,.F.);
#4786=ADVANCED_FACE('',(#430),#4560,.F.);
#4787=ADVANCED_FACE('',(#431),#4561,.F.);
#4788=ADVANCED_FACE('',(#432),#4562,.F.);
#4789=ADVANCED_FACE('',(#433),#4563,.F.);
#4790=ADVANCED_FACE('',(#434),#129,.F.);
#4791=ADVANCED_FACE('',(#435),#4564,.T.);
#4792=ADVANCED_FACE('',(#436),#4565,.T.);
#4793=ADVANCED_FACE('',(#437),#4566,.T.);
#4794=ADVANCED_FACE('',(#438),#4567,.T.);
#4795=ADVANCED_FACE('',(#439),#4568,.T.);
#4796=ADVANCED_FACE('',(#440),#4569,.T.);
#4797=ADVANCED_FACE('',(#441),#4570,.T.);
#4798=ADVANCED_FACE('',(#442),#4571,.T.);
#4799=ADVANCED_FACE('',(#443,#15,#16,#17,#18,#19,#20,#21,#22,#23,#24,#25,
#26,#27,#28,#29,#30,#31,#32,#33,#34,#35,#36,#37,#38,#39,#40,#41,#42,#43,
#44,#45,#46,#47,#48,#49,#50,#51,#52),#4572,.T.);
#4800=ADVANCED_FACE('',(#444,#53,#54,#55,#56,#57,#58,#59,#60,#61,#62,#63,
#64,#65,#66,#67,#68,#69,#70,#71,#72,#73,#74,#75,#76,#77,#78,#79,#80,#81,
#82,#83,#84,#85,#86,#87,#88,#89,#90,#91),#4573,.F.);
#4801=CLOSED_SHELL('',(#4574,#4575,#4576,#4577,#4578,#4579,#4580,#4581,
#4582,#4583,#4584,#4585,#4586,#4587,#4588,#4589,#4590,#4591,#4592,#4593,
#4594,#4595,#4596,#4597,#4598,#4599,#4600,#4601,#4602,#4603,#4604,#4605,
#4606,#4607,#4608,#4609,#4610,#4611,#4612,#4613,#4614,#4615,#4616,#4617,
#4618,#4619,#4620,#4621,#4622,#4623,#4624,#4625,#4626,#4627,#4628,#4629,
#4630,#4631,#4632,#4633,#4634,#4635,#4636,#4637,#4638,#4639,#4640,#4641,
#4642,#4643,#4644,#4645,#4646,#4647,#4648,#4649,#4650,#4651,#4652,#4653,
#4654,#4655,#4656,#4657,#4658,#4659,#4660,#4661,#4662,#4663,#4664,#4665,
#4666,#4667,#4668,#4669,#4670,#4671,#4672,#4673,#4674,#4675,#4676,#4677,
#4678,#4679,#4680,#4681,#4682,#4683,#4684,#4685,#4686,#4687,#4688,#4689,
#4690,#4691,#4692,#4693,#4694,#4695,#4696,#4697,#4698,#4699,#4700,#4701,
#4702,#4703,#4704,#4705,#4706,#4707,#4708,#4709,#4710,#4711,#4712,#4713,
#4714,#4715,#4716,#4717,#4718,#4719,#4720,#4721,#4722,#4723,#4724,#4725,
#4726,#4727,#4728,#4729,#4730,#4731,#4732,#4733,#4734,#4735,#4736,#4737,
#4738,#4739,#4740,#4741,#4742,#4743,#4744,#4745,#4746,#4747,#4748,#4749,
#4750,#4751,#4752,#4753,#4754,#4755,#4756,#4757,#4758,#4759,#4760,#4761,
#4762,#4763,#4764,#4765,#4766,#4767,#4768,#4769,#4770,#4771,#4772,#4773,
#4774,#4775,#4776,#4777,#4778,#4779,#4780,#4781,#4782,#4783,#4784,#4785,
#4786,#4787,#4788,#4789,#4790,#4791,#4792,#4793,#4794,#4795,#4796,#4797,
#4798,#4799,#4800));
#4802=DERIVED_UNIT_ELEMENT(#4804,1.);
#4803=DERIVED_UNIT_ELEMENT(#7691,-3.);
#4804=(
MASS_UNIT()
NAMED_UNIT(*)
SI_UNIT(.KILO.,.GRAM.)
);
#4805=DERIVED_UNIT((#4802,#4803));
#4806=MEASURE_REPRESENTATION_ITEM('density measure',
POSITIVE_RATIO_MEASURE(7850.),#4805);
#4807=PROPERTY_DEFINITION_REPRESENTATION(#4812,#4809);
#4808=PROPERTY_DEFINITION_REPRESENTATION(#4813,#4810);
#4809=REPRESENTATION('material name',(#4811),#7688);
#4810=REPRESENTATION('density',(#4806),#7688);
#4811=DESCRIPTIVE_REPRESENTATION_ITEM('Steel','Steel');
#4812=PROPERTY_DEFINITION('material property','material name',#7698);
#4813=PROPERTY_DEFINITION('material property','density of part',#7698);
#4814=AXIS2_PLACEMENT_3D('',#6338,#5126,#5127);
#4815=AXIS2_PLACEMENT_3D('',#6339,#5128,#5129);
#4816=AXIS2_PLACEMENT_3D('',#6348,#5134,#5135);
#4817=AXIS2_PLACEMENT_3D('',#6354,#5139,#5140);
#4818=AXIS2_PLACEMENT_3D('',#6360,#5144,#5145);
#4819=AXIS2_PLACEMENT_3D('',#6363,#5148,#5149);
#4820=AXIS2_PLACEMENT_3D('',#6364,#5150,#5151);
#4821=AXIS2_PLACEMENT_3D('',#6366,#5152,#5153);
#4822=AXIS2_PLACEMENT_3D('',#6370,#5155,#5156);
#4823=AXIS2_PLACEMENT_3D('',#6371,#5157,#5158);
#4824=AXIS2_PLACEMENT_3D('',#6372,#5159,#5160);
#4825=AXIS2_PLACEMENT_3D('',#6374,#5161,#5162);
#4826=AXIS2_PLACEMENT_3D('',#6378,#5164,#5165);
#4827=AXIS2_PLACEMENT_3D('',#6379,#5166,#5167);
#4828=AXIS2_PLACEMENT_3D('',#6380,#5168,#5169);
#4829=AXIS2_PLACEMENT_3D('',#6382,#5170,#5171);
#4830=AXIS2_PLACEMENT_3D('',#6386,#5173,#5174);
#4831=AXIS2_PLACEMENT_3D('',#6387,#5175,#5176);
#4832=AXIS2_PLACEMENT_3D('',#6388,#5177,#5178);
#4833=AXIS2_PLACEMENT_3D('',#6390,#5179,#5180);
#4834=AXIS2_PLACEMENT_3D('',#6394,#5182,#5183);
#4835=AXIS2_PLACEMENT_3D('',#6395,#5184,#5185);
#4836=AXIS2_PLACEMENT_3D('',#6396,#5186,#5187);
#4837=AXIS2_PLACEMENT_3D('',#6399,#5189,#5190);
#4838=AXIS2_PLACEMENT_3D('',#6400,#5191,#5192);
#4839=AXIS2_PLACEMENT_3D('',#6403,#5194,#5195);
#4840=AXIS2_PLACEMENT_3D('',#6404,#5196,#5197);
#4841=AXIS2_PLACEMENT_3D('',#6407,#5199,#5200);
#4842=AXIS2_PLACEMENT_3D('',#6408,#5201,#5202);
#4843=AXIS2_PLACEMENT_3D('',#6411,#5204,#5205);
#4844=AXIS2_PLACEMENT_3D('',#6412,#5206,#5207);
#4845=AXIS2_PLACEMENT_3D('',#6421,#5212,#5213);
#4846=AXIS2_PLACEMENT_3D('',#6427,#5217,#5218);
#4847=AXIS2_PLACEMENT_3D('',#6433,#5222,#5223);
#4848=AXIS2_PLACEMENT_3D('',#6439,#5227,#5228);
#4849=AXIS2_PLACEMENT_3D('',#6445,#5232,#5233);
#4850=AXIS2_PLACEMENT_3D('',#6446,#5234,#5235);
#4851=AXIS2_PLACEMENT_3D('',#6447,#5236,#5237);
#4852=AXIS2_PLACEMENT_3D('',#6448,#5238,#5239);
#4853=AXIS2_PLACEMENT_3D('',#6457,#5244,#5245);
#4854=AXIS2_PLACEMENT_3D('',#6463,#5249,#5250);
#4855=AXIS2_PLACEMENT_3D('',#6469,#5254,#5255);
#4856=AXIS2_PLACEMENT_3D('',#6475,#5259,#5260);
#4857=AXIS2_PLACEMENT_3D('',#6481,#5264,#5265);
#4858=AXIS2_PLACEMENT_3D('',#6482,#5266,#5267);
#4859=AXIS2_PLACEMENT_3D('',#6483,#5268,#5269);
#4860=AXIS2_PLACEMENT_3D('',#6484,#5270,#5271);
#4861=AXIS2_PLACEMENT_3D('',#6493,#5276,#5277);
#4862=AXIS2_PLACEMENT_3D('',#6499,#5281,#5282);
#4863=AXIS2_PLACEMENT_3D('',#6505,#5286,#5287);
#4864=AXIS2_PLACEMENT_3D('',#6511,#5291,#5292);
#4865=AXIS2_PLACEMENT_3D('',#6517,#5296,#5297);
#4866=AXIS2_PLACEMENT_3D('',#6518,#5298,#5299);
#4867=AXIS2_PLACEMENT_3D('',#6519,#5300,#5301);
#4868=AXIS2_PLACEMENT_3D('',#6520,#5302,#5303);
#4869=AXIS2_PLACEMENT_3D('',#6529,#5308,#5309);
#4870=AXIS2_PLACEMENT_3D('',#6535,#5313,#5314);
#4871=AXIS2_PLACEMENT_3D('',#6541,#5318,#5319);
#4872=AXIS2_PLACEMENT_3D('',#6547,#5323,#5324);
#4873=AXIS2_PLACEMENT_3D('',#6553,#5328,#5329);
#4874=AXIS2_PLACEMENT_3D('',#6554,#5330,#5331);
#4875=AXIS2_PLACEMENT_3D('',#6555,#5332,#5333);
#4876=AXIS2_PLACEMENT_3D('',#6556,#5334,#5335);
#4877=AXIS2_PLACEMENT_3D('',#6565,#5340,#5341);
#4878=AXIS2_PLACEMENT_3D('',#6571,#5345,#5346);
#4879=AXIS2_PLACEMENT_3D('',#6577,#5350,#5351);
#4880=AXIS2_PLACEMENT_3D('',#6583,#5355,#5356);
#4881=AXIS2_PLACEMENT_3D('',#6589,#5360,#5361);
#4882=AXIS2_PLACEMENT_3D('',#6590,#5362,#5363);
#4883=AXIS2_PLACEMENT_3D('',#6591,#5364,#5365);
#4884=AXIS2_PLACEMENT_3D('',#6592,#5366,#5367);
#4885=AXIS2_PLACEMENT_3D('',#6601,#5372,#5373);
#4886=AXIS2_PLACEMENT_3D('',#6607,#5377,#5378);
#4887=AXIS2_PLACEMENT_3D('',#6613,#5382,#5383);
#4888=AXIS2_PLACEMENT_3D('',#6619,#5387,#5388);
#4889=AXIS2_PLACEMENT_3D('',#6625,#5392,#5393);
#4890=AXIS2_PLACEMENT_3D('',#6626,#5394,#5395);
#4891=AXIS2_PLACEMENT_3D('',#6627,#5396,#5397);
#4892=AXIS2_PLACEMENT_3D('',#6628,#5398,#5399);
#4893=AXIS2_PLACEMENT_3D('',#6637,#5404,#5405);
#4894=AXIS2_PLACEMENT_3D('',#6643,#5409,#5410);
#4895=AXIS2_PLACEMENT_3D('',#6649,#5414,#5415);
#4896=AXIS2_PLACEMENT_3D('',#6655,#5419,#5420);
#4897=AXIS2_PLACEMENT_3D('',#6661,#5424,#5425);
#4898=AXIS2_PLACEMENT_3D('',#6662,#5426,#5427);
#4899=AXIS2_PLACEMENT_3D('',#6663,#5428,#5429);
#4900=AXIS2_PLACEMENT_3D('',#6664,#5430,#5431);
#4901=AXIS2_PLACEMENT_3D('',#6673,#5436,#5437);
#4902=AXIS2_PLACEMENT_3D('',#6679,#5441,#5442);
#4903=AXIS2_PLACEMENT_3D('',#6685,#5446,#5447);
#4904=AXIS2_PLACEMENT_3D('',#6691,#5451,#5452);
#4905=AXIS2_PLACEMENT_3D('',#6697,#5456,#5457);
#4906=AXIS2_PLACEMENT_3D('',#6698,#5458,#5459);
#4907=AXIS2_PLACEMENT_3D('',#6699,#5460,#5461);
#4908=AXIS2_PLACEMENT_3D('',#6700,#5462,#5463);
#4909=AXIS2_PLACEMENT_3D('',#6709,#5468,#5469);
#4910=AXIS2_PLACEMENT_3D('',#6715,#5473,#5474);
#4911=AXIS2_PLACEMENT_3D('',#6721,#5478,#5479);
#4912=AXIS2_PLACEMENT_3D('',#6727,#5483,#5484);
#4913=AXIS2_PLACEMENT_3D('',#6733,#5488,#5489);
#4914=AXIS2_PLACEMENT_3D('',#6734,#5490,#5491);
#4915=AXIS2_PLACEMENT_3D('',#6735,#5492,#5493);
#4916=AXIS2_PLACEMENT_3D('',#6736,#5494,#5495);
#4917=AXIS2_PLACEMENT_3D('',#6745,#5500,#5501);
#4918=AXIS2_PLACEMENT_3D('',#6751,#5505,#5506);
#4919=AXIS2_PLACEMENT_3D('',#6757,#5510,#5511);
#4920=AXIS2_PLACEMENT_3D('',#6763,#5515,#5516);
#4921=AXIS2_PLACEMENT_3D('',#6769,#5520,#5521);
#4922=AXIS2_PLACEMENT_3D('',#6770,#5522,#5523);
#4923=AXIS2_PLACEMENT_3D('',#6771,#5524,#5525);
#4924=AXIS2_PLACEMENT_3D('',#6772,#5526,#5527);
#4925=AXIS2_PLACEMENT_3D('',#6781,#5532,#5533);
#4926=AXIS2_PLACEMENT_3D('',#6787,#5537,#5538);
#4927=AXIS2_PLACEMENT_3D('',#6793,#5542,#5543);
#4928=AXIS2_PLACEMENT_3D('',#6799,#5547,#5548);
#4929=AXIS2_PLACEMENT_3D('',#6805,#5552,#5553);
#4930=AXIS2_PLACEMENT_3D('',#6806,#5554,#5555);
#4931=AXIS2_PLACEMENT_3D('',#6807,#5556,#5557);
#4932=AXIS2_PLACEMENT_3D('',#6808,#5558,#5559);
#4933=AXIS2_PLACEMENT_3D('',#6817,#5564,#5565);
#4934=AXIS2_PLACEMENT_3D('',#6823,#5569,#5570);
#4935=AXIS2_PLACEMENT_3D('',#6829,#5574,#5575);
#4936=AXIS2_PLACEMENT_3D('',#6835,#5579,#5580);
#4937=AXIS2_PLACEMENT_3D('',#6841,#5584,#5585);
#4938=AXIS2_PLACEMENT_3D('',#6842,#5586,#5587);
#4939=AXIS2_PLACEMENT_3D('',#6843,#5588,#5589);
#4940=AXIS2_PLACEMENT_3D('',#6844,#5590,#5591);
#4941=AXIS2_PLACEMENT_3D('',#6853,#5596,#5597);
#4942=AXIS2_PLACEMENT_3D('',#6859,#5601,#5602);
#4943=AXIS2_PLACEMENT_3D('',#6865,#5606,#5607);
#4944=AXIS2_PLACEMENT_3D('',#6871,#5611,#5612);
#4945=AXIS2_PLACEMENT_3D('',#6877,#5616,#5617);
#4946=AXIS2_PLACEMENT_3D('',#6878,#5618,#5619);
#4947=AXIS2_PLACEMENT_3D('',#6879,#5620,#5621);
#4948=AXIS2_PLACEMENT_3D('',#6880,#5622,#5623);
#4949=AXIS2_PLACEMENT_3D('',#6889,#5628,#5629);
#4950=AXIS2_PLACEMENT_3D('',#6895,#5633,#5634);
#4951=AXIS2_PLACEMENT_3D('',#6901,#5638,#5639);
#4952=AXIS2_PLACEMENT_3D('',#6907,#5643,#5644);
#4953=AXIS2_PLACEMENT_3D('',#6913,#5648,#5649);
#4954=AXIS2_PLACEMENT_3D('',#6914,#5650,#5651);
#4955=AXIS2_PLACEMENT_3D('',#6915,#5652,#5653);
#4956=AXIS2_PLACEMENT_3D('',#6916,#5654,#5655);
#4957=AXIS2_PLACEMENT_3D('',#6925,#5660,#5661);
#4958=AXIS2_PLACEMENT_3D('',#6931,#5665,#5666);
#4959=AXIS2_PLACEMENT_3D('',#6937,#5670,#5671);
#4960=AXIS2_PLACEMENT_3D('',#6943,#5675,#5676);
#4961=AXIS2_PLACEMENT_3D('',#6949,#5680,#5681);
#4962=AXIS2_PLACEMENT_3D('',#6950,#5682,#5683);
#4963=AXIS2_PLACEMENT_3D('',#6951,#5684,#5685);
#4964=AXIS2_PLACEMENT_3D('',#6952,#5686,#5687);
#4965=AXIS2_PLACEMENT_3D('',#6961,#5692,#5693);
#4966=AXIS2_PLACEMENT_3D('',#6967,#5697,#5698);
#4967=AXIS2_PLACEMENT_3D('',#6973,#5702,#5703);
#4968=AXIS2_PLACEMENT_3D('',#6979,#5707,#5708);
#4969=AXIS2_PLACEMENT_3D('',#6985,#5712,#5713);
#4970=AXIS2_PLACEMENT_3D('',#6986,#5714,#5715);
#4971=AXIS2_PLACEMENT_3D('',#6987,#5716,#5717);
#4972=AXIS2_PLACEMENT_3D('',#6988,#5718,#5719);
#4973=AXIS2_PLACEMENT_3D('',#6997,#5724,#5725);
#4974=AXIS2_PLACEMENT_3D('',#7003,#5729,#5730);
#4975=AXIS2_PLACEMENT_3D('',#7009,#5734,#5735);
#4976=AXIS2_PLACEMENT_3D('',#7015,#5739,#5740);
#4977=AXIS2_PLACEMENT_3D('',#7021,#5744,#5745);
#4978=AXIS2_PLACEMENT_3D('',#7022,#5746,#5747);
#4979=AXIS2_PLACEMENT_3D('',#7023,#5748,#5749);
#4980=AXIS2_PLACEMENT_3D('',#7024,#5750,#5751);
#4981=AXIS2_PLACEMENT_3D('',#7033,#5756,#5757);
#4982=AXIS2_PLACEMENT_3D('',#7039,#5761,#5762);
#4983=AXIS2_PLACEMENT_3D('',#7045,#5766,#5767);
#4984=AXIS2_PLACEMENT_3D('',#7051,#5771,#5772);
#4985=AXIS2_PLACEMENT_3D('',#7057,#5776,#5777);
#4986=AXIS2_PLACEMENT_3D('',#7058,#5778,#5779);
#4987=AXIS2_PLACEMENT_3D('',#7059,#5780,#5781);
#4988=AXIS2_PLACEMENT_3D('',#7060,#5782,#5783);
#4989=AXIS2_PLACEMENT_3D('',#7069,#5788,#5789);
#4990=AXIS2_PLACEMENT_3D('',#7075,#5793,#5794);
#4991=AXIS2_PLACEMENT_3D('',#7081,#5798,#5799);
#4992=AXIS2_PLACEMENT_3D('',#7087,#5803,#5804);
#4993=AXIS2_PLACEMENT_3D('',#7093,#5808,#5809);
#4994=AXIS2_PLACEMENT_3D('',#7094,#5810,#5811);
#4995=AXIS2_PLACEMENT_3D('',#7095,#5812,#5813);
#4996=AXIS2_PLACEMENT_3D('',#7096,#5814,#5815);
#4997=AXIS2_PLACEMENT_3D('',#7105,#5820,#5821);
#4998=AXIS2_PLACEMENT_3D('',#7111,#5825,#5826);
#4999=AXIS2_PLACEMENT_3D('',#7117,#5830,#5831);
#5000=AXIS2_PLACEMENT_3D('',#7123,#5835,#5836);
#5001=AXIS2_PLACEMENT_3D('',#7129,#5840,#5841);
#5002=AXIS2_PLACEMENT_3D('',#7130,#5842,#5843);
#5003=AXIS2_PLACEMENT_3D('',#7131,#5844,#5845);
#5004=AXIS2_PLACEMENT_3D('',#7132,#5846,#5847);
#5005=AXIS2_PLACEMENT_3D('',#7141,#5852,#5853);
#5006=AXIS2_PLACEMENT_3D('',#7147,#5857,#5858);
#5007=AXIS2_PLACEMENT_3D('',#7153,#5862,#5863);
#5008=AXIS2_PLACEMENT_3D('',#7159,#5867,#5868);
#5009=AXIS2_PLACEMENT_3D('',#7165,#5872,#5873);
#5010=AXIS2_PLACEMENT_3D('',#7166,#5874,#5875);
#5011=AXIS2_PLACEMENT_3D('',#7167,#5876,#5877);
#5012=AXIS2_PLACEMENT_3D('',#7168,#5878,#5879);
#5013=AXIS2_PLACEMENT_3D('',#7177,#5884,#5885);
#5014=AXIS2_PLACEMENT_3D('',#7183,#5889,#5890);
#5015=AXIS2_PLACEMENT_3D('',#7189,#5894,#5895);
#5016=AXIS2_PLACEMENT_3D('',#7195,#5899,#5900);
#5017=AXIS2_PLACEMENT_3D('',#7201,#5904,#5905);
#5018=AXIS2_PLACEMENT_3D('',#7202,#5906,#5907);
#5019=AXIS2_PLACEMENT_3D('',#7203,#5908,#5909);
#5020=AXIS2_PLACEMENT_3D('',#7204,#5910,#5911);
#5021=AXIS2_PLACEMENT_3D('',#7213,#5916,#5917);
#5022=AXIS2_PLACEMENT_3D('',#7219,#5921,#5922);
#5023=AXIS2_PLACEMENT_3D('',#7225,#5926,#5927);
#5024=AXIS2_PLACEMENT_3D('',#7231,#5931,#5932);
#5025=AXIS2_PLACEMENT_3D('',#7237,#5936,#5937);
#5026=AXIS2_PLACEMENT_3D('',#7238,#5938,#5939);
#5027=AXIS2_PLACEMENT_3D('',#7239,#5940,#5941);
#5028=AXIS2_PLACEMENT_3D('',#7240,#5942,#5943);
#5029=AXIS2_PLACEMENT_3D('',#7249,#5948,#5949);
#5030=AXIS2_PLACEMENT_3D('',#7255,#5953,#5954);
#5031=AXIS2_PLACEMENT_3D('',#7261,#5958,#5959);
#5032=AXIS2_PLACEMENT_3D('',#7267,#5963,#5964);
#5033=AXIS2_PLACEMENT_3D('',#7273,#5968,#5969);
#5034=AXIS2_PLACEMENT_3D('',#7274,#5970,#5971);
#5035=AXIS2_PLACEMENT_3D('',#7275,#5972,#5973);
#5036=AXIS2_PLACEMENT_3D('',#7276,#5974,#5975);
#5037=AXIS2_PLACEMENT_3D('',#7285,#5980,#5981);
#5038=AXIS2_PLACEMENT_3D('',#7291,#5985,#5986);
#5039=AXIS2_PLACEMENT_3D('',#7297,#5990,#5991);
#5040=AXIS2_PLACEMENT_3D('',#7303,#5995,#5996);
#5041=AXIS2_PLACEMENT_3D('',#7309,#6000,#6001);
#5042=AXIS2_PLACEMENT_3D('',#7310,#6002,#6003);
#5043=AXIS2_PLACEMENT_3D('',#7311,#6004,#6005);
#5044=AXIS2_PLACEMENT_3D('',#7312,#6006,#6007);
#5045=AXIS2_PLACEMENT_3D('',#7321,#6012,#6013);
#5046=AXIS2_PLACEMENT_3D('',#7327,#6017,#6018);
#5047=AXIS2_PLACEMENT_3D('',#7333,#6022,#6023);
#5048=AXIS2_PLACEMENT_3D('',#7339,#6027,#6028);
#5049=AXIS2_PLACEMENT_3D('',#7345,#6032,#6033);
#5050=AXIS2_PLACEMENT_3D('',#7346,#6034,#6035);
#5051=AXIS2_PLACEMENT_3D('',#7347,#6036,#6037);
#5052=AXIS2_PLACEMENT_3D('',#7348,#6038,#6039);
#5053=AXIS2_PLACEMENT_3D('',#7357,#6044,#6045);
#5054=AXIS2_PLACEMENT_3D('',#7363,#6049,#6050);
#5055=AXIS2_PLACEMENT_3D('',#7369,#6054,#6055);
#5056=AXIS2_PLACEMENT_3D('',#7375,#6059,#6060);
#5057=AXIS2_PLACEMENT_3D('',#7381,#6064,#6065);
#5058=AXIS2_PLACEMENT_3D('',#7382,#6066,#6067);
#5059=AXIS2_PLACEMENT_3D('',#7383,#6068,#6069);
#5060=AXIS2_PLACEMENT_3D('',#7384,#6070,#6071);
#5061=AXIS2_PLACEMENT_3D('',#7393,#6076,#6077);
#5062=AXIS2_PLACEMENT_3D('',#7399,#6081,#6082);
#5063=AXIS2_PLACEMENT_3D('',#7405,#6086,#6087);
#5064=AXIS2_PLACEMENT_3D('',#7411,#6091,#6092);
#5065=AXIS2_PLACEMENT_3D('',#7417,#6096,#6097);
#5066=AXIS2_PLACEMENT_3D('',#7418,#6098,#6099);
#5067=AXIS2_PLACEMENT_3D('',#7419,#6100,#6101);
#5068=AXIS2_PLACEMENT_3D('',#7420,#6102,#6103);
#5069=AXIS2_PLACEMENT_3D('',#7429,#6108,#6109);
#5070=AXIS2_PLACEMENT_3D('',#7435,#6113,#6114);
#5071=AXIS2_PLACEMENT_3D('',#7441,#6118,#6119);
#5072=AXIS2_PLACEMENT_3D('',#7447,#6123,#6124);
#5073=AXIS2_PLACEMENT_3D('',#7453,#6128,#6129);
#5074=AXIS2_PLACEMENT_3D('',#7454,#6130,#6131);
#5075=AXIS2_PLACEMENT_3D('',#7455,#6132,#6133);
#5076=AXIS2_PLACEMENT_3D('',#7456,#6134,#6135);
#5077=AXIS2_PLACEMENT_3D('',#7465,#6140,#6141);
#5078=AXIS2_PLACEMENT_3D('',#7471,#6145,#6146);
#5079=AXIS2_PLACEMENT_3D('',#7477,#6150,#6151);
#5080=AXIS2_PLACEMENT_3D('',#7483,#6155,#6156);
#5081=AXIS2_PLACEMENT_3D('',#7489,#6160,#6161);
#5082=AXIS2_PLACEMENT_3D('',#7490,#6162,#6163);
#5083=AXIS2_PLACEMENT_3D('',#7491,#6164,#6165);
#5084=AXIS2_PLACEMENT_3D('',#7492,#6166,#6167);
#5085=AXIS2_PLACEMENT_3D('',#7501,#6172,#6173);
#5086=AXIS2_PLACEMENT_3D('',#7507,#6177,#6178);
#5087=AXIS2_PLACEMENT_3D('',#7513,#6182,#6183);
#5088=AXIS2_PLACEMENT_3D('',#7519,#6187,#6188);
#5089=AXIS2_PLACEMENT_3D('',#7525,#6192,#6193);
#5090=AXIS2_PLACEMENT_3D('',#7526,#6194,#6195);
#5091=AXIS2_PLACEMENT_3D('',#7527,#6196,#6197);
#5092=AXIS2_PLACEMENT_3D('',#7528,#6198,#6199);
#5093=AXIS2_PLACEMENT_3D('',#7537,#6204,#6205);
#5094=AXIS2_PLACEMENT_3D('',#7543,#6209,#6210);
#5095=AXIS2_PLACEMENT_3D('',#7549,#6214,#6215);
#5096=AXIS2_PLACEMENT_3D('',#7555,#6219,#6220);
#5097=AXIS2_PLACEMENT_3D('',#7561,#6224,#6225);
#5098=AXIS2_PLACEMENT_3D('',#7562,#6226,#6227);
#5099=AXIS2_PLACEMENT_3D('',#7563,#6228,#6229);
#5100=AXIS2_PLACEMENT_3D('',#7564,#6230,#6231);
#5101=AXIS2_PLACEMENT_3D('',#7573,#6236,#6237);
#5102=AXIS2_PLACEMENT_3D('',#7579,#6241,#6242);
#5103=AXIS2_PLACEMENT_3D('',#7585,#6246,#6247);
#5104=AXIS2_PLACEMENT_3D('',#7591,#6251,#6252);
#5105=AXIS2_PLACEMENT_3D('',#7597,#6256,#6257);
#5106=AXIS2_PLACEMENT_3D('',#7598,#6258,#6259);
#5107=AXIS2_PLACEMENT_3D('',#7599,#6260,#6261);
#5108=AXIS2_PLACEMENT_3D('',#7600,#6262,#6263);
#5109=AXIS2_PLACEMENT_3D('',#7609,#6268,#6269);
#5110=AXIS2_PLACEMENT_3D('',#7615,#6273,#6274);
#5111=AXIS2_PLACEMENT_3D('',#7621,#6278,#6279);
#5112=AXIS2_PLACEMENT_3D('',#7627,#6283,#6284);
#5113=AXIS2_PLACEMENT_3D('',#7633,#6288,#6289);
#5114=AXIS2_PLACEMENT_3D('',#7634,#6290,#6291);
#5115=AXIS2_PLACEMENT_3D('',#7635,#6292,#6293);
#5116=AXIS2_PLACEMENT_3D('',#7636,#6294,#6295);
#5117=AXIS2_PLACEMENT_3D('',#7645,#6300,#6301);
#5118=AXIS2_PLACEMENT_3D('',#7651,#6305,#6306);
#5119=AXIS2_PLACEMENT_3D('',#7657,#6310,#6311);
#5120=AXIS2_PLACEMENT_3D('',#7663,#6315,#6316);
#5121=AXIS2_PLACEMENT_3D('',#7669,#6320,#6321);
#5122=AXIS2_PLACEMENT_3D('',#7675,#6325,#6326);
#5123=AXIS2_PLACEMENT_3D('',#7681,#6330,#6331);
#5124=AXIS2_PLACEMENT_3D('',#7684,#6334,#6335);
#5125=AXIS2_PLACEMENT_3D('',#7685,#6336,#6337);
#5126=DIRECTION('axis',(0.,0.,1.));
#5127=DIRECTION('refdir',(1.,0.,0.));
#5128=DIRECTION('center_axis',(1.,0.,0.));
#5129=DIRECTION('ref_axis',(0.,0.,-1.));
#5130=DIRECTION('',(0.,0.,-1.));
#5131=DIRECTION('',(0.,1.,0.));
#5132=DIRECTION('',(0.,0.,-1.));
#5133=DIRECTION('',(0.,1.,0.));
#5134=DIRECTION('center_axis',(0.,0.,-1.));
#5135=DIRECTION('ref_axis',(-1.,0.,0.));
#5136=DIRECTION('',(-1.,0.,0.));
#5137=DIRECTION('',(-1.,0.,0.));
#5138=DIRECTION('',(0.,1.,0.));
#5139=DIRECTION('center_axis',(-1.,0.,0.));
#5140=DIRECTION('ref_axis',(0.,0.,1.));
#5141=DIRECTION('',(0.,0.,1.));
#5142=DIRECTION('',(0.,0.,1.));
#5143=DIRECTION('',(0.,1.,0.));
#5144=DIRECTION('center_axis',(0.,0.,1.));
#5145=DIRECTION('ref_axis',(1.,0.,0.));
#5146=DIRECTION('',(1.,0.,0.));
#5147=DIRECTION('',(1.,0.,0.));
#5148=DIRECTION('center_axis',(0.,1.,0.));
#5149=DIRECTION('ref_axis',(0.,0.,1.));
#5150=DIRECTION('center_axis',(0.,1.,0.));
#5151=DIRECTION('ref_axis',(0.,0.,1.));
#5152=DIRECTION('center_axis',(0.,-1.,0.));
#5153=DIRECTION('ref_axis',(0.,0.,1.));
#5154=DIRECTION('',(-8.65956056235493E-17,-0.707106781186548,0.707106781186547));
#5155=DIRECTION('center_axis',(0.,1.,0.));
#5156=DIRECTION('ref_axis',(-1.,0.,0.));
#5157=DIRECTION('center_axis',(0.,1.,0.));
#5158=DIRECTION('ref_axis',(-1.,0.,0.));
#5159=DIRECTION('center_axis',(0.,1.,0.));
#5160=DIRECTION('ref_axis',(0.,0.,1.));
#5161=DIRECTION('center_axis',(0.,-1.,0.));
#5162=DIRECTION('ref_axis',(0.,0.,1.));
#5163=DIRECTION('',(-8.65956056235493E-17,-0.707106781186548,0.707106781186547));
#5164=DIRECTION('center_axis',(0.,1.,0.));
#5165=DIRECTION('ref_axis',(-1.,0.,0.));
#5166=DIRECTION('center_axis',(0.,1.,0.));
#5167=DIRECTION('ref_axis',(-1.,0.,0.));
#5168=DIRECTION('center_axis',(0.,1.,0.));
#5169=DIRECTION('ref_axis',(0.,0.,1.));
#5170=DIRECTION('center_axis',(0.,-1.,0.));
#5171=DIRECTION('ref_axis',(0.,0.,1.));
#5172=DIRECTION('',(-8.65956056235493E-17,-0.707106781186548,0.707106781186547));
#5173=DIRECTION('center_axis',(0.,1.,0.));
#5174=DIRECTION('ref_axis',(-1.,0.,0.));
#5175=DIRECTION('center_axis',(0.,1.,0.));
#5176=DIRECTION('ref_axis',(-1.,0.,0.));
#5177=DIRECTION('center_axis',(0.,1.,0.));
#5178=DIRECTION('ref_axis',(0.,0.,1.));
#5179=DIRECTION('center_axis',(0.,-1.,0.));
#5180=DIRECTION('ref_axis',(0.,0.,1.));
#5181=DIRECTION('',(-8.65956056235493E-17,-0.707106781186548,0.707106781186547));
#5182=DIRECTION('center_axis',(0.,1.,0.));
#5183=DIRECTION('ref_axis',(-1.,0.,0.));
#5184=DIRECTION('center_axis',(0.,1.,0.));
#5185=DIRECTION('ref_axis',(-1.,0.,0.));
#5186=DIRECTION('center_axis',(0.,-1.,0.));
#5187=DIRECTION('ref_axis',(-1.,0.,0.));
#5188=DIRECTION('',(0.,-1.,0.));
#5189=DIRECTION('center_axis',(0.,1.,0.));
#5190=DIRECTION('ref_axis',(-1.,0.,0.));
#5191=DIRECTION('center_axis',(0.,-1.,0.));
#5192=DIRECTION('ref_axis',(-1.,0.,0.));
#5193=DIRECTION('',(0.,-1.,0.));
#5194=DIRECTION('center_axis',(0.,1.,0.));
#5195=DIRECTION('ref_axis',(-1.,0.,0.));
#5196=DIRECTION('center_axis',(0.,-1.,0.));
#5197=DIRECTION('ref_axis',(-1.,0.,0.));
#5198=DIRECTION('',(0.,-1.,0.));
#5199=DIRECTION('center_axis',(0.,1.,0.));
#5200=DIRECTION('ref_axis',(-1.,0.,0.));
#5201=DIRECTION('center_axis',(0.,-1.,0.));
#5202=DIRECTION('ref_axis',(-1.,0.,0.));
#5203=DIRECTION('',(0.,-1.,0.));
#5204=DIRECTION('center_axis',(0.,1.,0.));
#5205=DIRECTION('ref_axis',(-1.,0.,0.));
#5206=DIRECTION('center_axis',(1.,0.,0.));
#5207=DIRECTION('ref_axis',(0.,-4.12368552003629E-16,1.));
#5208=DIRECTION('',(0.,0.,-1.));
#5209=DIRECTION('',(0.,-1.,2.42230478100034E-16));
#5210=DIRECTION('',(0.,0.,-1.));
#5211=DIRECTION('',(0.,-1.,2.42230478100034E-16));
#5212=DIRECTION('center_axis',(0.,2.42230478100034E-16,1.));
#5213=DIRECTION('ref_axis',(-1.,0.,0.));
#5214=DIRECTION('',(1.,0.,0.));
#5215=DIRECTION('',(1.,0.,0.));
#5216=DIRECTION('',(0.,-1.,2.42230478100034E-16));
#5217=DIRECTION('center_axis',(-1.,0.,0.));
#5218=DIRECTION('ref_axis',(0.,-2.22044604925031E-16,-1.));
#5219=DIRECTION('',(0.,0.,1.));
#5220=DIRECTION('',(0.,0.,1.));
#5221=DIRECTION('',(0.,-1.,2.42230478100034E-16));
#5222=DIRECTION('center_axis',(1.28061835263152E-32,-2.42230478100034E-16,
-1.));
#5223=DIRECTION('ref_axis',(1.,6.34413156928661E-16,-1.40868018789466E-31));
#5224=DIRECTION('',(-1.,0.,-1.28061835263152E-32));
#5225=DIRECTION('',(-1.,0.,-1.28061835263152E-32));
#5226=DIRECTION('',(0.,-1.,2.42230478100034E-16));
#5227=DIRECTION('center_axis',(1.28061835263152E-32,-2.42230478100034E-16,
-1.));
#5228=DIRECTION('ref_axis',(1.,6.34413156928661E-16,-1.40868018789466E-31));
#5229=DIRECTION('',(-1.,0.,-1.28061835263152E-32));
#5230=DIRECTION('',(0.,-1.,2.42230478100034E-16));
#5231=DIRECTION('',(-1.,0.,-1.28061835263152E-32));
#5232=DIRECTION('center_axis',(0.,-1.,2.42230478100034E-16));
#5233=DIRECTION('ref_axis',(1.,0.,0.));
#5234=DIRECTION('center_axis',(0.,1.,0.));
#5235=DIRECTION('ref_axis',(1.,0.,0.));
#5236=DIRECTION('center_axis',(0.,1.,0.));
#5237=DIRECTION('ref_axis',(1.,0.,0.));
#5238=DIRECTION('center_axis',(1.,0.,0.));
#5239=DIRECTION('ref_axis',(0.,-4.1236855200363E-16,1.));
#5240=DIRECTION('',(0.,0.,-1.));
#5241=DIRECTION('',(0.,-1.,1.61486985400023E-16));
#5242=DIRECTION('',(0.,0.,-1.));
#5243=DIRECTION('',(0.,-1.,1.61486985400023E-16));
#5244=DIRECTION('center_axis',(0.,1.61486985400023E-16,1.));
#5245=DIRECTION('ref_axis',(-1.,0.,0.));
#5246=DIRECTION('',(1.,0.,0.));
#5247=DIRECTION('',(1.,0.,0.));
#5248=DIRECTION('',(0.,-1.,1.61486985400023E-16));
#5249=DIRECTION('center_axis',(-1.,-1.28061835263151E-32,-7.93016446160826E-17));
#5250=DIRECTION('ref_axis',(7.93016446160826E-17,4.1236855200363E-16,-1.));
#5251=DIRECTION('',(-7.93016446160826E-17,0.,1.));
#5252=DIRECTION('',(-7.93016446160826E-17,0.,1.));
#5253=DIRECTION('',(0.,-1.,1.61486985400023E-16));
#5254=DIRECTION('center_axis',(0.,-1.61486985400023E-16,-1.));
#5255=DIRECTION('ref_axis',(1.,0.,0.));
#5256=DIRECTION('',(-1.,0.,0.));
#5257=DIRECTION('',(-1.,0.,0.));
#5258=DIRECTION('',(0.,-1.,1.61486985400023E-16));
#5259=DIRECTION('center_axis',(0.,-1.61486985400023E-16,-1.));
#5260=DIRECTION('ref_axis',(1.,0.,0.));
#5261=DIRECTION('',(-1.,0.,0.));
#5262=DIRECTION('',(0.,-1.,1.61486985400023E-16));
#5263=DIRECTION('',(-1.,0.,0.));
#5264=DIRECTION('center_axis',(0.,-1.,1.61486985400023E-16));
#5265=DIRECTION('ref_axis',(1.,0.,0.));
#5266=DIRECTION('center_axis',(0.,1.,0.));
#5267=DIRECTION('ref_axis',(1.,0.,0.));
#5268=DIRECTION('center_axis',(0.,1.,0.));
#5269=DIRECTION('ref_axis',(1.,0.,0.));
#5270=DIRECTION('center_axis',(1.,0.,0.));
#5271=DIRECTION('ref_axis',(0.,-4.12368552003629E-16,1.));
#5272=DIRECTION('',(0.,0.,-1.));
#5273=DIRECTION('',(0.,-1.,2.22044604925031E-16));
#5274=DIRECTION('',(0.,0.,-1.));
#5275=DIRECTION('',(0.,-1.,2.22044604925031E-16));
#5276=DIRECTION('center_axis',(0.,2.22044604925031E-16,1.));
#5277=DIRECTION('ref_axis',(-1.,0.,0.));
#5278=DIRECTION('',(1.,0.,0.));
#5279=DIRECTION('',(1.,0.,0.));
#5280=DIRECTION('',(0.,-1.,2.22044604925031E-16));
#5281=DIRECTION('center_axis',(-1.,-1.76085023486833E-32,-7.93016446160826E-17));
#5282=DIRECTION('ref_axis',(7.93016446160826E-17,-2.22044604925031E-16,
-1.));
#5283=DIRECTION('',(-7.93016446160826E-17,0.,1.));
#5284=DIRECTION('',(-7.93016446160826E-17,0.,1.));
#5285=DIRECTION('',(0.,-1.,2.22044604925031E-16));
#5286=DIRECTION('center_axis',(-7.93016446160825E-17,-2.22044604925031E-16,
-1.));
#5287=DIRECTION('ref_axis',(1.,6.3441315692866E-16,-7.93016446160826E-17));
#5288=DIRECTION('',(-1.,0.,7.93016446160825E-17));
#5289=DIRECTION('',(-1.,0.,7.93016446160825E-17));
#5290=DIRECTION('',(0.,-1.,2.22044604925031E-16));
#5291=DIRECTION('center_axis',(-7.93016446160825E-17,-2.22044604925031E-16,
-1.));
#5292=DIRECTION('ref_axis',(1.,6.3441315692866E-16,-7.93016446160826E-17));
#5293=DIRECTION('',(-1.,0.,7.93016446160825E-17));
#5294=DIRECTION('',(0.,-1.,2.22044604925031E-16));
#5295=DIRECTION('',(-1.,0.,7.93016446160825E-17));
#5296=DIRECTION('center_axis',(0.,-1.,2.22044604925031E-16));
#5297=DIRECTION('ref_axis',(1.,0.,0.));
#5298=DIRECTION('center_axis',(0.,1.,0.));
#5299=DIRECTION('ref_axis',(1.,0.,0.));
#5300=DIRECTION('center_axis',(0.,1.,0.));
#5301=DIRECTION('ref_axis',(1.,0.,0.));
#5302=DIRECTION('center_axis',(1.,0.,0.));
#5303=DIRECTION('ref_axis',(0.,2.22044604925031E-16,1.));
#5304=DIRECTION('',(0.,0.,-1.));
#5305=DIRECTION('',(0.,-1.,1.61486985400023E-16));
#5306=DIRECTION('',(0.,0.,-1.));
#5307=DIRECTION('',(0.,-1.,1.61486985400023E-16));
#5308=DIRECTION('center_axis',(0.,1.61486985400023E-16,1.));
#5309=DIRECTION('ref_axis',(-1.,0.,0.));
#5310=DIRECTION('',(1.,0.,0.));
#5311=DIRECTION('',(1.,0.,0.));
#5312=DIRECTION('',(0.,-1.,1.61486985400023E-16));
#5313=DIRECTION('center_axis',(-1.,0.,0.));
#5314=DIRECTION('ref_axis',(0.,-2.22044604925031E-16,-1.));
#5315=DIRECTION('',(0.,0.,1.));
#5316=DIRECTION('',(0.,0.,1.));
#5317=DIRECTION('',(0.,-1.,1.61486985400023E-16));
#5318=DIRECTION('center_axis',(0.,-1.61486985400023E-16,-1.));
#5319=DIRECTION('ref_axis',(1.,0.,0.));
#5320=DIRECTION('',(-1.,0.,0.));
#5321=DIRECTION('',(-1.,0.,0.));
#5322=DIRECTION('',(0.,-1.,1.61486985400023E-16));
#5323=DIRECTION('center_axis',(0.,-1.61486985400023E-16,-1.));
#5324=DIRECTION('ref_axis',(1.,0.,0.));
#5325=DIRECTION('',(-1.,0.,0.));
#5326=DIRECTION('',(0.,-1.,1.61486985400023E-16));
#5327=DIRECTION('',(-1.,0.,0.));
#5328=DIRECTION('center_axis',(0.,-1.,1.61486985400023E-16));
#5329=DIRECTION('ref_axis',(1.,0.,0.));
#5330=DIRECTION('center_axis',(0.,1.,0.));
#5331=DIRECTION('ref_axis',(1.,0.,0.));
#5332=DIRECTION('center_axis',(0.,1.,0.));
#5333=DIRECTION('ref_axis',(1.,0.,0.));
#5334=DIRECTION('center_axis',(1.,-3.84185505789454E-31,-1.90323947078598E-15));
#5335=DIRECTION('ref_axis',(1.90323947078598E-15,2.22044604925031E-16,1.));
#5336=DIRECTION('',(-1.90323947078598E-15,0.,-1.));
#5337=DIRECTION('',(0.,-1.,2.01858731750028E-16));
#5338=DIRECTION('',(-1.90323947078598E-15,0.,-1.));
#5339=DIRECTION('',(0.,-1.,2.01858731750028E-16));
#5340=DIRECTION('center_axis',(-7.93016446160826E-17,2.01858731750028E-16,
1.));
#5341=DIRECTION('ref_axis',(-1.,-1.76085023486833E-32,-7.93016446160826E-17));
#5342=DIRECTION('',(1.,0.,7.93016446160826E-17));
#5343=DIRECTION('',(1.,0.,7.93016446160826E-17));
#5344=DIRECTION('',(0.,-1.,2.01858731750028E-16));
#5345=DIRECTION('center_axis',(-1.,-1.28061835263151E-31,-6.34413156928661E-16));
#5346=DIRECTION('ref_axis',(6.34413156928661E-16,-2.22044604925031E-16,
-1.));
#5347=DIRECTION('',(-6.34413156928661E-16,0.,1.));
#5348=DIRECTION('',(-6.34413156928661E-16,0.,1.));
#5349=DIRECTION('',(0.,-1.,2.01858731750028E-16));
#5350=DIRECTION('center_axis',(0.,-2.01858731750028E-16,-1.));
#5351=DIRECTION('ref_axis',(1.,0.,0.));
#5352=DIRECTION('',(-1.,0.,0.));
#5353=DIRECTION('',(-1.,0.,0.));
#5354=DIRECTION('',(0.,-1.,2.01858731750028E-16));
#5355=DIRECTION('center_axis',(0.,-2.01858731750028E-16,-1.));
#5356=DIRECTION('ref_axis',(1.,0.,0.));
#5357=DIRECTION('',(-1.,0.,0.));
#5358=DIRECTION('',(0.,-1.,2.01858731750028E-16));
#5359=DIRECTION('',(-1.,0.,0.));
#5360=DIRECTION('center_axis',(0.,-1.,2.01858731750028E-16));
#5361=DIRECTION('ref_axis',(1.,0.,0.));
#5362=DIRECTION('center_axis',(0.,1.,0.));
#5363=DIRECTION('ref_axis',(1.,0.,0.));
#5364=DIRECTION('center_axis',(0.,1.,0.));
#5365=DIRECTION('ref_axis',(1.,0.,0.));
#5366=DIRECTION('center_axis',(1.,0.,0.));
#5367=DIRECTION('ref_axis',(0.,2.22044604925031E-16,1.));
#5368=DIRECTION('',(0.,0.,-1.));
#5369=DIRECTION('',(0.,-1.,2.42230478100034E-16));
#5370=DIRECTION('',(0.,0.,-1.));
#5371=DIRECTION('',(0.,-1.,2.42230478100034E-16));
#5372=DIRECTION('center_axis',(-7.93016446160827E-17,2.42230478100034E-16,
1.));
#5373=DIRECTION('ref_axis',(-1.,-1.76085023486833E-32,-7.93016446160827E-17));
#5374=DIRECTION('',(1.,0.,7.93016446160827E-17));
#5375=DIRECTION('',(1.,0.,7.93016446160827E-17));
#5376=DIRECTION('',(0.,-1.,2.42230478100034E-16));
#5377=DIRECTION('center_axis',(-1.,7.68371011578907E-32,3.1720657846433E-16));
#5378=DIRECTION('ref_axis',(-3.1720657846433E-16,-2.22044604925031E-16,
-1.));
#5379=DIRECTION('',(3.1720657846433E-16,0.,1.));
#5380=DIRECTION('',(3.1720657846433E-16,0.,1.));
#5381=DIRECTION('',(0.,-1.,2.42230478100034E-16));
#5382=DIRECTION('center_axis',(0.,-2.42230478100034E-16,-1.));
#5383=DIRECTION('ref_axis',(1.,0.,0.));
#5384=DIRECTION('',(-1.,0.,0.));
#5385=DIRECTION('',(-1.,0.,0.));
#5386=DIRECTION('',(0.,-1.,2.42230478100034E-16));
#5387=DIRECTION('center_axis',(0.,-2.42230478100034E-16,-1.));
#5388=DIRECTION('ref_axis',(1.,0.,0.));
#5389=DIRECTION('',(-1.,0.,0.));
#5390=DIRECTION('',(0.,-1.,2.42230478100034E-16));
#5391=DIRECTION('',(-1.,0.,0.));
#5392=DIRECTION('center_axis',(0.,-1.,2.42230478100034E-16));
#5393=DIRECTION('ref_axis',(1.,0.,0.));
#5394=DIRECTION('center_axis',(0.,1.,0.));
#5395=DIRECTION('ref_axis',(1.,0.,0.));
#5396=DIRECTION('center_axis',(0.,1.,0.));
#5397=DIRECTION('ref_axis',(1.,0.,0.));
#5398=DIRECTION('center_axis',(1.,0.,0.));
#5399=DIRECTION('ref_axis',(0.,-4.12368552003632E-16,1.));
#5400=DIRECTION('',(0.,0.,-1.));
#5401=DIRECTION('',(0.,-1.,1.61486985400023E-16));
#5402=DIRECTION('',(0.,0.,-1.));
#5403=DIRECTION('',(0.,-1.,1.61486985400023E-16));
#5404=DIRECTION('center_axis',(0.,1.61486985400023E-16,1.));
#5405=DIRECTION('ref_axis',(-1.,0.,0.));
#5406=DIRECTION('',(1.,0.,0.));
#5407=DIRECTION('',(1.,0.,0.));
#5408=DIRECTION('',(0.,-1.,1.61486985400023E-16));
#5409=DIRECTION('center_axis',(-1.,0.,0.));
#5410=DIRECTION('ref_axis',(0.,-2.22044604925031E-16,-1.));
#5411=DIRECTION('',(0.,0.,1.));
#5412=DIRECTION('',(0.,0.,1.));
#5413=DIRECTION('',(0.,-1.,1.61486985400023E-16));
#5414=DIRECTION('center_axis',(-3.84185505789453E-32,-1.61486985400023E-16,
-1.));
#5415=DIRECTION('ref_axis',(1.,6.3441315692866E-16,-1.40868018789466E-31));
#5416=DIRECTION('',(-1.,0.,3.84185505789453E-32));
#5417=DIRECTION('',(-1.,0.,3.84185505789453E-32));
#5418=DIRECTION('',(0.,-1.,1.61486985400023E-16));
#5419=DIRECTION('center_axis',(-3.84185505789453E-32,-1.61486985400023E-16,
-1.));
#5420=DIRECTION('ref_axis',(1.,6.3441315692866E-16,-1.40868018789466E-31));
#5421=DIRECTION('',(-1.,0.,3.84185505789453E-32));
#5422=DIRECTION('',(0.,-1.,1.61486985400023E-16));
#5423=DIRECTION('',(-1.,0.,3.84185505789453E-32));
#5424=DIRECTION('center_axis',(0.,-1.,1.61486985400023E-16));
#5425=DIRECTION('ref_axis',(1.,0.,0.));
#5426=DIRECTION('center_axis',(0.,1.,0.));
#5427=DIRECTION('ref_axis',(1.,0.,0.));
#5428=DIRECTION('center_axis',(0.,1.,0.));
#5429=DIRECTION('ref_axis',(1.,0.,0.));
#5430=DIRECTION('center_axis',(1.,0.,0.));
#5431=DIRECTION('ref_axis',(0.,2.22044604925031E-16,1.));
#5432=DIRECTION('',(0.,0.,-1.));
#5433=DIRECTION('',(0.,-1.,2.42230478100034E-16));
#5434=DIRECTION('',(0.,0.,-1.));
#5435=DIRECTION('',(0.,-1.,2.42230478100034E-16));
#5436=DIRECTION('center_axis',(0.,2.42230478100034E-16,1.));
#5437=DIRECTION('ref_axis',(-1.,0.,0.));
#5438=DIRECTION('',(1.,0.,0.));
#5439=DIRECTION('',(1.,0.,0.));
#5440=DIRECTION('',(0.,-1.,2.42230478100034E-16));
#5441=DIRECTION('center_axis',(-1.,0.,0.));
#5442=DIRECTION('ref_axis',(0.,-2.22044604925031E-16,-1.));
#5443=DIRECTION('',(0.,0.,1.));
#5444=DIRECTION('',(0.,0.,1.));
#5445=DIRECTION('',(0.,-1.,2.42230478100034E-16));
#5446=DIRECTION('center_axis',(0.,-2.42230478100034E-16,-1.));
#5447=DIRECTION('ref_axis',(1.,0.,0.));
#5448=DIRECTION('',(-1.,0.,0.));
#5449=DIRECTION('',(-1.,0.,0.));
#5450=DIRECTION('',(0.,-1.,2.42230478100034E-16));
#5451=DIRECTION('center_axis',(0.,-2.42230478100034E-16,-1.));
#5452=DIRECTION('ref_axis',(1.,0.,0.));
#5453=DIRECTION('',(-1.,0.,0.));
#5454=DIRECTION('',(0.,-1.,2.42230478100034E-16));
#5455=DIRECTION('',(-1.,0.,0.));
#5456=DIRECTION('center_axis',(0.,-1.,2.42230478100034E-16));
#5457=DIRECTION('ref_axis',(1.,0.,0.));
#5458=DIRECTION('center_axis',(0.,1.,0.));
#5459=DIRECTION('ref_axis',(1.,0.,0.));
#5460=DIRECTION('center_axis',(0.,1.,0.));
#5461=DIRECTION('ref_axis',(1.,0.,0.));
#5462=DIRECTION('center_axis',(1.,0.,0.));
#5463=DIRECTION('ref_axis',(0.,2.22044604925031E-16,1.));
#5464=DIRECTION('',(0.,0.,-1.));
#5465=DIRECTION('',(0.,-1.,2.42230478100034E-16));
#5466=DIRECTION('',(0.,0.,-1.));
#5467=DIRECTION('',(0.,-1.,2.42230478100034E-16));
#5468=DIRECTION('center_axis',(0.,2.42230478100034E-16,1.));
#5469=DIRECTION('ref_axis',(-1.,0.,0.));
#5470=DIRECTION('',(1.,0.,0.));
#5471=DIRECTION('',(1.,0.,0.));
#5472=DIRECTION('',(0.,-1.,2.42230478100034E-16));
#5473=DIRECTION('center_axis',(-1.,-1.53674202315782E-31,-6.34413156928661E-16));
#5474=DIRECTION('ref_axis',(6.34413156928661E-16,-2.22044604925031E-16,
-1.));
#5475=DIRECTION('',(-6.34413156928661E-16,0.,1.));
#5476=DIRECTION('',(-6.34413156928661E-16,0.,1.));
#5477=DIRECTION('',(0.,-1.,2.42230478100034E-16));
#5478=DIRECTION('center_axis',(0.,-2.42230478100034E-16,-1.));
#5479=DIRECTION('ref_axis',(1.,0.,0.));
#5480=DIRECTION('',(-1.,0.,0.));
#5481=DIRECTION('',(-1.,0.,0.));
#5482=DIRECTION('',(0.,-1.,2.42230478100034E-16));
#5483=DIRECTION('center_axis',(0.,-2.42230478100034E-16,-1.));
#5484=DIRECTION('ref_axis',(1.,0.,0.));
#5485=DIRECTION('',(-1.,0.,0.));
#5486=DIRECTION('',(0.,-1.,2.42230478100034E-16));
#5487=DIRECTION('',(-1.,0.,0.));
#5488=DIRECTION('center_axis',(0.,-1.,2.42230478100034E-16));
#5489=DIRECTION('ref_axis',(1.,0.,0.));
#5490=DIRECTION('center_axis',(0.,1.,0.));
#5491=DIRECTION('ref_axis',(1.,0.,0.));
#5492=DIRECTION('center_axis',(0.,1.,0.));
#5493=DIRECTION('ref_axis',(1.,0.,0.));
#5494=DIRECTION('center_axis',(1.,0.,0.));
#5495=DIRECTION('ref_axis',(0.,2.22044604925031E-16,1.));
#5496=DIRECTION('',(0.,0.,-1.));
#5497=DIRECTION('',(0.,-1.,2.22044604925031E-16));
#5498=DIRECTION('',(0.,0.,-1.));
#5499=DIRECTION('',(0.,-1.,2.22044604925031E-16));
#5500=DIRECTION('center_axis',(-1.58603289232165E-16,2.22044604925031E-16,
1.));
#5501=DIRECTION('ref_axis',(-1.,-6.34413156928662E-16,-1.58603289232165E-16));
#5502=DIRECTION('',(1.,0.,1.58603289232165E-16));
#5503=DIRECTION('',(1.,0.,1.58603289232165E-16));
#5504=DIRECTION('',(0.,-1.,2.22044604925031E-16));
#5505=DIRECTION('center_axis',(-1.,0.,0.));
#5506=DIRECTION('ref_axis',(0.,-2.22044604925031E-16,-1.));
#5507=DIRECTION('',(0.,0.,1.));
#5508=DIRECTION('',(0.,0.,1.));
#5509=DIRECTION('',(0.,-1.,2.22044604925031E-16));
#5510=DIRECTION('center_axis',(-1.03092138000908E-15,-2.22044604925031E-16,
-1.));
#5511=DIRECTION('ref_axis',(1.,6.34413156928661E-16,-1.03092138000908E-15));
#5512=DIRECTION('',(-1.,0.,1.03092138000908E-15));
#5513=DIRECTION('',(-1.,0.,1.03092138000908E-15));
#5514=DIRECTION('',(0.,-1.,2.22044604925031E-16));
#5515=DIRECTION('center_axis',(-1.03092138000908E-15,-2.22044604925031E-16,
-1.));
#5516=DIRECTION('ref_axis',(1.,6.34413156928661E-16,-1.03092138000908E-15));
#5517=DIRECTION('',(-1.,0.,1.03092138000908E-15));
#5518=DIRECTION('',(0.,-1.,2.22044604925031E-16));
#5519=DIRECTION('',(-1.,0.,1.03092138000908E-15));
#5520=DIRECTION('center_axis',(0.,-1.,2.22044604925031E-16));
#5521=DIRECTION('ref_axis',(1.,0.,0.));
#5522=DIRECTION('center_axis',(0.,1.,0.));
#5523=DIRECTION('ref_axis',(1.,0.,0.));
#5524=DIRECTION('center_axis',(0.,1.,0.));
#5525=DIRECTION('ref_axis',(1.,0.,0.));
#5526=DIRECTION('center_axis',(1.,0.,0.));
#5527=DIRECTION('ref_axis',(0.,2.22044604925031E-16,1.));
#5528=DIRECTION('',(0.,0.,-1.));
#5529=DIRECTION('',(0.,-1.,2.01858731750028E-16));
#5530=DIRECTION('',(0.,0.,-1.));
#5531=DIRECTION('',(0.,-1.,2.01858731750028E-16));
#5532=DIRECTION('center_axis',(0.,2.01858731750028E-16,1.));
#5533=DIRECTION('ref_axis',(-1.,0.,0.));
#5534=DIRECTION('',(1.,0.,0.));
#5535=DIRECTION('',(1.,0.,0.));
#5536=DIRECTION('',(0.,-1.,2.01858731750028E-16));
#5537=DIRECTION('center_axis',(-1.,0.,0.));
#5538=DIRECTION('ref_axis',(0.,-2.22044604925031E-16,-1.));
#5539=DIRECTION('',(0.,0.,1.));
#5540=DIRECTION('',(0.,0.,1.));
#5541=DIRECTION('',(0.,-1.,2.01858731750028E-16));
#5542=DIRECTION('center_axis',(0.,-2.01858731750028E-16,-1.));
#5543=DIRECTION('ref_axis',(1.,0.,0.));
#5544=DIRECTION('',(-1.,0.,0.));
#5545=DIRECTION('',(-1.,0.,0.));
#5546=DIRECTION('',(0.,-1.,2.01858731750028E-16));
#5547=DIRECTION('center_axis',(0.,-2.01858731750028E-16,-1.));
#5548=DIRECTION('ref_axis',(1.,0.,0.));
#5549=DIRECTION('',(-1.,0.,0.));
#5550=DIRECTION('',(0.,-1.,2.01858731750028E-16));
#5551=DIRECTION('',(-1.,0.,0.));
#5552=DIRECTION('center_axis',(0.,-1.,2.01858731750028E-16));
#5553=DIRECTION('ref_axis',(1.,0.,0.));
#5554=DIRECTION('center_axis',(0.,1.,0.));
#5555=DIRECTION('ref_axis',(1.,0.,0.));
#5556=DIRECTION('center_axis',(0.,1.,0.));
#5557=DIRECTION('ref_axis',(1.,0.,0.));
#5558=DIRECTION('center_axis',(1.,0.,0.));
#5559=DIRECTION('ref_axis',(0.,2.22044604925031E-16,1.));
#5560=DIRECTION('',(0.,0.,-1.));
#5561=DIRECTION('',(0.,-1.,2.42230478100034E-16));
#5562=DIRECTION('',(0.,0.,-1.));
#5563=DIRECTION('',(0.,-1.,2.42230478100034E-16));
#5564=DIRECTION('center_axis',(0.,2.42230478100034E-16,1.));
#5565=DIRECTION('ref_axis',(-1.,0.,0.));
#5566=DIRECTION('',(1.,0.,0.));
#5567=DIRECTION('',(1.,0.,0.));
#5568=DIRECTION('',(0.,-1.,2.42230478100034E-16));
#5569=DIRECTION('center_axis',(-1.,-1.92092752894727E-32,-7.93016446160826E-17));
#5570=DIRECTION('ref_axis',(7.93016446160826E-17,-2.22044604925031E-16,
-1.));
#5571=DIRECTION('',(-7.93016446160826E-17,0.,1.));
#5572=DIRECTION('',(-7.93016446160826E-17,0.,1.));
#5573=DIRECTION('',(0.,-1.,2.42230478100034E-16));
#5574=DIRECTION('center_axis',(0.,-2.42230478100034E-16,-1.));
#5575=DIRECTION('ref_axis',(1.,0.,0.));
#5576=DIRECTION('',(-1.,0.,0.));
#5577=DIRECTION('',(-1.,0.,0.));
#5578=DIRECTION('',(0.,-1.,2.42230478100034E-16));
#5579=DIRECTION('center_axis',(0.,-2.42230478100034E-16,-1.));
#5580=DIRECTION('ref_axis',(1.,0.,0.));
#5581=DIRECTION('',(-1.,0.,0.));
#5582=DIRECTION('',(0.,-1.,2.42230478100034E-16));
#5583=DIRECTION('',(-1.,0.,0.));
#5584=DIRECTION('center_axis',(0.,-1.,2.42230478100034E-16));
#5585=DIRECTION('ref_axis',(1.,0.,0.));
#5586=DIRECTION('center_axis',(0.,1.,0.));
#5587=DIRECTION('ref_axis',(1.,0.,0.));
#5588=DIRECTION('center_axis',(0.,1.,0.));
#5589=DIRECTION('ref_axis',(1.,0.,0.));
#5590=DIRECTION('center_axis',(1.,-1.28061835263152E-32,-7.93016446160828E-17));
#5591=DIRECTION('ref_axis',(7.93016446160828E-17,-4.12368552003631E-16,
1.));
#5592=DIRECTION('',(-7.93016446160828E-17,0.,-1.));
#5593=DIRECTION('',(0.,-1.,1.61486985400023E-16));
#5594=DIRECTION('',(-7.93016446160828E-17,0.,-1.));
#5595=DIRECTION('',(0.,-1.,1.61486985400023E-16));
#5596=DIRECTION('center_axis',(0.,1.61486985400023E-16,1.));
#5597=DIRECTION('ref_axis',(-1.,0.,0.));
#5598=DIRECTION('',(1.,0.,0.));
#5599=DIRECTION('',(1.,0.,0.));
#5600=DIRECTION('',(0.,-1.,1.61486985400023E-16));
#5601=DIRECTION('center_axis',(-1.,0.,0.));
#5602=DIRECTION('ref_axis',(0.,-2.22044604925031E-16,-1.));
#5603=DIRECTION('',(0.,0.,1.));
#5604=DIRECTION('',(0.,0.,1.));
#5605=DIRECTION('',(0.,-1.,1.61486985400023E-16));
#5606=DIRECTION('center_axis',(-3.84185505789453E-32,-1.61486985400023E-16,
-1.));
#5607=DIRECTION('ref_axis',(1.,6.3441315692866E-16,-1.40868018789466E-31));
#5608=DIRECTION('',(-1.,0.,3.84185505789453E-32));
#5609=DIRECTION('',(-1.,0.,3.84185505789453E-32));
#5610=DIRECTION('',(0.,-1.,1.61486985400023E-16));
#5611=DIRECTION('center_axis',(-3.84185505789453E-32,-1.61486985400023E-16,
-1.));
#5612=DIRECTION('ref_axis',(1.,6.3441315692866E-16,-1.40868018789466E-31));
#5613=DIRECTION('',(-1.,0.,3.84185505789453E-32));
#5614=DIRECTION('',(0.,-1.,1.61486985400023E-16));
#5615=DIRECTION('',(-1.,0.,3.84185505789453E-32));
#5616=DIRECTION('center_axis',(0.,-1.,1.61486985400023E-16));
#5617=DIRECTION('ref_axis',(1.,0.,0.));
#5618=DIRECTION('center_axis',(0.,1.,0.));
#5619=DIRECTION('ref_axis',(1.,0.,0.));
#5620=DIRECTION('center_axis',(0.,1.,0.));
#5621=DIRECTION('ref_axis',(1.,0.,0.));
#5622=DIRECTION('center_axis',(1.,0.,0.));
#5623=DIRECTION('ref_axis',(0.,2.22044604925031E-16,1.));
#5624=DIRECTION('',(0.,0.,-1.));
#5625=DIRECTION('',(0.,-1.,2.01858731750028E-16));
#5626=DIRECTION('',(0.,0.,-1.));
#5627=DIRECTION('',(0.,-1.,2.01858731750028E-16));
#5628=DIRECTION('center_axis',(1.18952466924124E-15,2.01858731750028E-16,
1.));
#5629=DIRECTION('ref_axis',(-1.,6.3441315692866E-16,1.18952466924124E-15));
#5630=DIRECTION('',(1.,0.,-1.18952466924124E-15));
#5631=DIRECTION('',(1.,0.,-1.18952466924124E-15));
#5632=DIRECTION('',(0.,-1.,2.01858731750028E-16));
#5633=DIRECTION('center_axis',(-1.,0.,0.));
#5634=DIRECTION('ref_axis',(0.,-8.56457761853691E-16,-1.));
#5635=DIRECTION('',(0.,0.,1.));
#5636=DIRECTION('',(0.,0.,1.));
#5637=DIRECTION('',(0.,-1.,2.01858731750028E-16));
#5638=DIRECTION('center_axis',(0.,-2.01858731750028E-16,-1.));
#5639=DIRECTION('ref_axis',(1.,0.,0.));
#5640=DIRECTION('',(-1.,0.,0.));
#5641=DIRECTION('',(-1.,0.,0.));
#5642=DIRECTION('',(0.,-1.,2.01858731750028E-16));
#5643=DIRECTION('center_axis',(0.,-2.01858731750028E-16,-1.));
#5644=DIRECTION('ref_axis',(1.,0.,0.));
#5645=DIRECTION('',(-1.,0.,0.));
#5646=DIRECTION('',(0.,-1.,2.01858731750028E-16));
#5647=DIRECTION('',(-1.,0.,0.));
#5648=DIRECTION('center_axis',(0.,-1.,2.01858731750028E-16));
#5649=DIRECTION('ref_axis',(1.,0.,0.));
#5650=DIRECTION('center_axis',(0.,1.,0.));
#5651=DIRECTION('ref_axis',(1.,0.,0.));
#5652=DIRECTION('center_axis',(0.,1.,0.));
#5653=DIRECTION('ref_axis',(1.,0.,0.));
#5654=DIRECTION('center_axis',(1.,-1.92092752894727E-32,-7.93016446160827E-17));
#5655=DIRECTION('ref_axis',(7.93016446160827E-17,2.22044604925031E-16,1.));
#5656=DIRECTION('',(-7.93016446160827E-17,0.,-1.));
#5657=DIRECTION('',(0.,-1.,2.42230478100034E-16));
#5658=DIRECTION('',(-7.93016446160827E-17,0.,-1.));
#5659=DIRECTION('',(0.,-1.,2.42230478100034E-16));
#5660=DIRECTION('center_axis',(0.,2.42230478100034E-16,1.));
#5661=DIRECTION('ref_axis',(-1.,0.,0.));
#5662=DIRECTION('',(1.,0.,0.));
#5663=DIRECTION('',(1.,0.,0.));
#5664=DIRECTION('',(0.,-1.,2.42230478100034E-16));
#5665=DIRECTION('center_axis',(-1.,0.,0.));
#5666=DIRECTION('ref_axis',(0.,-2.22044604925031E-16,-1.));
#5667=DIRECTION('',(0.,0.,1.));
#5668=DIRECTION('',(0.,0.,1.));
#5669=DIRECTION('',(0.,-1.,2.42230478100034E-16));
#5670=DIRECTION('center_axis',(0.,-2.42230478100034E-16,-1.));
#5671=DIRECTION('ref_axis',(1.,0.,0.));
#5672=DIRECTION('',(-1.,0.,0.));
#5673=DIRECTION('',(-1.,0.,0.));
#5674=DIRECTION('',(0.,-1.,2.42230478100034E-16));
#5675=DIRECTION('center_axis',(0.,-2.42230478100034E-16,-1.));
#5676=DIRECTION('ref_axis',(1.,0.,0.));
#5677=DIRECTION('',(-1.,0.,0.));
#5678=DIRECTION('',(0.,-1.,2.42230478100034E-16));
#5679=DIRECTION('',(-1.,0.,0.));
#5680=DIRECTION('center_axis',(0.,-1.,2.42230478100034E-16));
#5681=DIRECTION('ref_axis',(1.,0.,0.));
#5682=DIRECTION('center_axis',(0.,1.,0.));
#5683=DIRECTION('ref_axis',(1.,0.,0.));
#5684=DIRECTION('center_axis',(0.,1.,0.));
#5685=DIRECTION('ref_axis',(1.,0.,0.));
#5686=DIRECTION('center_axis',(1.,0.,0.));
#5687=DIRECTION('ref_axis',(0.,2.22044604925031E-16,1.));
#5688=DIRECTION('',(0.,0.,-1.));
#5689=DIRECTION('',(0.,-1.,1.61486985400023E-16));
#5690=DIRECTION('',(0.,0.,-1.));
#5691=DIRECTION('',(0.,-1.,1.61486985400023E-16));
#5692=DIRECTION('center_axis',(0.,1.61486985400023E-16,1.));
#5693=DIRECTION('ref_axis',(-1.,0.,0.));
#5694=DIRECTION('',(1.,0.,0.));
#5695=DIRECTION('',(1.,0.,0.));
#5696=DIRECTION('',(0.,-1.,1.61486985400023E-16));
#5697=DIRECTION('center_axis',(-1.,0.,0.));
#5698=DIRECTION('ref_axis',(0.,-2.22044604925031E-16,-1.));
#5699=DIRECTION('',(0.,0.,1.));
#5700=DIRECTION('',(0.,0.,1.));
#5701=DIRECTION('',(0.,-1.,1.61486985400023E-16));
#5702=DIRECTION('center_axis',(0.,-1.61486985400023E-16,-1.));
#5703=DIRECTION('ref_axis',(1.,0.,0.));
#5704=DIRECTION('',(-1.,0.,0.));
#5705=DIRECTION('',(-1.,0.,0.));
#5706=DIRECTION('',(0.,-1.,1.61486985400023E-16));
#5707=DIRECTION('center_axis',(0.,-1.61486985400023E-16,-1.));
#5708=DIRECTION('ref_axis',(1.,0.,0.));
#5709=DIRECTION('',(-1.,0.,0.));
#5710=DIRECTION('',(0.,-1.,1.61486985400023E-16));
#5711=DIRECTION('',(-1.,0.,0.));
#5712=DIRECTION('center_axis',(0.,-1.,1.61486985400023E-16));
#5713=DIRECTION('ref_axis',(1.,0.,0.));
#5714=DIRECTION('center_axis',(0.,1.,0.));
#5715=DIRECTION('ref_axis',(1.,0.,0.));
#5716=DIRECTION('center_axis',(0.,1.,0.));
#5717=DIRECTION('ref_axis',(1.,0.,0.));
#5718=DIRECTION('center_axis',(1.,6.40309176315756E-32,3.1720657846433E-16));
#5719=DIRECTION('ref_axis',(-3.1720657846433E-16,8.56457761853692E-16,1.));
#5720=DIRECTION('',(3.1720657846433E-16,0.,-1.));
#5721=DIRECTION('',(0.,-1.,2.01858731750028E-16));
#5722=DIRECTION('',(3.1720657846433E-16,0.,-1.));
#5723=DIRECTION('',(0.,-1.,2.01858731750028E-16));
#5724=DIRECTION('center_axis',(1.58603289232165E-15,2.01858731750028E-16,
1.));
#5725=DIRECTION('ref_axis',(-1.,3.52170046973666E-31,1.58603289232165E-15));
#5726=DIRECTION('',(1.,0.,-1.58603289232165E-15));
#5727=DIRECTION('',(1.,0.,-1.58603289232165E-15));
#5728=DIRECTION('',(0.,-1.,2.01858731750028E-16));
#5729=DIRECTION('center_axis',(-1.,-1.28061835263151E-31,-6.3441315692866E-16));
#5730=DIRECTION('ref_axis',(6.3441315692866E-16,-2.22044604925031E-16,-1.));
#5731=DIRECTION('',(-6.3441315692866E-16,0.,1.));
#5732=DIRECTION('',(-6.3441315692866E-16,0.,1.));
#5733=DIRECTION('',(0.,-1.,2.01858731750028E-16));
#5734=DIRECTION('center_axis',(1.28061835263151E-32,-2.01858731750028E-16,
-1.));
#5735=DIRECTION('ref_axis',(1.,-6.34413156928661E-16,1.40868018789466E-31));
#5736=DIRECTION('',(-1.,0.,-1.28061835263151E-32));
#5737=DIRECTION('',(-1.,0.,-1.28061835263151E-32));
#5738=DIRECTION('',(0.,-1.,2.01858731750028E-16));
#5739=DIRECTION('center_axis',(1.28061835263151E-32,-2.01858731750028E-16,
-1.));
#5740=DIRECTION('ref_axis',(1.,-6.34413156928661E-16,1.40868018789466E-31));
#5741=DIRECTION('',(-1.,0.,-1.28061835263151E-32));
#5742=DIRECTION('',(0.,-1.,2.01858731750028E-16));
#5743=DIRECTION('',(-1.,0.,-1.28061835263151E-32));
#5744=DIRECTION('center_axis',(0.,-1.,2.01858731750028E-16));
#5745=DIRECTION('ref_axis',(1.,0.,0.));
#5746=DIRECTION('center_axis',(0.,1.,0.));
#5747=DIRECTION('ref_axis',(1.,0.,0.));
#5748=DIRECTION('center_axis',(0.,1.,0.));
#5749=DIRECTION('ref_axis',(1.,0.,0.));
#5750=DIRECTION('center_axis',(1.,0.,0.));
#5751=DIRECTION('ref_axis',(0.,2.22044604925031E-16,1.));
#5752=DIRECTION('',(0.,0.,-1.));
#5753=DIRECTION('',(0.,-1.,2.01858731750028E-16));
#5754=DIRECTION('',(0.,0.,-1.));
#5755=DIRECTION('',(0.,-1.,2.01858731750028E-16));
#5756=DIRECTION('center_axis',(-1.28061835263151E-32,2.01858731750028E-16,
1.));
#5757=DIRECTION('ref_axis',(-1.,6.34413156928661E-16,-1.40868018789467E-31));
#5758=DIRECTION('',(1.,0.,1.28061835263151E-32));
#5759=DIRECTION('',(1.,0.,1.28061835263151E-32));
#5760=DIRECTION('',(0.,-1.,2.01858731750028E-16));
#5761=DIRECTION('center_axis',(-1.,6.40309176315756E-32,3.1720657846433E-16));
#5762=DIRECTION('ref_axis',(-3.1720657846433E-16,-8.56457761853692E-16,
-1.));
#5763=DIRECTION('',(3.1720657846433E-16,0.,1.));
#5764=DIRECTION('',(3.1720657846433E-16,0.,1.));
#5765=DIRECTION('',(0.,-1.,2.01858731750028E-16));
#5766=DIRECTION('center_axis',(0.,-2.01858731750028E-16,-1.));
#5767=DIRECTION('ref_axis',(1.,0.,0.));
#5768=DIRECTION('',(-1.,0.,0.));
#5769=DIRECTION('',(-1.,0.,0.));
#5770=DIRECTION('',(0.,-1.,2.01858731750028E-16));
#5771=DIRECTION('center_axis',(0.,-2.01858731750028E-16,-1.));
#5772=DIRECTION('ref_axis',(1.,0.,0.));
#5773=DIRECTION('',(-1.,0.,0.));
#5774=DIRECTION('',(0.,-1.,2.01858731750028E-16));
#5775=DIRECTION('',(-1.,0.,0.));
#5776=DIRECTION('center_axis',(0.,-1.,2.01858731750028E-16));
#5777=DIRECTION('ref_axis',(1.,0.,0.));
#5778=DIRECTION('center_axis',(0.,1.,0.));
#5779=DIRECTION('ref_axis',(1.,0.,0.));
#5780=DIRECTION('center_axis',(0.,1.,0.));
#5781=DIRECTION('ref_axis',(1.,0.,0.));
#5782=DIRECTION('center_axis',(1.,0.,0.));
#5783=DIRECTION('ref_axis',(0.,8.56457761853693E-16,1.));
#5784=DIRECTION('',(0.,0.,-1.));
#5785=DIRECTION('',(0.,-1.,2.42230478100034E-16));
#5786=DIRECTION('',(0.,0.,-1.));
#5787=DIRECTION('',(0.,-1.,2.42230478100034E-16));
#5788=DIRECTION('center_axis',(0.,2.42230478100034E-16,1.));
#5789=DIRECTION('ref_axis',(-1.,0.,0.));
#5790=DIRECTION('',(1.,0.,0.));
#5791=DIRECTION('',(1.,0.,0.));
#5792=DIRECTION('',(0.,-1.,2.42230478100034E-16));
#5793=DIRECTION('center_axis',(-1.,5.37859708105236E-31,2.22044604925032E-15));
#5794=DIRECTION('ref_axis',(-2.22044604925032E-15,-8.56457761853693E-16,
-1.));
#5795=DIRECTION('',(2.22044604925032E-15,0.,1.));
#5796=DIRECTION('',(2.22044604925032E-15,0.,1.));
#5797=DIRECTION('',(0.,-1.,2.42230478100034E-16));
#5798=DIRECTION('center_axis',(0.,-2.42230478100034E-16,-1.));
#5799=DIRECTION('ref_axis',(1.,0.,0.));
#5800=DIRECTION('',(-1.,0.,0.));
#5801=DIRECTION('',(-1.,0.,0.));
#5802=DIRECTION('',(0.,-1.,2.42230478100034E-16));
#5803=DIRECTION('center_axis',(0.,-2.42230478100034E-16,-1.));
#5804=DIRECTION('ref_axis',(1.,0.,0.));
#5805=DIRECTION('',(-1.,0.,0.));
#5806=DIRECTION('',(0.,-1.,2.42230478100034E-16));
#5807=DIRECTION('',(-1.,0.,0.));
#5808=DIRECTION('center_axis',(0.,-1.,2.42230478100034E-16));
#5809=DIRECTION('ref_axis',(1.,0.,0.));
#5810=DIRECTION('center_axis',(0.,1.,0.));
#5811=DIRECTION('ref_axis',(1.,0.,0.));
#5812=DIRECTION('center_axis',(0.,1.,0.));
#5813=DIRECTION('ref_axis',(1.,0.,0.));
#5814=DIRECTION('center_axis',(1.,-1.76085023486833E-32,-7.93016446160825E-17));
#5815=DIRECTION('ref_axis',(7.93016446160825E-17,2.22044604925031E-16,1.));
#5816=DIRECTION('',(-7.93016446160825E-17,0.,-1.));
#5817=DIRECTION('',(0.,-1.,2.22044604925031E-16));
#5818=DIRECTION('',(-7.93016446160825E-17,0.,-1.));
#5819=DIRECTION('',(0.,-1.,2.22044604925031E-16));
#5820=DIRECTION('center_axis',(0.,2.22044604925031E-16,1.));
#5821=DIRECTION('ref_axis',(-1.,0.,0.));
#5822=DIRECTION('',(1.,0.,0.));
#5823=DIRECTION('',(1.,0.,0.));
#5824=DIRECTION('',(0.,-1.,2.22044604925031E-16));
#5825=DIRECTION('center_axis',(-1.,0.,0.));
#5826=DIRECTION('ref_axis',(0.,-2.22044604925031E-16,-1.));
#5827=DIRECTION('',(0.,0.,1.));
#5828=DIRECTION('',(0.,0.,1.));
#5829=DIRECTION('',(0.,-1.,2.22044604925031E-16));
#5830=DIRECTION('center_axis',(0.,-2.22044604925031E-16,-1.));
#5831=DIRECTION('ref_axis',(1.,0.,0.));
#5832=DIRECTION('',(-1.,0.,0.));
#5833=DIRECTION('',(-1.,0.,0.));
#5834=DIRECTION('',(0.,-1.,2.22044604925031E-16));
#5835=DIRECTION('center_axis',(0.,-2.22044604925031E-16,-1.));
#5836=DIRECTION('ref_axis',(1.,0.,0.));
#5837=DIRECTION('',(-1.,0.,0.));
#5838=DIRECTION('',(0.,-1.,2.22044604925031E-16));
#5839=DIRECTION('',(-1.,0.,0.));
#5840=DIRECTION('center_axis',(0.,-1.,2.22044604925031E-16));
#5841=DIRECTION('ref_axis',(1.,0.,0.));
#5842=DIRECTION('center_axis',(0.,1.,0.));
#5843=DIRECTION('ref_axis',(1.,0.,0.));
#5844=DIRECTION('center_axis',(0.,1.,0.));
#5845=DIRECTION('ref_axis',(1.,0.,0.));
#5846=DIRECTION('center_axis',(1.,0.,0.));
#5847=DIRECTION('ref_axis',(0.,2.22044604925031E-16,1.));
#5848=DIRECTION('',(0.,0.,-1.));
#5849=DIRECTION('',(0.,-1.,2.22044604925031E-16));
#5850=DIRECTION('',(0.,0.,-1.));
#5851=DIRECTION('',(0.,-1.,2.22044604925031E-16));
#5852=DIRECTION('center_axis',(0.,2.22044604925031E-16,1.));
#5853=DIRECTION('ref_axis',(-1.,0.,0.));
#5854=DIRECTION('',(1.,0.,0.));
#5855=DIRECTION('',(1.,0.,0.));
#5856=DIRECTION('',(0.,-1.,2.22044604925031E-16));
#5857=DIRECTION('center_axis',(-1.,7.04340093947332E-32,3.1720657846433E-16));
#5858=DIRECTION('ref_axis',(-3.1720657846433E-16,-2.22044604925031E-16,
-1.));
#5859=DIRECTION('',(3.1720657846433E-16,0.,1.));
#5860=DIRECTION('',(3.1720657846433E-16,0.,1.));
#5861=DIRECTION('',(0.,-1.,2.22044604925031E-16));
#5862=DIRECTION('center_axis',(0.,-2.22044604925031E-16,-1.));
#5863=DIRECTION('ref_axis',(1.,0.,0.));
#5864=DIRECTION('',(-1.,0.,0.));
#5865=DIRECTION('',(-1.,0.,0.));
#5866=DIRECTION('',(0.,-1.,2.22044604925031E-16));
#5867=DIRECTION('center_axis',(0.,-2.22044604925031E-16,-1.));
#5868=DIRECTION('ref_axis',(1.,0.,0.));
#5869=DIRECTION('',(-1.,0.,0.));
#5870=DIRECTION('',(0.,-1.,2.22044604925031E-16));
#5871=DIRECTION('',(-1.,0.,0.));
#5872=DIRECTION('center_axis',(0.,-1.,2.22044604925031E-16));
#5873=DIRECTION('ref_axis',(1.,0.,0.));
#5874=DIRECTION('center_axis',(0.,1.,0.));
#5875=DIRECTION('ref_axis',(1.,0.,0.));
#5876=DIRECTION('center_axis',(0.,1.,0.));
#5877=DIRECTION('ref_axis',(1.,0.,0.));
#5878=DIRECTION('center_axis',(1.,0.,0.));
#5879=DIRECTION('ref_axis',(0.,2.22044604925031E-16,1.));
#5880=DIRECTION('',(0.,0.,-1.));
#5881=DIRECTION('',(0.,-1.,2.22044604925031E-16));
#5882=DIRECTION('',(0.,0.,-1.));
#5883=DIRECTION('',(0.,-1.,2.22044604925031E-16));
#5884=DIRECTION('center_axis',(0.,2.22044604925031E-16,1.));
#5885=DIRECTION('ref_axis',(-1.,0.,0.));
#5886=DIRECTION('',(1.,0.,0.));
#5887=DIRECTION('',(1.,0.,0.));
#5888=DIRECTION('',(0.,-1.,2.22044604925031E-16));
#5889=DIRECTION('center_axis',(-1.,0.,0.));
#5890=DIRECTION('ref_axis',(0.,-2.22044604925031E-16,-1.));
#5891=DIRECTION('',(0.,0.,1.));
#5892=DIRECTION('',(0.,0.,1.));
#5893=DIRECTION('',(0.,-1.,2.22044604925031E-16));
#5894=DIRECTION('center_axis',(0.,-2.22044604925031E-16,-1.));
#5895=DIRECTION('ref_axis',(1.,0.,0.));
#5896=DIRECTION('',(-1.,0.,0.));
#5897=DIRECTION('',(-1.,0.,0.));
#5898=DIRECTION('',(0.,-1.,2.22044604925031E-16));
#5899=DIRECTION('center_axis',(0.,-2.22044604925031E-16,-1.));
#5900=DIRECTION('ref_axis',(1.,0.,0.));
#5901=DIRECTION('',(-1.,0.,0.));
#5902=DIRECTION('',(0.,-1.,2.22044604925031E-16));
#5903=DIRECTION('',(-1.,0.,0.));
#5904=DIRECTION('center_axis',(0.,-1.,2.22044604925031E-16));
#5905=DIRECTION('ref_axis',(1.,0.,0.));
#5906=DIRECTION('center_axis',(0.,1.,0.));
#5907=DIRECTION('ref_axis',(1.,0.,0.));
#5908=DIRECTION('center_axis',(0.,1.,0.));
#5909=DIRECTION('ref_axis',(1.,0.,0.));
#5910=DIRECTION('center_axis',(1.,0.,0.));
#5911=DIRECTION('ref_axis',(0.,2.22044604925031E-16,1.));
#5912=DIRECTION('',(0.,0.,-1.));
#5913=DIRECTION('',(0.,-1.,2.42230478100034E-16));
#5914=DIRECTION('',(0.,0.,-1.));
#5915=DIRECTION('',(0.,-1.,2.42230478100034E-16));
#5916=DIRECTION('center_axis',(-7.93016446160825E-17,2.42230478100034E-16,
1.));
#5917=DIRECTION('ref_axis',(-1.,6.3441315692866E-16,-7.93016446160826E-17));
#5918=DIRECTION('',(1.,0.,7.93016446160825E-17));
#5919=DIRECTION('',(1.,0.,7.93016446160825E-17));
#5920=DIRECTION('',(0.,-1.,2.42230478100034E-16));
#5921=DIRECTION('center_axis',(-1.,0.,0.));
#5922=DIRECTION('ref_axis',(0.,-8.56457761853692E-16,-1.));
#5923=DIRECTION('',(0.,0.,1.));
#5924=DIRECTION('',(0.,0.,1.));
#5925=DIRECTION('',(0.,-1.,2.42230478100034E-16));
#5926=DIRECTION('center_axis',(0.,-2.42230478100034E-16,-1.));
#5927=DIRECTION('ref_axis',(1.,0.,0.));
#5928=DIRECTION('',(-1.,0.,0.));
#5929=DIRECTION('',(-1.,0.,0.));
#5930=DIRECTION('',(0.,-1.,2.42230478100034E-16));
#5931=DIRECTION('center_axis',(0.,-2.42230478100034E-16,-1.));
#5932=DIRECTION('ref_axis',(1.,0.,0.));
#5933=DIRECTION('',(-1.,0.,0.));
#5934=DIRECTION('',(0.,-1.,2.42230478100034E-16));
#5935=DIRECTION('',(-1.,0.,0.));
#5936=DIRECTION('center_axis',(0.,-1.,2.42230478100034E-16));
#5937=DIRECTION('ref_axis',(1.,0.,0.));
#5938=DIRECTION('center_axis',(0.,1.,0.));
#5939=DIRECTION('ref_axis',(1.,0.,0.));
#5940=DIRECTION('center_axis',(0.,1.,0.));
#5941=DIRECTION('ref_axis',(1.,0.,0.));
#5942=DIRECTION('center_axis',(1.,0.,0.));
#5943=DIRECTION('ref_axis',(0.,2.22044604925031E-16,1.));
#5944=DIRECTION('',(0.,0.,-1.));
#5945=DIRECTION('',(0.,-1.,2.22044604925031E-16));
#5946=DIRECTION('',(0.,0.,-1.));
#5947=DIRECTION('',(0.,-1.,2.22044604925031E-16));
#5948=DIRECTION('center_axis',(1.58603289232165E-16,2.22044604925031E-16,
1.));
#5949=DIRECTION('ref_axis',(-1.,-6.34413156928661E-16,1.58603289232165E-16));
#5950=DIRECTION('',(1.,0.,-1.58603289232165E-16));
#5951=DIRECTION('',(1.,0.,-1.58603289232165E-16));
#5952=DIRECTION('',(0.,-1.,2.22044604925031E-16));
#5953=DIRECTION('center_axis',(-1.,0.,0.));
#5954=DIRECTION('ref_axis',(0.,-2.22044604925031E-16,-1.));
#5955=DIRECTION('',(0.,0.,1.));
#5956=DIRECTION('',(0.,0.,1.));
#5957=DIRECTION('',(0.,-1.,2.22044604925031E-16));
#5958=DIRECTION('center_axis',(-1.58603289232165E-16,-2.22044604925031E-16,
-1.));
#5959=DIRECTION('ref_axis',(1.,6.34413156928661E-16,-1.58603289232165E-16));
#5960=DIRECTION('',(-1.,0.,1.58603289232165E-16));
#5961=DIRECTION('',(-1.,0.,1.58603289232165E-16));
#5962=DIRECTION('',(0.,-1.,2.22044604925031E-16));
#5963=DIRECTION('center_axis',(-1.58603289232165E-16,-2.22044604925031E-16,
-1.));
#5964=DIRECTION('ref_axis',(1.,6.34413156928661E-16,-1.58603289232165E-16));
#5965=DIRECTION('',(-1.,0.,1.58603289232165E-16));
#5966=DIRECTION('',(0.,-1.,2.22044604925031E-16));
#5967=DIRECTION('',(-1.,0.,1.58603289232165E-16));
#5968=DIRECTION('center_axis',(0.,-1.,2.22044604925031E-16));
#5969=DIRECTION('ref_axis',(1.,0.,0.));
#5970=DIRECTION('center_axis',(0.,1.,0.));
#5971=DIRECTION('ref_axis',(1.,0.,0.));
#5972=DIRECTION('center_axis',(0.,1.,0.));
#5973=DIRECTION('ref_axis',(1.,0.,0.));
#5974=DIRECTION('center_axis',(1.,0.,0.));
#5975=DIRECTION('ref_axis',(0.,8.56457761853692E-16,1.));
#5976=DIRECTION('',(0.,0.,-1.));
#5977=DIRECTION('',(0.,-1.,2.42230478100034E-16));
#5978=DIRECTION('',(0.,0.,-1.));
#5979=DIRECTION('',(0.,-1.,2.42230478100034E-16));
#5980=DIRECTION('center_axis',(0.,2.42230478100034E-16,1.));
#5981=DIRECTION('ref_axis',(-1.,0.,0.));
#5982=DIRECTION('',(1.,0.,0.));
#5983=DIRECTION('',(1.,0.,0.));
#5984=DIRECTION('',(0.,-1.,2.42230478100034E-16));
#5985=DIRECTION('center_axis',(-1.,0.,0.));
#5986=DIRECTION('ref_axis',(0.,-8.56457761853692E-16,-1.));
#5987=DIRECTION('',(0.,0.,1.));
#5988=DIRECTION('',(0.,0.,1.));
#5989=DIRECTION('',(0.,-1.,2.42230478100034E-16));
#5990=DIRECTION('center_axis',(-1.26882631385732E-15,-2.42230478100034E-16,
-1.));
#5991=DIRECTION('ref_axis',(1.,-2.81736037578932E-31,-1.26882631385732E-15));
#5992=DIRECTION('',(-1.,0.,1.26882631385732E-15));
#5993=DIRECTION('',(-1.,0.,1.26882631385732E-15));
#5994=DIRECTION('',(0.,-1.,2.42230478100034E-16));
#5995=DIRECTION('center_axis',(-1.26882631385732E-15,-2.42230478100034E-16,
-1.));
#5996=DIRECTION('ref_axis',(1.,-2.81736037578932E-31,-1.26882631385732E-15));
#5997=DIRECTION('',(-1.,0.,1.26882631385732E-15));
#5998=DIRECTION('',(0.,-1.,2.42230478100034E-16));
#5999=DIRECTION('',(-1.,0.,1.26882631385732E-15));
#6000=DIRECTION('center_axis',(0.,-1.,2.42230478100034E-16));
#6001=DIRECTION('ref_axis',(1.,0.,0.));
#6002=DIRECTION('center_axis',(0.,1.,0.));
#6003=DIRECTION('ref_axis',(1.,0.,0.));
#6004=DIRECTION('center_axis',(0.,1.,0.));
#6005=DIRECTION('ref_axis',(1.,0.,0.));
#6006=DIRECTION('center_axis',(1.,0.,0.));
#6007=DIRECTION('ref_axis',(0.,2.22044604925031E-16,1.));
#6008=DIRECTION('',(0.,0.,-1.));
#6009=DIRECTION('',(0.,-1.,2.01858731750028E-16));
#6010=DIRECTION('',(0.,0.,-1.));
#6011=DIRECTION('',(0.,-1.,2.01858731750028E-16));
#6012=DIRECTION('center_axis',(0.,2.01858731750028E-16,1.));
#6013=DIRECTION('ref_axis',(-1.,0.,0.));
#6014=DIRECTION('',(1.,0.,0.));
#6015=DIRECTION('',(1.,0.,0.));
#6016=DIRECTION('',(0.,-1.,2.01858731750028E-16));
#6017=DIRECTION('center_axis',(-1.,0.,0.));
#6018=DIRECTION('ref_axis',(0.,-2.22044604925031E-16,-1.));
#6019=DIRECTION('',(0.,0.,1.));
#6020=DIRECTION('',(0.,0.,1.));
#6021=DIRECTION('',(0.,-1.,2.01858731750028E-16));
#6022=DIRECTION('center_axis',(0.,-2.01858731750028E-16,-1.));
#6023=DIRECTION('ref_axis',(1.,0.,0.));
#6024=DIRECTION('',(-1.,0.,0.));
#6025=DIRECTION('',(-1.,0.,0.));
#6026=DIRECTION('',(0.,-1.,2.01858731750028E-16));
#6027=DIRECTION('center_axis',(0.,-2.01858731750028E-16,-1.));
#6028=DIRECTION('ref_axis',(1.,0.,0.));
#6029=DIRECTION('',(-1.,0.,0.));
#6030=DIRECTION('',(0.,-1.,2.01858731750028E-16));
#6031=DIRECTION('',(-1.,0.,0.));
#6032=DIRECTION('center_axis',(0.,-1.,2.01858731750028E-16));
#6033=DIRECTION('ref_axis',(1.,0.,0.));
#6034=DIRECTION('center_axis',(0.,1.,0.));
#6035=DIRECTION('ref_axis',(1.,0.,0.));
#6036=DIRECTION('center_axis',(0.,1.,0.));
#6037=DIRECTION('ref_axis',(1.,0.,0.));
#6038=DIRECTION('center_axis',(1.,0.,0.));
#6039=DIRECTION('ref_axis',(0.,2.22044604925031E-16,1.));
#6040=DIRECTION('',(0.,0.,-1.));
#6041=DIRECTION('',(0.,-1.,2.42230478100034E-16));
#6042=DIRECTION('',(0.,0.,-1.));
#6043=DIRECTION('',(0.,-1.,2.42230478100034E-16));
#6044=DIRECTION('center_axis',(-7.93016446160825E-17,2.42230478100034E-16,
1.));
#6045=DIRECTION('ref_axis',(-1.,6.3441315692866E-16,-7.93016446160826E-17));
#6046=DIRECTION('',(1.,0.,7.93016446160825E-17));
#6047=DIRECTION('',(1.,0.,7.93016446160825E-17));
#6048=DIRECTION('',(0.,-1.,2.42230478100034E-16));
#6049=DIRECTION('center_axis',(-1.,0.,0.));
#6050=DIRECTION('ref_axis',(0.,-8.56457761853692E-16,-1.));
#6051=DIRECTION('',(0.,0.,1.));
#6052=DIRECTION('',(0.,0.,1.));
#6053=DIRECTION('',(0.,-1.,2.42230478100034E-16));
#6054=DIRECTION('center_axis',(0.,-2.42230478100034E-16,-1.));
#6055=DIRECTION('ref_axis',(1.,0.,0.));
#6056=DIRECTION('',(-1.,0.,0.));
#6057=DIRECTION('',(-1.,0.,0.));
#6058=DIRECTION('',(0.,-1.,2.42230478100034E-16));
#6059=DIRECTION('center_axis',(0.,-2.42230478100034E-16,-1.));
#6060=DIRECTION('ref_axis',(1.,0.,0.));
#6061=DIRECTION('',(-1.,0.,0.));
#6062=DIRECTION('',(0.,-1.,2.42230478100034E-16));
#6063=DIRECTION('',(-1.,0.,0.));
#6064=DIRECTION('center_axis',(0.,-1.,2.42230478100034E-16));
#6065=DIRECTION('ref_axis',(1.,0.,0.));
#6066=DIRECTION('center_axis',(0.,1.,0.));
#6067=DIRECTION('ref_axis',(1.,0.,0.));
#6068=DIRECTION('center_axis',(0.,1.,0.));
#6069=DIRECTION('ref_axis',(1.,0.,0.));
#6070=DIRECTION('center_axis',(1.,0.,0.));
#6071=DIRECTION('ref_axis',(0.,2.22044604925031E-16,1.));
#6072=DIRECTION('',(0.,0.,-1.));
#6073=DIRECTION('',(0.,-1.,2.42230478100034E-16));
#6074=DIRECTION('',(0.,0.,-1.));
#6075=DIRECTION('',(0.,-1.,2.42230478100034E-16));
#6076=DIRECTION('center_axis',(-1.28061835263152E-32,2.42230478100034E-16,
1.));
#6077=DIRECTION('ref_axis',(-1.,-6.34413156928662E-16,1.40868018789467E-31));
#6078=DIRECTION('',(1.,0.,1.28061835263152E-32));
#6079=DIRECTION('',(1.,0.,1.28061835263152E-32));
#6080=DIRECTION('',(0.,-1.,2.42230478100034E-16));
#6081=DIRECTION('center_axis',(-1.,0.,0.));
#6082=DIRECTION('ref_axis',(0.,4.12368552003631E-16,-1.));
#6083=DIRECTION('',(0.,0.,1.));
#6084=DIRECTION('',(0.,0.,1.));
#6085=DIRECTION('',(0.,-1.,2.42230478100034E-16));
#6086=DIRECTION('center_axis',(0.,-2.42230478100034E-16,-1.));
#6087=DIRECTION('ref_axis',(1.,0.,0.));
#6088=DIRECTION('',(-1.,0.,0.));
#6089=DIRECTION('',(-1.,0.,0.));
#6090=DIRECTION('',(0.,-1.,2.42230478100034E-16));
#6091=DIRECTION('center_axis',(0.,-2.42230478100034E-16,-1.));
#6092=DIRECTION('ref_axis',(1.,0.,0.));
#6093=DIRECTION('',(-1.,0.,0.));
#6094=DIRECTION('',(0.,-1.,2.42230478100034E-16));
#6095=DIRECTION('',(-1.,0.,0.));
#6096=DIRECTION('center_axis',(0.,-1.,2.42230478100034E-16));
#6097=DIRECTION('ref_axis',(1.,0.,0.));
#6098=DIRECTION('center_axis',(0.,1.,0.));
#6099=DIRECTION('ref_axis',(1.,0.,0.));
#6100=DIRECTION('center_axis',(0.,1.,0.));
#6101=DIRECTION('ref_axis',(1.,0.,0.));
#6102=DIRECTION('center_axis',(1.,-1.28061835263151E-32,-7.93016446160825E-17));
#6103=DIRECTION('ref_axis',(7.93016446160825E-17,2.22044604925031E-16,1.));
#6104=DIRECTION('',(-7.93016446160825E-17,0.,-1.));
#6105=DIRECTION('',(0.,-1.,1.61486985400023E-16));
#6106=DIRECTION('',(-7.93016446160825E-17,0.,-1.));
#6107=DIRECTION('',(0.,-1.,1.61486985400023E-16));
#6108=DIRECTION('center_axis',(0.,1.61486985400023E-16,1.));
#6109=DIRECTION('ref_axis',(-1.,0.,0.));
#6110=DIRECTION('',(1.,0.,0.));
#6111=DIRECTION('',(1.,0.,0.));
#6112=DIRECTION('',(0.,-1.,1.61486985400023E-16));
#6113=DIRECTION('center_axis',(-1.,0.,0.));
#6114=DIRECTION('ref_axis',(0.,-2.22044604925031E-16,-1.));
#6115=DIRECTION('',(0.,0.,1.));
#6116=DIRECTION('',(0.,0.,1.));
#6117=DIRECTION('',(0.,-1.,1.61486985400023E-16));
#6118=DIRECTION('center_axis',(0.,-1.61486985400023E-16,-1.));
#6119=DIRECTION('ref_axis',(1.,0.,0.));
#6120=DIRECTION('',(-1.,0.,0.));
#6121=DIRECTION('',(-1.,0.,0.));
#6122=DIRECTION('',(0.,-1.,1.61486985400023E-16));
#6123=DIRECTION('center_axis',(0.,-1.61486985400023E-16,-1.));
#6124=DIRECTION('ref_axis',(1.,0.,0.));
#6125=DIRECTION('',(-1.,0.,0.));
#6126=DIRECTION('',(0.,-1.,1.61486985400023E-16));
#6127=DIRECTION('',(-1.,0.,0.));
#6128=DIRECTION('center_axis',(0.,-1.,1.61486985400023E-16));
#6129=DIRECTION('ref_axis',(1.,0.,0.));
#6130=DIRECTION('center_axis',(0.,1.,0.));
#6131=DIRECTION('ref_axis',(1.,0.,0.));
#6132=DIRECTION('center_axis',(0.,1.,0.));
#6133=DIRECTION('ref_axis',(1.,0.,0.));
#6134=DIRECTION('center_axis',(1.,0.,0.));
#6135=DIRECTION('ref_axis',(0.,8.56457761853692E-16,1.));
#6136=DIRECTION('',(0.,0.,-1.));
#6137=DIRECTION('',(0.,-1.,2.01858731750028E-16));
#6138=DIRECTION('',(0.,0.,-1.));
#6139=DIRECTION('',(0.,-1.,2.01858731750028E-16));
#6140=DIRECTION('center_axis',(0.,2.01858731750028E-16,1.));
#6141=DIRECTION('ref_axis',(-1.,0.,0.));
#6142=DIRECTION('',(1.,0.,0.));
#6143=DIRECTION('',(1.,0.,0.));
#6144=DIRECTION('',(0.,-1.,2.01858731750028E-16));
#6145=DIRECTION('center_axis',(-1.,0.,0.));
#6146=DIRECTION('ref_axis',(0.,-2.22044604925031E-16,-1.));
#6147=DIRECTION('',(0.,0.,1.));
#6148=DIRECTION('',(0.,0.,1.));
#6149=DIRECTION('',(0.,-1.,2.01858731750028E-16));
#6150=DIRECTION('center_axis',(1.28061835263151E-32,-2.01858731750028E-16,
-1.));
#6151=DIRECTION('ref_axis',(1.,-6.3441315692866E-16,1.40868018789466E-31));
#6152=DIRECTION('',(-1.,0.,-1.28061835263151E-32));
#6153=DIRECTION('',(-1.,0.,-1.28061835263151E-32));
#6154=DIRECTION('',(0.,-1.,2.01858731750028E-16));
#6155=DIRECTION('center_axis',(1.28061835263151E-32,-2.01858731750028E-16,
-1.));
#6156=DIRECTION('ref_axis',(1.,-6.3441315692866E-16,1.40868018789466E-31));
#6157=DIRECTION('',(-1.,0.,-1.28061835263151E-32));
#6158=DIRECTION('',(0.,-1.,2.01858731750028E-16));
#6159=DIRECTION('',(-1.,0.,-1.28061835263151E-32));
#6160=DIRECTION('center_axis',(0.,-1.,2.01858731750028E-16));
#6161=DIRECTION('ref_axis',(1.,0.,0.));
#6162=DIRECTION('center_axis',(0.,1.,0.));
#6163=DIRECTION('ref_axis',(1.,0.,0.));
#6164=DIRECTION('center_axis',(0.,1.,0.));
#6165=DIRECTION('ref_axis',(1.,0.,0.));
#6166=DIRECTION('center_axis',(1.,0.,0.));
#6167=DIRECTION('ref_axis',(0.,2.22044604925031E-16,1.));
#6168=DIRECTION('',(0.,0.,-1.));
#6169=DIRECTION('',(0.,-1.,1.61486985400023E-16));
#6170=DIRECTION('',(0.,0.,-1.));
#6171=DIRECTION('',(0.,-1.,1.61486985400023E-16));
#6172=DIRECTION('center_axis',(-3.84185505789453E-32,1.61486985400023E-16,
1.));
#6173=DIRECTION('ref_axis',(-1.,6.3441315692866E-16,-1.40868018789466E-31));
#6174=DIRECTION('',(1.,0.,3.84185505789453E-32));
#6175=DIRECTION('',(1.,0.,3.84185505789453E-32));
#6176=DIRECTION('',(0.,-1.,1.61486985400023E-16));
#6177=DIRECTION('center_axis',(-1.,0.,0.));
#6178=DIRECTION('ref_axis',(0.,-2.22044604925031E-16,-1.));
#6179=DIRECTION('',(0.,0.,1.));
#6180=DIRECTION('',(0.,0.,1.));
#6181=DIRECTION('',(0.,-1.,1.61486985400023E-16));
#6182=DIRECTION('center_axis',(3.84185505789453E-32,-1.61486985400023E-16,
-1.));
#6183=DIRECTION('ref_axis',(1.,-6.3441315692866E-16,1.40868018789466E-31));
#6184=DIRECTION('',(-1.,0.,-3.84185505789453E-32));
#6185=DIRECTION('',(-1.,0.,-3.84185505789453E-32));
#6186=DIRECTION('',(0.,-1.,1.61486985400023E-16));
#6187=DIRECTION('center_axis',(3.84185505789453E-32,-1.61486985400023E-16,
-1.));
#6188=DIRECTION('ref_axis',(1.,-6.3441315692866E-16,1.40868018789466E-31));
#6189=DIRECTION('',(-1.,0.,-3.84185505789453E-32));
#6190=DIRECTION('',(0.,-1.,1.61486985400023E-16));
#6191=DIRECTION('',(-1.,0.,-3.84185505789453E-32));
#6192=DIRECTION('center_axis',(0.,-1.,1.61486985400023E-16));
#6193=DIRECTION('ref_axis',(1.,0.,0.));
#6194=DIRECTION('center_axis',(0.,1.,0.));
#6195=DIRECTION('ref_axis',(1.,0.,0.));
#6196=DIRECTION('center_axis',(0.,1.,0.));
#6197=DIRECTION('ref_axis',(1.,0.,0.));
#6198=DIRECTION('center_axis',(1.,0.,0.));
#6199=DIRECTION('ref_axis',(0.,2.22044604925031E-16,1.));
#6200=DIRECTION('',(0.,0.,-1.));
#6201=DIRECTION('',(0.,-1.,2.01858731750028E-16));
#6202=DIRECTION('',(0.,0.,-1.));
#6203=DIRECTION('',(0.,-1.,2.01858731750028E-16));
#6204=DIRECTION('center_axis',(-1.28061835263151E-32,2.01858731750028E-16,
1.));
#6205=DIRECTION('ref_axis',(-1.,6.3441315692866E-16,-1.40868018789466E-31));
#6206=DIRECTION('',(1.,0.,1.28061835263151E-32));
#6207=DIRECTION('',(1.,0.,1.28061835263151E-32));
#6208=DIRECTION('',(0.,-1.,2.01858731750028E-16));
#6209=DIRECTION('center_axis',(-1.,0.,0.));
#6210=DIRECTION('ref_axis',(0.,-8.56457761853692E-16,-1.));
#6211=DIRECTION('',(0.,0.,1.));
#6212=DIRECTION('',(0.,0.,1.));
#6213=DIRECTION('',(0.,-1.,2.01858731750028E-16));
#6214=DIRECTION('center_axis',(0.,-2.01858731750028E-16,-1.));
#6215=DIRECTION('ref_axis',(1.,0.,0.));
#6216=DIRECTION('',(-1.,0.,0.));
#6217=DIRECTION('',(-1.,0.,0.));
#6218=DIRECTION('',(0.,-1.,2.01858731750028E-16));
#6219=DIRECTION('center_axis',(0.,-2.01858731750028E-16,-1.));
#6220=DIRECTION('ref_axis',(1.,0.,0.));
#6221=DIRECTION('',(-1.,0.,0.));
#6222=DIRECTION('',(0.,-1.,2.01858731750028E-16));
#6223=DIRECTION('',(-1.,0.,0.));
#6224=DIRECTION('center_axis',(0.,-1.,2.01858731750028E-16));
#6225=DIRECTION('ref_axis',(1.,0.,0.));
#6226=DIRECTION('center_axis',(0.,1.,0.));
#6227=DIRECTION('ref_axis',(1.,0.,0.));
#6228=DIRECTION('center_axis',(0.,1.,0.));
#6229=DIRECTION('ref_axis',(1.,0.,0.));
#6230=DIRECTION('center_axis',(1.,0.,0.));
#6231=DIRECTION('ref_axis',(0.,2.22044604925031E-16,1.));
#6232=DIRECTION('',(0.,0.,-1.));
#6233=DIRECTION('',(0.,-1.,2.42230478100034E-16));
#6234=DIRECTION('',(0.,0.,-1.));
#6235=DIRECTION('',(0.,-1.,2.42230478100034E-16));
#6236=DIRECTION('center_axis',(0.,2.42230478100034E-16,1.));
#6237=DIRECTION('ref_axis',(-1.,0.,0.));
#6238=DIRECTION('',(1.,0.,0.));
#6239=DIRECTION('',(1.,0.,0.));
#6240=DIRECTION('',(0.,-1.,2.42230478100034E-16));
#6241=DIRECTION('center_axis',(-1.,0.,0.));
#6242=DIRECTION('ref_axis',(0.,-2.22044604925031E-16,-1.));
#6243=DIRECTION('',(0.,0.,1.));
#6244=DIRECTION('',(0.,0.,1.));
#6245=DIRECTION('',(0.,-1.,2.42230478100034E-16));
#6246=DIRECTION('center_axis',(3.17206578464331E-16,-2.42230478100034E-16,
-1.));
#6247=DIRECTION('ref_axis',(1.,7.04340093947332E-32,3.17206578464331E-16));
#6248=DIRECTION('',(-1.,0.,-3.17206578464331E-16));
#6249=DIRECTION('',(-1.,0.,-3.17206578464331E-16));
#6250=DIRECTION('',(0.,-1.,2.42230478100034E-16));
#6251=DIRECTION('center_axis',(3.17206578464331E-16,-2.42230478100034E-16,
-1.));
#6252=DIRECTION('ref_axis',(1.,7.04340093947332E-32,3.17206578464331E-16));
#6253=DIRECTION('',(-1.,0.,-3.17206578464331E-16));
#6254=DIRECTION('',(0.,-1.,2.42230478100034E-16));
#6255=DIRECTION('',(-1.,0.,-3.17206578464331E-16));
#6256=DIRECTION('center_axis',(0.,-1.,2.42230478100034E-16));
#6257=DIRECTION('ref_axis',(1.,0.,0.));
#6258=DIRECTION('center_axis',(0.,1.,0.));
#6259=DIRECTION('ref_axis',(1.,0.,0.));
#6260=DIRECTION('center_axis',(0.,1.,0.));
#6261=DIRECTION('ref_axis',(1.,0.,0.));
#6262=DIRECTION('center_axis',(1.,0.,0.));
#6263=DIRECTION('ref_axis',(0.,2.22044604925031E-16,1.));
#6264=DIRECTION('',(0.,0.,-1.));
#6265=DIRECTION('',(0.,-1.,2.42230478100034E-16));
#6266=DIRECTION('',(0.,0.,-1.));
#6267=DIRECTION('',(0.,-1.,2.42230478100034E-16));
#6268=DIRECTION('center_axis',(0.,2.42230478100034E-16,1.));
#6269=DIRECTION('ref_axis',(-1.,0.,0.));
#6270=DIRECTION('',(1.,0.,0.));
#6271=DIRECTION('',(1.,0.,0.));
#6272=DIRECTION('',(0.,-1.,2.42230478100034E-16));
#6273=DIRECTION('center_axis',(-1.,0.,0.));
#6274=DIRECTION('ref_axis',(0.,-2.22044604925031E-16,-1.));
#6275=DIRECTION('',(0.,0.,1.));
#6276=DIRECTION('',(0.,0.,1.));
#6277=DIRECTION('',(0.,-1.,2.42230478100034E-16));
#6278=DIRECTION('center_axis',(0.,-2.42230478100034E-16,-1.));
#6279=DIRECTION('ref_axis',(1.,0.,0.));
#6280=DIRECTION('',(-1.,0.,0.));
#6281=DIRECTION('',(-1.,0.,0.));
#6282=DIRECTION('',(0.,-1.,2.42230478100034E-16));
#6283=DIRECTION('center_axis',(0.,-2.42230478100034E-16,-1.));
#6284=DIRECTION('ref_axis',(1.,0.,0.));
#6285=DIRECTION('',(-1.,0.,0.));
#6286=DIRECTION('',(0.,-1.,2.42230478100034E-16));
#6287=DIRECTION('',(-1.,0.,0.));
#6288=DIRECTION('center_axis',(0.,-1.,2.42230478100034E-16));
#6289=DIRECTION('ref_axis',(1.,0.,0.));
#6290=DIRECTION('center_axis',(0.,1.,0.));
#6291=DIRECTION('ref_axis',(1.,0.,0.));
#6292=DIRECTION('center_axis',(0.,1.,0.));
#6293=DIRECTION('ref_axis',(1.,0.,0.));
#6294=DIRECTION('center_axis',(1.,0.,0.));
#6295=DIRECTION('ref_axis',(0.,0.,-1.));
#6296=DIRECTION('',(0.,0.,1.));
#6297=DIRECTION('',(0.,1.,0.));
#6298=DIRECTION('',(0.,0.,-1.));
#6299=DIRECTION('',(0.,1.,0.));
#6300=DIRECTION('center_axis',(0.,0.,1.));
#6301=DIRECTION('ref_axis',(1.,0.,0.));
#6302=DIRECTION('',(-1.,0.,0.));
#6303=DIRECTION('',(1.,0.,0.));
#6304=DIRECTION('',(0.,1.,0.));
#6305=DIRECTION('center_axis',(0.505012393824011,0.,0.863112091262857));
#6306=DIRECTION('ref_axis',(0.863112091262857,0.,-0.505012393824011));
#6307=DIRECTION('',(0.863112091262857,0.,-0.505012393824011));
#6308=DIRECTION('',(0.863112091262857,0.,-0.505012393824011));
#6309=DIRECTION('',(0.,1.,0.));
#6310=DIRECTION('center_axis',(0.,0.,1.));
#6311=DIRECTION('ref_axis',(1.,0.,0.));
#6312=DIRECTION('',(-1.,0.,0.));
#6313=DIRECTION('',(1.,0.,0.));
#6314=DIRECTION('',(0.,1.,0.));
#6315=DIRECTION('center_axis',(-1.,0.,0.));
#6316=DIRECTION('ref_axis',(0.,-4.37183501598862E-33,1.));
#6317=DIRECTION('',(0.,-4.37183501598862E-33,1.));
#6318=DIRECTION('',(0.,0.,1.));
#6319=DIRECTION('',(0.,1.,0.));
#6320=DIRECTION('center_axis',(-0.162640450978164,0.,-0.986685402600859));
#6321=DIRECTION('ref_axis',(-0.986685402600859,1.05233508353172E-32,0.162640450978164));
#6322=DIRECTION('',(0.986685402600859,-1.05233508353172E-32,-0.162640450978164));
#6323=DIRECTION('',(-0.986685402600859,0.,0.162640450978164));
#6324=DIRECTION('',(0.,1.,0.));
#6325=DIRECTION('center_axis',(0.,0.,-1.));
#6326=DIRECTION('ref_axis',(-1.,0.,0.));
#6327=DIRECTION('',(-1.,0.,0.));
#6328=DIRECTION('',(-1.,0.,0.));
#6329=DIRECTION('',(0.,1.,0.));
#6330=DIRECTION('center_axis',(0.0407823695143094,0.,-0.999168053100577));
#6331=DIRECTION('ref_axis',(-0.999168053100578,0.,-0.0407823695143094));
#6332=DIRECTION('',(-0.999168053100578,0.,-0.0407823695143094));
#6333=DIRECTION('',(-0.999168053100578,0.,-0.0407823695143094));
#6334=DIRECTION('center_axis',(0.,1.,0.));
#6335=DIRECTION('ref_axis',(0.,0.,1.));
#6336=DIRECTION('center_axis',(0.,1.,0.));
#6337=DIRECTION('ref_axis',(-1.,0.,0.));
#6338=CARTESIAN_POINT('',(0.,0.,0.));
#6339=CARTESIAN_POINT('Origin',(-22.132,6.7,67.32));
#6340=CARTESIAN_POINT('',(-22.132,8.20999999999999,67.32));
#6341=CARTESIAN_POINT('',(-22.132,8.20999999999999,50.0799999999999));
#6342=CARTESIAN_POINT('',(-22.132,8.20999999999999,40.3089999999999));
#6343=CARTESIAN_POINT('',(-22.132,9.7,67.32));
#6344=CARTESIAN_POINT('',(-22.132,6.7,67.32));
#6345=CARTESIAN_POINT('',(-22.132,9.7,50.0799999999999));
#6346=CARTESIAN_POINT('',(-22.132,9.7,67.32));
#6347=CARTESIAN_POINT('',(-22.132,6.7,50.0799999999999));
#6348=CARTESIAN_POINT('Origin',(-22.132,6.7,50.0799999999999));
#6349=CARTESIAN_POINT('',(-52.072,8.20999999999999,50.0799999999999));
#6350=CARTESIAN_POINT('',(-9.932,8.20999999999999,50.0799999999999));
#6351=CARTESIAN_POINT('',(-52.072,9.7,50.0799999999999));
#6352=CARTESIAN_POINT('',(-22.132,9.7,50.0799999999999));
#6353=CARTESIAN_POINT('',(-52.072,6.7,50.0799999999999));
#6354=CARTESIAN_POINT('Origin',(-52.072,6.7,50.0799999999999));
#6355=CARTESIAN_POINT('',(-52.072,8.20999999999999,67.32));
#6356=CARTESIAN_POINT('',(-52.072,8.20999999999999,31.6889999999999));
#6357=CARTESIAN_POINT('',(-52.072,9.7,67.32));
#6358=CARTESIAN_POINT('',(-52.072,9.7,50.0799999999999));
#6359=CARTESIAN_POINT('',(-52.072,6.7,67.32));
#6360=CARTESIAN_POINT('Origin',(-52.072,6.7,67.32));
#6361=CARTESIAN_POINT('',(-24.902,8.20999999999999,67.32));
#6362=CARTESIAN_POINT('',(-52.072,9.7,67.32));
#6363=CARTESIAN_POINT('Origin',(-37.102,9.7,58.6999999999999));
#6364=CARTESIAN_POINT('Origin',(55.1,10.26,64.3519999999999));
#6365=CARTESIAN_POINT('',(55.1,10.71,62.4519999999999));
#6366=CARTESIAN_POINT('Origin',(55.1,10.71,64.3519999999999));
#6367=CARTESIAN_POINT('',(55.1,9.91,63.2519999999999));
#6368=CARTESIAN_POINT('',(55.1,10.26,62.9019999999999));
#6369=CARTESIAN_POINT('',(56.2,9.91,64.3519999999999));
#6370=CARTESIAN_POINT('Origin',(55.1,9.91,64.3519999999999));
#6371=CARTESIAN_POINT('Origin',(55.1,9.91,64.3519999999999));
#6372=CARTESIAN_POINT('Origin',(-34.308,10.26,-39.7880000000001));
#6373=CARTESIAN_POINT('',(-34.308,10.71,-41.6880000000001));
#6374=CARTESIAN_POINT('Origin',(-34.308,10.71,-39.7880000000001));
#6375=CARTESIAN_POINT('',(-34.308,9.90999999999999,-40.8880000000001));
#6376=CARTESIAN_POINT('',(-34.308,10.26,-41.2380000000001));
#6377=CARTESIAN_POINT('',(-33.208,9.90999999999999,-39.7880000000001));
#6378=CARTESIAN_POINT('Origin',(-34.308,9.90999999999999,-39.7880000000001));
#6379=CARTESIAN_POINT('Origin',(-34.308,9.90999999999999,-39.7880000000001));
#6380=CARTESIAN_POINT('Origin',(56.624,10.26,-41.8200000000001));
#6381=CARTESIAN_POINT('',(56.624,10.71,-43.7200000000001));
#6382=CARTESIAN_POINT('Origin',(56.624,10.71,-41.8200000000001));
#6383=CARTESIAN_POINT('',(56.624,9.91,-42.9200000000001));
#6384=CARTESIAN_POINT('',(56.624,10.26,-43.2700000000001));
#6385=CARTESIAN_POINT('',(57.724,9.91,-41.8200000000001));
#6386=CARTESIAN_POINT('Origin',(56.624,9.91,-41.8200000000001));
#6387=CARTESIAN_POINT('Origin',(56.624,9.91,-41.8200000000001));
#6388=CARTESIAN_POINT('Origin',(-52.596,10.26,69.9399999999999));
#6389=CARTESIAN_POINT('',(-52.596,10.71,68.0399999999999));
#6390=CARTESIAN_POINT('Origin',(-52.596,10.71,69.9399999999999));
#6391=CARTESIAN_POINT('',(-52.596,9.91,68.8399999999999));
#6392=CARTESIAN_POINT('',(-52.596,10.26,68.4899999999999));
#6393=CARTESIAN_POINT('',(-51.496,9.91,69.9399999999999));
#6394=CARTESIAN_POINT('Origin',(-52.596,9.91,69.9399999999999));
#6395=CARTESIAN_POINT('Origin',(-52.596,9.91,69.9399999999999));
#6396=CARTESIAN_POINT('Origin',(55.1,13.7,64.3519999999999));
#6397=CARTESIAN_POINT('',(56.2,8.20999999999999,64.3519999999999));
#6398=CARTESIAN_POINT('',(56.2,13.7,64.3519999999999));
#6399=CARTESIAN_POINT('Origin',(55.1,8.20999999999999,64.3519999999999));
#6400=CARTESIAN_POINT('Origin',(-34.308,13.7,-39.7880000000001));
#6401=CARTESIAN_POINT('',(-33.208,8.20999999999999,-39.7880000000001));
#6402=CARTESIAN_POINT('',(-33.208,13.7,-39.7880000000001));
#6403=CARTESIAN_POINT('Origin',(-34.308,8.20999999999999,-39.7880000000001));
#6404=CARTESIAN_POINT('Origin',(-52.596,13.7,69.9399999999999));
#6405=CARTESIAN_POINT('',(-51.496,8.20999999999999,69.9399999999999));
#6406=CARTESIAN_POINT('',(-51.496,13.7,69.9399999999999));
#6407=CARTESIAN_POINT('Origin',(-52.596,8.20999999999999,69.9399999999999));
#6408=CARTESIAN_POINT('Origin',(56.624,13.7,-41.8200000000001));
#6409=CARTESIAN_POINT('',(57.724,8.20999999999999,-41.8200000000001));
#6410=CARTESIAN_POINT('',(57.724,13.7,-41.8200000000001));
#6411=CARTESIAN_POINT('Origin',(56.624,8.20999999999999,-41.8200000000001));
#6412=CARTESIAN_POINT('Origin',(53.3130715873327,33.6370000832561,-39.9871203478291));
#6413=CARTESIAN_POINT('',(53.3130715873327,10.71,-39.9871203478291));
#6414=CARTESIAN_POINT('',(53.3130715873327,10.71,-25.9871203478291));
#6415=CARTESIAN_POINT('',(53.3130715873327,10.71,-13.3445601739146));
#6416=CARTESIAN_POINT('',(53.3130715873327,8.20999999999999,-39.9871203478291));
#6417=CARTESIAN_POINT('',(53.3130715873327,33.6370000832561,-39.9871203478291));
#6418=CARTESIAN_POINT('',(53.3130715873327,8.21,-25.9871203478291));
#6419=CARTESIAN_POINT('',(53.3130715873327,8.20999999999999,-13.3445601739146));
#6420=CARTESIAN_POINT('',(53.3130715873327,33.6370000832561,-25.9871203478291));
#6421=CARTESIAN_POINT('Origin',(53.3130715873327,33.6370000832561,-25.9871203478291));
#6422=CARTESIAN_POINT('',(39.3130715873327,10.71,-25.9871203478291));
#6423=CARTESIAN_POINT('',(27.7905357936664,10.71,-25.9871203478291));
#6424=CARTESIAN_POINT('',(39.3130715873327,8.21,-25.9871203478291));
#6425=CARTESIAN_POINT('',(27.7905357936664,8.20999999999999,-25.9871203478291));
#6426=CARTESIAN_POINT('',(39.3130715873327,33.6370000832561,-25.9871203478291));
#6427=CARTESIAN_POINT('Origin',(39.3130715873327,33.6370000832561,-25.9871203478291));
#6428=CARTESIAN_POINT('',(39.3130715873327,10.71,-39.9871203478291));
#6429=CARTESIAN_POINT('',(39.3130715873327,10.71,-6.3445601739146));
#6430=CARTESIAN_POINT('',(39.3130715873327,8.20999999999999,-39.9871203478291));
#6431=CARTESIAN_POINT('',(39.3130715873327,8.20999999999999,-6.3445601739146));
#6432=CARTESIAN_POINT('',(39.3130715873327,33.6370000832561,-39.9871203478291));
#6433=CARTESIAN_POINT('Origin',(39.3130715873327,33.6370000832561,-39.9871203478291));
#6434=CARTESIAN_POINT('',(45.2554260969254,10.71,-39.9871203478291));
#6435=CARTESIAN_POINT('',(20.7905357936664,10.71,-39.9871203478291));
#6436=CARTESIAN_POINT('',(45.2554260969254,8.21,-39.9871203478291));
#6437=CARTESIAN_POINT('',(20.7905357936664,8.20999999999999,-39.9871203478291));
#6438=CARTESIAN_POINT('',(45.2554260969254,33.6370000832561,-39.9871203478291));
#6439=CARTESIAN_POINT('Origin',(47.4857155382527,33.6370000832561,-39.9871203478291));
#6440=CARTESIAN_POINT('',(47.4857155382527,10.71,-39.9871203478291));
#6441=CARTESIAN_POINT('',(24.8768577691263,10.71,-39.9871203478291));
#6442=CARTESIAN_POINT('',(47.4857155382527,8.21,-39.9871203478291));
#6443=CARTESIAN_POINT('',(47.4857155382527,33.6370000832561,-39.9871203478291));
#6444=CARTESIAN_POINT('',(24.8768577691263,8.20999999999999,-39.9871203478291));
#6445=CARTESIAN_POINT('Origin',(46.370570817589,33.6370000832561,-38.946890925069));
#6446=CARTESIAN_POINT('Origin',(46.370570817589,10.71,-38.946890925069));
#6447=CARTESIAN_POINT('Origin',(46.370570817589,8.20999999999998,-38.946890925069));
#6448=CARTESIAN_POINT('Origin',(17.3130715873327,33.6370000832558,40.7128796521709));
#6449=CARTESIAN_POINT('',(17.3130715873327,10.71,40.7128796521709));
#6450=CARTESIAN_POINT('',(17.3130715873327,10.71,54.7128796521709));
#6451=CARTESIAN_POINT('',(17.3130715873327,10.71,27.0054398260854));
#6452=CARTESIAN_POINT('',(17.3130715873327,8.20999999999999,40.7128796521709));
#6453=CARTESIAN_POINT('',(17.3130715873327,33.6370000832558,40.7128796521709));
#6454=CARTESIAN_POINT('',(17.3130715873327,8.21,54.7128796521709));
#6455=CARTESIAN_POINT('',(17.3130715873327,8.20999999999999,27.0054398260854));
#6456=CARTESIAN_POINT('',(17.3130715873327,33.6370000832558,54.7128796521709));
#6457=CARTESIAN_POINT('Origin',(17.3130715873327,33.6370000832558,54.7128796521709));
#6458=CARTESIAN_POINT('',(3.3130715873327,10.71,54.7128796521709));
#6459=CARTESIAN_POINT('',(9.79053579366637,10.71,54.7128796521709));
#6460=CARTESIAN_POINT('',(3.3130715873327,8.21,54.7128796521709));
#6461=CARTESIAN_POINT('',(9.79053579366637,8.20999999999999,54.7128796521709));
#6462=CARTESIAN_POINT('',(3.3130715873327,33.6370000832558,54.7128796521709));
#6463=CARTESIAN_POINT('Origin',(3.3130715873327,33.6370000832558,54.7128796521709));
#6464=CARTESIAN_POINT('',(3.3130715873327,10.71,40.7128796521709));
#6465=CARTESIAN_POINT('',(3.31307158733271,10.71,34.0054398260854));
#6466=CARTESIAN_POINT('',(3.3130715873327,8.20999999999999,40.7128796521709));
#6467=CARTESIAN_POINT('',(3.31307158733271,8.20999999999999,34.0054398260854));
#6468=CARTESIAN_POINT('',(3.3130715873327,33.6370000832558,40.7128796521709));
#6469=CARTESIAN_POINT('Origin',(3.3130715873327,33.6370000832558,40.7128796521709));
#6470=CARTESIAN_POINT('',(9.25542609692533,10.71,40.7128796521709));
#6471=CARTESIAN_POINT('',(2.79053579366636,10.71,40.7128796521709));
#6472=CARTESIAN_POINT('',(9.25542609692533,8.20999999999999,40.7128796521709));
#6473=CARTESIAN_POINT('',(2.79053579366636,8.20999999999999,40.7128796521709));
#6474=CARTESIAN_POINT('',(9.25542609692533,33.6370000832558,40.7128796521709));
#6475=CARTESIAN_POINT('Origin',(11.4857155382527,33.6370000832558,40.7128796521709));
#6476=CARTESIAN_POINT('',(11.4857155382527,10.71,40.7128796521709));
#6477=CARTESIAN_POINT('',(6.87685776912636,10.71,40.7128796521709));
#6478=CARTESIAN_POINT('',(11.4857155382527,8.20999999999999,40.7128796521709));
#6479=CARTESIAN_POINT('',(11.4857155382527,33.6370000832558,40.7128796521709));
#6480=CARTESIAN_POINT('',(6.87685776912636,8.20999999999999,40.7128796521709));
#6481=CARTESIAN_POINT('Origin',(10.370570817589,33.6370000832558,41.753109074931));
#6482=CARTESIAN_POINT('Origin',(10.370570817589,10.71,41.753109074931));
#6483=CARTESIAN_POINT('Origin',(10.370570817589,8.21,41.753109074931));
#6484=CARTESIAN_POINT('Origin',(17.3130715873327,33.6370000832558,6.7128796521709));
#6485=CARTESIAN_POINT('',(17.3130715873327,10.71,6.7128796521709));
#6486=CARTESIAN_POINT('',(17.3130715873327,10.71,20.7128796521709));
#6487=CARTESIAN_POINT('',(17.3130715873327,10.71,10.0054398260854));
#6488=CARTESIAN_POINT('',(17.3130715873327,8.20999999999999,6.7128796521709));
#6489=CARTESIAN_POINT('',(17.3130715873327,33.6370000832558,6.7128796521709));
#6490=CARTESIAN_POINT('',(17.3130715873327,8.21,20.7128796521709));
#6491=CARTESIAN_POINT('',(17.3130715873327,8.20999999999999,10.0054398260854));
#6492=CARTESIAN_POINT('',(17.3130715873327,33.6370000832558,20.7128796521709));
#6493=CARTESIAN_POINT('Origin',(17.3130715873327,33.6370000832558,20.7128796521709));
#6494=CARTESIAN_POINT('',(3.3130715873327,10.71,20.7128796521709));
#6495=CARTESIAN_POINT('',(9.79053579366637,10.71,20.7128796521709));
#6496=CARTESIAN_POINT('',(3.3130715873327,8.21,20.7128796521709));
#6497=CARTESIAN_POINT('',(9.79053579366637,8.20999999999999,20.7128796521709));
#6498=CARTESIAN_POINT('',(3.3130715873327,33.6370000832558,20.7128796521709));
#6499=CARTESIAN_POINT('Origin',(3.3130715873327,33.6370000832558,20.7128796521709));
#6500=CARTESIAN_POINT('',(3.3130715873327,10.71,6.7128796521709));
#6501=CARTESIAN_POINT('',(3.3130715873327,10.71,17.0054398260854));
#6502=CARTESIAN_POINT('',(3.3130715873327,8.20999999999999,6.7128796521709));
#6503=CARTESIAN_POINT('',(3.3130715873327,8.20999999999999,17.0054398260854));
#6504=CARTESIAN_POINT('',(3.3130715873327,33.6370000832558,6.7128796521709));
#6505=CARTESIAN_POINT('Origin',(3.3130715873327,33.6370000832558,6.7128796521709));
#6506=CARTESIAN_POINT('',(9.25542609692531,10.71,6.7128796521709));
#6507=CARTESIAN_POINT('',(2.79053579366636,10.71,6.7128796521709));
#6508=CARTESIAN_POINT('',(9.25542609692531,8.21,6.7128796521709));
#6509=CARTESIAN_POINT('',(2.79053579366636,8.20999999999999,6.7128796521709));
#6510=CARTESIAN_POINT('',(9.25542609692531,33.6370000832558,6.7128796521709));
#6511=CARTESIAN_POINT('Origin',(11.4857155382527,33.6370000832558,6.7128796521709));
#6512=CARTESIAN_POINT('',(11.4857155382527,10.71,6.7128796521709));
#6513=CARTESIAN_POINT('',(6.87685776912637,10.71,6.7128796521709));
#6514=CARTESIAN_POINT('',(11.4857155382527,8.21,6.7128796521709));
#6515=CARTESIAN_POINT('',(11.4857155382527,33.6370000832558,6.7128796521709));
#6516=CARTESIAN_POINT('',(6.87685776912637,8.20999999999999,6.7128796521709));
#6517=CARTESIAN_POINT('Origin',(10.370570817589,33.6370000832558,7.75310907493102));
#6518=CARTESIAN_POINT('Origin',(10.370570817589,10.71,7.75310907493103));
#6519=CARTESIAN_POINT('Origin',(10.370570817589,8.20999999999999,7.75310907493103));
#6520=CARTESIAN_POINT('Origin',(35.3130715873327,33.6370000832571,44.1128796521709));
#6521=CARTESIAN_POINT('',(35.3130715873327,10.71,44.1128796521709));
#6522=CARTESIAN_POINT('',(35.3130715873327,10.71,58.1128796521709));
#6523=CARTESIAN_POINT('',(35.3130715873327,10.71,28.7054398260854));
#6524=CARTESIAN_POINT('',(35.3130715873327,8.20999999999999,44.1128796521709));
#6525=CARTESIAN_POINT('',(35.3130715873327,33.6370000832571,44.1128796521709));
#6526=CARTESIAN_POINT('',(35.3130715873327,8.21,58.1128796521709));
#6527=CARTESIAN_POINT('',(35.3130715873327,8.20999999999999,28.7054398260854));
#6528=CARTESIAN_POINT('',(35.3130715873327,33.6370000832571,58.1128796521709));
#6529=CARTESIAN_POINT('Origin',(35.3130715873327,33.6370000832571,58.1128796521709));
#6530=CARTESIAN_POINT('',(21.3130715873327,10.71,58.1128796521709));
#6531=CARTESIAN_POINT('',(18.7905357936664,10.71,58.1128796521709));
#6532=CARTESIAN_POINT('',(21.3130715873327,8.21,58.1128796521709));
#6533=CARTESIAN_POINT('',(18.7905357936664,8.20999999999999,58.1128796521709));
#6534=CARTESIAN_POINT('',(21.3130715873327,33.6370000832571,58.1128796521709));
#6535=CARTESIAN_POINT('Origin',(21.3130715873327,33.6370000832571,58.1128796521709));
#6536=CARTESIAN_POINT('',(21.3130715873327,10.71,44.1128796521709));
#6537=CARTESIAN_POINT('',(21.3130715873327,10.71,35.7054398260854));
#6538=CARTESIAN_POINT('',(21.3130715873327,8.20999999999999,44.1128796521709));
#6539=CARTESIAN_POINT('',(21.3130715873327,8.20999999999999,35.7054398260854));
#6540=CARTESIAN_POINT('',(21.3130715873327,33.6370000832571,44.1128796521709));
#6541=CARTESIAN_POINT('Origin',(21.3130715873327,33.6370000832571,44.1128796521709));
#6542=CARTESIAN_POINT('',(27.2554260969253,10.71,44.1128796521709));
#6543=CARTESIAN_POINT('',(11.7905357936664,10.71,44.1128796521709));
#6544=CARTESIAN_POINT('',(27.2554260969253,8.20999999999999,44.1128796521709));
#6545=CARTESIAN_POINT('',(11.7905357936664,8.20999999999999,44.1128796521709));
#6546=CARTESIAN_POINT('',(27.2554260969253,33.6370000832571,44.1128796521709));
#6547=CARTESIAN_POINT('Origin',(29.4857155382527,33.6370000832571,44.1128796521709));
#6548=CARTESIAN_POINT('',(29.4857155382527,10.71,44.1128796521709));
#6549=CARTESIAN_POINT('',(15.8768577691264,10.71,44.1128796521709));
#6550=CARTESIAN_POINT('',(29.4857155382527,8.20999999999999,44.1128796521709));
#6551=CARTESIAN_POINT('',(29.4857155382527,33.6370000832571,44.1128796521709));
#6552=CARTESIAN_POINT('',(15.8768577691264,8.20999999999999,44.1128796521709));
#6553=CARTESIAN_POINT('Origin',(28.370570817589,33.6370000832571,45.153109074931));
#6554=CARTESIAN_POINT('Origin',(28.370570817589,10.71,45.153109074931));
#6555=CARTESIAN_POINT('Origin',(28.370570817589,8.21,45.153109074931));
#6556=CARTESIAN_POINT('Origin',(-36.6869284126672,33.6370000832559,-19.5871203478291));
#6557=CARTESIAN_POINT('',(-36.6869284126672,10.71,-19.5871203478291));
#6558=CARTESIAN_POINT('',(-36.6869284126672,10.71,-5.58712034782911));
#6559=CARTESIAN_POINT('',(-36.6869284126672,10.71,-3.14456017391455));
#6560=CARTESIAN_POINT('',(-36.6869284126672,8.21,-19.5871203478291));
#6561=CARTESIAN_POINT('',(-36.6869284126672,33.6370000832559,-19.5871203478291));
#6562=CARTESIAN_POINT('',(-36.6869284126672,8.20999999999999,-5.58712034782911));
#6563=CARTESIAN_POINT('',(-36.6869284126672,8.20999999999999,-3.14456017391455));
#6564=CARTESIAN_POINT('',(-36.6869284126672,33.6370000832559,-5.58712034782911));
#6565=CARTESIAN_POINT('Origin',(-36.6869284126672,33.6370000832559,-5.58712034782911));
#6566=CARTESIAN_POINT('',(-50.6869284126672,10.71,-5.58712034782911));
#6567=CARTESIAN_POINT('',(-17.2094642063336,10.71,-5.5871203478291));
#6568=CARTESIAN_POINT('',(-50.6869284126672,8.20999999999999,-5.58712034782911));
#6569=CARTESIAN_POINT('',(-17.2094642063336,8.20999999999999,-5.5871203478291));
#6570=CARTESIAN_POINT('',(-50.6869284126672,33.6370000832559,-5.58712034782911));
#6571=CARTESIAN_POINT('Origin',(-50.6869284126672,33.6370000832559,-5.58712034782911));
#6572=CARTESIAN_POINT('',(-50.6869284126672,10.71,-19.5871203478291));
#6573=CARTESIAN_POINT('',(-50.6869284126672,10.71,3.8554398260854));
#6574=CARTESIAN_POINT('',(-50.6869284126672,8.21,-19.5871203478291));
#6575=CARTESIAN_POINT('',(-50.6869284126672,8.20999999999999,3.8554398260854));
#6576=CARTESIAN_POINT('',(-50.6869284126672,33.6370000832559,-19.5871203478291));
#6577=CARTESIAN_POINT('Origin',(-50.6869284126672,33.6370000832559,-19.5871203478291));
#6578=CARTESIAN_POINT('',(-44.7445739030747,10.71,-19.5871203478291));
#6579=CARTESIAN_POINT('',(-24.2094642063336,10.71,-19.5871203478291));
#6580=CARTESIAN_POINT('',(-44.7445739030747,8.21,-19.5871203478291));
#6581=CARTESIAN_POINT('',(-24.2094642063336,8.20999999999999,-19.5871203478291));
#6582=CARTESIAN_POINT('',(-44.7445739030747,33.6370000832559,-19.5871203478291));
#6583=CARTESIAN_POINT('Origin',(-42.5142844617473,33.6370000832559,-19.5871203478291));
#6584=CARTESIAN_POINT('',(-42.5142844617473,10.71,-19.5871203478291));
#6585=CARTESIAN_POINT('',(-20.1231422308736,10.71,-19.5871203478291));
#6586=CARTESIAN_POINT('',(-42.5142844617473,8.21,-19.5871203478291));
#6587=CARTESIAN_POINT('',(-42.5142844617473,33.6370000832559,-19.5871203478291));
#6588=CARTESIAN_POINT('',(-20.1231422308736,8.20999999999999,-19.5871203478291));
#6589=CARTESIAN_POINT('Origin',(-43.629429182411,33.6370000832559,-18.546890925069));
#6590=CARTESIAN_POINT('Origin',(-43.629429182411,10.71,-18.546890925069));
#6591=CARTESIAN_POINT('Origin',(-43.629429182411,8.20999999999999,-18.546890925069));
#6592=CARTESIAN_POINT('Origin',(53.3130715873327,33.6370000832561,-22.9871203478291));
#6593=CARTESIAN_POINT('',(53.3130715873327,10.71,-22.9871203478291));
#6594=CARTESIAN_POINT('',(53.3130715873327,10.71,-8.98712034782912));
#6595=CARTESIAN_POINT('',(53.3130715873327,10.71,-4.8445601739146));
#6596=CARTESIAN_POINT('',(53.3130715873327,8.21,-22.9871203478291));
#6597=CARTESIAN_POINT('',(53.3130715873327,33.6370000832561,-22.9871203478291));
#6598=CARTESIAN_POINT('',(53.3130715873327,8.20999999999999,-8.98712034782912));
#6599=CARTESIAN_POINT('',(53.3130715873327,8.20999999999999,-4.8445601739146));
#6600=CARTESIAN_POINT('',(53.3130715873327,33.6370000832561,-8.98712034782912));
#6601=CARTESIAN_POINT('Origin',(53.3130715873327,33.6370000832561,-8.98712034782912));
#6602=CARTESIAN_POINT('',(39.3130715873327,10.71,-8.98712034782912));
#6603=CARTESIAN_POINT('',(27.7905357936664,10.71,-8.98712034782912));
#6604=CARTESIAN_POINT('',(39.3130715873327,8.20999999999999,-8.98712034782912));
#6605=CARTESIAN_POINT('',(27.7905357936664,8.20999999999999,-8.98712034782912));
#6606=CARTESIAN_POINT('',(39.3130715873327,33.6370000832561,-8.98712034782912));
#6607=CARTESIAN_POINT('Origin',(39.3130715873327,33.6370000832561,-8.98712034782912));
#6608=CARTESIAN_POINT('',(39.3130715873327,10.71,-22.9871203478291));
#6609=CARTESIAN_POINT('',(39.3130715873327,10.71,2.1554398260854));
#6610=CARTESIAN_POINT('',(39.3130715873327,8.21,-22.9871203478291));
#6611=CARTESIAN_POINT('',(39.3130715873327,8.20999999999999,2.1554398260854));
#6612=CARTESIAN_POINT('',(39.3130715873327,33.6370000832561,-22.9871203478291));
#6613=CARTESIAN_POINT('Origin',(39.3130715873327,33.6370000832561,-22.9871203478291));
#6614=CARTESIAN_POINT('',(45.2554260969253,10.71,-22.9871203478291));
#6615=CARTESIAN_POINT('',(20.7905357936664,10.71,-22.9871203478291));
#6616=CARTESIAN_POINT('',(45.2554260969253,8.21,-22.9871203478291));
#6617=CARTESIAN_POINT('',(20.7905357936664,8.20999999999999,-22.9871203478291));
#6618=CARTESIAN_POINT('',(45.2554260969253,33.6370000832561,-22.9871203478291));
#6619=CARTESIAN_POINT('Origin',(47.4857155382527,33.6370000832561,-22.9871203478291));
#6620=CARTESIAN_POINT('',(47.4857155382527,10.71,-22.9871203478291));
#6621=CARTESIAN_POINT('',(24.8768577691264,10.71,-22.9871203478291));
#6622=CARTESIAN_POINT('',(47.4857155382527,8.21,-22.9871203478291));
#6623=CARTESIAN_POINT('',(47.4857155382527,33.6370000832561,-22.9871203478291));
#6624=CARTESIAN_POINT('',(24.8768577691264,8.20999999999999,-22.9871203478291));
#6625=CARTESIAN_POINT('Origin',(46.370570817589,33.6370000832561,-21.946890925069));
#6626=CARTESIAN_POINT('Origin',(46.370570817589,10.71,-21.946890925069));
#6627=CARTESIAN_POINT('Origin',(46.370570817589,8.20999999999999,-21.946890925069));
#6628=CARTESIAN_POINT('Origin',(35.3130715873327,33.6370000832571,-40.8871203478291));
#6629=CARTESIAN_POINT('',(35.3130715873327,10.71,-40.8871203478291));
#6630=CARTESIAN_POINT('',(35.3130715873327,10.71,-26.8871203478291));
#6631=CARTESIAN_POINT('',(35.3130715873327,10.71,-13.7945601739146));
#6632=CARTESIAN_POINT('',(35.3130715873327,8.20999999999999,-40.8871203478291));
#6633=CARTESIAN_POINT('',(35.3130715873327,33.6370000832571,-40.8871203478291));
#6634=CARTESIAN_POINT('',(35.3130715873327,8.21,-26.8871203478291));
#6635=CARTESIAN_POINT('',(35.3130715873327,8.20999999999999,-13.7945601739146));
#6636=CARTESIAN_POINT('',(35.3130715873327,33.6370000832571,-26.8871203478291));
#6637=CARTESIAN_POINT('Origin',(35.3130715873327,33.6370000832571,-26.8871203478291));
#6638=CARTESIAN_POINT('',(21.3130715873327,10.71,-26.8871203478291));
#6639=CARTESIAN_POINT('',(18.7905357936664,10.71,-26.8871203478291));
#6640=CARTESIAN_POINT('',(21.3130715873327,8.21,-26.8871203478291));
#6641=CARTESIAN_POINT('',(18.7905357936664,8.20999999999999,-26.8871203478291));
#6642=CARTESIAN_POINT('',(21.3130715873327,33.6370000832571,-26.8871203478291));
#6643=CARTESIAN_POINT('Origin',(21.3130715873327,33.6370000832571,-26.8871203478291));
#6644=CARTESIAN_POINT('',(21.3130715873327,10.71,-40.8871203478291));
#6645=CARTESIAN_POINT('',(21.3130715873327,10.71,-6.79456017391459));
#6646=CARTESIAN_POINT('',(21.3130715873327,8.20999999999999,-40.8871203478291));
#6647=CARTESIAN_POINT('',(21.3130715873327,8.20999999999999,-6.79456017391459));
#6648=CARTESIAN_POINT('',(21.3130715873327,33.637000083257,-40.8871203478291));
#6649=CARTESIAN_POINT('Origin',(21.3130715873327,33.637000083257,-40.8871203478291));
#6650=CARTESIAN_POINT('',(27.2554260969253,10.71,-40.8871203478291));
#6651=CARTESIAN_POINT('',(11.7905357936664,10.71,-40.8871203478291));
#6652=CARTESIAN_POINT('',(27.2554260969253,8.21,-40.8871203478291));
#6653=CARTESIAN_POINT('',(11.7905357936664,8.20999999999999,-40.8871203478291));
#6654=CARTESIAN_POINT('',(27.2554260969253,33.6370000832571,-40.8871203478291));
#6655=CARTESIAN_POINT('Origin',(29.4857155382528,33.6370000832571,-40.8871203478291));
#6656=CARTESIAN_POINT('',(29.4857155382528,10.71,-40.8871203478291));
#6657=CARTESIAN_POINT('',(15.8768577691264,10.71,-40.8871203478291));
#6658=CARTESIAN_POINT('',(29.4857155382528,8.21,-40.8871203478291));
#6659=CARTESIAN_POINT('',(29.4857155382528,33.6370000832571,-40.8871203478291));
#6660=CARTESIAN_POINT('',(15.8768577691264,8.20999999999999,-40.8871203478291));
#6661=CARTESIAN_POINT('Origin',(28.370570817589,33.6370000832571,-39.846890925069));
#6662=CARTESIAN_POINT('Origin',(28.370570817589,10.71,-39.846890925069));
#6663=CARTESIAN_POINT('Origin',(28.370570817589,8.20999999999998,-39.846890925069));
#6664=CARTESIAN_POINT('Origin',(35.3130715873327,33.6370000832571,27.1128796521709));
#6665=CARTESIAN_POINT('',(35.3130715873327,10.71,27.1128796521709));
#6666=CARTESIAN_POINT('',(35.3130715873327,10.71,41.1128796521709));
#6667=CARTESIAN_POINT('',(35.3130715873327,10.71,20.2054398260854));
#6668=CARTESIAN_POINT('',(35.3130715873327,8.21,27.1128796521709));
#6669=CARTESIAN_POINT('',(35.3130715873327,33.6370000832571,27.1128796521709));
#6670=CARTESIAN_POINT('',(35.3130715873327,8.20999999999999,41.1128796521709));
#6671=CARTESIAN_POINT('',(35.3130715873327,8.20999999999999,20.2054398260854));
#6672=CARTESIAN_POINT('',(35.3130715873327,33.6370000832571,41.1128796521709));
#6673=CARTESIAN_POINT('Origin',(35.3130715873327,33.6370000832571,41.1128796521709));
#6674=CARTESIAN_POINT('',(21.3130715873327,10.71,41.1128796521709));
#6675=CARTESIAN_POINT('',(18.7905357936664,10.71,41.1128796521709));
#6676=CARTESIAN_POINT('',(21.3130715873327,8.20999999999999,41.1128796521709));
#6677=CARTESIAN_POINT('',(18.7905357936664,8.20999999999999,41.1128796521709));
#6678=CARTESIAN_POINT('',(21.3130715873327,33.6370000832571,41.1128796521709));
#6679=CARTESIAN_POINT('Origin',(21.3130715873327,33.6370000832571,41.1128796521709));
#6680=CARTESIAN_POINT('',(21.3130715873327,10.71,27.1128796521709));
#6681=CARTESIAN_POINT('',(21.3130715873327,10.71,27.2054398260854));
#6682=CARTESIAN_POINT('',(21.3130715873327,8.21,27.1128796521709));
#6683=CARTESIAN_POINT('',(21.3130715873327,8.20999999999999,27.2054398260854));
#6684=CARTESIAN_POINT('',(21.3130715873327,33.6370000832571,27.1128796521709));
#6685=CARTESIAN_POINT('Origin',(21.3130715873327,33.6370000832571,27.1128796521709));
#6686=CARTESIAN_POINT('',(27.2554260969253,10.71,27.1128796521709));
#6687=CARTESIAN_POINT('',(11.7905357936664,10.71,27.1128796521709));
#6688=CARTESIAN_POINT('',(27.2554260969253,8.21,27.1128796521709));
#6689=CARTESIAN_POINT('',(11.7905357936664,8.20999999999999,27.1128796521709));
#6690=CARTESIAN_POINT('',(27.2554260969253,33.6370000832571,27.1128796521709));
#6691=CARTESIAN_POINT('Origin',(29.4857155382527,33.6370000832571,27.1128796521709));
#6692=CARTESIAN_POINT('',(29.4857155382527,10.71,27.1128796521709));
#6693=CARTESIAN_POINT('',(15.8768577691264,10.71,27.1128796521709));
#6694=CARTESIAN_POINT('',(29.4857155382527,8.21,27.1128796521709));
#6695=CARTESIAN_POINT('',(29.4857155382527,33.6370000832571,27.1128796521709));
#6696=CARTESIAN_POINT('',(15.8768577691264,8.20999999999999,27.1128796521709));
#6697=CARTESIAN_POINT('Origin',(28.370570817589,33.6370000832571,28.153109074931));
#6698=CARTESIAN_POINT('Origin',(28.370570817589,10.71,28.153109074931));
#6699=CARTESIAN_POINT('Origin',(28.370570817589,8.21,28.153109074931));
#6700=CARTESIAN_POINT('Origin',(-36.6869284126672,33.6370000832559,-36.5871203478291));
#6701=CARTESIAN_POINT('',(-36.6869284126672,10.71,-36.5871203478291));
#6702=CARTESIAN_POINT('',(-36.6869284126672,10.71,-22.5871203478291));
#6703=CARTESIAN_POINT('',(-36.6869284126672,10.71,-11.6445601739146));
#6704=CARTESIAN_POINT('',(-36.6869284126672,8.20999999999999,-36.5871203478291));
#6705=CARTESIAN_POINT('',(-36.6869284126672,33.6370000832559,-36.5871203478291));
#6706=CARTESIAN_POINT('',(-36.6869284126672,8.21,-22.5871203478291));
#6707=CARTESIAN_POINT('',(-36.6869284126672,8.20999999999999,-11.6445601739146));
#6708=CARTESIAN_POINT('',(-36.6869284126672,33.6370000832559,-22.5871203478291));
#6709=CARTESIAN_POINT('Origin',(-36.6869284126672,33.6370000832559,-22.5871203478291));
#6710=CARTESIAN_POINT('',(-50.6869284126672,10.71,-22.5871203478291));
#6711=CARTESIAN_POINT('',(-17.2094642063336,10.71,-22.5871203478291));
#6712=CARTESIAN_POINT('',(-50.6869284126672,8.21,-22.5871203478291));
#6713=CARTESIAN_POINT('',(-17.2094642063336,8.20999999999999,-22.5871203478291));
#6714=CARTESIAN_POINT('',(-50.6869284126672,33.6370000832559,-22.5871203478291));
#6715=CARTESIAN_POINT('Origin',(-50.6869284126672,33.6370000832559,-22.5871203478291));
#6716=CARTESIAN_POINT('',(-50.6869284126672,10.71,-36.5871203478291));
#6717=CARTESIAN_POINT('',(-50.6869284126672,10.71,-4.64456017391461));
#6718=CARTESIAN_POINT('',(-50.6869284126672,8.20999999999999,-36.5871203478291));
#6719=CARTESIAN_POINT('',(-50.6869284126672,8.20999999999999,-4.64456017391461));
#6720=CARTESIAN_POINT('',(-50.6869284126672,33.6370000832559,-36.5871203478291));
#6721=CARTESIAN_POINT('Origin',(-50.6869284126672,33.6370000832559,-36.5871203478291));
#6722=CARTESIAN_POINT('',(-44.7445739030746,10.71,-36.5871203478291));
#6723=CARTESIAN_POINT('',(-24.2094642063336,10.71,-36.5871203478291));
#6724=CARTESIAN_POINT('',(-44.7445739030746,8.20999999999999,-36.5871203478291));
#6725=CARTESIAN_POINT('',(-24.2094642063336,8.20999999999999,-36.5871203478291));
#6726=CARTESIAN_POINT('',(-44.7445739030746,33.6370000832559,-36.5871203478291));
#6727=CARTESIAN_POINT('Origin',(-42.5142844617473,33.6370000832559,-36.5871203478291));
#6728=CARTESIAN_POINT('',(-42.5142844617473,10.71,-36.5871203478291));
#6729=CARTESIAN_POINT('',(-20.1231422308737,10.71,-36.5871203478291));
#6730=CARTESIAN_POINT('',(-42.5142844617473,8.20999999999999,-36.5871203478291));
#6731=CARTESIAN_POINT('',(-42.5142844617473,33.6370000832559,-36.5871203478291));
#6732=CARTESIAN_POINT('',(-20.1231422308737,8.20999999999999,-36.5871203478291));
#6733=CARTESIAN_POINT('Origin',(-43.629429182411,33.6370000832559,-35.5468909250689));
#6734=CARTESIAN_POINT('Origin',(-43.629429182411,10.71,-35.5468909250689));
#6735=CARTESIAN_POINT('Origin',(-43.629429182411,8.20999999999998,-35.5468909250689));
#6736=CARTESIAN_POINT('Origin',(-18.6869284126672,33.6370000832564,-2.5871203478291));
#6737=CARTESIAN_POINT('',(-18.6869284126672,10.71,-2.5871203478291));
#6738=CARTESIAN_POINT('',(-18.6869284126672,10.71,11.4128796521709));
#6739=CARTESIAN_POINT('',(-18.6869284126672,10.71,5.35543982608542));
#6740=CARTESIAN_POINT('',(-18.6869284126672,8.20999999999999,-2.5871203478291));
#6741=CARTESIAN_POINT('',(-18.6869284126672,33.6370000832564,-2.5871203478291));
#6742=CARTESIAN_POINT('',(-18.6869284126672,8.21,11.4128796521709));
#6743=CARTESIAN_POINT('',(-18.6869284126672,8.20999999999999,5.35543982608542));
#6744=CARTESIAN_POINT('',(-18.6869284126672,33.6370000832564,11.4128796521709));
#6745=CARTESIAN_POINT('Origin',(-18.6869284126672,33.6370000832564,11.4128796521709));
#6746=CARTESIAN_POINT('',(-32.6869284126672,10.71,11.4128796521709));
#6747=CARTESIAN_POINT('',(-8.20946420633361,10.71,11.4128796521709));
#6748=CARTESIAN_POINT('',(-32.6869284126672,8.21,11.4128796521709));
#6749=CARTESIAN_POINT('',(-8.20946420633361,8.20999999999999,11.4128796521709));
#6750=CARTESIAN_POINT('',(-32.6869284126672,33.6370000832564,11.4128796521709));
#6751=CARTESIAN_POINT('Origin',(-32.6869284126672,33.6370000832564,11.4128796521709));
#6752=CARTESIAN_POINT('',(-32.6869284126672,10.71,-2.58712034782908));
#6753=CARTESIAN_POINT('',(-32.6869284126672,10.71,12.3554398260854));
#6754=CARTESIAN_POINT('',(-32.6869284126672,8.20999999999999,-2.58712034782908));
#6755=CARTESIAN_POINT('',(-32.6869284126672,8.20999999999999,12.3554398260854));
#6756=CARTESIAN_POINT('',(-32.6869284126672,33.6370000832564,-2.58712034782909));
#6757=CARTESIAN_POINT('Origin',(-32.6869284126672,33.6370000832564,-2.58712034782909));
#6758=CARTESIAN_POINT('',(-26.7445739030747,10.71,-2.58712034782909));
#6759=CARTESIAN_POINT('',(-15.2094642063336,10.71,-2.5871203478291));
#6760=CARTESIAN_POINT('',(-26.7445739030747,8.21,-2.58712034782909));
#6761=CARTESIAN_POINT('',(-15.2094642063336,8.20999999999999,-2.5871203478291));
#6762=CARTESIAN_POINT('',(-26.7445739030747,33.6370000832564,-2.58712034782909));
#6763=CARTESIAN_POINT('Origin',(-24.5142844617473,33.6370000832564,-2.58712034782909));
#6764=CARTESIAN_POINT('',(-24.5142844617473,10.71,-2.58712034782909));
#6765=CARTESIAN_POINT('',(-11.1231422308736,10.71,-2.5871203478291));
#6766=CARTESIAN_POINT('',(-24.5142844617473,8.21,-2.58712034782909));
#6767=CARTESIAN_POINT('',(-24.5142844617473,33.6370000832564,-2.58712034782909));
#6768=CARTESIAN_POINT('',(-11.1231422308736,8.20999999999999,-2.5871203478291));
#6769=CARTESIAN_POINT('Origin',(-25.629429182411,33.6370000832564,-1.54689092506896));
#6770=CARTESIAN_POINT('Origin',(-25.629429182411,10.71,-1.54689092506896));
#6771=CARTESIAN_POINT('Origin',(-25.629429182411,8.20999999999999,-1.54689092506896));
#6772=CARTESIAN_POINT('Origin',(-18.6869284126672,33.6370000832564,-19.5871203478291));
#6773=CARTESIAN_POINT('',(-18.6869284126672,10.71,-19.5871203478291));
#6774=CARTESIAN_POINT('',(-18.6869284126672,10.71,-5.58712034782909));
#6775=CARTESIAN_POINT('',(-18.6869284126672,10.71,-3.14456017391458));
#6776=CARTESIAN_POINT('',(-18.6869284126672,8.21,-19.5871203478291));
#6777=CARTESIAN_POINT('',(-18.6869284126672,33.6370000832564,-19.5871203478291));
#6778=CARTESIAN_POINT('',(-18.6869284126672,8.20999999999999,-5.58712034782909));
#6779=CARTESIAN_POINT('',(-18.6869284126672,8.20999999999999,-3.14456017391458));
#6780=CARTESIAN_POINT('',(-18.6869284126672,33.6370000832564,-5.58712034782909));
#6781=CARTESIAN_POINT('Origin',(-18.6869284126672,33.6370000832564,-5.58712034782909));
#6782=CARTESIAN_POINT('',(-32.6869284126672,10.71,-5.58712034782909));
#6783=CARTESIAN_POINT('',(-8.20946420633361,10.71,-5.58712034782909));
#6784=CARTESIAN_POINT('',(-32.6869284126672,8.20999999999999,-5.58712034782909));
#6785=CARTESIAN_POINT('',(-8.20946420633361,8.20999999999999,-5.58712034782909));
#6786=CARTESIAN_POINT('',(-32.6869284126672,33.6370000832564,-5.58712034782909));
#6787=CARTESIAN_POINT('Origin',(-32.6869284126672,33.6370000832564,-5.58712034782909));
#6788=CARTESIAN_POINT('',(-32.6869284126672,10.71,-19.5871203478291));
#6789=CARTESIAN_POINT('',(-32.6869284126672,10.71,3.85543982608542));
#6790=CARTESIAN_POINT('',(-32.6869284126672,8.21,-19.5871203478291));
#6791=CARTESIAN_POINT('',(-32.6869284126672,8.20999999999999,3.85543982608542));
#6792=CARTESIAN_POINT('',(-32.6869284126672,33.6370000832564,-19.5871203478291));
#6793=CARTESIAN_POINT('Origin',(-32.6869284126672,33.6370000832564,-19.5871203478291));
#6794=CARTESIAN_POINT('',(-26.7445739030747,10.71,-19.5871203478291));
#6795=CARTESIAN_POINT('',(-15.2094642063336,10.71,-19.5871203478291));
#6796=CARTESIAN_POINT('',(-26.7445739030747,8.21,-19.5871203478291));
#6797=CARTESIAN_POINT('',(-15.2094642063336,8.20999999999999,-19.5871203478291));
#6798=CARTESIAN_POINT('',(-26.7445739030747,33.6370000832564,-19.5871203478291));
#6799=CARTESIAN_POINT('Origin',(-24.5142844617473,33.6370000832564,-19.5871203478291));
#6800=CARTESIAN_POINT('',(-24.5142844617473,10.71,-19.5871203478291));
#6801=CARTESIAN_POINT('',(-11.1231422308736,10.71,-19.5871203478291));
#6802=CARTESIAN_POINT('',(-24.5142844617473,8.21,-19.5871203478291));
#6803=CARTESIAN_POINT('',(-24.5142844617473,33.6370000832564,-19.5871203478291));
#6804=CARTESIAN_POINT('',(-11.1231422308736,8.20999999999999,-19.5871203478291));
#6805=CARTESIAN_POINT('Origin',(-25.629429182411,33.6370000832564,-18.546890925069));
#6806=CARTESIAN_POINT('Origin',(-25.629429182411,10.71,-18.546890925069));
#6807=CARTESIAN_POINT('Origin',(-25.629429182411,8.20999999999999,-18.546890925069));
#6808=CARTESIAN_POINT('Origin',(17.3130715873327,33.6370000832558,-27.2871203478291));
#6809=CARTESIAN_POINT('',(17.3130715873327,10.71,-27.2871203478291));
#6810=CARTESIAN_POINT('',(17.3130715873327,10.71,-13.2871203478291));
#6811=CARTESIAN_POINT('',(17.3130715873327,10.71,-6.99456017391458));
#6812=CARTESIAN_POINT('',(17.3130715873327,8.21,-27.2871203478291));
#6813=CARTESIAN_POINT('',(17.3130715873327,33.6370000832558,-27.2871203478291));
#6814=CARTESIAN_POINT('',(17.3130715873327,8.21,-13.2871203478291));
#6815=CARTESIAN_POINT('',(17.3130715873327,8.20999999999999,-6.99456017391458));
#6816=CARTESIAN_POINT('',(17.3130715873327,33.6370000832558,-13.2871203478291));
#6817=CARTESIAN_POINT('Origin',(17.3130715873327,33.6370000832558,-13.2871203478291));
#6818=CARTESIAN_POINT('',(3.3130715873327,10.71,-13.2871203478291));
#6819=CARTESIAN_POINT('',(9.79053579366637,10.71,-13.2871203478291));
#6820=CARTESIAN_POINT('',(3.3130715873327,8.21,-13.2871203478291));
#6821=CARTESIAN_POINT('',(9.79053579366637,8.20999999999999,-13.2871203478291));
#6822=CARTESIAN_POINT('',(3.3130715873327,33.6370000832558,-13.2871203478291));
#6823=CARTESIAN_POINT('Origin',(3.3130715873327,33.6370000832558,-13.2871203478291));
#6824=CARTESIAN_POINT('',(3.3130715873327,10.71,-27.2871203478291));
#6825=CARTESIAN_POINT('',(3.3130715873327,10.71,0.00543982608542053));
#6826=CARTESIAN_POINT('',(3.3130715873327,8.21,-27.2871203478291));
#6827=CARTESIAN_POINT('',(3.3130715873327,8.20999999999999,0.00543982608541997));
#6828=CARTESIAN_POINT('',(3.3130715873327,33.6370000832558,-27.2871203478291));
#6829=CARTESIAN_POINT('Origin',(3.3130715873327,33.6370000832558,-27.2871203478291));
#6830=CARTESIAN_POINT('',(9.25542609692533,10.71,-27.2871203478291));
#6831=CARTESIAN_POINT('',(2.79053579366636,10.71,-27.2871203478291));
#6832=CARTESIAN_POINT('',(9.25542609692533,8.21,-27.2871203478291));
#6833=CARTESIAN_POINT('',(2.79053579366636,8.20999999999999,-27.2871203478291));
#6834=CARTESIAN_POINT('',(9.25542609692533,33.6370000832558,-27.2871203478291));
#6835=CARTESIAN_POINT('Origin',(11.4857155382527,33.6370000832558,-27.2871203478291));
#6836=CARTESIAN_POINT('',(11.4857155382527,10.71,-27.2871203478291));
#6837=CARTESIAN_POINT('',(6.87685776912636,10.71,-27.2871203478291));
#6838=CARTESIAN_POINT('',(11.4857155382527,8.21,-27.2871203478291));
#6839=CARTESIAN_POINT('',(11.4857155382527,33.6370000832558,-27.2871203478291));
#6840=CARTESIAN_POINT('',(6.87685776912636,8.20999999999999,-27.2871203478291));
#6841=CARTESIAN_POINT('Origin',(10.370570817589,33.6370000832558,-26.246890925069));
#6842=CARTESIAN_POINT('Origin',(10.370570817589,10.71,-26.246890925069));
#6843=CARTESIAN_POINT('Origin',(10.370570817589,8.20999999999999,-26.246890925069));
#6844=CARTESIAN_POINT('Origin',(-0.686928412667176,33.6370000832563,-40.8871203478291));
#6845=CARTESIAN_POINT('',(-0.686928412667176,10.71,-40.8871203478291));
#6846=CARTESIAN_POINT('',(-0.686928412667175,10.71,-26.8871203478291));
#6847=CARTESIAN_POINT('',(-0.686928412667174,10.71,-13.7945601739146));
#6848=CARTESIAN_POINT('',(-0.686928412667176,8.20999999999999,-40.8871203478291));
#6849=CARTESIAN_POINT('',(-0.686928412667176,33.6370000832563,-40.8871203478291));
#6850=CARTESIAN_POINT('',(-0.686928412667175,8.21,-26.8871203478291));
#6851=CARTESIAN_POINT('',(-0.686928412667174,8.20999999999999,-13.7945601739146));
#6852=CARTESIAN_POINT('',(-0.686928412667175,33.6370000832563,-26.8871203478291));
#6853=CARTESIAN_POINT('Origin',(-0.686928412667175,33.6370000832563,-26.8871203478291));
#6854=CARTESIAN_POINT('',(-14.6869284126672,10.71,-26.8871203478291));
#6855=CARTESIAN_POINT('',(0.790535793666416,10.71,-26.8871203478291));
#6856=CARTESIAN_POINT('',(-14.6869284126672,8.21,-26.8871203478291));
#6857=CARTESIAN_POINT('',(0.790535793666416,8.20999999999999,-26.8871203478291));
#6858=CARTESIAN_POINT('',(-14.6869284126672,33.6370000832563,-26.8871203478291));
#6859=CARTESIAN_POINT('Origin',(-14.6869284126672,33.6370000832563,-26.8871203478291));
#6860=CARTESIAN_POINT('',(-14.6869284126672,10.71,-40.8871203478291));
#6861=CARTESIAN_POINT('',(-14.6869284126672,10.71,-6.79456017391458));
#6862=CARTESIAN_POINT('',(-14.6869284126672,8.20999999999999,-40.8871203478291));
#6863=CARTESIAN_POINT('',(-14.6869284126672,8.20999999999999,-6.79456017391458));
#6864=CARTESIAN_POINT('',(-14.6869284126672,33.6370000832563,-40.8871203478291));
#6865=CARTESIAN_POINT('Origin',(-14.6869284126672,33.6370000832563,-40.8871203478291));
#6866=CARTESIAN_POINT('',(-8.7445739030747,10.71,-40.8871203478291));
#6867=CARTESIAN_POINT('',(-6.2094642063336,10.71,-40.8871203478291));
#6868=CARTESIAN_POINT('',(-8.7445739030747,8.21,-40.8871203478291));
#6869=CARTESIAN_POINT('',(-6.2094642063336,8.20999999999999,-40.8871203478291));
#6870=CARTESIAN_POINT('',(-8.7445739030747,33.6370000832563,-40.8871203478291));
#6871=CARTESIAN_POINT('Origin',(-6.51428446174727,33.6370000832563,-40.8871203478291));
#6872=CARTESIAN_POINT('',(-6.51428446174727,10.71,-40.8871203478291));
#6873=CARTESIAN_POINT('',(-2.12314223087363,10.71,-40.8871203478291));
#6874=CARTESIAN_POINT('',(-6.51428446174727,8.21,-40.8871203478291));
#6875=CARTESIAN_POINT('',(-6.51428446174727,33.6370000832563,-40.8871203478291));
#6876=CARTESIAN_POINT('',(-2.12314223087363,8.20999999999999,-40.8871203478291));
#6877=CARTESIAN_POINT('Origin',(-7.62942918241098,33.6370000832563,-39.846890925069));
#6878=CARTESIAN_POINT('Origin',(-7.62942918241098,10.71,-39.8468909250689));
#6879=CARTESIAN_POINT('Origin',(-7.62942918241098,8.20999999999998,-39.8468909250689));
#6880=CARTESIAN_POINT('Origin',(17.3130715873327,33.6370000832558,-10.2871203478291));
#6881=CARTESIAN_POINT('',(17.3130715873327,10.71,-10.2871203478291));
#6882=CARTESIAN_POINT('',(17.3130715873327,10.71,3.7128796521709));
#6883=CARTESIAN_POINT('',(17.3130715873327,10.71,1.50543982608541));
#6884=CARTESIAN_POINT('',(17.3130715873327,8.21,-10.2871203478291));
#6885=CARTESIAN_POINT('',(17.3130715873327,33.6370000832558,-10.2871203478291));
#6886=CARTESIAN_POINT('',(17.3130715873327,8.20999999999999,3.7128796521709));
#6887=CARTESIAN_POINT('',(17.3130715873327,8.20999999999999,1.50543982608541));
#6888=CARTESIAN_POINT('',(17.3130715873327,33.6370000832558,3.71287965217089));
#6889=CARTESIAN_POINT('Origin',(17.3130715873327,33.6370000832558,3.71287965217089));
#6890=CARTESIAN_POINT('',(3.3130715873327,10.71,3.71287965217091));
#6891=CARTESIAN_POINT('',(9.79053579366636,10.71,3.7128796521709));
#6892=CARTESIAN_POINT('',(3.3130715873327,8.20999999999999,3.71287965217091));
#6893=CARTESIAN_POINT('',(9.79053579366636,8.20999999999999,3.7128796521709));
#6894=CARTESIAN_POINT('',(3.3130715873327,33.6370000832558,3.71287965217091));
#6895=CARTESIAN_POINT('Origin',(3.3130715873327,33.6370000832558,3.71287965217091));
#6896=CARTESIAN_POINT('',(3.3130715873327,10.71,-10.2871203478291));
#6897=CARTESIAN_POINT('',(3.3130715873327,10.71,8.50543982608542));
#6898=CARTESIAN_POINT('',(3.3130715873327,8.21,-10.2871203478291));
#6899=CARTESIAN_POINT('',(3.3130715873327,8.20999999999999,8.50543982608542));
#6900=CARTESIAN_POINT('',(3.3130715873327,33.6370000832558,-10.2871203478291));
#6901=CARTESIAN_POINT('Origin',(3.3130715873327,33.6370000832558,-10.2871203478291));
#6902=CARTESIAN_POINT('',(9.25542609692533,10.71,-10.2871203478291));
#6903=CARTESIAN_POINT('',(2.79053579366636,10.71,-10.2871203478291));
#6904=CARTESIAN_POINT('',(9.25542609692533,8.21,-10.2871203478291));
#6905=CARTESIAN_POINT('',(2.79053579366636,8.20999999999999,-10.2871203478291));
#6906=CARTESIAN_POINT('',(9.25542609692533,33.6370000832558,-10.2871203478291));
#6907=CARTESIAN_POINT('Origin',(11.4857155382527,33.6370000832558,-10.2871203478291));
#6908=CARTESIAN_POINT('',(11.4857155382527,10.71,-10.2871203478291));
#6909=CARTESIAN_POINT('',(6.87685776912636,10.71,-10.2871203478291));
#6910=CARTESIAN_POINT('',(11.4857155382527,8.21,-10.2871203478291));
#6911=CARTESIAN_POINT('',(11.4857155382527,33.6370000832558,-10.2871203478291));
#6912=CARTESIAN_POINT('',(6.87685776912636,8.20999999999999,-10.2871203478291));
#6913=CARTESIAN_POINT('Origin',(10.370570817589,33.6370000832558,-9.24689092506897));
#6914=CARTESIAN_POINT('Origin',(10.370570817589,10.71,-9.24689092506897));
#6915=CARTESIAN_POINT('Origin',(10.370570817589,8.20999999999999,-9.24689092506897));
#6916=CARTESIAN_POINT('Origin',(-0.686928412667176,33.6370000832563,27.1128796521709));
#6917=CARTESIAN_POINT('',(-0.686928412667176,10.71,27.1128796521709));
#6918=CARTESIAN_POINT('',(-0.686928412667175,10.71,41.1128796521709));
#6919=CARTESIAN_POINT('',(-0.686928412667177,10.71,20.2054398260854));
#6920=CARTESIAN_POINT('',(-0.686928412667176,8.21,27.1128796521709));
#6921=CARTESIAN_POINT('',(-0.686928412667176,33.6370000832563,27.1128796521709));
#6922=CARTESIAN_POINT('',(-0.686928412667175,8.20999999999999,41.1128796521709));
#6923=CARTESIAN_POINT('',(-0.686928412667177,8.20999999999999,20.2054398260854));
#6924=CARTESIAN_POINT('',(-0.686928412667175,33.6370000832563,41.1128796521709));
#6925=CARTESIAN_POINT('Origin',(-0.686928412667175,33.6370000832563,41.1128796521709));
#6926=CARTESIAN_POINT('',(-14.6869284126672,10.71,41.1128796521709));
#6927=CARTESIAN_POINT('',(0.790535793666416,10.71,41.1128796521709));
#6928=CARTESIAN_POINT('',(-14.6869284126672,8.20999999999999,41.1128796521709));
#6929=CARTESIAN_POINT('',(0.790535793666416,8.20999999999999,41.1128796521709));
#6930=CARTESIAN_POINT('',(-14.6869284126672,33.6370000832563,41.1128796521709));
#6931=CARTESIAN_POINT('Origin',(-14.6869284126672,33.6370000832563,41.1128796521709));
#6932=CARTESIAN_POINT('',(-14.6869284126672,10.71,27.1128796521709));
#6933=CARTESIAN_POINT('',(-14.6869284126672,10.71,27.2054398260854));
#6934=CARTESIAN_POINT('',(-14.6869284126672,8.21,27.1128796521709));
#6935=CARTESIAN_POINT('',(-14.6869284126672,8.20999999999999,27.2054398260854));
#6936=CARTESIAN_POINT('',(-14.6869284126672,33.6370000832563,27.1128796521709));
#6937=CARTESIAN_POINT('Origin',(-14.6869284126672,33.6370000832563,27.1128796521709));
#6938=CARTESIAN_POINT('',(-8.74457390307469,10.71,27.1128796521709));
#6939=CARTESIAN_POINT('',(-6.2094642063336,10.71,27.1128796521709));
#6940=CARTESIAN_POINT('',(-8.74457390307469,8.21,27.1128796521709));
#6941=CARTESIAN_POINT('',(-6.2094642063336,8.20999999999999,27.1128796521709));
#6942=CARTESIAN_POINT('',(-8.74457390307469,33.6370000832563,27.1128796521709));
#6943=CARTESIAN_POINT('Origin',(-6.51428446174728,33.6370000832563,27.1128796521709));
#6944=CARTESIAN_POINT('',(-6.51428446174728,10.71,27.1128796521709));
#6945=CARTESIAN_POINT('',(-2.12314223087363,10.71,27.1128796521709));
#6946=CARTESIAN_POINT('',(-6.51428446174728,8.21,27.1128796521709));
#6947=CARTESIAN_POINT('',(-6.51428446174728,33.6370000832563,27.1128796521709));
#6948=CARTESIAN_POINT('',(-2.12314223087363,8.20999999999999,27.1128796521709));
#6949=CARTESIAN_POINT('Origin',(-7.62942918241098,33.6370000832563,28.153109074931));
#6950=CARTESIAN_POINT('Origin',(-7.62942918241098,10.71,28.1531090749311));
#6951=CARTESIAN_POINT('Origin',(-7.62942918241098,8.21,28.1531090749311));
#6952=CARTESIAN_POINT('Origin',(53.3130715873327,33.6370000832561,45.0128796521709));
#6953=CARTESIAN_POINT('',(53.3130715873327,10.71,45.0128796521709));
#6954=CARTESIAN_POINT('',(53.3130715873327,10.71,59.0128796521709));
#6955=CARTESIAN_POINT('',(53.3130715873327,10.71,29.1554398260854));
#6956=CARTESIAN_POINT('',(53.3130715873327,8.20999999999999,45.0128796521709));
#6957=CARTESIAN_POINT('',(53.3130715873327,33.6370000832561,45.0128796521709));
#6958=CARTESIAN_POINT('',(53.3130715873327,8.21,59.0128796521709));
#6959=CARTESIAN_POINT('',(53.3130715873327,8.20999999999999,29.1554398260854));
#6960=CARTESIAN_POINT('',(53.3130715873327,33.6370000832561,59.0128796521709));
#6961=CARTESIAN_POINT('Origin',(53.3130715873327,33.6370000832561,59.0128796521709));
#6962=CARTESIAN_POINT('',(39.3130715873327,10.71,59.0128796521709));
#6963=CARTESIAN_POINT('',(27.7905357936664,10.71,59.0128796521709));
#6964=CARTESIAN_POINT('',(39.3130715873327,8.21,59.0128796521709));
#6965=CARTESIAN_POINT('',(27.7905357936664,8.20999999999999,59.0128796521709));
#6966=CARTESIAN_POINT('',(39.3130715873327,33.6370000832561,59.0128796521709));
#6967=CARTESIAN_POINT('Origin',(39.3130715873327,33.6370000832561,59.0128796521709));
#6968=CARTESIAN_POINT('',(39.3130715873327,10.71,45.0128796521709));
#6969=CARTESIAN_POINT('',(39.3130715873327,10.71,36.1554398260854));
#6970=CARTESIAN_POINT('',(39.3130715873327,8.20999999999999,45.0128796521709));
#6971=CARTESIAN_POINT('',(39.3130715873327,8.20999999999999,36.1554398260854));
#6972=CARTESIAN_POINT('',(39.3130715873327,33.6370000832561,45.0128796521709));
#6973=CARTESIAN_POINT('Origin',(39.3130715873327,33.6370000832561,45.0128796521709));
#6974=CARTESIAN_POINT('',(45.2554260969253,10.71,45.0128796521709));
#6975=CARTESIAN_POINT('',(20.7905357936664,10.71,45.0128796521709));
#6976=CARTESIAN_POINT('',(45.2554260969253,8.20999999999999,45.0128796521709));
#6977=CARTESIAN_POINT('',(20.7905357936664,8.20999999999999,45.0128796521709));
#6978=CARTESIAN_POINT('',(45.2554260969253,33.6370000832561,45.0128796521709));
#6979=CARTESIAN_POINT('Origin',(47.4857155382527,33.6370000832561,45.0128796521709));
#6980=CARTESIAN_POINT('',(47.4857155382527,10.71,45.0128796521709));
#6981=CARTESIAN_POINT('',(24.8768577691264,10.71,45.0128796521709));
#6982=CARTESIAN_POINT('',(47.4857155382527,8.20999999999999,45.0128796521709));
#6983=CARTESIAN_POINT('',(47.4857155382527,33.6370000832561,45.0128796521709));
#6984=CARTESIAN_POINT('',(24.8768577691264,8.20999999999999,45.0128796521709));
#6985=CARTESIAN_POINT('Origin',(46.370570817589,33.6370000832561,46.053109074931));
#6986=CARTESIAN_POINT('Origin',(46.370570817589,10.71,46.053109074931));
#6987=CARTESIAN_POINT('Origin',(46.370570817589,8.21,46.053109074931));
#6988=CARTESIAN_POINT('Origin',(-36.6869284126672,33.6370000832559,14.4128796521709));
#6989=CARTESIAN_POINT('',(-36.6869284126672,10.71,14.4128796521709));
#6990=CARTESIAN_POINT('',(-36.6869284126672,10.71,28.4128796521709));
#6991=CARTESIAN_POINT('',(-36.6869284126672,10.71,13.8554398260854));
#6992=CARTESIAN_POINT('',(-36.6869284126672,8.21,14.4128796521709));
#6993=CARTESIAN_POINT('',(-36.6869284126672,33.6370000832559,14.4128796521709));
#6994=CARTESIAN_POINT('',(-36.6869284126672,8.21,28.4128796521709));
#6995=CARTESIAN_POINT('',(-36.6869284126672,8.20999999999999,13.8554398260854));
#6996=CARTESIAN_POINT('',(-36.6869284126672,33.6370000832559,28.4128796521709));
#6997=CARTESIAN_POINT('Origin',(-36.6869284126672,33.6370000832559,28.4128796521709));
#6998=CARTESIAN_POINT('',(-50.6869284126672,10.71,28.4128796521709));
#6999=CARTESIAN_POINT('',(-17.2094642063336,10.71,28.4128796521709));
#7000=CARTESIAN_POINT('',(-50.6869284126672,8.21,28.4128796521709));
#7001=CARTESIAN_POINT('',(-17.2094642063336,8.20999999999999,28.4128796521709));
#7002=CARTESIAN_POINT('',(-50.6869284126672,33.6370000832559,28.4128796521709));
#7003=CARTESIAN_POINT('Origin',(-50.6869284126672,33.6370000832559,28.4128796521709));
#7004=CARTESIAN_POINT('',(-50.6869284126672,10.71,14.4128796521709));
#7005=CARTESIAN_POINT('',(-50.6869284126672,10.71,20.8554398260854));
#7006=CARTESIAN_POINT('',(-50.6869284126672,8.21,14.4128796521709));
#7007=CARTESIAN_POINT('',(-50.6869284126672,8.20999999999999,20.8554398260854));
#7008=CARTESIAN_POINT('',(-50.6869284126672,33.6370000832559,14.4128796521709));
#7009=CARTESIAN_POINT('Origin',(-50.6869284126672,33.6370000832559,14.4128796521709));
#7010=CARTESIAN_POINT('',(-44.7445739030747,10.71,14.4128796521709));
#7011=CARTESIAN_POINT('',(-24.2094642063336,10.71,14.4128796521709));
#7012=CARTESIAN_POINT('',(-44.7445739030747,8.20999999999999,14.4128796521709));
#7013=CARTESIAN_POINT('',(-24.2094642063336,8.20999999999999,14.4128796521709));
#7014=CARTESIAN_POINT('',(-44.7445739030747,33.6370000832559,14.4128796521709));
#7015=CARTESIAN_POINT('Origin',(-42.5142844617473,33.6370000832559,14.4128796521709));
#7016=CARTESIAN_POINT('',(-42.5142844617473,10.71,14.4128796521709));
#7017=CARTESIAN_POINT('',(-20.1231422308736,10.71,14.4128796521709));
#7018=CARTESIAN_POINT('',(-42.5142844617473,8.20999999999999,14.4128796521709));
#7019=CARTESIAN_POINT('',(-42.5142844617473,33.6370000832559,14.4128796521709));
#7020=CARTESIAN_POINT('',(-20.1231422308736,8.20999999999999,14.4128796521709));
#7021=CARTESIAN_POINT('Origin',(-43.629429182411,33.6370000832559,15.453109074931));
#7022=CARTESIAN_POINT('Origin',(-43.629429182411,10.71,15.453109074931));
#7023=CARTESIAN_POINT('Origin',(-43.629429182411,8.21,15.453109074931));
#7024=CARTESIAN_POINT('Origin',(53.3130715873327,33.6370000832561,11.0128796521709));
#7025=CARTESIAN_POINT('',(53.3130715873327,10.71,11.0128796521709));
#7026=CARTESIAN_POINT('',(53.3130715873327,10.71,25.0128796521709));
#7027=CARTESIAN_POINT('',(53.3130715873327,10.71,12.1554398260854));
#7028=CARTESIAN_POINT('',(53.3130715873327,8.21,11.0128796521709));
#7029=CARTESIAN_POINT('',(53.3130715873327,33.6370000832561,11.0128796521709));
#7030=CARTESIAN_POINT('',(53.3130715873327,8.21,25.0128796521709));
#7031=CARTESIAN_POINT('',(53.3130715873327,8.20999999999999,12.1554398260854));
#7032=CARTESIAN_POINT('',(53.3130715873327,33.6370000832561,25.0128796521709));
#7033=CARTESIAN_POINT('Origin',(53.3130715873327,33.6370000832561,25.0128796521709));
#7034=CARTESIAN_POINT('',(39.3130715873327,10.71,25.0128796521709));
#7035=CARTESIAN_POINT('',(27.7905357936664,10.71,25.0128796521709));
#7036=CARTESIAN_POINT('',(39.3130715873327,8.21,25.0128796521709));
#7037=CARTESIAN_POINT('',(27.7905357936664,8.20999999999999,25.0128796521709));
#7038=CARTESIAN_POINT('',(39.3130715873327,33.6370000832561,25.0128796521709));
#7039=CARTESIAN_POINT('Origin',(39.3130715873327,33.6370000832561,25.0128796521709));
#7040=CARTESIAN_POINT('',(39.3130715873327,10.71,11.0128796521709));
#7041=CARTESIAN_POINT('',(39.3130715873327,10.71,19.1554398260854));
#7042=CARTESIAN_POINT('',(39.3130715873327,8.21,11.0128796521709));
#7043=CARTESIAN_POINT('',(39.3130715873327,8.20999999999999,19.1554398260854));
#7044=CARTESIAN_POINT('',(39.3130715873327,33.6370000832561,11.0128796521709));
#7045=CARTESIAN_POINT('Origin',(39.3130715873327,33.6370000832561,11.0128796521709));
#7046=CARTESIAN_POINT('',(45.2554260969253,10.71,11.0128796521709));
#7047=CARTESIAN_POINT('',(20.7905357936664,10.71,11.0128796521709));
#7048=CARTESIAN_POINT('',(45.2554260969253,8.21,11.0128796521709));
#7049=CARTESIAN_POINT('',(20.7905357936664,8.20999999999999,11.0128796521709));
#7050=CARTESIAN_POINT('',(45.2554260969253,33.6370000832561,11.0128796521709));
#7051=CARTESIAN_POINT('Origin',(47.4857155382527,33.6370000832561,11.0128796521709));
#7052=CARTESIAN_POINT('',(47.4857155382527,10.71,11.0128796521709));
#7053=CARTESIAN_POINT('',(24.8768577691264,10.71,11.0128796521709));
#7054=CARTESIAN_POINT('',(47.4857155382527,8.21,11.0128796521709));
#7055=CARTESIAN_POINT('',(47.4857155382527,33.6370000832561,11.0128796521709));
#7056=CARTESIAN_POINT('',(24.8768577691264,8.20999999999999,11.0128796521709));
#7057=CARTESIAN_POINT('Origin',(46.370570817589,33.6370000832561,12.053109074931));
#7058=CARTESIAN_POINT('Origin',(46.370570817589,10.71,12.053109074931));
#7059=CARTESIAN_POINT('Origin',(46.370570817589,8.21,12.053109074931));
#7060=CARTESIAN_POINT('Origin',(-18.6869284126672,33.6370000832564,31.4128796521709));
#7061=CARTESIAN_POINT('',(-18.6869284126672,10.71,31.4128796521709));
#7062=CARTESIAN_POINT('',(-18.6869284126672,10.71,45.4128796521709));
#7063=CARTESIAN_POINT('',(-18.6869284126672,10.71,22.3554398260854));
#7064=CARTESIAN_POINT('',(-18.6869284126672,8.20999999999999,31.4128796521709));
#7065=CARTESIAN_POINT('',(-18.6869284126672,33.6370000832564,31.4128796521709));
#7066=CARTESIAN_POINT('',(-18.6869284126672,8.20999999999999,45.4128796521709));
#7067=CARTESIAN_POINT('',(-18.6869284126672,8.20999999999999,22.3554398260854));
#7068=CARTESIAN_POINT('',(-18.6869284126672,33.6370000832564,45.4128796521709));
#7069=CARTESIAN_POINT('Origin',(-18.6869284126672,33.6370000832564,45.4128796521709));
#7070=CARTESIAN_POINT('',(-32.6869284126672,10.71,45.4128796521709));
#7071=CARTESIAN_POINT('',(-8.20946420633361,10.71,45.4128796521709));
#7072=CARTESIAN_POINT('',(-32.6869284126672,8.20999999999999,45.4128796521709));
#7073=CARTESIAN_POINT('',(-8.20946420633361,8.20999999999999,45.4128796521709));
#7074=CARTESIAN_POINT('',(-32.6869284126672,33.6370000832564,45.4128796521709));
#7075=CARTESIAN_POINT('Origin',(-32.6869284126672,33.6370000832564,45.4128796521709));
#7076=CARTESIAN_POINT('',(-32.6869284126672,10.71,31.4128796521709));
#7077=CARTESIAN_POINT('',(-32.6869284126672,10.71,29.3554398260855));
#7078=CARTESIAN_POINT('',(-32.6869284126672,8.20999999999999,31.4128796521709));
#7079=CARTESIAN_POINT('',(-32.6869284126672,8.20999999999999,29.3554398260855));
#7080=CARTESIAN_POINT('',(-32.6869284126672,33.6370000832564,31.4128796521709));
#7081=CARTESIAN_POINT('Origin',(-32.6869284126672,33.6370000832564,31.4128796521709));
#7082=CARTESIAN_POINT('',(-26.7445739030747,10.71,31.4128796521709));
#7083=CARTESIAN_POINT('',(-15.2094642063336,10.71,31.4128796521709));
#7084=CARTESIAN_POINT('',(-26.7445739030747,8.20999999999999,31.4128796521709));
#7085=CARTESIAN_POINT('',(-15.2094642063336,8.20999999999999,31.4128796521709));
#7086=CARTESIAN_POINT('',(-26.7445739030747,33.6370000832564,31.4128796521709));
#7087=CARTESIAN_POINT('Origin',(-24.5142844617473,33.6370000832564,31.4128796521709));
#7088=CARTESIAN_POINT('',(-24.5142844617473,10.71,31.4128796521709));
#7089=CARTESIAN_POINT('',(-11.1231422308736,10.71,31.4128796521709));
#7090=CARTESIAN_POINT('',(-24.5142844617473,8.20999999999999,31.4128796521709));
#7091=CARTESIAN_POINT('',(-24.5142844617473,33.6370000832564,31.4128796521709));
#7092=CARTESIAN_POINT('',(-11.1231422308736,8.20999999999999,31.4128796521709));
#7093=CARTESIAN_POINT('Origin',(-25.629429182411,33.6370000832564,32.4531090749311));
#7094=CARTESIAN_POINT('Origin',(-25.629429182411,10.71,32.4531090749311));
#7095=CARTESIAN_POINT('Origin',(-25.629429182411,8.21,32.4531090749311));
#7096=CARTESIAN_POINT('Origin',(-0.686928412667176,33.6370000832563,-6.8871203478291));
#7097=CARTESIAN_POINT('',(-0.686928412667176,10.71,-6.88712034782909));
#7098=CARTESIAN_POINT('',(-0.686928412667175,10.71,7.11287965217092));
#7099=CARTESIAN_POINT('',(-0.686928412667175,10.71,3.20543982608542));
#7100=CARTESIAN_POINT('',(-0.686928412667176,8.20999999999999,-6.88712034782909));
#7101=CARTESIAN_POINT('',(-0.686928412667176,33.6370000832563,-6.8871203478291));
#7102=CARTESIAN_POINT('',(-0.686928412667175,8.20999999999999,7.11287965217093));
#7103=CARTESIAN_POINT('',(-0.686928412667175,8.20999999999999,3.20543982608542));
#7104=CARTESIAN_POINT('',(-0.686928412667175,33.6370000832563,7.11287965217092));
#7105=CARTESIAN_POINT('Origin',(-0.686928412667175,33.6370000832563,7.11287965217092));
#7106=CARTESIAN_POINT('',(-14.6869284126672,10.71,7.11287965217093));
#7107=CARTESIAN_POINT('',(0.790535793666416,10.71,7.11287965217093));
#7108=CARTESIAN_POINT('',(-14.6869284126672,8.20999999999999,7.11287965217093));
#7109=CARTESIAN_POINT('',(0.790535793666416,8.20999999999999,7.11287965217093));
#7110=CARTESIAN_POINT('',(-14.6869284126672,33.6370000832563,7.11287965217092));
#7111=CARTESIAN_POINT('Origin',(-14.6869284126672,33.6370000832563,7.11287965217092));
#7112=CARTESIAN_POINT('',(-14.6869284126672,10.71,-6.88712034782909));
#7113=CARTESIAN_POINT('',(-14.6869284126672,10.71,10.2054398260854));
#7114=CARTESIAN_POINT('',(-14.6869284126672,8.20999999999999,-6.88712034782909));
#7115=CARTESIAN_POINT('',(-14.6869284126672,8.20999999999999,10.2054398260854));
#7116=CARTESIAN_POINT('',(-14.6869284126672,33.6370000832563,-6.88712034782909));
#7117=CARTESIAN_POINT('Origin',(-14.6869284126672,33.6370000832563,-6.8871203478291));
#7118=CARTESIAN_POINT('',(-8.74457390307468,10.71,-6.88712034782909));
#7119=CARTESIAN_POINT('',(-6.2094642063336,10.71,-6.88712034782909));
#7120=CARTESIAN_POINT('',(-8.74457390307468,8.20999999999999,-6.88712034782909));
#7121=CARTESIAN_POINT('',(-6.2094642063336,8.20999999999999,-6.88712034782909));
#7122=CARTESIAN_POINT('',(-8.74457390307468,33.6370000832563,-6.8871203478291));
#7123=CARTESIAN_POINT('Origin',(-6.51428446174729,33.6370000832563,-6.8871203478291));
#7124=CARTESIAN_POINT('',(-6.51428446174729,10.71,-6.88712034782909));
#7125=CARTESIAN_POINT('',(-2.12314223087364,10.71,-6.88712034782909));
#7126=CARTESIAN_POINT('',(-6.51428446174729,8.20999999999999,-6.88712034782909));
#7127=CARTESIAN_POINT('',(-6.51428446174729,33.6370000832563,-6.8871203478291));
#7128=CARTESIAN_POINT('',(-2.12314223087364,8.20999999999999,-6.88712034782909));
#7129=CARTESIAN_POINT('Origin',(-7.62942918241098,33.6370000832563,-5.84689092506896));
#7130=CARTESIAN_POINT('Origin',(-7.62942918241098,10.71,-5.84689092506895));
#7131=CARTESIAN_POINT('Origin',(-7.62942918241098,8.20999999999999,-5.84689092506895));
#7132=CARTESIAN_POINT('Origin',(53.3130715873327,33.6370000832561,-5.98712034782914));
#7133=CARTESIAN_POINT('',(53.3130715873327,10.71,-5.98712034782913));
#7134=CARTESIAN_POINT('',(53.3130715873327,10.71,8.01287965217087));
#7135=CARTESIAN_POINT('',(53.3130715873327,10.71,3.6554398260854));
#7136=CARTESIAN_POINT('',(53.3130715873327,8.20999999999999,-5.98712034782913));
#7137=CARTESIAN_POINT('',(53.3130715873327,33.6370000832561,-5.98712034782914));
#7138=CARTESIAN_POINT('',(53.3130715873327,8.20999999999999,8.01287965217087));
#7139=CARTESIAN_POINT('',(53.3130715873327,8.20999999999999,3.6554398260854));
#7140=CARTESIAN_POINT('',(53.3130715873327,33.6370000832561,8.01287965217087));
#7141=CARTESIAN_POINT('Origin',(53.3130715873327,33.6370000832561,8.01287965217087));
#7142=CARTESIAN_POINT('',(39.3130715873327,10.71,8.01287965217087));
#7143=CARTESIAN_POINT('',(27.7905357936664,10.71,8.01287965217087));
#7144=CARTESIAN_POINT('',(39.3130715873327,8.20999999999999,8.01287965217087));
#7145=CARTESIAN_POINT('',(27.7905357936664,8.20999999999999,8.01287965217087));
#7146=CARTESIAN_POINT('',(39.3130715873327,33.6370000832561,8.01287965217087));
#7147=CARTESIAN_POINT('Origin',(39.3130715873327,33.6370000832561,8.01287965217087));
#7148=CARTESIAN_POINT('',(39.3130715873327,10.71,-5.98712034782913));
#7149=CARTESIAN_POINT('',(39.3130715873327,10.71,10.6554398260854));
#7150=CARTESIAN_POINT('',(39.3130715873327,8.20999999999999,-5.98712034782913));
#7151=CARTESIAN_POINT('',(39.3130715873327,8.20999999999999,10.6554398260854));
#7152=CARTESIAN_POINT('',(39.3130715873327,33.6370000832561,-5.98712034782914));
#7153=CARTESIAN_POINT('Origin',(39.3130715873327,33.6370000832561,-5.98712034782914));
#7154=CARTESIAN_POINT('',(45.2554260969253,10.71,-5.98712034782913));
#7155=CARTESIAN_POINT('',(20.7905357936664,10.71,-5.98712034782913));
#7156=CARTESIAN_POINT('',(45.2554260969253,8.20999999999999,-5.98712034782913));
#7157=CARTESIAN_POINT('',(20.7905357936664,8.20999999999999,-5.98712034782913));
#7158=CARTESIAN_POINT('',(45.2554260969253,33.6370000832561,-5.98712034782914));
#7159=CARTESIAN_POINT('Origin',(47.4857155382527,33.6370000832561,-5.98712034782914));
#7160=CARTESIAN_POINT('',(47.4857155382527,10.71,-5.98712034782913));
#7161=CARTESIAN_POINT('',(24.8768577691264,10.71,-5.98712034782913));
#7162=CARTESIAN_POINT('',(47.4857155382527,8.20999999999999,-5.98712034782913));
#7163=CARTESIAN_POINT('',(47.4857155382527,33.6370000832561,-5.98712034782914));
#7164=CARTESIAN_POINT('',(24.8768577691264,8.20999999999999,-5.98712034782913));
#7165=CARTESIAN_POINT('Origin',(46.370570817589,33.6370000832561,-4.94689092506899));
#7166=CARTESIAN_POINT('Origin',(46.370570817589,10.71,-4.94689092506899));
#7167=CARTESIAN_POINT('Origin',(46.370570817589,8.20999999999999,-4.94689092506899));
#7168=CARTESIAN_POINT('Origin',(35.3130715873327,33.6370000832571,-6.88712034782912));
#7169=CARTESIAN_POINT('',(35.3130715873327,10.71,-6.88712034782912));
#7170=CARTESIAN_POINT('',(35.3130715873327,10.71,7.11287965217088));
#7171=CARTESIAN_POINT('',(35.3130715873327,10.71,3.20543982608541));
#7172=CARTESIAN_POINT('',(35.3130715873327,8.20999999999999,-6.88712034782912));
#7173=CARTESIAN_POINT('',(35.3130715873327,33.6370000832571,-6.88712034782912));
#7174=CARTESIAN_POINT('',(35.3130715873327,8.20999999999999,7.11287965217088));
#7175=CARTESIAN_POINT('',(35.3130715873327,8.20999999999999,3.20543982608541));
#7176=CARTESIAN_POINT('',(35.3130715873327,33.6370000832571,7.11287965217088));
#7177=CARTESIAN_POINT('Origin',(35.3130715873327,33.6370000832571,7.11287965217088));
#7178=CARTESIAN_POINT('',(21.3130715873327,10.71,7.11287965217088));
#7179=CARTESIAN_POINT('',(18.7905357936664,10.71,7.11287965217088));
#7180=CARTESIAN_POINT('',(21.3130715873327,8.20999999999999,7.11287965217088));
#7181=CARTESIAN_POINT('',(18.7905357936664,8.20999999999999,7.11287965217088));
#7182=CARTESIAN_POINT('',(21.3130715873327,33.6370000832571,7.11287965217088));
#7183=CARTESIAN_POINT('Origin',(21.3130715873327,33.6370000832571,7.11287965217088));
#7184=CARTESIAN_POINT('',(21.3130715873327,10.71,-6.88712034782912));
#7185=CARTESIAN_POINT('',(21.3130715873327,10.71,10.2054398260854));
#7186=CARTESIAN_POINT('',(21.3130715873327,8.20999999999999,-6.88712034782912));
#7187=CARTESIAN_POINT('',(21.3130715873327,8.20999999999999,10.2054398260854));
#7188=CARTESIAN_POINT('',(21.3130715873327,33.6370000832571,-6.88712034782912));
#7189=CARTESIAN_POINT('Origin',(21.3130715873327,33.6370000832571,-6.88712034782912));
#7190=CARTESIAN_POINT('',(27.2554260969253,10.71,-6.88712034782912));
#7191=CARTESIAN_POINT('',(11.7905357936664,10.71,-6.88712034782912));
#7192=CARTESIAN_POINT('',(27.2554260969253,8.20999999999999,-6.88712034782912));
#7193=CARTESIAN_POINT('',(11.7905357936664,8.20999999999999,-6.88712034782912));
#7194=CARTESIAN_POINT('',(27.2554260969253,33.6370000832571,-6.88712034782912));
#7195=CARTESIAN_POINT('Origin',(29.4857155382527,33.6370000832571,-6.88712034782912));
#7196=CARTESIAN_POINT('',(29.4857155382527,10.71,-6.88712034782912));
#7197=CARTESIAN_POINT('',(15.8768577691264,10.71,-6.88712034782912));
#7198=CARTESIAN_POINT('',(29.4857155382527,8.20999999999999,-6.88712034782912));
#7199=CARTESIAN_POINT('',(29.4857155382527,33.6370000832571,-6.88712034782912));
#7200=CARTESIAN_POINT('',(15.8768577691264,8.20999999999999,-6.88712034782912));
#7201=CARTESIAN_POINT('Origin',(28.370570817589,33.6370000832571,-5.84689092506899));
#7202=CARTESIAN_POINT('Origin',(28.370570817589,10.71,-5.84689092506898));
#7203=CARTESIAN_POINT('Origin',(28.370570817589,8.20999999999999,-5.84689092506898));
#7204=CARTESIAN_POINT('Origin',(-0.686928412667175,33.6370000832563,-23.8871203478291));
#7205=CARTESIAN_POINT('',(-0.686928412667176,10.71,-23.8871203478291));
#7206=CARTESIAN_POINT('',(-0.686928412667175,10.71,-9.88712034782908));
#7207=CARTESIAN_POINT('',(-0.686928412667175,10.71,-5.29456017391458));
#7208=CARTESIAN_POINT('',(-0.686928412667176,8.21,-23.8871203478291));
#7209=CARTESIAN_POINT('',(-0.686928412667176,33.6370000832563,-23.8871203478291));
#7210=CARTESIAN_POINT('',(-0.686928412667175,8.20999999999999,-9.88712034782908));
#7211=CARTESIAN_POINT('',(-0.686928412667175,8.20999999999999,-5.29456017391458));
#7212=CARTESIAN_POINT('',(-0.686928412667175,33.6370000832563,-9.88712034782909));
#7213=CARTESIAN_POINT('Origin',(-0.686928412667175,33.6370000832563,-9.88712034782909));
#7214=CARTESIAN_POINT('',(-14.6869284126672,10.71,-9.88712034782908));
#7215=CARTESIAN_POINT('',(0.790535793666417,10.71,-9.88712034782908));
#7216=CARTESIAN_POINT('',(-14.6869284126672,8.20999999999999,-9.88712034782908));
#7217=CARTESIAN_POINT('',(0.790535793666417,8.20999999999999,-9.88712034782908));
#7218=CARTESIAN_POINT('',(-14.6869284126672,33.6370000832563,-9.88712034782909));
#7219=CARTESIAN_POINT('Origin',(-14.6869284126672,33.6370000832563,-9.88712034782909));
#7220=CARTESIAN_POINT('',(-14.6869284126672,10.71,-23.8871203478291));
#7221=CARTESIAN_POINT('',(-14.6869284126672,10.71,1.70543982608543));
#7222=CARTESIAN_POINT('',(-14.6869284126672,8.21,-23.8871203478291));
#7223=CARTESIAN_POINT('',(-14.6869284126672,8.20999999999999,1.70543982608543));
#7224=CARTESIAN_POINT('',(-14.6869284126672,33.6370000832563,-23.8871203478291));
#7225=CARTESIAN_POINT('Origin',(-14.6869284126672,33.6370000832563,-23.8871203478291));
#7226=CARTESIAN_POINT('',(-8.74457390307467,10.71,-23.8871203478291));
#7227=CARTESIAN_POINT('',(-6.2094642063336,10.71,-23.8871203478291));
#7228=CARTESIAN_POINT('',(-8.74457390307467,8.21,-23.8871203478291));
#7229=CARTESIAN_POINT('',(-6.2094642063336,8.20999999999999,-23.8871203478291));
#7230=CARTESIAN_POINT('',(-8.74457390307467,33.6370000832563,-23.8871203478291));
#7231=CARTESIAN_POINT('Origin',(-6.5142844617473,33.6370000832563,-23.8871203478291));
#7232=CARTESIAN_POINT('',(-6.5142844617473,10.71,-23.8871203478291));
#7233=CARTESIAN_POINT('',(-2.12314223087364,10.71,-23.8871203478291));
#7234=CARTESIAN_POINT('',(-6.5142844617473,8.21,-23.8871203478291));
#7235=CARTESIAN_POINT('',(-6.5142844617473,33.6370000832563,-23.8871203478291));
#7236=CARTESIAN_POINT('',(-2.12314223087364,8.20999999999999,-23.8871203478291));
#7237=CARTESIAN_POINT('Origin',(-7.62942918241098,33.6370000832563,-22.8468909250689));
#7238=CARTESIAN_POINT('Origin',(-7.62942918241098,10.71,-22.8468909250689));
#7239=CARTESIAN_POINT('Origin',(-7.62942918241098,8.20999999999999,-22.8468909250689));
#7240=CARTESIAN_POINT('Origin',(-36.6869284126672,33.6370000832559,-2.5871203478291));
#7241=CARTESIAN_POINT('',(-36.6869284126672,10.71,-2.5871203478291));
#7242=CARTESIAN_POINT('',(-36.6869284126672,10.71,11.4128796521709));
#7243=CARTESIAN_POINT('',(-36.6869284126672,10.71,5.35543982608542));
#7244=CARTESIAN_POINT('',(-36.6869284126672,8.20999999999999,-2.5871203478291));
#7245=CARTESIAN_POINT('',(-36.6869284126672,33.6370000832559,-2.5871203478291));
#7246=CARTESIAN_POINT('',(-36.6869284126672,8.21,11.4128796521709));
#7247=CARTESIAN_POINT('',(-36.6869284126672,8.20999999999999,5.35543982608542));
#7248=CARTESIAN_POINT('',(-36.6869284126672,33.6370000832559,11.4128796521709));
#7249=CARTESIAN_POINT('Origin',(-36.6869284126672,33.6370000832559,11.4128796521709));
#7250=CARTESIAN_POINT('',(-50.6869284126672,10.71,11.4128796521709));
#7251=CARTESIAN_POINT('',(-17.2094642063336,10.71,11.4128796521709));
#7252=CARTESIAN_POINT('',(-50.6869284126672,8.21,11.4128796521709));
#7253=CARTESIAN_POINT('',(-17.2094642063336,8.20999999999999,11.4128796521709));
#7254=CARTESIAN_POINT('',(-50.6869284126672,33.6370000832559,11.4128796521709));
#7255=CARTESIAN_POINT('Origin',(-50.6869284126672,33.6370000832559,11.4128796521709));
#7256=CARTESIAN_POINT('',(-50.6869284126672,10.71,-2.58712034782909));
#7257=CARTESIAN_POINT('',(-50.6869284126672,10.71,12.3554398260854));
#7258=CARTESIAN_POINT('',(-50.6869284126672,8.20999999999999,-2.58712034782909));
#7259=CARTESIAN_POINT('',(-50.6869284126672,8.20999999999999,12.3554398260854));
#7260=CARTESIAN_POINT('',(-50.6869284126672,33.6370000832559,-2.5871203478291));
#7261=CARTESIAN_POINT('Origin',(-50.6869284126672,33.6370000832559,-2.5871203478291));
#7262=CARTESIAN_POINT('',(-44.7445739030747,10.71,-2.5871203478291));
#7263=CARTESIAN_POINT('',(-24.2094642063336,10.71,-2.5871203478291));
#7264=CARTESIAN_POINT('',(-44.7445739030747,8.21,-2.5871203478291));
#7265=CARTESIAN_POINT('',(-24.2094642063336,8.20999999999999,-2.5871203478291));
#7266=CARTESIAN_POINT('',(-44.7445739030747,33.6370000832559,-2.5871203478291));
#7267=CARTESIAN_POINT('Origin',(-42.5142844617473,33.6370000832559,-2.5871203478291));
#7268=CARTESIAN_POINT('',(-42.5142844617473,10.71,-2.5871203478291));
#7269=CARTESIAN_POINT('',(-20.1231422308736,10.71,-2.5871203478291));
#7270=CARTESIAN_POINT('',(-42.5142844617473,8.21,-2.5871203478291));
#7271=CARTESIAN_POINT('',(-42.5142844617473,33.6370000832559,-2.5871203478291));
#7272=CARTESIAN_POINT('',(-20.1231422308736,8.20999999999999,-2.5871203478291));
#7273=CARTESIAN_POINT('Origin',(-43.629429182411,33.6370000832559,-1.54689092506898));
#7274=CARTESIAN_POINT('Origin',(-43.629429182411,10.71,-1.54689092506897));
#7275=CARTESIAN_POINT('Origin',(-43.629429182411,8.20999999999999,-1.54689092506897));
#7276=CARTESIAN_POINT('Origin',(17.3130715873327,33.6370000832558,23.7128796521709));
#7277=CARTESIAN_POINT('',(17.3130715873327,10.71,23.7128796521709));
#7278=CARTESIAN_POINT('',(17.3130715873327,10.71,37.7128796521709));
#7279=CARTESIAN_POINT('',(17.3130715873327,10.71,18.5054398260854));
#7280=CARTESIAN_POINT('',(17.3130715873327,8.21,23.7128796521709));
#7281=CARTESIAN_POINT('',(17.3130715873327,33.6370000832558,23.7128796521709));
#7282=CARTESIAN_POINT('',(17.3130715873327,8.20999999999999,37.7128796521709));
#7283=CARTESIAN_POINT('',(17.3130715873327,8.20999999999999,18.5054398260854));
#7284=CARTESIAN_POINT('',(17.3130715873327,33.6370000832558,37.7128796521709));
#7285=CARTESIAN_POINT('Origin',(17.3130715873327,33.6370000832558,37.7128796521709));
#7286=CARTESIAN_POINT('',(3.3130715873327,10.71,37.7128796521709));
#7287=CARTESIAN_POINT('',(9.79053579366637,10.71,37.7128796521709));
#7288=CARTESIAN_POINT('',(3.3130715873327,8.20999999999999,37.7128796521709));
#7289=CARTESIAN_POINT('',(9.79053579366637,8.20999999999999,37.7128796521709));
#7290=CARTESIAN_POINT('',(3.3130715873327,33.6370000832558,37.7128796521709));
#7291=CARTESIAN_POINT('Origin',(3.3130715873327,33.6370000832558,37.7128796521709));
#7292=CARTESIAN_POINT('',(3.3130715873327,10.71,23.7128796521709));
#7293=CARTESIAN_POINT('',(3.3130715873327,10.71,25.5054398260854));
#7294=CARTESIAN_POINT('',(3.3130715873327,8.21,23.7128796521709));
#7295=CARTESIAN_POINT('',(3.3130715873327,8.20999999999999,25.5054398260854));
#7296=CARTESIAN_POINT('',(3.3130715873327,33.6370000832558,23.7128796521709));
#7297=CARTESIAN_POINT('Origin',(3.3130715873327,33.6370000832558,23.7128796521709));
#7298=CARTESIAN_POINT('',(9.25542609692532,10.71,23.7128796521709));
#7299=CARTESIAN_POINT('',(2.79053579366636,10.71,23.7128796521709));
#7300=CARTESIAN_POINT('',(9.25542609692532,8.21,23.7128796521709));
#7301=CARTESIAN_POINT('',(2.79053579366636,8.20999999999999,23.7128796521709));
#7302=CARTESIAN_POINT('',(9.25542609692532,33.6370000832558,23.7128796521709));
#7303=CARTESIAN_POINT('Origin',(11.4857155382527,33.6370000832558,23.7128796521709));
#7304=CARTESIAN_POINT('',(11.4857155382527,10.71,23.7128796521709));
#7305=CARTESIAN_POINT('',(6.87685776912637,10.71,23.7128796521709));
#7306=CARTESIAN_POINT('',(11.4857155382527,8.21,23.7128796521709));
#7307=CARTESIAN_POINT('',(11.4857155382527,33.6370000832558,23.7128796521709));
#7308=CARTESIAN_POINT('',(6.87685776912637,8.20999999999999,23.7128796521709));
#7309=CARTESIAN_POINT('Origin',(10.370570817589,33.6370000832558,24.753109074931));
#7310=CARTESIAN_POINT('Origin',(10.370570817589,10.71,24.753109074931));
#7311=CARTESIAN_POINT('Origin',(10.370570817589,8.21,24.753109074931));
#7312=CARTESIAN_POINT('Origin',(-18.6869284126672,33.6370000832564,14.4128796521709));
#7313=CARTESIAN_POINT('',(-18.6869284126672,10.71,14.4128796521709));
#7314=CARTESIAN_POINT('',(-18.6869284126672,10.71,28.4128796521709));
#7315=CARTESIAN_POINT('',(-18.6869284126672,10.71,13.8554398260854));
#7316=CARTESIAN_POINT('',(-18.6869284126672,8.21,14.4128796521709));
#7317=CARTESIAN_POINT('',(-18.6869284126672,33.6370000832564,14.4128796521709));
#7318=CARTESIAN_POINT('',(-18.6869284126672,8.21,28.4128796521709));
#7319=CARTESIAN_POINT('',(-18.6869284126672,8.20999999999999,13.8554398260854));
#7320=CARTESIAN_POINT('',(-18.6869284126672,33.6370000832564,28.4128796521709));
#7321=CARTESIAN_POINT('Origin',(-18.6869284126672,33.6370000832564,28.4128796521709));
#7322=CARTESIAN_POINT('',(-32.6869284126672,10.71,28.4128796521709));
#7323=CARTESIAN_POINT('',(-8.20946420633361,10.71,28.4128796521709));
#7324=CARTESIAN_POINT('',(-32.6869284126672,8.21,28.4128796521709));
#7325=CARTESIAN_POINT('',(-8.20946420633361,8.20999999999999,28.4128796521709));
#7326=CARTESIAN_POINT('',(-32.6869284126672,33.6370000832564,28.4128796521709));
#7327=CARTESIAN_POINT('Origin',(-32.6869284126672,33.6370000832564,28.4128796521709));
#7328=CARTESIAN_POINT('',(-32.6869284126672,10.71,14.4128796521709));
#7329=CARTESIAN_POINT('',(-32.6869284126672,10.71,20.8554398260854));
#7330=CARTESIAN_POINT('',(-32.6869284126672,8.21,14.4128796521709));
#7331=CARTESIAN_POINT('',(-32.6869284126672,8.20999999999999,20.8554398260854));
#7332=CARTESIAN_POINT('',(-32.6869284126672,33.6370000832564,14.4128796521709));
#7333=CARTESIAN_POINT('Origin',(-32.6869284126672,33.6370000832564,14.4128796521709));
#7334=CARTESIAN_POINT('',(-26.7445739030747,10.71,14.4128796521709));
#7335=CARTESIAN_POINT('',(-15.2094642063336,10.71,14.4128796521709));
#7336=CARTESIAN_POINT('',(-26.7445739030747,8.21,14.4128796521709));
#7337=CARTESIAN_POINT('',(-15.2094642063336,8.20999999999999,14.4128796521709));
#7338=CARTESIAN_POINT('',(-26.7445739030747,33.6370000832564,14.4128796521709));
#7339=CARTESIAN_POINT('Origin',(-24.5142844617473,33.6370000832564,14.4128796521709));
#7340=CARTESIAN_POINT('',(-24.5142844617473,10.71,14.4128796521709));
#7341=CARTESIAN_POINT('',(-11.1231422308736,10.71,14.4128796521709));
#7342=CARTESIAN_POINT('',(-24.5142844617473,8.21,14.4128796521709));
#7343=CARTESIAN_POINT('',(-24.5142844617473,33.6370000832564,14.4128796521709));
#7344=CARTESIAN_POINT('',(-11.1231422308736,8.20999999999999,14.4128796521709));
#7345=CARTESIAN_POINT('Origin',(-25.629429182411,33.6370000832564,15.4531090749311));
#7346=CARTESIAN_POINT('Origin',(-25.629429182411,10.71,15.4531090749311));
#7347=CARTESIAN_POINT('Origin',(-25.629429182411,8.21,15.4531090749311));
#7348=CARTESIAN_POINT('Origin',(35.3130715873327,33.6370000832571,-23.8871203478291));
#7349=CARTESIAN_POINT('',(35.3130715873327,10.71,-23.8871203478291));
#7350=CARTESIAN_POINT('',(35.3130715873327,10.71,-9.88712034782911));
#7351=CARTESIAN_POINT('',(35.3130715873327,10.71,-5.29456017391459));
#7352=CARTESIAN_POINT('',(35.3130715873327,8.21,-23.8871203478291));
#7353=CARTESIAN_POINT('',(35.3130715873327,33.6370000832571,-23.8871203478291));
#7354=CARTESIAN_POINT('',(35.3130715873327,8.20999999999999,-9.88712034782911));
#7355=CARTESIAN_POINT('',(35.3130715873327,8.20999999999999,-5.29456017391459));
#7356=CARTESIAN_POINT('',(35.3130715873327,33.6370000832571,-9.88712034782912));
#7357=CARTESIAN_POINT('Origin',(35.3130715873327,33.6370000832571,-9.88712034782912));
#7358=CARTESIAN_POINT('',(21.3130715873327,10.71,-9.88712034782911));
#7359=CARTESIAN_POINT('',(18.7905357936664,10.71,-9.88712034782911));
#7360=CARTESIAN_POINT('',(21.3130715873327,8.20999999999999,-9.88712034782911));
#7361=CARTESIAN_POINT('',(18.7905357936664,8.20999999999999,-9.88712034782911));
#7362=CARTESIAN_POINT('',(21.3130715873327,33.6370000832571,-9.88712034782912));
#7363=CARTESIAN_POINT('Origin',(21.3130715873327,33.6370000832571,-9.88712034782912));
#7364=CARTESIAN_POINT('',(21.3130715873327,10.71,-23.8871203478291));
#7365=CARTESIAN_POINT('',(21.3130715873327,10.71,1.70543982608541));
#7366=CARTESIAN_POINT('',(21.3130715873327,8.21,-23.8871203478291));
#7367=CARTESIAN_POINT('',(21.3130715873327,8.20999999999999,1.70543982608541));
#7368=CARTESIAN_POINT('',(21.3130715873327,33.6370000832571,-23.8871203478291));
#7369=CARTESIAN_POINT('Origin',(21.3130715873327,33.6370000832571,-23.8871203478291));
#7370=CARTESIAN_POINT('',(27.2554260969253,10.71,-23.8871203478291));
#7371=CARTESIAN_POINT('',(11.7905357936664,10.71,-23.8871203478291));
#7372=CARTESIAN_POINT('',(27.2554260969253,8.21,-23.8871203478291));
#7373=CARTESIAN_POINT('',(11.7905357936664,8.20999999999999,-23.8871203478291));
#7374=CARTESIAN_POINT('',(27.2554260969253,33.6370000832571,-23.8871203478291));
#7375=CARTESIAN_POINT('Origin',(29.4857155382527,33.6370000832571,-23.8871203478291));
#7376=CARTESIAN_POINT('',(29.4857155382527,10.71,-23.8871203478291));
#7377=CARTESIAN_POINT('',(15.8768577691264,10.71,-23.8871203478291));
#7378=CARTESIAN_POINT('',(29.4857155382527,8.21,-23.8871203478291));
#7379=CARTESIAN_POINT('',(29.4857155382527,33.6370000832571,-23.8871203478291));
#7380=CARTESIAN_POINT('',(15.8768577691264,8.20999999999999,-23.8871203478291));
#7381=CARTESIAN_POINT('Origin',(28.370570817589,33.6370000832571,-22.846890925069));
#7382=CARTESIAN_POINT('Origin',(28.370570817589,10.71,-22.846890925069));
#7383=CARTESIAN_POINT('Origin',(28.370570817589,8.20999999999999,-22.846890925069));
#7384=CARTESIAN_POINT('Origin',(-18.6869284126672,33.6370000832564,-36.5871203478291));
#7385=CARTESIAN_POINT('',(-18.6869284126672,10.71,-36.5871203478291));
#7386=CARTESIAN_POINT('',(-18.6869284126672,10.71,-22.5871203478291));
#7387=CARTESIAN_POINT('',(-18.6869284126672,10.71,-11.6445601739146));
#7388=CARTESIAN_POINT('',(-18.6869284126672,8.20999999999999,-36.5871203478291));
#7389=CARTESIAN_POINT('',(-18.6869284126672,33.6370000832564,-36.5871203478291));
#7390=CARTESIAN_POINT('',(-18.6869284126672,8.21,-22.5871203478291));
#7391=CARTESIAN_POINT('',(-18.6869284126672,8.20999999999999,-11.6445601739146));
#7392=CARTESIAN_POINT('',(-18.6869284126672,33.6370000832564,-22.5871203478291));
#7393=CARTESIAN_POINT('Origin',(-18.6869284126672,33.6370000832564,-22.5871203478291));
#7394=CARTESIAN_POINT('',(-32.6869284126672,10.71,-22.5871203478291));
#7395=CARTESIAN_POINT('',(-8.20946420633361,10.71,-22.5871203478291));
#7396=CARTESIAN_POINT('',(-32.6869284126672,8.21,-22.5871203478291));
#7397=CARTESIAN_POINT('',(-8.20946420633361,8.20999999999999,-22.5871203478291));
#7398=CARTESIAN_POINT('',(-32.6869284126672,33.6370000832564,-22.5871203478291));
#7399=CARTESIAN_POINT('Origin',(-32.6869284126672,33.6370000832564,-22.5871203478291));
#7400=CARTESIAN_POINT('',(-32.6869284126672,10.71,-36.5871203478291));
#7401=CARTESIAN_POINT('',(-32.6869284126672,10.71,-4.64456017391458));
#7402=CARTESIAN_POINT('',(-32.6869284126672,8.20999999999999,-36.5871203478291));
#7403=CARTESIAN_POINT('',(-32.6869284126672,8.20999999999999,-4.64456017391458));
#7404=CARTESIAN_POINT('',(-32.6869284126672,33.6370000832564,-36.5871203478291));
#7405=CARTESIAN_POINT('Origin',(-32.6869284126672,33.6370000832564,-36.5871203478291));
#7406=CARTESIAN_POINT('',(-26.7445739030747,10.71,-36.5871203478291));
#7407=CARTESIAN_POINT('',(-15.2094642063336,10.71,-36.5871203478291));
#7408=CARTESIAN_POINT('',(-26.7445739030747,8.20999999999999,-36.5871203478291));
#7409=CARTESIAN_POINT('',(-15.2094642063336,8.20999999999999,-36.5871203478291));
#7410=CARTESIAN_POINT('',(-26.7445739030747,33.6370000832564,-36.5871203478291));
#7411=CARTESIAN_POINT('Origin',(-24.5142844617472,33.6370000832564,-36.5871203478291));
#7412=CARTESIAN_POINT('',(-24.5142844617472,10.71,-36.5871203478291));
#7413=CARTESIAN_POINT('',(-11.1231422308736,10.71,-36.5871203478291));
#7414=CARTESIAN_POINT('',(-24.5142844617472,8.20999999999999,-36.5871203478291));
#7415=CARTESIAN_POINT('',(-24.5142844617472,33.6370000832564,-36.5871203478291));
#7416=CARTESIAN_POINT('',(-11.1231422308736,8.20999999999999,-36.5871203478291));
#7417=CARTESIAN_POINT('Origin',(-25.629429182411,33.6370000832564,-35.546890925069));
#7418=CARTESIAN_POINT('Origin',(-25.629429182411,10.71,-35.546890925069));
#7419=CARTESIAN_POINT('Origin',(-25.629429182411,8.20999999999998,-35.546890925069));
#7420=CARTESIAN_POINT('Origin',(-0.686928412667176,33.6370000832563,44.1128796521709));
#7421=CARTESIAN_POINT('',(-0.686928412667176,10.71,44.1128796521709));
#7422=CARTESIAN_POINT('',(-0.686928412667175,10.71,58.1128796521709));
#7423=CARTESIAN_POINT('',(-0.686928412667177,10.71,28.7054398260854));
#7424=CARTESIAN_POINT('',(-0.686928412667176,8.20999999999999,44.1128796521709));
#7425=CARTESIAN_POINT('',(-0.686928412667176,33.6370000832563,44.1128796521709));
#7426=CARTESIAN_POINT('',(-0.686928412667175,8.21,58.1128796521709));
#7427=CARTESIAN_POINT('',(-0.686928412667177,8.20999999999999,28.7054398260854));
#7428=CARTESIAN_POINT('',(-0.686928412667175,33.6370000832563,58.1128796521709));
#7429=CARTESIAN_POINT('Origin',(-0.686928412667175,33.6370000832563,58.1128796521709));
#7430=CARTESIAN_POINT('',(-14.6869284126672,10.71,58.1128796521709));
#7431=CARTESIAN_POINT('',(0.790535793666416,10.71,58.1128796521709));
#7432=CARTESIAN_POINT('',(-14.6869284126672,8.21,58.1128796521709));
#7433=CARTESIAN_POINT('',(0.790535793666416,8.20999999999999,58.1128796521709));
#7434=CARTESIAN_POINT('',(-14.6869284126672,33.6370000832563,58.1128796521709));
#7435=CARTESIAN_POINT('Origin',(-14.6869284126672,33.6370000832563,58.1128796521709));
#7436=CARTESIAN_POINT('',(-14.6869284126672,10.71,44.1128796521709));
#7437=CARTESIAN_POINT('',(-14.6869284126672,10.71,35.7054398260854));
#7438=CARTESIAN_POINT('',(-14.6869284126672,8.20999999999999,44.1128796521709));
#7439=CARTESIAN_POINT('',(-14.6869284126672,8.20999999999999,35.7054398260854));
#7440=CARTESIAN_POINT('',(-14.6869284126672,33.6370000832563,44.1128796521709));
#7441=CARTESIAN_POINT('Origin',(-14.6869284126672,33.6370000832563,44.1128796521709));
#7442=CARTESIAN_POINT('',(-8.74457390307466,10.71,44.1128796521709));
#7443=CARTESIAN_POINT('',(-6.2094642063336,10.71,44.1128796521709));
#7444=CARTESIAN_POINT('',(-8.74457390307466,8.20999999999999,44.1128796521709));
#7445=CARTESIAN_POINT('',(-6.2094642063336,8.20999999999999,44.1128796521709));
#7446=CARTESIAN_POINT('',(-8.74457390307466,33.6370000832563,44.1128796521709));
#7447=CARTESIAN_POINT('Origin',(-6.5142844617473,33.6370000832563,44.1128796521709));
#7448=CARTESIAN_POINT('',(-6.5142844617473,10.71,44.1128796521709));
#7449=CARTESIAN_POINT('',(-2.12314223087365,10.71,44.1128796521709));
#7450=CARTESIAN_POINT('',(-6.5142844617473,8.20999999999999,44.1128796521709));
#7451=CARTESIAN_POINT('',(-6.5142844617473,33.6370000832563,44.1128796521709));
#7452=CARTESIAN_POINT('',(-2.12314223087365,8.20999999999999,44.1128796521709));
#7453=CARTESIAN_POINT('Origin',(-7.62942918241098,33.6370000832563,45.1531090749311));
#7454=CARTESIAN_POINT('Origin',(-7.62942918241098,10.71,45.1531090749311));
#7455=CARTESIAN_POINT('Origin',(-7.62942918241098,8.21,45.1531090749311));
#7456=CARTESIAN_POINT('Origin',(35.3130715873327,33.6370000832571,10.1128796521709));
#7457=CARTESIAN_POINT('',(35.3130715873327,10.71,10.1128796521709));
#7458=CARTESIAN_POINT('',(35.3130715873327,10.71,24.1128796521709));
#7459=CARTESIAN_POINT('',(35.3130715873327,10.71,11.7054398260854));
#7460=CARTESIAN_POINT('',(35.3130715873327,8.21,10.1128796521709));
#7461=CARTESIAN_POINT('',(35.3130715873327,33.6370000832571,10.1128796521709));
#7462=CARTESIAN_POINT('',(35.3130715873327,8.21,24.1128796521709));
#7463=CARTESIAN_POINT('',(35.3130715873327,8.20999999999999,11.7054398260854));
#7464=CARTESIAN_POINT('',(35.3130715873327,33.6370000832571,24.1128796521709));
#7465=CARTESIAN_POINT('Origin',(35.3130715873327,33.6370000832571,24.1128796521709));
#7466=CARTESIAN_POINT('',(21.3130715873327,10.71,24.1128796521709));
#7467=CARTESIAN_POINT('',(18.7905357936664,10.71,24.1128796521709));
#7468=CARTESIAN_POINT('',(21.3130715873327,8.21,24.1128796521709));
#7469=CARTESIAN_POINT('',(18.7905357936664,8.20999999999999,24.1128796521709));
#7470=CARTESIAN_POINT('',(21.3130715873327,33.6370000832571,24.1128796521709));
#7471=CARTESIAN_POINT('Origin',(21.3130715873327,33.6370000832571,24.1128796521709));
#7472=CARTESIAN_POINT('',(21.3130715873327,10.71,10.1128796521709));
#7473=CARTESIAN_POINT('',(21.3130715873327,10.71,18.7054398260854));
#7474=CARTESIAN_POINT('',(21.3130715873327,8.21,10.1128796521709));
#7475=CARTESIAN_POINT('',(21.3130715873327,8.20999999999999,18.7054398260854));
#7476=CARTESIAN_POINT('',(21.3130715873327,33.6370000832571,10.1128796521709));
#7477=CARTESIAN_POINT('Origin',(21.3130715873327,33.6370000832571,10.1128796521709));
#7478=CARTESIAN_POINT('',(27.2554260969253,10.71,10.1128796521709));
#7479=CARTESIAN_POINT('',(11.7905357936664,10.71,10.1128796521709));
#7480=CARTESIAN_POINT('',(27.2554260969253,8.20999999999999,10.1128796521709));
#7481=CARTESIAN_POINT('',(11.7905357936664,8.20999999999999,10.1128796521709));
#7482=CARTESIAN_POINT('',(27.2554260969253,33.6370000832571,10.1128796521709));
#7483=CARTESIAN_POINT('Origin',(29.4857155382527,33.6370000832571,10.1128796521709));
#7484=CARTESIAN_POINT('',(29.4857155382527,10.71,10.1128796521709));
#7485=CARTESIAN_POINT('',(15.8768577691264,10.71,10.1128796521709));
#7486=CARTESIAN_POINT('',(29.4857155382527,8.20999999999999,10.1128796521709));
#7487=CARTESIAN_POINT('',(29.4857155382527,33.6370000832571,10.1128796521709));
#7488=CARTESIAN_POINT('',(15.8768577691264,8.20999999999999,10.1128796521709));
#7489=CARTESIAN_POINT('Origin',(28.370570817589,33.6370000832571,11.153109074931));
#7490=CARTESIAN_POINT('Origin',(28.370570817589,10.71,11.153109074931));
#7491=CARTESIAN_POINT('Origin',(28.370570817589,8.21,11.153109074931));
#7492=CARTESIAN_POINT('Origin',(17.3130715873327,33.6370000832558,-44.2871203478291));
#7493=CARTESIAN_POINT('',(17.3130715873327,10.71,-44.2871203478291));
#7494=CARTESIAN_POINT('',(17.3130715873327,10.71,-30.2871203478291));
#7495=CARTESIAN_POINT('',(17.3130715873327,10.71,-15.4945601739146));
#7496=CARTESIAN_POINT('',(17.3130715873327,8.20999999999999,-44.2871203478291));
#7497=CARTESIAN_POINT('',(17.3130715873327,33.6370000832558,-44.2871203478291));
#7498=CARTESIAN_POINT('',(17.3130715873327,8.20999999999999,-30.2871203478291));
#7499=CARTESIAN_POINT('',(17.3130715873327,8.20999999999999,-15.4945601739146));
#7500=CARTESIAN_POINT('',(17.3130715873327,33.6370000832558,-30.2871203478291));
#7501=CARTESIAN_POINT('Origin',(17.3130715873327,33.6370000832558,-30.2871203478291));
#7502=CARTESIAN_POINT('',(3.3130715873327,10.71,-30.2871203478291));
#7503=CARTESIAN_POINT('',(9.79053579366637,10.71,-30.2871203478291));
#7504=CARTESIAN_POINT('',(3.3130715873327,8.20999999999999,-30.2871203478291));
#7505=CARTESIAN_POINT('',(9.79053579366637,8.20999999999999,-30.2871203478291));
#7506=CARTESIAN_POINT('',(3.3130715873327,33.6370000832558,-30.2871203478291));
#7507=CARTESIAN_POINT('Origin',(3.3130715873327,33.6370000832558,-30.2871203478291));
#7508=CARTESIAN_POINT('',(3.3130715873327,10.71,-44.2871203478291));
#7509=CARTESIAN_POINT('',(3.3130715873327,10.71,-8.49456017391459));
#7510=CARTESIAN_POINT('',(3.3130715873327,8.20999999999999,-44.2871203478291));
#7511=CARTESIAN_POINT('',(3.3130715873327,8.20999999999999,-8.49456017391459));
#7512=CARTESIAN_POINT('',(3.3130715873327,33.6370000832558,-44.2871203478291));
#7513=CARTESIAN_POINT('Origin',(3.3130715873327,33.6370000832558,-44.2871203478291));
#7514=CARTESIAN_POINT('',(9.25542609692537,10.71,-44.2871203478291));
#7515=CARTESIAN_POINT('',(2.79053579366636,10.71,-44.2871203478291));
#7516=CARTESIAN_POINT('',(9.25542609692537,8.21,-44.2871203478291));
#7517=CARTESIAN_POINT('',(2.79053579366636,8.20999999999999,-44.2871203478291));
#7518=CARTESIAN_POINT('',(9.25542609692537,33.6370000832558,-44.2871203478291));
#7519=CARTESIAN_POINT('Origin',(11.4857155382527,33.6370000832558,-44.2871203478291));
#7520=CARTESIAN_POINT('',(11.4857155382527,10.71,-44.2871203478291));
#7521=CARTESIAN_POINT('',(6.87685776912634,10.71,-44.2871203478291));
#7522=CARTESIAN_POINT('',(11.4857155382527,8.21,-44.2871203478291));
#7523=CARTESIAN_POINT('',(11.4857155382527,33.6370000832558,-44.2871203478291));
#7524=CARTESIAN_POINT('',(6.87685776912634,8.20999999999999,-44.2871203478291));
#7525=CARTESIAN_POINT('Origin',(10.370570817589,33.6370000832558,-43.2468909250689));
#7526=CARTESIAN_POINT('Origin',(10.370570817589,10.71,-43.2468909250689));
#7527=CARTESIAN_POINT('Origin',(10.370570817589,8.20999999999998,-43.2468909250689));
#7528=CARTESIAN_POINT('Origin',(-0.686928412667175,33.6370000832563,10.1128796521709));
#7529=CARTESIAN_POINT('',(-0.686928412667176,10.71,10.1128796521709));
#7530=CARTESIAN_POINT('',(-0.686928412667175,10.71,24.1128796521709));
#7531=CARTESIAN_POINT('',(-0.686928412667175,10.71,11.7054398260854));
#7532=CARTESIAN_POINT('',(-0.686928412667176,8.21,10.1128796521709));
#7533=CARTESIAN_POINT('',(-0.686928412667176,33.6370000832563,10.1128796521709));
#7534=CARTESIAN_POINT('',(-0.686928412667175,8.21,24.1128796521709));
#7535=CARTESIAN_POINT('',(-0.686928412667175,8.20999999999999,11.7054398260854));
#7536=CARTESIAN_POINT('',(-0.686928412667175,33.6370000832563,24.1128796521709));
#7537=CARTESIAN_POINT('Origin',(-0.686928412667175,33.6370000832563,24.1128796521709));
#7538=CARTESIAN_POINT('',(-14.6869284126672,10.71,24.1128796521709));
#7539=CARTESIAN_POINT('',(0.790535793666416,10.71,24.1128796521709));
#7540=CARTESIAN_POINT('',(-14.6869284126672,8.21,24.1128796521709));
#7541=CARTESIAN_POINT('',(0.790535793666416,8.20999999999999,24.1128796521709));
#7542=CARTESIAN_POINT('',(-14.6869284126672,33.6370000832563,24.1128796521709));
#7543=CARTESIAN_POINT('Origin',(-14.6869284126672,33.6370000832563,24.1128796521709));
#7544=CARTESIAN_POINT('',(-14.6869284126672,10.71,10.1128796521709));
#7545=CARTESIAN_POINT('',(-14.6869284126672,10.71,18.7054398260854));
#7546=CARTESIAN_POINT('',(-14.6869284126672,8.21,10.1128796521709));
#7547=CARTESIAN_POINT('',(-14.6869284126672,8.20999999999999,18.7054398260854));
#7548=CARTESIAN_POINT('',(-14.6869284126672,33.6370000832563,10.1128796521709));
#7549=CARTESIAN_POINT('Origin',(-14.6869284126672,33.6370000832563,10.1128796521709));
#7550=CARTESIAN_POINT('',(-8.74457390307468,10.71,10.1128796521709));
#7551=CARTESIAN_POINT('',(-6.2094642063336,10.71,10.1128796521709));
#7552=CARTESIAN_POINT('',(-8.74457390307468,8.21,10.1128796521709));
#7553=CARTESIAN_POINT('',(-6.2094642063336,8.20999999999999,10.1128796521709));
#7554=CARTESIAN_POINT('',(-8.74457390307468,33.6370000832563,10.1128796521709));
#7555=CARTESIAN_POINT('Origin',(-6.51428446174729,33.6370000832563,10.1128796521709));
#7556=CARTESIAN_POINT('',(-6.51428446174729,10.71,10.1128796521709));
#7557=CARTESIAN_POINT('',(-2.12314223087364,10.71,10.1128796521709));
#7558=CARTESIAN_POINT('',(-6.51428446174729,8.21,10.1128796521709));
#7559=CARTESIAN_POINT('',(-6.51428446174729,33.6370000832563,10.1128796521709));
#7560=CARTESIAN_POINT('',(-2.12314223087364,8.20999999999999,10.1128796521709));
#7561=CARTESIAN_POINT('Origin',(-7.62942918241098,33.6370000832563,11.1531090749311));
#7562=CARTESIAN_POINT('Origin',(-7.62942918241098,10.71,11.1531090749311));
#7563=CARTESIAN_POINT('Origin',(-7.62942918241098,8.21,11.1531090749311));
#7564=CARTESIAN_POINT('Origin',(53.3130715873327,33.6370000832561,28.0128796521709));
#7565=CARTESIAN_POINT('',(53.3130715873327,10.71,28.0128796521709));
#7566=CARTESIAN_POINT('',(53.3130715873327,10.71,42.0128796521709));
#7567=CARTESIAN_POINT('',(53.3130715873327,10.71,20.6554398260854));
#7568=CARTESIAN_POINT('',(53.3130715873327,8.21,28.0128796521709));
#7569=CARTESIAN_POINT('',(53.3130715873327,33.6370000832561,28.0128796521709));
#7570=CARTESIAN_POINT('',(53.3130715873327,8.20999999999999,42.0128796521709));
#7571=CARTESIAN_POINT('',(53.3130715873327,8.20999999999999,20.6554398260854));
#7572=CARTESIAN_POINT('',(53.3130715873327,33.6370000832561,42.0128796521709));
#7573=CARTESIAN_POINT('Origin',(53.3130715873327,33.6370000832561,42.0128796521709));
#7574=CARTESIAN_POINT('',(39.3130715873327,10.71,42.0128796521709));
#7575=CARTESIAN_POINT('',(27.7905357936664,10.71,42.0128796521709));
#7576=CARTESIAN_POINT('',(39.3130715873327,8.20999999999999,42.0128796521709));
#7577=CARTESIAN_POINT('',(27.7905357936664,8.20999999999999,42.0128796521709));
#7578=CARTESIAN_POINT('',(39.3130715873327,33.6370000832561,42.0128796521709));
#7579=CARTESIAN_POINT('Origin',(39.3130715873327,33.6370000832561,42.0128796521709));
#7580=CARTESIAN_POINT('',(39.3130715873327,10.71,28.0128796521709));
#7581=CARTESIAN_POINT('',(39.3130715873327,10.71,27.6554398260854));
#7582=CARTESIAN_POINT('',(39.3130715873327,8.21,28.0128796521709));
#7583=CARTESIAN_POINT('',(39.3130715873327,8.20999999999999,27.6554398260854));
#7584=CARTESIAN_POINT('',(39.3130715873327,33.6370000832561,28.0128796521709));
#7585=CARTESIAN_POINT('Origin',(39.3130715873327,33.6370000832561,28.0128796521709));
#7586=CARTESIAN_POINT('',(45.2554260969253,10.71,28.0128796521709));
#7587=CARTESIAN_POINT('',(20.7905357936664,10.71,28.0128796521709));
#7588=CARTESIAN_POINT('',(45.2554260969253,8.21,28.0128796521709));
#7589=CARTESIAN_POINT('',(20.7905357936664,8.20999999999999,28.0128796521709));
#7590=CARTESIAN_POINT('',(45.2554260969253,33.6370000832561,28.0128796521709));
#7591=CARTESIAN_POINT('Origin',(47.4857155382527,33.6370000832561,28.0128796521709));
#7592=CARTESIAN_POINT('',(47.4857155382527,10.71,28.0128796521709));
#7593=CARTESIAN_POINT('',(24.8768577691264,10.71,28.0128796521709));
#7594=CARTESIAN_POINT('',(47.4857155382527,8.21,28.0128796521709));
#7595=CARTESIAN_POINT('',(47.4857155382527,33.6370000832561,28.0128796521709));
#7596=CARTESIAN_POINT('',(24.8768577691264,8.20999999999999,28.0128796521709));
#7597=CARTESIAN_POINT('Origin',(46.370570817589,33.6370000832561,29.053109074931));
#7598=CARTESIAN_POINT('Origin',(46.370570817589,10.71,29.053109074931));
#7599=CARTESIAN_POINT('Origin',(46.370570817589,8.21,29.053109074931));
#7600=CARTESIAN_POINT('Origin',(-36.6869284126672,33.6370000832559,31.4128796521709));
#7601=CARTESIAN_POINT('',(-36.6869284126672,10.71,31.4128796521709));
#7602=CARTESIAN_POINT('',(-36.6869284126672,10.71,45.4128796521709));
#7603=CARTESIAN_POINT('',(-36.6869284126672,10.71,22.3554398260854));
#7604=CARTESIAN_POINT('',(-36.6869284126672,8.20999999999999,31.4128796521709));
#7605=CARTESIAN_POINT('',(-36.6869284126672,33.6370000832559,31.4128796521709));
#7606=CARTESIAN_POINT('',(-36.6869284126672,8.20999999999999,45.4128796521709));
#7607=CARTESIAN_POINT('',(-36.6869284126672,8.20999999999999,22.3554398260854));
#7608=CARTESIAN_POINT('',(-36.6869284126672,33.6370000832559,45.4128796521709));
#7609=CARTESIAN_POINT('Origin',(-36.6869284126672,33.6370000832559,45.4128796521709));
#7610=CARTESIAN_POINT('',(-50.6869284126672,10.71,45.4128796521709));
#7611=CARTESIAN_POINT('',(-17.2094642063336,10.71,45.4128796521709));
#7612=CARTESIAN_POINT('',(-50.6869284126672,8.20999999999999,45.4128796521709));
#7613=CARTESIAN_POINT('',(-17.2094642063336,8.20999999999999,45.4128796521709));
#7614=CARTESIAN_POINT('',(-50.6869284126672,33.6370000832559,45.4128796521709));
#7615=CARTESIAN_POINT('Origin',(-50.6869284126672,33.6370000832559,45.4128796521709));
#7616=CARTESIAN_POINT('',(-50.6869284126672,10.71,31.4128796521709));
#7617=CARTESIAN_POINT('',(-50.6869284126672,10.71,29.3554398260854));
#7618=CARTESIAN_POINT('',(-50.6869284126672,8.20999999999999,31.4128796521709));
#7619=CARTESIAN_POINT('',(-50.6869284126672,8.20999999999999,29.3554398260854));
#7620=CARTESIAN_POINT('',(-50.6869284126672,33.6370000832559,31.4128796521709));
#7621=CARTESIAN_POINT('Origin',(-50.6869284126672,33.6370000832559,31.4128796521709));
#7622=CARTESIAN_POINT('',(-44.7445739030747,10.71,31.4128796521709));
#7623=CARTESIAN_POINT('',(-24.2094642063336,10.71,31.4128796521709));
#7624=CARTESIAN_POINT('',(-44.7445739030747,8.20999999999999,31.4128796521709));
#7625=CARTESIAN_POINT('',(-24.2094642063336,8.20999999999999,31.4128796521709));
#7626=CARTESIAN_POINT('',(-44.7445739030747,33.6370000832559,31.4128796521709));
#7627=CARTESIAN_POINT('Origin',(-42.5142844617473,33.6370000832559,31.4128796521709));
#7628=CARTESIAN_POINT('',(-42.5142844617473,10.71,31.4128796521709));
#7629=CARTESIAN_POINT('',(-20.1231422308736,10.71,31.4128796521709));
#7630=CARTESIAN_POINT('',(-42.5142844617473,8.20999999999999,31.4128796521709));
#7631=CARTESIAN_POINT('',(-42.5142844617473,33.6370000832559,31.4128796521709));
#7632=CARTESIAN_POINT('',(-20.1231422308736,8.20999999999999,31.4128796521709));
#7633=CARTESIAN_POINT('Origin',(-43.629429182411,33.6370000832559,32.453109074931));
#7634=CARTESIAN_POINT('Origin',(-43.629429182411,10.71,32.4531090749311));
#7635=CARTESIAN_POINT('Origin',(-43.629429182411,8.21,32.4531090749311));
#7636=CARTESIAN_POINT('Origin',(59.672,8.20999999999999,67.908));
#7637=CARTESIAN_POINT('',(59.672,8.20999999999999,-44.8680000000001));
#7638=CARTESIAN_POINT('',(59.672,8.20999999999999,67.908));
#7639=CARTESIAN_POINT('',(59.672,8.20999999999999,-44.8680000000001));
#7640=CARTESIAN_POINT('',(59.672,10.71,-44.8680000000001));
#7641=CARTESIAN_POINT('',(59.672,8.20999999999999,-44.8680000000001));
#7642=CARTESIAN_POINT('',(59.672,10.71,67.908));
#7643=CARTESIAN_POINT('',(59.672,10.71,40.6029999999999));
#7644=CARTESIAN_POINT('',(59.672,8.20999999999999,67.908));
#7645=CARTESIAN_POINT('Origin',(-11.0416,8.20999999999999,67.908));
#7646=CARTESIAN_POINT('',(-11.0416,8.20999999999999,67.908));
#7647=CARTESIAN_POINT('',(59.672,8.20999999999999,67.908));
#7648=CARTESIAN_POINT('',(-11.0416,10.71,67.908));
#7649=CARTESIAN_POINT('',(-4.3868,10.71,67.908));
#7650=CARTESIAN_POINT('',(-11.0416,8.20999999999999,67.908));
#7651=CARTESIAN_POINT('Origin',(-20.592,8.20999999999999,73.4959999999999));
#7652=CARTESIAN_POINT('',(-20.592,8.20999999999999,73.4959999999999));
#7653=CARTESIAN_POINT('',(-20.592,8.20999999999999,73.4959999999999));
#7654=CARTESIAN_POINT('',(-20.592,10.71,73.4959999999999));
#7655=CARTESIAN_POINT('',(1.04254261866622,10.71,60.8374910209931));
#7656=CARTESIAN_POINT('',(-20.592,8.20999999999999,73.4959999999999));
#7657=CARTESIAN_POINT('Origin',(-55.136,8.20999999999999,73.4959999999999));
#7658=CARTESIAN_POINT('',(-55.136,8.20999999999999,73.4959999999999));
#7659=CARTESIAN_POINT('',(-20.592,8.20999999999999,73.4959999999999));
#7660=CARTESIAN_POINT('',(-55.136,10.71,73.4959999999999));
#7661=CARTESIAN_POINT('',(-26.434,10.71,73.4959999999999));
#7662=CARTESIAN_POINT('',(-55.136,8.20999999999999,73.4959999999999));
#7663=CARTESIAN_POINT('Origin',(-55.136,8.20999999999999,-39.2800000000001));
#7664=CARTESIAN_POINT('',(-55.136,8.20999999999999,-39.2800000000001));
#7665=CARTESIAN_POINT('',(-55.136,8.20999999999999,-39.2800000000001));
#7666=CARTESIAN_POINT('',(-55.136,10.71,-39.2800000000001));
#7667=CARTESIAN_POINT('',(-55.136,10.71,-12.9910000000001));
#7668=CARTESIAN_POINT('',(-55.136,8.20999999999999,-39.2800000000001));
#7669=CARTESIAN_POINT('Origin',(-8.90799999999999,8.20999999999999,-46.9000000000001));
#7670=CARTESIAN_POINT('',(-8.90799999999999,8.20999999999999,-46.9000000000001));
#7671=CARTESIAN_POINT('',(-55.136,8.20999999999999,-39.2800000000001));
#7672=CARTESIAN_POINT('',(-8.90799999999999,10.71,-46.9000000000001));
#7673=CARTESIAN_POINT('',(-8.29794909475663,10.71,-47.0005578415237));
#7674=CARTESIAN_POINT('',(-8.90799999999999,8.20999999999999,-46.9000000000001));
#7675=CARTESIAN_POINT('Origin',(9.88800000000001,8.20999999999999,-46.9000000000001));
#7676=CARTESIAN_POINT('',(9.88800000000001,8.20999999999999,-46.9000000000001));
#7677=CARTESIAN_POINT('',(9.88800000000001,8.20999999999999,-46.9000000000001));
#7678=CARTESIAN_POINT('',(9.88800000000001,10.71,-46.9000000000001));
#7679=CARTESIAN_POINT('',(6.07800000000001,10.71,-46.9000000000001));
#7680=CARTESIAN_POINT('',(9.88800000000001,8.20999999999999,-46.9000000000001));
#7681=CARTESIAN_POINT('Origin',(59.672,8.20999999999999,-44.8680000000001));
#7682=CARTESIAN_POINT('',(59.672,8.20999999999999,-44.8680000000001));
#7683=CARTESIAN_POINT('',(32.2028241164241,10.71,-45.9891908523909));
#7684=CARTESIAN_POINT('Origin',(2.26800000000001,10.71,13.2979999999999));
#7685=CARTESIAN_POINT('Origin',(2.26800000000001,8.20999999999999,13.2979999999999));
#7686=UNCERTAINTY_MEASURE_WITH_UNIT(LENGTH_MEASURE(0.01),#7690,
'DISTANCE_ACCURACY_VALUE',
'Maximum model space distance between geometric entities at asserted c
onnectivities');
#7687=UNCERTAINTY_MEASURE_WITH_UNIT(LENGTH_MEASURE(0.01),#7690,
'DISTANCE_ACCURACY_VALUE',
'Maximum model space distance between geometric entities at asserted c
onnectivities');
#7688=(
GEOMETRIC_REPRESENTATION_CONTEXT(3)
GLOBAL_UNCERTAINTY_ASSIGNED_CONTEXT((#7686))
GLOBAL_UNIT_ASSIGNED_CONTEXT((#7690,#7692,#7693))
REPRESENTATION_CONTEXT('','3D')
);
#7689=(
GEOMETRIC_REPRESENTATION_CONTEXT(3)
GLOBAL_UNCERTAINTY_ASSIGNED_CONTEXT((#7687))
GLOBAL_UNIT_ASSIGNED_CONTEXT((#7690,#7692,#7693))
REPRESENTATION_CONTEXT('','3D')
);
#7690=(
LENGTH_UNIT()
NAMED_UNIT(*)
SI_UNIT(.MILLI.,.METRE.)
);
#7691=(
LENGTH_UNIT()
NAMED_UNIT(*)
SI_UNIT($,.METRE.)
);
#7692=(
NAMED_UNIT(*)
PLANE_ANGLE_UNIT()
SI_UNIT($,.RADIAN.)
);
#7693=(
NAMED_UNIT(*)
SI_UNIT($,.STERADIAN.)
SOLID_ANGLE_UNIT()
);
#7694=SHAPE_DEFINITION_REPRESENTATION(#7695,#7696);
#7695=PRODUCT_DEFINITION_SHAPE('',$,#7698);
#7696=SHAPE_REPRESENTATION('',(#4814),#7688);
#7697=PRODUCT_DEFINITION_CONTEXT('part definition',#7702,'design');
#7698=PRODUCT_DEFINITION('LeftSideSplitKb','LeftSideSplitKb v27',#7699,
#7697);
#7699=PRODUCT_DEFINITION_FORMATION('',$,#7704);
#7700=PRODUCT_RELATED_PRODUCT_CATEGORY('LeftSideSplitKb v27',
'LeftSideSplitKb v27',(#7704));
#7701=APPLICATION_PROTOCOL_DEFINITION('international standard',
'automotive_design',2009,#7702);
#7702=APPLICATION_CONTEXT(
'Core Data for Automotive Mechanical Design Process');
#7703=PRODUCT_CONTEXT('part definition',#7702,'mechanical');
#7704=PRODUCT('LeftSideSplitKb','LeftSideSplitKb v27',$,(#7703));
#7705=PRESENTATION_STYLE_ASSIGNMENT((#7709));
#7706=PRESENTATION_STYLE_ASSIGNMENT((#7710));
#7707=PRESENTATION_STYLE_ASSIGNMENT((#7711));
#7708=PRESENTATION_STYLE_ASSIGNMENT((#7712));
#7709=SURFACE_STYLE_USAGE(.BOTH.,#7713);
#7710=SURFACE_STYLE_USAGE(.BOTH.,#7714);
#7711=SURFACE_STYLE_USAGE(.BOTH.,#7715);
#7712=SURFACE_STYLE_USAGE(.BOTH.,#7716);
#7713=SURFACE_SIDE_STYLE('',(#7717));
#7714=SURFACE_SIDE_STYLE('',(#7718));
#7715=SURFACE_SIDE_STYLE('',(#7719));
#7716=SURFACE_SIDE_STYLE('',(#7720));
#7717=SURFACE_STYLE_FILL_AREA(#7721);
#7718=SURFACE_STYLE_FILL_AREA(#7722);
#7719=SURFACE_STYLE_FILL_AREA(#7723);
#7720=SURFACE_STYLE_FILL_AREA(#7724);
#7721=FILL_AREA_STYLE('Steel - Satin',(#7725));
#7722=FILL_AREA_STYLE('Opaque(80,124,105)',(#7726));
#7723=FILL_AREA_STYLE('Plastic - Matte (Black)',(#7727));
#7724=FILL_AREA_STYLE('Plastic - Glossy (Yellow)',(#7728));
#7725=FILL_AREA_STYLE_COLOUR('Steel - Satin',#7729);
#7726=FILL_AREA_STYLE_COLOUR('Opaque(80,124,105)',#7730);
#7727=FILL_AREA_STYLE_COLOUR('Plastic - Matte (Black)',#7731);
#7728=FILL_AREA_STYLE_COLOUR('Plastic - Glossy (Yellow)',#7732);
#7729=COLOUR_RGB('Steel - Satin',0.627450980392157,0.627450980392157,0.627450980392157);
#7730=COLOUR_RGB('Opaque(80,124,105)',0.313725490196078,0.486274509803922,
0.411764705882353);
#7731=COLOUR_RGB('Plastic - Matte (Black)',0.0980392156862745,0.0980392156862745,
0.0980392156862745);
#7732=COLOUR_RGB('Plastic - Glossy (Yellow)',0.909803921568627,0.67843137254902,
0.137254901960784);
ENDSEC;
END-ISO-10303-21;
