ISO-10303-21;
HEADER;
/* Generated by software containing ST-Developer
 * from STEP Tools, Inc. (www.steptools.com) 
 */

FILE_DESCRIPTION(
/* description */ (''),
/* implementation_level */ '2;1');

FILE_NAME(
/* name */ 'LeftSideOuterShell.step',
/* time_stamp */ '2026-06-14T00:01:01+03:00',
/* author */ (''),
/* organization */ (''),
/* preprocessor_version */ 'ST-DEVELOPER v20.1',
/* originating_system */ 'Autodesk Translation Framework v15.8.0.0',
/* authorisation */ '');

FILE_SCHEMA (('AUTOMOTIVE_DESIGN { 1 0 10303 214 3 1 1 }','PROCESS_PLANNING_SCHEMA'));
ENDSEC;

DATA;
#10=MECHANICAL_DESIGN_GEOMETRIC_PRESENTATION_REPRESENTATION('',(#13),#6391);
#11=SHAPE_REPRESENTATION_RELATIONSHIP('SRR','None',#6398,#12);
#12=ADVANCED_BREP_SHAPE_REPRESENTATION('',(#14),#6390);
#13=STYLED_ITEM('',(#6407),#14);
#14=MANIFOLD_SOLID_BREP('OuterShell',#1613);
#15=TOROIDAL_SURFACE('',#1697,5.,2.5);
#16=TOROIDAL_SURFACE('',#1703,5.,2.5);
#17=TOROIDAL_SURFACE('',#1712,5.,2.5);
#18=TOROIDAL_SURFACE('',#1718,5.,2.5);
#19=ELLIPSE('',#1693,2.59021321239514,2.5);
#20=ELLIPSE('',#1696,2.59021321239514,2.5);
#21=ELLIPSE('',#1708,2.50836340488166,2.5);
#22=ELLIPSE('',#1711,2.50052012908768,2.5);
#23=(
BOUNDED_SURFACE()
B_SPLINE_SURFACE(5,1,((#3076,#3077),(#3078,#3079),(#3080,#3081),(#3082,
#3083),(#3084,#3085),(#3086,#3087),(#3088,#3089),(#3090,#3091),(#3092,#3093),
(#3094,#3095),(#3096,#3097),(#3098,#3099),(#3100,#3101),(#3102,#3103),(#3104,
#3105),(#3106,#3107),(#3108,#3109),(#3110,#3111),(#3112,#3113),(#3114,#3115),
(#3116,#3117),(#3118,#3119),(#3120,#3121),(#3122,#3123),(#3124,#3125),(#3126,
#3127),(#3128,#3129),(#3130,#3131),(#3132,#3133),(#3134,#3135),(#3136,#3137),
(#3138,#3139),(#3140,#3141),(#3142,#3143),(#3144,#3145),(#3146,#3147),(#3148,
#3149),(#3150,#3151),(#3152,#3153),(#3154,#3155),(#3156,#3157),(#3158,#3159),
(#3160,#3161),(#3162,#3163),(#3164,#3165)),.UNSPECIFIED.,.T.,.F.,.F.)
B_SPLINE_SURFACE_WITH_KNOTS((6,1,1,1,1,1,1,1,1,1,1,1,1,1,1,1,1,1,1,1,1,
1,1,1,1,1,1,1,1,1,1,1,1,1,1,1,1,1,1,1,6),(2,2),(-1.,-0.975,-0.95,-0.925,
-0.9,-0.875,-0.85,-0.825,-0.8,-0.775,-0.75,-0.725,-0.7,-0.675,-0.65,-0.625,
-0.6,-0.575,-0.55,-0.525,-0.5,-0.475,-0.45,-0.425,-0.4,-0.375,-0.35,-0.325,
-0.3,-0.275,-0.25,-0.225,-0.2,-0.175,-0.15,-0.125,-0.1,-0.075,-0.05,-0.025,
0.),(0.,0.05),.UNSPECIFIED.)
GEOMETRIC_REPRESENTATION_ITEM()
RATIONAL_B_SPLINE_SURFACE(((1.,1.),(1.,1.),(1.,1.),(1.,1.),(1.,1.),(1.,
1.),(1.,1.),(1.,1.),(1.,1.),(1.,1.),(1.,1.),(1.,1.),(1.,1.),(1.,1.),(1.,
1.),(1.,1.),(1.,1.),(1.,1.),(1.,1.),(1.,1.),(1.,1.),(1.,1.),(1.,1.),(1.,
1.),(1.,1.),(1.,1.),(1.,1.),(1.,1.),(1.,1.),(1.,1.),(1.,1.),(1.,1.),(1.,
1.),(1.,1.),(1.,1.),(1.,1.),(1.,1.),(1.,1.),(1.,1.),(1.,1.),(1.,1.),(1.,
1.),(1.,1.),(1.,1.),(1.,1.)))
REPRESENTATION_ITEM('')
SURFACE()
);
#24=(
BOUNDED_SURFACE()
B_SPLINE_SURFACE(5,1,((#3259,#3260),(#3261,#3262),(#3263,#3264),(#3265,
#3266),(#3267,#3268),(#3269,#3270)),.UNSPECIFIED.,.F.,.F.,.F.)
B_SPLINE_SURFACE_WITH_KNOTS((6,6),(2,2),(-1.,-0.997317909817466),(0.,0.05),
 .UNSPECIFIED.)
GEOMETRIC_REPRESENTATION_ITEM()
RATIONAL_B_SPLINE_SURFACE(((1.,1.),(1.,1.),(1.,1.),(1.,1.),(1.,1.),(1.,
1.)))
REPRESENTATION_ITEM('')
SURFACE()
);
#25=(
BOUNDED_SURFACE()
B_SPLINE_SURFACE(5,1,((#3288,#3289),(#3290,#3291),(#3292,#3293),(#3294,
#3295),(#3296,#3297),(#3298,#3299)),.UNSPECIFIED.,.F.,.F.,.F.)
B_SPLINE_SURFACE_WITH_KNOTS((6,6),(2,2),(-0.00305761203502674,0.),(0.,0.05),
 .UNSPECIFIED.)
GEOMETRIC_REPRESENTATION_ITEM()
RATIONAL_B_SPLINE_SURFACE(((1.,1.),(1.,1.),(1.,1.),(1.,1.),(1.,1.),(1.,
1.)))
REPRESENTATION_ITEM('')
SURFACE()
);
#26=(
BOUNDED_SURFACE()
B_SPLINE_SURFACE(5,1,((#3312,#3313),(#3314,#3315),(#3316,#3317),(#3318,
#3319),(#3320,#3321),(#3322,#3323),(#3324,#3325),(#3326,#3327),(#3328,#3329),
(#3330,#3331),(#3332,#3333),(#3334,#3335),(#3336,#3337),(#3338,#3339),(#3340,
#3341),(#3342,#3343),(#3344,#3345),(#3346,#3347),(#3348,#3349),(#3350,#3351),
(#3352,#3353),(#3354,#3355),(#3356,#3357),(#3358,#3359),(#3360,#3361),(#3362,
#3363),(#3364,#3365),(#3366,#3367),(#3368,#3369),(#3370,#3371),(#3372,#3373),
(#3374,#3375),(#3376,#3377),(#3378,#3379),(#3380,#3381),(#3382,#3383),(#3384,
#3385),(#3386,#3387),(#3388,#3389),(#3390,#3391),(#3392,#3393),(#3394,#3395),
(#3396,#3397),(#3398,#3399),(#3400,#3401),(#3402,#3403),(#3404,#3405),(#3406,
#3407),(#3408,#3409),(#3410,#3411),(#3412,#3413),(#3414,#3415),(#3416,#3417),
(#3418,#3419),(#3420,#3421),(#3422,#3423),(#3424,#3425),(#3426,#3427),(#3428,
#3429),(#3430,#3431),(#3432,#3433),(#3434,#3435),(#3436,#3437),(#3438,#3439),
(#3440,#3441),(#3442,#3443),(#3444,#3445),(#3446,#3447),(#3448,#3449),(#3450,
#3451),(#3452,#3453),(#3454,#3455),(#3456,#3457),(#3458,#3459),(#3460,#3461)),
 .UNSPECIFIED.,.F.,.F.,.F.)
B_SPLINE_SURFACE_WITH_KNOTS((6,1,1,1,1,1,1,1,1,1,1,1,1,1,1,1,1,1,1,1,1,
1,1,1,1,1,1,1,1,1,1,1,1,1,1,1,1,1,1,1,1,1,1,1,1,1,1,1,1,1,1,1,1,1,1,1,1,
1,1,1,1,1,1,1,1,1,1,1,1,1,6),(2,2),(0.,0.0142857142857143,0.0285714285714286,
0.0428571428571429,0.0571428571428571,0.0714285714285714,0.0857142857142857,
0.1,0.114285714285714,0.128571428571429,0.142857142857143,0.157142857142857,
0.171428571428571,0.185714285714286,0.2,0.214285714285714,0.228571428571429,
0.242857142857143,0.257142857142857,0.271428571428571,0.285714285714286,
0.3,0.314285714285714,0.328571428571429,0.342857142857143,0.357142857142857,
0.371428571428571,0.385714285714286,0.4,0.414285714285714,0.428571428571429,
0.442857142857143,0.457142857142857,0.471428571428571,0.485714285714286,
0.5,0.514285714285714,0.528571428571429,0.542857142857143,0.557142857142857,
0.571428571428571,0.585714285714286,0.6,0.614285714285714,0.628571428571428,
0.642857142857142,0.657142857142857,0.671428571428571,0.685714285714285,
0.699999999999999,0.714285714285714,0.728571428571428,0.742857142857142,
0.757142857142856,0.771428571428571,0.785714285714285,0.799999999999999,
0.814285714285713,0.828571428571428,0.842857142857142,0.857142857142856,
0.87142857142857,0.885714285714284,0.899999999999999,0.914285714285713,
0.928571428571427,0.942857142857141,0.957142857142856,0.97142857142857,
0.985714285714284,0.997317909817465),(0.,0.05),.UNSPECIFIED.)
GEOMETRIC_REPRESENTATION_ITEM()
RATIONAL_B_SPLINE_SURFACE(((1.,1.),(1.,1.),(1.,1.),(1.,1.),(1.,1.),(1.,
1.),(1.,1.),(1.,1.),(1.,1.),(1.,1.),(1.,1.),(1.,1.),(1.,1.),(1.,1.),(1.,
1.),(1.,1.),(1.,1.),(1.,1.),(1.,1.),(1.,1.),(1.,1.),(1.,1.),(1.,1.),(1.,
1.),(1.,1.),(1.,1.),(1.,1.),(1.,1.),(1.,1.),(1.,1.),(1.,1.),(1.,1.),(1.,
1.),(1.,1.),(1.,1.),(1.,1.),(1.,1.),(1.,1.),(1.,1.),(1.,1.),(1.,1.),(1.,
1.),(1.,1.),(1.,1.),(1.,1.),(1.,1.),(1.,1.),(1.,1.),(1.,1.),(1.,1.),(1.,
1.),(1.,1.),(1.,1.),(1.,1.),(1.,1.),(1.,1.),(1.,1.),(1.,1.),(1.,1.),(1.,
1.),(1.,1.),(1.,1.),(1.,1.),(1.,1.),(1.,1.),(1.,1.),(1.,1.),(1.,1.),(1.,
1.),(1.,1.),(1.,1.),(1.,1.),(1.,1.),(1.,1.),(1.,1.)))
REPRESENTATION_ITEM('')
SURFACE()
);
#27=(
BOUNDED_SURFACE()
B_SPLINE_SURFACE(5,1,((#3540,#3541),(#3542,#3543),(#3544,#3545),(#3546,
#3547),(#3548,#3549),(#3550,#3551),(#3552,#3553),(#3554,#3555),(#3556,#3557),
(#3558,#3559),(#3560,#3561),(#3562,#3563),(#3564,#3565),(#3566,#3567),(#3568,
#3569),(#3570,#3571)),.UNSPECIFIED.,.F.,.F.,.F.)
B_SPLINE_SURFACE_WITH_KNOTS((6,1,1,1,1,1,1,1,1,1,1,6),(2,2),(0.,0.0333333333333333,
0.0666666666666667,0.1,0.133333333333333,0.166666666666667,0.2,0.233333333333333,
0.266666666666667,0.3,0.333333333333333,0.356637772273332),(0.,0.05),
 .UNSPECIFIED.)
GEOMETRIC_REPRESENTATION_ITEM()
RATIONAL_B_SPLINE_SURFACE(((1.,1.),(1.,1.),(1.,1.),(1.,1.),(1.,1.),(1.,
1.),(1.,1.),(1.,1.),(1.,1.),(1.,1.),(1.,1.),(1.,1.),(1.,1.),(1.,1.),(1.,
1.),(1.,1.)))
REPRESENTATION_ITEM('')
SURFACE()
);
#28=(
BOUNDED_SURFACE()
B_SPLINE_SURFACE(5,1,((#3590,#3591),(#3592,#3593),(#3594,#3595),(#3596,
#3597),(#3598,#3599),(#3600,#3601),(#3602,#3603),(#3604,#3605),(#3606,#3607),
(#3608,#3609),(#3610,#3611),(#3612,#3613),(#3614,#3615),(#3616,#3617),(#3618,
#3619),(#3620,#3621),(#3622,#3623),(#3624,#3625),(#3626,#3627),(#3628,#3629),
(#3630,#3631),(#3632,#3633),(#3634,#3635),(#3636,#3637),(#3638,#3639),(#3640,
#3641),(#3642,#3643),(#3644,#3645),(#3646,#3647),(#3648,#3649),(#3650,#3651),
(#3652,#3653),(#3654,#3655),(#3656,#3657),(#3658,#3659)),.UNSPECIFIED.,
 .F.,.F.,.F.)
B_SPLINE_SURFACE_WITH_KNOTS((6,1,1,1,1,1,1,1,1,1,1,1,1,1,1,1,1,1,1,1,1,
1,1,1,1,1,1,1,1,1,6),(2,2),(0.,0.0333333333333333,0.0666666666666667,0.1,
0.133333333333333,0.166666666666667,0.2,0.233333333333333,0.266666666666667,
0.3,0.333333333333333,0.366666666666666,0.4,0.433333333333333,0.466666666666667,
0.5,0.533333333333333,0.566666666666667,0.6,0.633333333333333,0.666666666666667,
0.7,0.733333333333333,0.766666666666667,0.8,0.833333333333333,0.866666666666667,
0.9,0.933333333333333,0.966666666666666,1.),(0.,0.05),.UNSPECIFIED.)
GEOMETRIC_REPRESENTATION_ITEM()
RATIONAL_B_SPLINE_SURFACE(((1.,1.),(1.,1.),(1.,1.),(1.,1.),(1.,1.),(1.,
1.),(1.,1.),(1.,1.),(1.,1.),(1.,1.),(1.,1.),(1.,1.),(1.,1.),(1.,1.),(1.,
1.),(1.,1.),(1.,1.),(1.,1.),(1.,1.),(1.,1.),(1.,1.),(1.,1.),(1.,1.),(1.,
1.),(1.,1.),(1.,1.),(1.,1.),(1.,1.),(1.,1.),(1.,1.),(1.,1.),(1.,1.),(1.,
1.),(1.,1.),(1.,1.)))
REPRESENTATION_ITEM('')
SURFACE()
);
#29=(
BOUNDED_SURFACE()
B_SPLINE_SURFACE(5,1,((#3697,#3698),(#3699,#3700),(#3701,#3702),(#3703,
#3704),(#3705,#3706),(#3707,#3708),(#3709,#3710),(#3711,#3712),(#3713,#3714),
(#3715,#3716),(#3717,#3718),(#3719,#3720),(#3721,#3722),(#3723,#3724),(#3725,
#3726),(#3727,#3728),(#3729,#3730),(#3731,#3732),(#3733,#3734),(#3735,#3736),
(#3737,#3738),(#3739,#3740),(#3741,#3742),(#3743,#3744),(#3745,#3746),(#3747,
#3748),(#3749,#3750),(#3751,#3752),(#3753,#3754),(#3755,#3756),(#3757,#3758),
(#3759,#3760),(#3761,#3762),(#3763,#3764),(#3765,#3766)),.UNSPECIFIED.,
 .F.,.F.,.F.)
B_SPLINE_SURFACE_WITH_KNOTS((6,1,1,1,1,1,1,1,1,1,1,1,1,1,1,1,1,1,1,1,1,
1,1,1,1,1,1,1,1,1,6),(2,2),(0.,0.0333333333333333,0.0666666666666667,0.1,
0.133333333333333,0.166666666666667,0.2,0.233333333333333,0.266666666666667,
0.3,0.333333333333333,0.366666666666666,0.4,0.433333333333333,0.466666666666667,
0.5,0.533333333333333,0.566666666666667,0.6,0.633333333333333,0.666666666666667,
0.7,0.733333333333333,0.766666666666667,0.8,0.833333333333333,0.866666666666667,
0.9,0.933333333333333,0.966666666666666,1.),(0.,0.05),.UNSPECIFIED.)
GEOMETRIC_REPRESENTATION_ITEM()
RATIONAL_B_SPLINE_SURFACE(((1.,1.),(1.,1.),(1.,1.),(1.,1.),(1.,1.),(1.,
1.),(1.,1.),(1.,1.),(1.,1.),(1.,1.),(1.,1.),(1.,1.),(1.,1.),(1.,1.),(1.,
1.),(1.,1.),(1.,1.),(1.,1.),(1.,1.),(1.,1.),(1.,1.),(1.,1.),(1.,1.),(1.,
1.),(1.,1.),(1.,1.),(1.,1.),(1.,1.),(1.,1.),(1.,1.),(1.,1.),(1.,1.),(1.,
1.),(1.,1.),(1.,1.)))
REPRESENTATION_ITEM('')
SURFACE()
);
#30=(
BOUNDED_SURFACE()
B_SPLINE_SURFACE(5,1,((#3804,#3805),(#3806,#3807),(#3808,#3809),(#3810,
#3811),(#3812,#3813),(#3814,#3815),(#3816,#3817),(#3818,#3819),(#3820,#3821),
(#3822,#3823),(#3824,#3825),(#3826,#3827),(#3828,#3829),(#3830,#3831),(#3832,
#3833),(#3834,#3835),(#3836,#3837),(#3838,#3839),(#3840,#3841),(#3842,#3843),
(#3844,#3845),(#3846,#3847),(#3848,#3849),(#3850,#3851),(#3852,#3853),(#3854,
#3855),(#3856,#3857),(#3858,#3859),(#3860,#3861),(#3862,#3863),(#3864,#3865),
(#3866,#3867),(#3868,#3869),(#3870,#3871),(#3872,#3873)),.UNSPECIFIED.,
 .F.,.F.,.F.)
B_SPLINE_SURFACE_WITH_KNOTS((6,1,1,1,1,1,1,1,1,1,1,1,1,1,1,1,1,1,1,1,1,
1,1,1,1,1,1,1,1,1,6),(2,2),(0.,0.0333333333333333,0.0666666666666667,0.1,
0.133333333333333,0.166666666666667,0.2,0.233333333333333,0.266666666666667,
0.3,0.333333333333333,0.366666666666666,0.4,0.433333333333333,0.466666666666667,
0.5,0.533333333333333,0.566666666666667,0.6,0.633333333333333,0.666666666666667,
0.7,0.733333333333333,0.766666666666667,0.8,0.833333333333333,0.866666666666667,
0.9,0.933333333333333,0.966666666666666,1.),(0.,0.05),.UNSPECIFIED.)
GEOMETRIC_REPRESENTATION_ITEM()
RATIONAL_B_SPLINE_SURFACE(((1.,1.),(1.,1.),(1.,1.),(1.,1.),(1.,1.),(1.,
1.),(1.,1.),(1.,1.),(1.,1.),(1.,1.),(1.,1.),(1.,1.),(1.,1.),(1.,1.),(1.,
1.),(1.,1.),(1.,1.),(1.,1.),(1.,1.),(1.,1.),(1.,1.),(1.,1.),(1.,1.),(1.,
1.),(1.,1.),(1.,1.),(1.,1.),(1.,1.),(1.,1.),(1.,1.),(1.,1.),(1.,1.),(1.,
1.),(1.,1.),(1.,1.)))
REPRESENTATION_ITEM('')
SURFACE()
);
#31=(
BOUNDED_SURFACE()
B_SPLINE_SURFACE(5,1,((#3911,#3912),(#3913,#3914),(#3915,#3916),(#3917,
#3918),(#3919,#3920),(#3921,#3922),(#3923,#3924),(#3925,#3926),(#3927,#3928),
(#3929,#3930),(#3931,#3932),(#3933,#3934),(#3935,#3936),(#3937,#3938),(#3939,
#3940),(#3941,#3942),(#3943,#3944),(#3945,#3946),(#3947,#3948),(#3949,#3950),
(#3951,#3952),(#3953,#3954),(#3955,#3956),(#3957,#3958),(#3959,#3960),(#3961,
#3962),(#3963,#3964),(#3965,#3966),(#3967,#3968),(#3969,#3970),(#3971,#3972),
(#3973,#3974),(#3975,#3976),(#3977,#3978),(#3979,#3980),(#3981,#3982),(#3983,
#3984),(#3985,#3986),(#3987,#3988),(#3989,#3990),(#3991,#3992),(#3993,#3994),
(#3995,#3996),(#3997,#3998),(#3999,#4000),(#4001,#4002),(#4003,#4004),(#4005,
#4006),(#4007,#4008),(#4009,#4010),(#4011,#4012),(#4013,#4014),(#4015,#4016),
(#4017,#4018),(#4019,#4020),(#4021,#4022),(#4023,#4024),(#4025,#4026),(#4027,
#4028),(#4029,#4030),(#4031,#4032),(#4033,#4034),(#4035,#4036),(#4037,#4038),
(#4039,#4040)),.UNSPECIFIED.,.F.,.F.,.F.)
B_SPLINE_SURFACE_WITH_KNOTS((6,1,1,1,1,1,1,1,1,1,1,1,1,1,1,1,1,1,1,1,1,
1,1,1,1,1,1,1,1,1,1,1,1,1,1,1,1,1,1,1,1,1,1,1,1,1,1,1,1,1,1,1,1,1,1,1,1,
1,1,1,6),(2,2),(0.,0.0166666666666667,0.0333333333333333,0.05,0.0666666666666667,
0.0833333333333333,0.1,0.116666666666667,0.133333333333333,0.15,0.166666666666667,
0.183333333333333,0.2,0.216666666666667,0.233333333333333,0.25,0.266666666666667,
0.283333333333333,0.3,0.316666666666667,0.333333333333333,0.35,0.366666666666666,
0.383333333333333,0.4,0.416666666666667,0.433333333333333,0.45,0.466666666666667,
0.483333333333333,0.5,0.516666666666667,0.533333333333333,0.55,0.566666666666667,
0.583333333333333,0.6,0.616666666666667,0.633333333333334,0.65,0.666666666666667,
0.683333333333334,0.700000000000001,0.716666666666667,0.733333333333334,
0.750000000000001,0.766666666666667,0.783333333333334,0.800000000000001,
0.816666666666668,0.833333333333334,0.850000000000001,0.866666666666668,
0.883333333333334,0.900000000000001,0.916666666666668,0.933333333333334,
0.950000000000001,0.966666666666668,0.983333333333335,1.),(0.,0.05),
 .UNSPECIFIED.)
GEOMETRIC_REPRESENTATION_ITEM()
RATIONAL_B_SPLINE_SURFACE(((1.,1.),(1.,1.),(1.,1.),(1.,1.),(1.,1.),(1.,
1.),(1.,1.),(1.,1.),(1.,1.),(1.,1.),(1.,1.),(1.,1.),(1.,1.),(1.,1.),(1.,
1.),(1.,1.),(1.,1.),(1.,1.),(1.,1.),(1.,1.),(1.,1.),(1.,1.),(1.,1.),(1.,
1.),(1.,1.),(1.,1.),(1.,1.),(1.,1.),(1.,1.),(1.,1.),(1.,1.),(1.,1.),(1.,
1.),(1.,1.),(1.,1.),(1.,1.),(1.,1.),(1.,1.),(1.,1.),(1.,1.),(1.,1.),(1.,
1.),(1.,1.),(1.,1.),(1.,1.),(1.,1.),(1.,1.),(1.,1.),(1.,1.),(1.,1.),(1.,
1.),(1.,1.),(1.,1.),(1.,1.),(1.,1.),(1.,1.),(1.,1.),(1.,1.),(1.,1.),(1.,
1.),(1.,1.),(1.,1.),(1.,1.),(1.,1.),(1.,1.)))
REPRESENTATION_ITEM('')
SURFACE()
);
#32=(
BOUNDED_SURFACE()
B_SPLINE_SURFACE(5,1,((#4108,#4109),(#4110,#4111),(#4112,#4113),(#4114,
#4115),(#4116,#4117),(#4118,#4119),(#4120,#4121),(#4122,#4123),(#4124,#4125),
(#4126,#4127),(#4128,#4129),(#4130,#4131),(#4132,#4133),(#4134,#4135),(#4136,
#4137),(#4138,#4139),(#4140,#4141),(#4142,#4143),(#4144,#4145),(#4146,#4147)),
 .UNSPECIFIED.,.F.,.F.,.F.)
B_SPLINE_SURFACE_WITH_KNOTS((6,1,1,1,1,1,1,1,1,1,1,1,1,1,1,6),(2,2),(0.500824184137208,
0.533333333333333,0.566666666666667,0.6,0.633333333333333,0.666666666666667,
0.7,0.733333333333333,0.766666666666667,0.8,0.833333333333333,0.866666666666667,
0.9,0.933333333333333,0.966666666666666,1.),(0.,0.05),.UNSPECIFIED.)
GEOMETRIC_REPRESENTATION_ITEM()
RATIONAL_B_SPLINE_SURFACE(((1.,1.),(1.,1.),(1.,1.),(1.,1.),(1.,1.),(1.,
1.),(1.,1.),(1.,1.),(1.,1.),(1.,1.),(1.,1.),(1.,1.),(1.,1.),(1.,1.),(1.,
1.),(1.,1.),(1.,1.),(1.,1.),(1.,1.),(1.,1.)))
REPRESENTATION_ITEM('')
SURFACE()
);
#33=(
BOUNDED_SURFACE()
B_SPLINE_SURFACE(5,1,((#4170,#4171),(#4172,#4173),(#4174,#4175),(#4176,
#4177),(#4178,#4179),(#4180,#4181),(#4182,#4183),(#4184,#4185),(#4186,#4187),
(#4188,#4189),(#4190,#4191),(#4192,#4193),(#4194,#4195),(#4196,#4197),(#4198,
#4199),(#4200,#4201),(#4202,#4203),(#4204,#4205),(#4206,#4207),(#4208,#4209),
(#4210,#4211),(#4212,#4213),(#4214,#4215),(#4216,#4217),(#4218,#4219),(#4220,
#4221),(#4222,#4223),(#4224,#4225),(#4226,#4227),(#4228,#4229),(#4230,#4231),
(#4232,#4233),(#4234,#4235),(#4236,#4237),(#4238,#4239),(#4240,#4241),(#4242,
#4243),(#4244,#4245),(#4246,#4247),(#4248,#4249),(#4250,#4251),(#4252,#4253),
(#4254,#4255),(#4256,#4257),(#4258,#4259),(#4260,#4261),(#4262,#4263),(#4264,
#4265),(#4266,#4267),(#4268,#4269),(#4270,#4271),(#4272,#4273),(#4274,#4275),
(#4276,#4277),(#4278,#4279)),.UNSPECIFIED.,.F.,.F.,.F.)
B_SPLINE_SURFACE_WITH_KNOTS((6,1,1,1,1,1,1,1,1,1,1,1,1,1,1,1,1,1,1,1,1,
1,1,1,1,1,1,1,1,1,1,1,1,1,1,1,1,1,1,1,1,1,1,1,1,1,1,1,1,1,6),(2,2),(0.,
0.02,0.04,0.06,0.08,0.1,0.12,0.14,0.16,0.18,0.2,0.22,0.24,0.26,0.28,0.3,
0.32,0.34,0.36,0.38,0.4,0.42,0.44,0.46,0.48,0.5,0.52,0.54,0.56,0.58,0.6,
0.62,0.64,0.66,0.68,0.7,0.72,0.74,0.76,0.78,0.8,0.82,0.84,0.86,0.88,0.9,
0.92,0.94,0.96,0.98,1.),(0.,0.05),.UNSPECIFIED.)
GEOMETRIC_REPRESENTATION_ITEM()
RATIONAL_B_SPLINE_SURFACE(((1.,1.),(1.,1.),(1.,1.),(1.,1.),(1.,1.),(1.,
1.),(1.,1.),(1.,1.),(1.,1.),(1.,1.),(1.,1.),(1.,1.),(1.,1.),(1.,1.),(1.,
1.),(1.,1.),(1.,1.),(1.,1.),(1.,1.),(1.,1.),(1.,1.),(1.,1.),(1.,1.),(1.,
1.),(1.,1.),(1.,1.),(1.,1.),(1.,1.),(1.,1.),(1.,1.),(1.,1.),(1.,1.),(1.,
1.),(1.,1.),(1.,1.),(1.,1.),(1.,1.),(1.,1.),(1.,1.),(1.,1.),(1.,1.),(1.,
1.),(1.,1.),(1.,1.),(1.,1.),(1.,1.),(1.,1.),(1.,1.),(1.,1.),(1.,1.),(1.,
1.),(1.,1.),(1.,1.),(1.,1.),(1.,1.)))
REPRESENTATION_ITEM('')
SURFACE()
);
#34=(
BOUNDED_SURFACE()
B_SPLINE_SURFACE(5,1,((#4337,#4338),(#4339,#4340),(#4341,#4342),(#4343,
#4344),(#4345,#4346),(#4347,#4348),(#4349,#4350),(#4351,#4352),(#4353,#4354),
(#4355,#4356),(#4357,#4358),(#4359,#4360),(#4361,#4362),(#4363,#4364),(#4365,
#4366)),.UNSPECIFIED.,.F.,.F.,.F.)
B_SPLINE_SURFACE_WITH_KNOTS((6,1,1,1,1,1,1,1,1,1,6),(2,2),(0.,0.1,0.2,0.3,
0.4,0.5,0.6,0.7,0.8,0.9,1.),(0.,0.05),.UNSPECIFIED.)
GEOMETRIC_REPRESENTATION_ITEM()
RATIONAL_B_SPLINE_SURFACE(((1.,1.),(1.,1.),(1.,1.),(1.,1.),(1.,1.),(1.,
1.),(1.,1.),(1.,1.),(1.,1.),(1.,1.),(1.,1.),(1.,1.),(1.,1.),(1.,1.),(1.,
1.)))
REPRESENTATION_ITEM('')
SURFACE()
);
#35=(
BOUNDED_SURFACE()
B_SPLINE_SURFACE(5,1,((#4384,#4385),(#4386,#4387),(#4388,#4389),(#4390,
#4391),(#4392,#4393),(#4394,#4395),(#4396,#4397),(#4398,#4399),(#4400,#4401),
(#4402,#4403),(#4404,#4405),(#4406,#4407),(#4408,#4409),(#4410,#4411),(#4412,
#4413),(#4414,#4415),(#4416,#4417),(#4418,#4419),(#4420,#4421),(#4422,#4423),
(#4424,#4425),(#4426,#4427),(#4428,#4429),(#4430,#4431),(#4432,#4433),(#4434,
#4435),(#4436,#4437),(#4438,#4439),(#4440,#4441),(#4442,#4443),(#4444,#4445),
(#4446,#4447),(#4448,#4449),(#4450,#4451),(#4452,#4453)),.UNSPECIFIED.,
 .F.,.F.,.F.)
B_SPLINE_SURFACE_WITH_KNOTS((6,1,1,1,1,1,1,1,1,1,1,1,1,1,1,1,1,1,1,1,1,
1,1,1,1,1,1,1,1,1,6),(2,2),(0.,0.0333333333333333,0.0666666666666667,0.1,
0.133333333333333,0.166666666666667,0.2,0.233333333333333,0.266666666666667,
0.3,0.333333333333333,0.366666666666666,0.4,0.433333333333333,0.466666666666667,
0.5,0.533333333333333,0.566666666666667,0.6,0.633333333333333,0.666666666666667,
0.7,0.733333333333333,0.766666666666667,0.8,0.833333333333333,0.866666666666667,
0.9,0.933333333333333,0.966666666666666,1.),(0.,0.05),.UNSPECIFIED.)
GEOMETRIC_REPRESENTATION_ITEM()
RATIONAL_B_SPLINE_SURFACE(((1.,1.),(1.,1.),(1.,1.),(1.,1.),(1.,1.),(1.,
1.),(1.,1.),(1.,1.),(1.,1.),(1.,1.),(1.,1.),(1.,1.),(1.,1.),(1.,1.),(1.,
1.),(1.,1.),(1.,1.),(1.,1.),(1.,1.),(1.,1.),(1.,1.),(1.,1.),(1.,1.),(1.,
1.),(1.,1.),(1.,1.),(1.,1.),(1.,1.),(1.,1.),(1.,1.),(1.,1.),(1.,1.),(1.,
1.),(1.,1.),(1.,1.)))
REPRESENTATION_ITEM('')
SURFACE()
);
#36=(
BOUNDED_SURFACE()
B_SPLINE_SURFACE(5,1,((#4491,#4492),(#4493,#4494),(#4495,#4496),(#4497,
#4498),(#4499,#4500),(#4501,#4502),(#4503,#4504),(#4505,#4506),(#4507,#4508),
(#4509,#4510),(#4511,#4512),(#4513,#4514),(#4515,#4516),(#4517,#4518),(#4519,
#4520),(#4521,#4522),(#4523,#4524),(#4525,#4526),(#4527,#4528),(#4529,#4530),
(#4531,#4532),(#4533,#4534),(#4535,#4536),(#4537,#4538),(#4539,#4540),(#4541,
#4542),(#4543,#4544),(#4545,#4546),(#4547,#4548),(#4549,#4550),(#4551,#4552),
(#4553,#4554),(#4555,#4556),(#4557,#4558),(#4559,#4560),(#4561,#4562),(#4563,
#4564),(#4565,#4566),(#4567,#4568),(#4569,#4570)),.UNSPECIFIED.,.F.,.F.,
 .F.)
B_SPLINE_SURFACE_WITH_KNOTS((6,1,1,1,1,1,1,1,1,1,1,1,1,1,1,1,1,1,1,1,1,
1,1,1,1,1,1,1,1,1,1,1,1,1,1,6),(2,2),(0.,0.0285714285714286,0.0571428571428571,
0.0857142857142857,0.114285714285714,0.142857142857143,0.171428571428571,
0.2,0.228571428571429,0.257142857142857,0.285714285714286,0.314285714285714,
0.342857142857143,0.371428571428571,0.4,0.428571428571429,0.457142857142857,
0.485714285714286,0.514285714285714,0.542857142857143,0.571428571428572,
0.6,0.628571428571429,0.657142857142857,0.685714285714286,0.714285714285714,
0.742857142857143,0.771428571428571,0.8,0.828571428571429,0.857142857142857,
0.885714285714286,0.914285714285715,0.942857142857143,0.971428571428572,
1.),(0.,0.05),.UNSPECIFIED.)
GEOMETRIC_REPRESENTATION_ITEM()
RATIONAL_B_SPLINE_SURFACE(((1.,1.),(1.,1.),(1.,1.),(1.,1.),(1.,1.),(1.,
1.),(1.,1.),(1.,1.),(1.,1.),(1.,1.),(1.,1.),(1.,1.),(1.,1.),(1.,1.),(1.,
1.),(1.,1.),(1.,1.),(1.,1.),(1.,1.),(1.,1.),(1.,1.),(1.,1.),(1.,1.),(1.,
1.),(1.,1.),(1.,1.),(1.,1.),(1.,1.),(1.,1.),(1.,1.),(1.,1.),(1.,1.),(1.,
1.),(1.,1.),(1.,1.),(1.,1.),(1.,1.),(1.,1.),(1.,1.),(1.,1.)))
REPRESENTATION_ITEM('')
SURFACE()
);
#37=(
BOUNDED_SURFACE()
B_SPLINE_SURFACE(5,1,((#4613,#4614),(#4615,#4616),(#4617,#4618),(#4619,
#4620),(#4621,#4622),(#4623,#4624),(#4625,#4626),(#4627,#4628),(#4629,#4630),
(#4631,#4632),(#4633,#4634),(#4635,#4636),(#4637,#4638),(#4639,#4640),(#4641,
#4642),(#4643,#4644),(#4645,#4646),(#4647,#4648),(#4649,#4650),(#4651,#4652),
(#4653,#4654),(#4655,#4656),(#4657,#4658),(#4659,#4660),(#4661,#4662),(#4663,
#4664),(#4665,#4666),(#4667,#4668),(#4669,#4670),(#4671,#4672),(#4673,#4674),
(#4675,#4676),(#4677,#4678),(#4679,#4680),(#4681,#4682),(#4683,#4684),(#4685,
#4686),(#4687,#4688),(#4689,#4690),(#4691,#4692)),.UNSPECIFIED.,.F.,.F.,
 .F.)
B_SPLINE_SURFACE_WITH_KNOTS((6,1,1,1,1,1,1,1,1,1,1,1,1,1,1,1,1,1,1,1,1,
1,1,1,1,1,1,1,1,1,1,1,1,1,1,6),(2,2),(0.00305761203502973,0.0285714285714286,
0.0571428571428571,0.0857142857142857,0.114285714285714,0.142857142857143,
0.171428571428571,0.2,0.228571428571429,0.257142857142857,0.285714285714286,
0.314285714285714,0.342857142857143,0.371428571428571,0.4,0.428571428571429,
0.457142857142857,0.485714285714286,0.514285714285714,0.542857142857143,
0.571428571428572,0.6,0.628571428571429,0.657142857142857,0.685714285714286,
0.714285714285714,0.742857142857143,0.771428571428571,0.8,0.828571428571429,
0.857142857142857,0.885714285714286,0.914285714285715,0.942857142857143,
0.971428571428572,1.),(0.,0.05),.UNSPECIFIED.)
GEOMETRIC_REPRESENTATION_ITEM()
RATIONAL_B_SPLINE_SURFACE(((1.,1.),(1.,1.),(1.,1.),(1.,1.),(1.,1.),(1.,
1.),(1.,1.),(1.,1.),(1.,1.),(1.,1.),(1.,1.),(1.,1.),(1.,1.),(1.,1.),(1.,
1.),(1.,1.),(1.,1.),(1.,1.),(1.,1.),(1.,1.),(1.,1.),(1.,1.),(1.,1.),(1.,
1.),(1.,1.),(1.,1.),(1.,1.),(1.,1.),(1.,1.),(1.,1.),(1.,1.),(1.,1.),(1.,
1.),(1.,1.),(1.,1.),(1.,1.),(1.,1.),(1.,1.),(1.,1.),(1.,1.)))
REPRESENTATION_ITEM('')
SURFACE()
);
#38=(
BOUNDED_SURFACE()
B_SPLINE_SURFACE(5,1,((#4734,#4735),(#4736,#4737),(#4738,#4739),(#4740,
#4741),(#4742,#4743),(#4744,#4745),(#4746,#4747),(#4748,#4749),(#4750,#4751),
(#4752,#4753),(#4754,#4755),(#4756,#4757),(#4758,#4759),(#4760,#4761),(#4762,
#4763),(#4764,#4765),(#4766,#4767),(#4768,#4769),(#4770,#4771),(#4772,#4773),
(#4774,#4775),(#4776,#4777),(#4778,#4779),(#4780,#4781),(#4782,#4783)),
 .UNSPECIFIED.,.F.,.F.,.F.)
B_SPLINE_SURFACE_WITH_KNOTS((6,1,1,1,1,1,1,1,1,1,1,1,1,1,1,1,1,1,1,1,6),
(2,2),(0.,0.05,0.1,0.15,0.2,0.25,0.3,0.35,0.4,0.45,0.5,0.55,0.6,0.65,0.7,
0.75,0.8,0.85,0.9,0.95,1.),(0.,0.05),.UNSPECIFIED.)
GEOMETRIC_REPRESENTATION_ITEM()
RATIONAL_B_SPLINE_SURFACE(((1.,1.),(1.,1.),(1.,1.),(1.,1.),(1.,1.),(1.,
1.),(1.,1.),(1.,1.),(1.,1.),(1.,1.),(1.,1.),(1.,1.),(1.,1.),(1.,1.),(1.,
1.),(1.,1.),(1.,1.),(1.,1.),(1.,1.),(1.,1.),(1.,1.),(1.,1.),(1.,1.),(1.,
1.),(1.,1.)))
REPRESENTATION_ITEM('')
SURFACE()
);
#39=(
BOUNDED_SURFACE()
B_SPLINE_SURFACE(5,1,((#4840,#4841),(#4842,#4843),(#4844,#4845),(#4846,
#4847),(#4848,#4849),(#4850,#4851),(#4852,#4853),(#4854,#4855),(#4856,#4857),
(#4858,#4859),(#4860,#4861),(#4862,#4863),(#4864,#4865),(#4866,#4867),(#4868,
#4869)),.UNSPECIFIED.,.F.,.F.,.F.)
B_SPLINE_SURFACE_WITH_KNOTS((6,1,1,1,1,1,1,1,1,1,6),(2,2),(0.,0.1,0.2,0.3,
0.4,0.5,0.6,0.7,0.8,0.9,1.),(0.,0.05),.UNSPECIFIED.)
GEOMETRIC_REPRESENTATION_ITEM()
RATIONAL_B_SPLINE_SURFACE(((1.,1.),(1.,1.),(1.,1.),(1.,1.),(1.,1.),(1.,
1.),(1.,1.),(1.,1.),(1.,1.),(1.,1.),(1.,1.),(1.,1.),(1.,1.),(1.,1.),(1.,
1.)))
REPRESENTATION_ITEM('')
SURFACE()
);
#40=(
BOUNDED_SURFACE()
B_SPLINE_SURFACE(5,1,((#4900,#4901),(#4902,#4903),(#4904,#4905),(#4906,
#4907),(#4908,#4909),(#4910,#4911),(#4912,#4913),(#4914,#4915),(#4916,#4917),
(#4918,#4919),(#4920,#4921),(#4922,#4923),(#4924,#4925),(#4926,#4927),(#4928,
#4929),(#4930,#4931),(#4932,#4933),(#4934,#4935),(#4936,#4937),(#4938,#4939),
(#4940,#4941),(#4942,#4943),(#4944,#4945),(#4946,#4947),(#4948,#4949),(#4950,
#4951),(#4952,#4953),(#4954,#4955),(#4956,#4957),(#4958,#4959),(#4960,#4961),
(#4962,#4963),(#4964,#4965),(#4966,#4967),(#4968,#4969),(#4970,#4971),(#4972,
#4973),(#4974,#4975),(#4976,#4977),(#4978,#4979),(#4980,#4981),(#4982,#4983),
(#4984,#4985),(#4986,#4987),(#4988,#4989)),.UNSPECIFIED.,.F.,.F.,.F.)
B_SPLINE_SURFACE_WITH_KNOTS((6,1,1,1,1,1,1,1,1,1,1,1,1,1,1,1,1,1,1,1,1,
1,1,1,1,1,1,1,1,1,1,1,1,1,1,1,1,1,1,1,6),(2,2),(-1.,-0.975,-0.95,-0.925,
-0.9,-0.875,-0.85,-0.825,-0.8,-0.775,-0.75,-0.725,-0.7,-0.675,-0.65,-0.625,
-0.6,-0.575,-0.55,-0.525,-0.5,-0.475,-0.45,-0.425,-0.4,-0.375,-0.35,-0.325,
-0.3,-0.275,-0.25,-0.225,-0.2,-0.175,-0.15,-0.125,-0.1,-0.075,-0.05,-0.025,
0.),(0.,0.05),.UNSPECIFIED.)
GEOMETRIC_REPRESENTATION_ITEM()
RATIONAL_B_SPLINE_SURFACE(((1.,1.),(1.,1.),(1.,1.),(1.,1.),(1.,1.),(1.,
1.),(1.,1.),(1.,1.),(1.,1.),(1.,1.),(1.,1.),(1.,1.),(1.,1.),(1.,1.),(1.,
1.),(1.,1.),(1.,1.),(1.,1.),(1.,1.),(1.,1.),(1.,1.),(1.,1.),(1.,1.),(1.,
1.),(1.,1.),(1.,1.),(1.,1.),(1.,1.),(1.,1.),(1.,1.),(1.,1.),(1.,1.),(1.,
1.),(1.,1.),(1.,1.),(1.,1.),(1.,1.),(1.,1.),(1.,1.),(1.,1.),(1.,1.),(1.,
1.),(1.,1.),(1.,1.),(1.,1.)))
REPRESENTATION_ITEM('')
SURFACE()
);
#41=(
BOUNDED_SURFACE()
B_SPLINE_SURFACE(5,1,((#5039,#5040),(#5041,#5042),(#5043,#5044),(#5045,
#5046),(#5047,#5048),(#5049,#5050),(#5051,#5052),(#5053,#5054),(#5055,#5056),
(#5057,#5058),(#5059,#5060),(#5061,#5062),(#5063,#5064),(#5065,#5066),(#5067,
#5068)),.UNSPECIFIED.,.F.,.F.,.F.)
B_SPLINE_SURFACE_WITH_KNOTS((6,1,1,1,1,1,1,1,1,1,6),(2,2),(-1.,-0.9,-0.8,
-0.7,-0.6,-0.5,-0.4,-0.3,-0.2,-0.1,0.),(0.,0.05),.UNSPECIFIED.)
GEOMETRIC_REPRESENTATION_ITEM()
RATIONAL_B_SPLINE_SURFACE(((1.,1.),(1.,1.),(1.,1.),(1.,1.),(1.,1.),(1.,
1.),(1.,1.),(1.,1.),(1.,1.),(1.,1.),(1.,1.),(1.,1.),(1.,1.),(1.,1.),(1.,
1.)))
REPRESENTATION_ITEM('')
SURFACE()
);
#42=(
BOUNDED_SURFACE()
B_SPLINE_SURFACE(5,1,((#5086,#5087),(#5088,#5089),(#5090,#5091),(#5092,
#5093),(#5094,#5095),(#5096,#5097),(#5098,#5099),(#5100,#5101),(#5102,#5103),
(#5104,#5105),(#5106,#5107),(#5108,#5109),(#5110,#5111),(#5112,#5113),(#5114,
#5115)),.UNSPECIFIED.,.F.,.F.,.F.)
B_SPLINE_SURFACE_WITH_KNOTS((6,1,1,1,1,1,1,1,1,1,6),(2,2),(-1.,-0.9,-0.8,
-0.7,-0.6,-0.5,-0.4,-0.3,-0.2,-0.1,0.),(0.,0.05),.UNSPECIFIED.)
GEOMETRIC_REPRESENTATION_ITEM()
RATIONAL_B_SPLINE_SURFACE(((1.,1.),(1.,1.),(1.,1.),(1.,1.),(1.,1.),(1.,
1.),(1.,1.),(1.,1.),(1.,1.),(1.,1.),(1.,1.),(1.,1.),(1.,1.),(1.,1.),(1.,
1.)))
REPRESENTATION_ITEM('')
SURFACE()
);
#43=(
BOUNDED_SURFACE()
B_SPLINE_SURFACE(5,1,((#5133,#5134),(#5135,#5136),(#5137,#5138),(#5139,
#5140),(#5141,#5142),(#5143,#5144),(#5145,#5146),(#5147,#5148),(#5149,#5150),
(#5151,#5152),(#5153,#5154),(#5155,#5156),(#5157,#5158),(#5159,#5160),(#5161,
#5162),(#5163,#5164),(#5165,#5166),(#5167,#5168),(#5169,#5170),(#5171,#5172),
(#5173,#5174),(#5175,#5176),(#5177,#5178),(#5179,#5180),(#5181,#5182),(#5183,
#5184),(#5185,#5186),(#5187,#5188),(#5189,#5190),(#5191,#5192),(#5193,#5194),
(#5195,#5196),(#5197,#5198),(#5199,#5200),(#5201,#5202)),.UNSPECIFIED.,
 .F.,.F.,.F.)
B_SPLINE_SURFACE_WITH_KNOTS((6,1,1,1,1,1,1,1,1,1,1,1,1,1,1,1,1,1,1,1,1,
1,1,1,1,1,1,1,1,1,6),(2,2),(-1.,-0.966666666666666,-0.933333333333333,-0.9,
-0.866666666666667,-0.833333333333333,-0.8,-0.766666666666667,-0.733333333333333,
-0.7,-0.666666666666667,-0.633333333333333,-0.6,-0.566666666666667,-0.533333333333333,
-0.5,-0.466666666666667,-0.433333333333333,-0.4,-0.366666666666666,-0.333333333333333,
-0.3,-0.266666666666667,-0.233333333333333,-0.2,-0.166666666666667,-0.133333333333333,
-0.1,-0.0666666666666667,-0.0333333333333333,0.),(0.,0.05),
 .UNSPECIFIED.)
GEOMETRIC_REPRESENTATION_ITEM()
RATIONAL_B_SPLINE_SURFACE(((1.,1.),(1.,1.),(1.,1.),(1.,1.),(1.,1.),(1.,
1.),(1.,1.),(1.,1.),(1.,1.),(1.,1.),(1.,1.),(1.,1.),(1.,1.),(1.,1.),(1.,
1.),(1.,1.),(1.,1.),(1.,1.),(1.,1.),(1.,1.),(1.,1.),(1.,1.),(1.,1.),(1.,
1.),(1.,1.),(1.,1.),(1.,1.),(1.,1.),(1.,1.),(1.,1.),(1.,1.),(1.,1.),(1.,
1.),(1.,1.),(1.,1.)))
REPRESENTATION_ITEM('')
SURFACE()
);
#44=(
BOUNDED_SURFACE()
B_SPLINE_SURFACE(5,1,((#5240,#5241),(#5242,#5243),(#5244,#5245),(#5246,
#5247),(#5248,#5249),(#5250,#5251),(#5252,#5253),(#5254,#5255),(#5256,#5257),
(#5258,#5259),(#5260,#5261),(#5262,#5263),(#5264,#5265),(#5266,#5267),(#5268,
#5269)),.UNSPECIFIED.,.F.,.F.,.F.)
B_SPLINE_SURFACE_WITH_KNOTS((6,1,1,1,1,1,1,1,1,1,6),(2,2),(-1.,-0.9,-0.8,
-0.7,-0.6,-0.5,-0.4,-0.3,-0.2,-0.1,0.),(0.,0.05),.UNSPECIFIED.)
GEOMETRIC_REPRESENTATION_ITEM()
RATIONAL_B_SPLINE_SURFACE(((1.,1.),(1.,1.),(1.,1.),(1.,1.),(1.,1.),(1.,
1.),(1.,1.),(1.,1.),(1.,1.),(1.,1.),(1.,1.),(1.,1.),(1.,1.),(1.,1.),(1.,
1.)))
REPRESENTATION_ITEM('')
SURFACE()
);
#45=(
BOUNDED_SURFACE()
B_SPLINE_SURFACE(5,1,((#5291,#5292),(#5293,#5294),(#5295,#5296),(#5297,
#5298),(#5299,#5300),(#5301,#5302),(#5303,#5304),(#5305,#5306),(#5307,#5308),
(#5309,#5310),(#5311,#5312),(#5313,#5314),(#5315,#5316),(#5317,#5318),(#5319,
#5320),(#5321,#5322),(#5323,#5324),(#5325,#5326),(#5327,#5328),(#5329,#5330),
(#5331,#5332),(#5333,#5334),(#5335,#5336),(#5337,#5338),(#5339,#5340),(#5341,
#5342),(#5343,#5344),(#5345,#5346),(#5347,#5348),(#5349,#5350),(#5351,#5352),
(#5353,#5354),(#5355,#5356),(#5357,#5358),(#5359,#5360),(#5361,#5362),(#5363,
#5364),(#5365,#5366),(#5367,#5368),(#5369,#5370),(#5371,#5372),(#5373,#5374),
(#5375,#5376),(#5377,#5378),(#5379,#5380),(#5381,#5382),(#5383,#5384),(#5385,
#5386),(#5387,#5388),(#5389,#5390),(#5391,#5392),(#5393,#5394),(#5395,#5396),
(#5397,#5398),(#5399,#5400),(#5401,#5402),(#5403,#5404),(#5405,#5406),(#5407,
#5408),(#5409,#5410),(#5411,#5412),(#5413,#5414),(#5415,#5416),(#5417,#5418),
(#5419,#5420),(#5421,#5422),(#5423,#5424),(#5425,#5426),(#5427,#5428),(#5429,
#5430),(#5431,#5432),(#5433,#5434),(#5435,#5436),(#5437,#5438),(#5439,#5440),
(#5441,#5442),(#5443,#5444),(#5445,#5446),(#5447,#5448),(#5449,#5450),(#5451,
#5452),(#5453,#5454),(#5455,#5456),(#5457,#5458),(#5459,#5460),(#5461,#5462),
(#5463,#5464),(#5465,#5466),(#5467,#5468),(#5469,#5470),(#5471,#5472),(#5473,
#5474),(#5475,#5476),(#5477,#5478),(#5479,#5480),(#5481,#5482),(#5483,#5484),
(#5485,#5486),(#5487,#5488),(#5489,#5490),(#5491,#5492),(#5493,#5494),(#5495,
#5496),(#5497,#5498),(#5499,#5500),(#5501,#5502),(#5503,#5504),(#5505,#5506),
(#5507,#5508),(#5509,#5510),(#5511,#5512),(#5513,#5514),(#5515,#5516),(#5517,
#5518),(#5519,#5520)),.UNSPECIFIED.,.F.,.F.,.F.)
B_SPLINE_SURFACE_WITH_KNOTS((6,1,1,1,1,1,1,1,1,1,1,1,1,1,1,1,1,1,1,1,1,
1,1,1,1,1,1,1,1,1,1,1,1,1,1,1,1,1,1,1,1,1,1,1,1,1,1,1,1,1,1,1,1,1,1,1,1,
1,1,1,1,1,1,1,1,1,1,1,1,1,1,1,1,1,1,1,1,1,1,1,1,1,1,1,1,1,1,1,1,1,1,1,1,
1,1,1,1,1,1,1,1,1,1,1,1,1,1,1,1,1,6),(2,2),(-1.,-0.990909090909088,-0.981818181818179,
-0.97272727272727,-0.963636363636361,-0.954545454545452,-0.945454545454543,
-0.936363636363634,-0.927272727272725,-0.918181818181816,-0.909090909090907,
-0.899999999999998,-0.890909090909089,-0.88181818181818,-0.872727272727271,
-0.863636363636362,-0.854545454545453,-0.845454545454543,-0.836363636363635,
-0.827272727272726,-0.818181818181816,-0.809090909090907,-0.799999999999998,
-0.790909090909089,-0.78181818181818,-0.772727272727271,-0.763636363636362,
-0.754545454545453,-0.745454545454544,-0.736363636363635,-0.727272727272726,
-0.718181818181817,-0.709090909090908,-0.699999999999999,-0.69090909090909,
-0.681818181818181,-0.672727272727272,-0.663636363636363,-0.654545454545454,
-0.645454545454545,-0.636363636363636,-0.627272727272727,-0.618181818181818,
-0.609090909090909,-0.6,-0.59090909090909,-0.581818181818181,-0.572727272727272,
-0.563636363636363,-0.554545454545454,-0.545454545454545,-0.536363636363636,
-0.527272727272727,-0.518181818181818,-0.509090909090909,-0.5,-0.490909090909091,
-0.481818181818182,-0.472727272727273,-0.463636363636364,-0.454545454545455,
-0.445454545454546,-0.436363636363637,-0.427272727272727,-0.418181818181818,
-0.409090909090909,-0.4,-0.390909090909091,-0.381818181818182,-0.372727272727273,
-0.363636363636364,-0.354545454545455,-0.345454545454546,-0.336363636363636,
-0.327272727272727,-0.318181818181818,-0.309090909090909,-0.3,-0.290909090909091,
-0.281818181818182,-0.272727272727273,-0.263636363636364,-0.254545454545455,
-0.245454545454546,-0.236363636363636,-0.227272727272727,-0.218181818181818,
-0.209090909090909,-0.2,-0.190909090909091,-0.181818181818182,-0.172727272727273,
-0.163636363636364,-0.154545454545455,-0.145454545454545,-0.136363636363636,
-0.127272727272727,-0.118181818181818,-0.109090909090909,-0.1,-0.0909090909090909,
-0.0818181818181818,-0.0727272727272727,-0.0636363636363636,-0.0545454545454545,
-0.0454545454545455,-0.0363636363636364,-0.0272727272727273,-0.0181818181818182,
-0.00909090909090909,0.),(0.,0.05),.UNSPECIFIED.)
GEOMETRIC_REPRESENTATION_ITEM()
RATIONAL_B_SPLINE_SURFACE(((1.,1.),(1.,1.),(1.,1.),(1.,1.),(1.,1.),(1.,
1.),(1.,1.),(1.,1.),(1.,1.),(1.,1.),(1.,1.),(1.,1.),(1.,1.),(1.,1.),(1.,
1.),(1.,1.),(1.,1.),(1.,1.),(1.,1.),(1.,1.),(1.,1.),(1.,1.),(1.,1.),(1.,
1.),(1.,1.),(1.,1.),(1.,1.),(1.,1.),(1.,1.),(1.,1.),(1.,1.),(1.,1.),(1.,
1.),(1.,1.),(1.,1.),(1.,1.),(1.,1.),(1.,1.),(1.,1.),(1.,1.),(1.,1.),(1.,
1.),(1.,1.),(1.,1.),(1.,1.),(1.,1.),(1.,1.),(1.,1.),(1.,1.),(1.,1.),(1.,
1.),(1.,1.),(1.,1.),(1.,1.),(1.,1.),(1.,1.),(1.,1.),(1.,1.),(1.,1.),(1.,
1.),(1.,1.),(1.,1.),(1.,1.),(1.,1.),(1.,1.),(1.,1.),(1.,1.),(1.,1.),(1.,
1.),(1.,1.),(1.,1.),(1.,1.),(1.,1.),(1.,1.),(1.,1.),(1.,1.),(1.,1.),(1.,
1.),(1.,1.),(1.,1.),(1.,1.),(1.,1.),(1.,1.),(1.,1.),(1.,1.),(1.,1.),(1.,
1.),(1.,1.),(1.,1.),(1.,1.),(1.,1.),(1.,1.),(1.,1.),(1.,1.),(1.,1.),(1.,
1.),(1.,1.),(1.,1.),(1.,1.),(1.,1.),(1.,1.),(1.,1.),(1.,1.),(1.,1.),(1.,
1.),(1.,1.),(1.,1.),(1.,1.),(1.,1.),(1.,1.),(1.,1.),(1.,1.),(1.,1.),(1.,
1.),(1.,1.)))
REPRESENTATION_ITEM('')
SURFACE()
);
#46=(
BOUNDED_SURFACE()
B_SPLINE_SURFACE(5,1,((#5638,#5639),(#5640,#5641),(#5642,#5643),(#5644,
#5645),(#5646,#5647),(#5648,#5649),(#5650,#5651),(#5652,#5653),(#5654,#5655),
(#5656,#5657),(#5658,#5659),(#5660,#5661),(#5662,#5663),(#5664,#5665),(#5666,
#5667),(#5668,#5669),(#5670,#5671),(#5672,#5673),(#5674,#5675),(#5676,#5677),
(#5678,#5679),(#5680,#5681),(#5682,#5683),(#5684,#5685),(#5686,#5687),(#5688,
#5689),(#5690,#5691),(#5692,#5693),(#5694,#5695),(#5696,#5697),(#5698,#5699),
(#5700,#5701),(#5702,#5703),(#5704,#5705),(#5706,#5707)),.UNSPECIFIED.,
 .F.,.F.,.F.)
B_SPLINE_SURFACE_WITH_KNOTS((6,1,1,1,1,1,1,1,1,1,1,1,1,1,1,1,1,1,1,1,1,
1,1,1,1,1,1,1,1,1,6),(2,2),(-1.,-0.966666666666666,-0.933333333333333,-0.9,
-0.866666666666667,-0.833333333333333,-0.8,-0.766666666666667,-0.733333333333333,
-0.7,-0.666666666666667,-0.633333333333333,-0.6,-0.566666666666667,-0.533333333333333,
-0.5,-0.466666666666667,-0.433333333333333,-0.4,-0.366666666666666,-0.333333333333333,
-0.3,-0.266666666666667,-0.233333333333333,-0.2,-0.166666666666667,-0.133333333333333,
-0.1,-0.0666666666666667,-0.0333333333333333,0.),(0.,0.05),
 .UNSPECIFIED.)
GEOMETRIC_REPRESENTATION_ITEM()
RATIONAL_B_SPLINE_SURFACE(((1.,1.),(1.,1.),(1.,1.),(1.,1.),(1.,1.),(1.,
1.),(1.,1.),(1.,1.),(1.,1.),(1.,1.),(1.,1.),(1.,1.),(1.,1.),(1.,1.),(1.,
1.),(1.,1.),(1.,1.),(1.,1.),(1.,1.),(1.,1.),(1.,1.),(1.,1.),(1.,1.),(1.,
1.),(1.,1.),(1.,1.),(1.,1.),(1.,1.),(1.,1.),(1.,1.),(1.,1.),(1.,1.),(1.,
1.),(1.,1.),(1.,1.)))
REPRESENTATION_ITEM('')
SURFACE()
);
#47=(
BOUNDED_SURFACE()
B_SPLINE_SURFACE(5,1,((#5744,#5745),(#5746,#5747),(#5748,#5749),(#5750,
#5751),(#5752,#5753),(#5754,#5755),(#5756,#5757),(#5758,#5759),(#5760,#5761),
(#5762,#5763),(#5764,#5765),(#5766,#5767),(#5768,#5769),(#5770,#5771),(#5772,
#5773),(#5774,#5775),(#5776,#5777),(#5778,#5779),(#5780,#5781),(#5782,#5783),
(#5784,#5785),(#5786,#5787),(#5788,#5789),(#5790,#5791),(#5792,#5793),(#5794,
#5795),(#5796,#5797),(#5798,#5799),(#5800,#5801),(#5802,#5803),(#5804,#5805),
(#5806,#5807),(#5808,#5809),(#5810,#5811),(#5812,#5813),(#5814,#5815),(#5816,
#5817),(#5818,#5819),(#5820,#5821),(#5822,#5823),(#5824,#5825),(#5826,#5827),
(#5828,#5829),(#5830,#5831),(#5832,#5833)),.UNSPECIFIED.,.F.,.F.,.F.)
B_SPLINE_SURFACE_WITH_KNOTS((6,1,1,1,1,1,1,1,1,1,1,1,1,1,1,1,1,1,1,1,1,
1,1,1,1,1,1,1,1,1,1,1,1,1,1,1,1,1,1,1,6),(2,2),(0.,0.025,0.05,0.075,0.1,
0.125,0.15,0.175,0.2,0.225,0.25,0.275,0.3,0.325,0.35,0.375,0.4,0.425,0.45,
0.475,0.5,0.525,0.55,0.575,0.6,0.625,0.65,0.675,0.7,0.725,0.75,0.775,0.8,
0.825,0.85,0.875,0.9,0.925,0.95,0.975,1.),(0.,0.05),.UNSPECIFIED.)
GEOMETRIC_REPRESENTATION_ITEM()
RATIONAL_B_SPLINE_SURFACE(((1.,1.),(1.,1.),(1.,1.),(1.,1.),(1.,1.),(1.,
1.),(1.,1.),(1.,1.),(1.,1.),(1.,1.),(1.,1.),(1.,1.),(1.,1.),(1.,1.),(1.,
1.),(1.,1.),(1.,1.),(1.,1.),(1.,1.),(1.,1.),(1.,1.),(1.,1.),(1.,1.),(1.,
1.),(1.,1.),(1.,1.),(1.,1.),(1.,1.),(1.,1.),(1.,1.),(1.,1.),(1.,1.),(1.,
1.),(1.,1.),(1.,1.),(1.,1.),(1.,1.),(1.,1.),(1.,1.),(1.,1.),(1.,1.),(1.,
1.),(1.,1.),(1.,1.),(1.,1.)))
REPRESENTATION_ITEM('')
SURFACE()
);
#48=(
BOUNDED_SURFACE()
B_SPLINE_SURFACE(5,1,((#5883,#5884),(#5885,#5886),(#5887,#5888),(#5889,
#5890),(#5891,#5892),(#5893,#5894),(#5895,#5896),(#5897,#5898),(#5899,#5900),
(#5901,#5902),(#5903,#5904),(#5905,#5906),(#5907,#5908),(#5909,#5910),(#5911,
#5912),(#5913,#5914),(#5915,#5916),(#5917,#5918),(#5919,#5920),(#5921,#5922),
(#5923,#5924),(#5925,#5926),(#5927,#5928),(#5929,#5930),(#5931,#5932),(#5933,
#5934),(#5935,#5936),(#5937,#5938),(#5939,#5940),(#5941,#5942),(#5943,#5944),
(#5945,#5946),(#5947,#5948),(#5949,#5950),(#5951,#5952),(#5953,#5954),(#5955,
#5956),(#5957,#5958),(#5959,#5960),(#5961,#5962),(#5963,#5964),(#5965,#5966),
(#5967,#5968),(#5969,#5970),(#5971,#5972),(#5973,#5974),(#5975,#5976),(#5977,
#5978),(#5979,#5980),(#5981,#5982)),.UNSPECIFIED.,.F.,.F.,.F.)
B_SPLINE_SURFACE_WITH_KNOTS((6,1,1,1,1,1,1,1,1,1,1,1,1,1,1,1,1,1,1,1,1,
1,1,1,1,1,1,1,1,1,1,1,1,1,1,1,1,1,1,1,1,1,1,1,1,6),(2,2),(0.,0.0222222222222222,
0.0444444444444445,0.0666666666666667,0.0888888888888889,0.111111111111111,
0.133333333333333,0.155555555555556,0.177777777777778,0.2,0.222222222222222,
0.244444444444444,0.266666666666667,0.288888888888889,0.311111111111111,
0.333333333333333,0.355555555555555,0.377777777777778,0.4,0.422222222222222,
0.444444444444444,0.466666666666667,0.488888888888889,0.511111111111111,
0.533333333333333,0.555555555555555,0.577777777777778,0.6,0.622222222222222,
0.644444444444444,0.666666666666667,0.688888888888889,0.711111111111111,
0.733333333333333,0.755555555555556,0.777777777777778,0.8,0.822222222222222,
0.844444444444445,0.866666666666667,0.888888888888889,0.911111111111111,
0.933333333333334,0.955555555555556,0.977777777777778,1.),(0.,0.05),
 .UNSPECIFIED.)
GEOMETRIC_REPRESENTATION_ITEM()
RATIONAL_B_SPLINE_SURFACE(((1.,1.),(1.,1.),(1.,1.),(1.,1.),(1.,1.),(1.,
1.),(1.,1.),(1.,1.),(1.,1.),(1.,1.),(1.,1.),(1.,1.),(1.,1.),(1.,1.),(1.,
1.),(1.,1.),(1.,1.),(1.,1.),(1.,1.),(1.,1.),(1.,1.),(1.,1.),(1.,1.),(1.,
1.),(1.,1.),(1.,1.),(1.,1.),(1.,1.),(1.,1.),(1.,1.),(1.,1.),(1.,1.),(1.,
1.),(1.,1.),(1.,1.),(1.,1.),(1.,1.),(1.,1.),(1.,1.),(1.,1.),(1.,1.),(1.,
1.),(1.,1.),(1.,1.),(1.,1.),(1.,1.),(1.,1.),(1.,1.),(1.,1.),(1.,1.)))
REPRESENTATION_ITEM('')
SURFACE()
);
#49=(
BOUNDED_SURFACE()
B_SPLINE_SURFACE(5,1,((#6035,#6036),(#6037,#6038),(#6039,#6040),(#6041,
#6042),(#6043,#6044),(#6045,#6046),(#6047,#6048),(#6049,#6050),(#6051,#6052),
(#6053,#6054),(#6055,#6056),(#6057,#6058),(#6059,#6060),(#6061,#6062),(#6063,
#6064),(#6065,#6066),(#6067,#6068),(#6069,#6070),(#6071,#6072),(#6073,#6074),
(#6075,#6076),(#6077,#6078),(#6079,#6080),(#6081,#6082),(#6083,#6084),(#6085,
#6086),(#6087,#6088),(#6089,#6090),(#6091,#6092),(#6093,#6094),(#6095,#6096),
(#6097,#6098),(#6099,#6100),(#6101,#6102),(#6103,#6104),(#6105,#6106),(#6107,
#6108),(#6109,#6110),(#6111,#6112),(#6113,#6114)),.UNSPECIFIED.,.F.,.F.,
 .F.)
B_SPLINE_SURFACE_WITH_KNOTS((6,1,1,1,1,1,1,1,1,1,1,1,1,1,1,1,1,1,1,1,1,
1,1,1,1,1,1,1,1,1,1,1,1,1,1,6),(2,2),(0.,0.0285714285714286,0.0571428571428571,
0.0857142857142857,0.114285714285714,0.142857142857143,0.171428571428571,
0.2,0.228571428571429,0.257142857142857,0.285714285714286,0.314285714285714,
0.342857142857143,0.371428571428571,0.4,0.428571428571429,0.457142857142857,
0.485714285714286,0.514285714285714,0.542857142857143,0.571428571428572,
0.6,0.628571428571429,0.657142857142857,0.685714285714286,0.714285714285714,
0.742857142857143,0.771428571428571,0.8,0.828571428571429,0.857142857142857,
0.885714285714286,0.914285714285715,0.942857142857143,0.971428571428572,
1.),(0.,0.05),.UNSPECIFIED.)
GEOMETRIC_REPRESENTATION_ITEM()
RATIONAL_B_SPLINE_SURFACE(((1.,1.),(1.,1.),(1.,1.),(1.,1.),(1.,1.),(1.,
1.),(1.,1.),(1.,1.),(1.,1.),(1.,1.),(1.,1.),(1.,1.),(1.,1.),(1.,1.),(1.,
1.),(1.,1.),(1.,1.),(1.,1.),(1.,1.),(1.,1.),(1.,1.),(1.,1.),(1.,1.),(1.,
1.),(1.,1.),(1.,1.),(1.,1.),(1.,1.),(1.,1.),(1.,1.),(1.,1.),(1.,1.),(1.,
1.),(1.,1.),(1.,1.),(1.,1.),(1.,1.),(1.,1.),(1.,1.),(1.,1.)))
REPRESENTATION_ITEM('')
SURFACE()
);
#50=(
BOUNDED_CURVE()
B_SPLINE_CURVE(5,(#2160,#2161,#2162,#2163,#2164,#2165,#2166,#2167,#2168,
#2169,#2170,#2171,#2172,#2173,#2174,#2175,#2176,#2177,#2178,#2179,#2180,
#2181,#2182,#2183,#2184,#2185,#2186,#2187,#2188,#2189,#2190,#2191,#2192,
#2193,#2194,#2195,#2196,#2197,#2198,#2199,#2200,#2201,#2202,#2203,#2204),
 .UNSPECIFIED.,.F.,.F.)
B_SPLINE_CURVE_WITH_KNOTS((6,1,1,1,1,1,1,1,1,1,1,1,1,1,1,1,1,1,1,1,1,1,
1,1,1,1,1,1,1,1,1,1,1,1,1,1,1,1,1,1,6),(0.,0.025,0.05,0.075,0.1,0.125,0.15,
0.175,0.2,0.225,0.25,0.275,0.3,0.325,0.35,0.375,0.4,0.425,0.45,0.475,0.5,
0.525,0.55,0.575,0.6,0.625,0.65,0.675,0.7,0.725,0.75,0.775,0.8,0.825,0.85,
0.875,0.9,0.925,0.95,0.975,1.),.UNSPECIFIED.)
CURVE()
GEOMETRIC_REPRESENTATION_ITEM()
RATIONAL_B_SPLINE_CURVE((1.,1.,1.,1.,1.,1.,1.,1.,1.,1.,1.,1.,1.,1.,1.,1.,
1.,1.,1.,1.,1.,1.,1.,1.,1.,1.,1.,1.,1.,1.,1.,1.,1.,1.,1.,1.,1.,1.,1.,1.,
1.,1.,1.,1.,1.))
REPRESENTATION_ITEM('')
);
#51=(
BOUNDED_CURVE()
B_SPLINE_CURVE(5,(#2206,#2207,#2208,#2209,#2210,#2211,#2212,#2213,#2214,
#2215,#2216,#2217,#2218,#2219,#2220,#2221,#2222,#2223,#2224,#2225,#2226,
#2227,#2228,#2229,#2230,#2231,#2232,#2233,#2234,#2235,#2236,#2237,#2238,
#2239,#2240,#2241,#2242,#2243,#2244,#2245),.UNSPECIFIED.,.F.,.F.)
B_SPLINE_CURVE_WITH_KNOTS((6,1,1,1,1,1,1,1,1,1,1,1,1,1,1,1,1,1,1,1,1,1,
1,1,1,1,1,1,1,1,1,1,1,1,1,6),(0.,0.0285714285714286,0.0571428571428571,
0.0857142857142857,0.114285714285714,0.142857142857143,0.171428571428571,
0.2,0.228571428571429,0.257142857142857,0.285714285714286,0.314285714285714,
0.342857142857143,0.371428571428571,0.4,0.428571428571429,0.457142857142857,
0.485714285714286,0.514285714285714,0.542857142857143,0.571428571428572,
0.6,0.628571428571429,0.657142857142857,0.685714285714286,0.714285714285714,
0.742857142857143,0.771428571428571,0.8,0.828571428571429,0.857142857142857,
0.885714285714286,0.914285714285715,0.942857142857143,0.971428571428572,
1.),.UNSPECIFIED.)
CURVE()
GEOMETRIC_REPRESENTATION_ITEM()
RATIONAL_B_SPLINE_CURVE((1.,1.,1.,1.,1.,1.,1.,1.,1.,1.,1.,1.,1.,1.,1.,1.,
1.,1.,1.,1.,1.,1.,1.,1.,1.,1.,1.,1.,1.,1.,1.,1.,1.,1.,1.,1.,1.,1.,1.,1.))
REPRESENTATION_ITEM('')
);
#52=(
BOUNDED_CURVE()
B_SPLINE_CURVE(5,(#2246,#2247,#2248,#2249,#2250,#2251,#2252,#2253,#2254,
#2255,#2256,#2257,#2258,#2259,#2260,#2261,#2262,#2263,#2264,#2265,#2266,
#2267,#2268,#2269,#2270,#2271,#2272,#2273,#2274,#2275,#2276,#2277,#2278,
#2279,#2280,#2281,#2282,#2283,#2284,#2285,#2286,#2287,#2288,#2289,#2290,
#2291,#2292,#2293,#2294,#2295),.UNSPECIFIED.,.F.,.F.)
B_SPLINE_CURVE_WITH_KNOTS((6,1,1,1,1,1,1,1,1,1,1,1,1,1,1,1,1,1,1,1,1,1,
1,1,1,1,1,1,1,1,1,1,1,1,1,1,1,1,1,1,1,1,1,1,1,6),(0.,0.0222222222222222,
0.0444444444444445,0.0666666666666667,0.0888888888888889,0.111111111111111,
0.133333333333333,0.155555555555556,0.177777777777778,0.2,0.222222222222222,
0.244444444444444,0.266666666666667,0.288888888888889,0.311111111111111,
0.333333333333333,0.355555555555555,0.377777777777778,0.4,0.422222222222222,
0.444444444444444,0.466666666666667,0.488888888888889,0.511111111111111,
0.533333333333333,0.555555555555555,0.577777777777778,0.6,0.622222222222222,
0.644444444444444,0.666666666666667,0.688888888888889,0.711111111111111,
0.733333333333333,0.755555555555556,0.777777777777778,0.8,0.822222222222222,
0.844444444444445,0.866666666666667,0.888888888888889,0.911111111111111,
0.933333333333334,0.955555555555556,0.977777777777778,1.),.UNSPECIFIED.)
CURVE()
GEOMETRIC_REPRESENTATION_ITEM()
RATIONAL_B_SPLINE_CURVE((1.,1.,1.,1.,1.,1.,1.,1.,1.,1.,1.,1.,1.,1.,1.,1.,
1.,1.,1.,1.,1.,1.,1.,1.,1.,1.,1.,1.,1.,1.,1.,1.,1.,1.,1.,1.,1.,1.,1.,1.,
1.,1.,1.,1.,1.,1.,1.,1.,1.,1.))
REPRESENTATION_ITEM('')
);
#53=(
BOUNDED_CURVE()
B_SPLINE_CURVE(5,(#2298,#2299,#2300,#2301,#2302,#2303,#2304,#2305,#2306,
#2307,#2308,#2309,#2310,#2311,#2312,#2313,#2314,#2315,#2316,#2317,#2318,
#2319,#2320,#2321,#2322,#2323,#2324,#2325,#2326,#2327,#2328,#2329,#2330,
#2331,#2332,#2333,#2334,#2335,#2336,#2337,#2338,#2339,#2340,#2341,#2342),
 .UNSPECIFIED.,.F.,.F.)
B_SPLINE_CURVE_WITH_KNOTS((6,1,1,1,1,1,1,1,1,1,1,1,1,1,1,1,1,1,1,1,1,1,
1,1,1,1,1,1,1,1,1,1,1,1,1,1,1,1,1,1,6),(-1.,-0.975,-0.95,-0.925,-0.9,-0.875,
-0.85,-0.825,-0.8,-0.775,-0.75,-0.725,-0.7,-0.675,-0.65,-0.625,-0.6,-0.575,
-0.55,-0.525,-0.5,-0.475,-0.45,-0.425,-0.4,-0.375,-0.35,-0.325,-0.3,-0.275,
-0.25,-0.225,-0.2,-0.175,-0.15,-0.125,-0.1,-0.075,-0.05,-0.025,0.),
 .UNSPECIFIED.)
CURVE()
GEOMETRIC_REPRESENTATION_ITEM()
RATIONAL_B_SPLINE_CURVE((1.,1.,1.,1.,1.,1.,1.,1.,1.,1.,1.,1.,1.,1.,1.,1.,
1.,1.,1.,1.,1.,1.,1.,1.,1.,1.,1.,1.,1.,1.,1.,1.,1.,1.,1.,1.,1.,1.,1.,1.,
1.,1.,1.,1.,1.))
REPRESENTATION_ITEM('')
);
#54=(
BOUNDED_CURVE()
B_SPLINE_CURVE(5,(#2344,#2345,#2346,#2347,#2348,#2349,#2350,#2351,#2352,
#2353,#2354,#2355,#2356,#2357,#2358,#2359,#2360,#2361,#2362,#2363,#2364,
#2365,#2366,#2367,#2368,#2369,#2370,#2371,#2372,#2373,#2374,#2375,#2376,
#2377,#2378),.UNSPECIFIED.,.F.,.F.)
B_SPLINE_CURVE_WITH_KNOTS((6,1,1,1,1,1,1,1,1,1,1,1,1,1,1,1,1,1,1,1,1,1,
1,1,1,1,1,1,1,1,6),(-1.,-0.966666666666666,-0.933333333333333,-0.9,-0.866666666666667,
-0.833333333333333,-0.8,-0.766666666666667,-0.733333333333333,-0.7,-0.666666666666667,
-0.633333333333333,-0.6,-0.566666666666667,-0.533333333333333,-0.5,-0.466666666666667,
-0.433333333333333,-0.4,-0.366666666666666,-0.333333333333333,-0.3,-0.266666666666667,
-0.233333333333333,-0.2,-0.166666666666667,-0.133333333333333,-0.1,-0.0666666666666667,
-0.0333333333333333,0.),.UNSPECIFIED.)
CURVE()
GEOMETRIC_REPRESENTATION_ITEM()
RATIONAL_B_SPLINE_CURVE((1.,1.,1.,1.,1.,1.,1.,1.,1.,1.,1.,1.,1.,1.,1.,1.,
1.,1.,1.,1.,1.,1.,1.,1.,1.,1.,1.,1.,1.,1.,1.,1.,1.,1.,1.))
REPRESENTATION_ITEM('')
);
#55=(
BOUNDED_CURVE()
B_SPLINE_CURVE(5,(#2380,#2381,#2382,#2383,#2384,#2385,#2386,#2387,#2388,
#2389,#2390,#2391,#2392,#2393,#2394,#2395,#2396,#2397,#2398,#2399,#2400,
#2401,#2402,#2403,#2404,#2405,#2406,#2407,#2408,#2409,#2410,#2411,#2412,
#2413,#2414,#2415,#2416,#2417,#2418,#2419,#2420,#2421,#2422,#2423,#2424,
#2425,#2426,#2427,#2428,#2429,#2430,#2431,#2432,#2433,#2434,#2435,#2436,
#2437,#2438,#2439,#2440,#2441,#2442,#2443,#2444,#2445,#2446,#2447,#2448,
#2449,#2450,#2451,#2452,#2453,#2454,#2455,#2456,#2457,#2458,#2459,#2460,
#2461,#2462,#2463,#2464,#2465,#2466,#2467,#2468,#2469,#2470,#2471,#2472,
#2473,#2474,#2475,#2476,#2477,#2478,#2479,#2480,#2481,#2482,#2483,#2484,
#2485,#2486,#2487,#2488,#2489,#2490,#2491,#2492,#2493,#2494),
 .UNSPECIFIED.,.F.,.F.)
B_SPLINE_CURVE_WITH_KNOTS((6,1,1,1,1,1,1,1,1,1,1,1,1,1,1,1,1,1,1,1,1,1,
1,1,1,1,1,1,1,1,1,1,1,1,1,1,1,1,1,1,1,1,1,1,1,1,1,1,1,1,1,1,1,1,1,1,1,1,
1,1,1,1,1,1,1,1,1,1,1,1,1,1,1,1,1,1,1,1,1,1,1,1,1,1,1,1,1,1,1,1,1,1,1,1,
1,1,1,1,1,1,1,1,1,1,1,1,1,1,1,1,6),(-1.,-0.990909090909088,-0.981818181818179,
-0.97272727272727,-0.963636363636361,-0.954545454545452,-0.945454545454543,
-0.936363636363634,-0.927272727272725,-0.918181818181816,-0.909090909090907,
-0.899999999999998,-0.890909090909089,-0.88181818181818,-0.872727272727271,
-0.863636363636362,-0.854545454545453,-0.845454545454543,-0.836363636363635,
-0.827272727272726,-0.818181818181816,-0.809090909090907,-0.799999999999998,
-0.790909090909089,-0.78181818181818,-0.772727272727271,-0.763636363636362,
-0.754545454545453,-0.745454545454544,-0.736363636363635,-0.727272727272726,
-0.718181818181817,-0.709090909090908,-0.699999999999999,-0.69090909090909,
-0.681818181818181,-0.672727272727272,-0.663636363636363,-0.654545454545454,
-0.645454545454545,-0.636363636363636,-0.627272727272727,-0.618181818181818,
-0.609090909090909,-0.6,-0.59090909090909,-0.581818181818181,-0.572727272727272,
-0.563636363636363,-0.554545454545454,-0.545454545454545,-0.536363636363636,
-0.527272727272727,-0.518181818181818,-0.509090909090909,-0.5,-0.490909090909091,
-0.481818181818182,-0.472727272727273,-0.463636363636364,-0.454545454545455,
-0.445454545454546,-0.436363636363637,-0.427272727272727,-0.418181818181818,
-0.409090909090909,-0.4,-0.390909090909091,-0.381818181818182,-0.372727272727273,
-0.363636363636364,-0.354545454545455,-0.345454545454546,-0.336363636363636,
-0.327272727272727,-0.318181818181818,-0.309090909090909,-0.3,-0.290909090909091,
-0.281818181818182,-0.272727272727273,-0.263636363636364,-0.254545454545455,
-0.245454545454546,-0.236363636363636,-0.227272727272727,-0.218181818181818,
-0.209090909090909,-0.2,-0.190909090909091,-0.181818181818182,-0.172727272727273,
-0.163636363636364,-0.154545454545455,-0.145454545454545,-0.136363636363636,
-0.127272727272727,-0.118181818181818,-0.109090909090909,-0.1,-0.0909090909090909,
-0.0818181818181818,-0.0727272727272727,-0.0636363636363636,-0.0545454545454545,
-0.0454545454545455,-0.0363636363636364,-0.0272727272727273,-0.0181818181818182,
-0.00909090909090909,0.),.UNSPECIFIED.)
CURVE()
GEOMETRIC_REPRESENTATION_ITEM()
RATIONAL_B_SPLINE_CURVE((1.,1.,1.,1.,1.,1.,1.,1.,1.,1.,1.,1.,1.,1.,1.,1.,
1.,1.,1.,1.,1.,1.,1.,1.,1.,1.,1.,1.,1.,1.,1.,1.,1.,1.,1.,1.,1.,1.,1.,1.,
1.,1.,1.,1.,1.,1.,1.,1.,1.,1.,1.,1.,1.,1.,1.,1.,1.,1.,1.,1.,1.,1.,1.,1.,
1.,1.,1.,1.,1.,1.,1.,1.,1.,1.,1.,1.,1.,1.,1.,1.,1.,1.,1.,1.,1.,1.,1.,1.,
1.,1.,1.,1.,1.,1.,1.,1.,1.,1.,1.,1.,1.,1.,1.,1.,1.,1.,1.,1.,1.,1.,1.,1.,
1.,1.,1.))
REPRESENTATION_ITEM('')
);
#56=(
BOUNDED_CURVE()
B_SPLINE_CURVE(5,(#2498,#2499,#2500,#2501,#2502,#2503,#2504,#2505,#2506,
#2507,#2508,#2509,#2510,#2511,#2512),.UNSPECIFIED.,.F.,.F.)
B_SPLINE_CURVE_WITH_KNOTS((6,1,1,1,1,1,1,1,1,1,6),(-1.,-0.9,-0.8,-0.7,-0.6,
-0.5,-0.4,-0.3,-0.2,-0.1,0.),.UNSPECIFIED.)
CURVE()
GEOMETRIC_REPRESENTATION_ITEM()
RATIONAL_B_SPLINE_CURVE((1.,1.,1.,1.,1.,1.,1.,1.,1.,1.,1.,1.,1.,1.,1.))
REPRESENTATION_ITEM('')
);
#57=(
BOUNDED_CURVE()
B_SPLINE_CURVE(5,(#2514,#2515,#2516,#2517,#2518,#2519,#2520,#2521,#2522,
#2523,#2524,#2525,#2526,#2527,#2528,#2529,#2530,#2531,#2532,#2533,#2534,
#2535,#2536,#2537,#2538,#2539,#2540,#2541,#2542,#2543,#2544,#2545,#2546,
#2547,#2548),.UNSPECIFIED.,.F.,.F.)
B_SPLINE_CURVE_WITH_KNOTS((6,1,1,1,1,1,1,1,1,1,1,1,1,1,1,1,1,1,1,1,1,1,
1,1,1,1,1,1,1,1,6),(-1.,-0.966666666666666,-0.933333333333333,-0.9,-0.866666666666667,
-0.833333333333333,-0.8,-0.766666666666667,-0.733333333333333,-0.7,-0.666666666666667,
-0.633333333333333,-0.6,-0.566666666666667,-0.533333333333333,-0.5,-0.466666666666667,
-0.433333333333333,-0.4,-0.366666666666666,-0.333333333333333,-0.3,-0.266666666666667,
-0.233333333333333,-0.2,-0.166666666666667,-0.133333333333333,-0.1,-0.0666666666666667,
-0.0333333333333333,0.),.UNSPECIFIED.)
CURVE()
GEOMETRIC_REPRESENTATION_ITEM()
RATIONAL_B_SPLINE_CURVE((1.,1.,1.,1.,1.,1.,1.,1.,1.,1.,1.,1.,1.,1.,1.,1.,
1.,1.,1.,1.,1.,1.,1.,1.,1.,1.,1.,1.,1.,1.,1.,1.,1.,1.,1.))
REPRESENTATION_ITEM('')
);
#58=(
BOUNDED_CURVE()
B_SPLINE_CURVE(5,(#2550,#2551,#2552,#2553,#2554,#2555,#2556,#2557,#2558,
#2559,#2560,#2561,#2562,#2563,#2564),.UNSPECIFIED.,.F.,.F.)
B_SPLINE_CURVE_WITH_KNOTS((6,1,1,1,1,1,1,1,1,1,6),(-1.,-0.9,-0.8,-0.7,-0.6,
-0.5,-0.4,-0.3,-0.2,-0.1,0.),.UNSPECIFIED.)
CURVE()
GEOMETRIC_REPRESENTATION_ITEM()
RATIONAL_B_SPLINE_CURVE((1.,1.,1.,1.,1.,1.,1.,1.,1.,1.,1.,1.,1.,1.,1.))
REPRESENTATION_ITEM('')
);
#59=(
BOUNDED_CURVE()
B_SPLINE_CURVE(5,(#2565,#2566,#2567,#2568,#2569,#2570,#2571,#2572,#2573,
#2574,#2575,#2576,#2577,#2578,#2579),.UNSPECIFIED.,.F.,.F.)
B_SPLINE_CURVE_WITH_KNOTS((6,1,1,1,1,1,1,1,1,1,6),(-1.,-0.9,-0.8,-0.7,-0.6,
-0.5,-0.4,-0.3,-0.2,-0.1,0.),.UNSPECIFIED.)
CURVE()
GEOMETRIC_REPRESENTATION_ITEM()
RATIONAL_B_SPLINE_CURVE((1.,1.,1.,1.,1.,1.,1.,1.,1.,1.,1.,1.,1.,1.,1.))
REPRESENTATION_ITEM('')
);
#60=(
BOUNDED_CURVE()
B_SPLINE_CURVE(5,(#2582,#2583,#2584,#2585,#2586,#2587,#2588,#2589,#2590,
#2591,#2592,#2593,#2594,#2595,#2596,#2597,#2598,#2599,#2600,#2601,#2602,
#2603,#2604,#2605,#2606,#2607,#2608,#2609,#2610,#2611,#2612,#2613,#2614,
#2615,#2616,#2617,#2618,#2619,#2620,#2621),.UNSPECIFIED.,.F.,.F.)
B_SPLINE_CURVE_WITH_KNOTS((6,1,1,1,1,1,1,1,1,1,1,1,1,1,1,1,1,1,1,1,1,1,
1,1,1,1,1,1,1,1,1,1,1,1,1,6),(0.00305761203502973,0.0285714285714286,0.0571428571428571,
0.0857142857142857,0.114285714285714,0.142857142857143,0.171428571428571,
0.2,0.228571428571429,0.257142857142857,0.285714285714286,0.314285714285714,
0.342857142857143,0.371428571428571,0.4,0.428571428571429,0.457142857142857,
0.485714285714286,0.514285714285714,0.542857142857143,0.571428571428572,
0.6,0.628571428571429,0.657142857142857,0.685714285714286,0.714285714285714,
0.742857142857143,0.771428571428571,0.8,0.828571428571429,0.857142857142857,
0.885714285714286,0.914285714285715,0.942857142857143,0.971428571428572,
1.),.UNSPECIFIED.)
CURVE()
GEOMETRIC_REPRESENTATION_ITEM()
RATIONAL_B_SPLINE_CURVE((1.,1.,1.,1.,1.,1.,1.,1.,1.,1.,1.,1.,1.,1.,1.,1.,
1.,1.,1.,1.,1.,1.,1.,1.,1.,1.,1.,1.,1.,1.,1.,1.,1.,1.,1.,1.,1.,1.,1.,1.))
REPRESENTATION_ITEM('')
);
#61=(
BOUNDED_CURVE()
B_SPLINE_CURVE(5,(#2623,#2624,#2625,#2626,#2627,#2628,#2629,#2630,#2631,
#2632,#2633,#2634,#2635,#2636,#2637,#2638,#2639,#2640,#2641,#2642,#2643,
#2644,#2645,#2646,#2647,#2648,#2649,#2650,#2651,#2652,#2653,#2654,#2655,
#2656,#2657,#2658,#2659,#2660,#2661,#2662),.UNSPECIFIED.,.F.,.F.)
B_SPLINE_CURVE_WITH_KNOTS((6,1,1,1,1,1,1,1,1,1,1,1,1,1,1,1,1,1,1,1,1,1,
1,1,1,1,1,1,1,1,1,1,1,1,1,6),(0.,0.0285714285714286,0.0571428571428571,
0.0857142857142857,0.114285714285714,0.142857142857143,0.171428571428571,
0.2,0.228571428571429,0.257142857142857,0.285714285714286,0.314285714285714,
0.342857142857143,0.371428571428571,0.4,0.428571428571429,0.457142857142857,
0.485714285714286,0.514285714285714,0.542857142857143,0.571428571428572,
0.6,0.628571428571429,0.657142857142857,0.685714285714286,0.714285714285714,
0.742857142857143,0.771428571428571,0.8,0.828571428571429,0.857142857142857,
0.885714285714286,0.914285714285715,0.942857142857143,0.971428571428572,
1.),.UNSPECIFIED.)
CURVE()
GEOMETRIC_REPRESENTATION_ITEM()
RATIONAL_B_SPLINE_CURVE((1.,1.,1.,1.,1.,1.,1.,1.,1.,1.,1.,1.,1.,1.,1.,1.,
1.,1.,1.,1.,1.,1.,1.,1.,1.,1.,1.,1.,1.,1.,1.,1.,1.,1.,1.,1.,1.,1.,1.,1.))
REPRESENTATION_ITEM('')
);
#62=(
BOUNDED_CURVE()
B_SPLINE_CURVE(5,(#2664,#2665,#2666,#2667,#2668,#2669,#2670,#2671,#2672,
#2673,#2674,#2675,#2676,#2677,#2678,#2679,#2680,#2681,#2682,#2683,#2684,
#2685,#2686,#2687,#2688,#2689,#2690,#2691,#2692,#2693,#2694,#2695,#2696,
#2697,#2698),.UNSPECIFIED.,.F.,.F.)
B_SPLINE_CURVE_WITH_KNOTS((6,1,1,1,1,1,1,1,1,1,1,1,1,1,1,1,1,1,1,1,1,1,
1,1,1,1,1,1,1,1,6),(0.,0.0333333333333333,0.0666666666666667,0.1,0.133333333333333,
0.166666666666667,0.2,0.233333333333333,0.266666666666667,0.3,0.333333333333333,
0.366666666666666,0.4,0.433333333333333,0.466666666666667,0.5,0.533333333333333,
0.566666666666667,0.6,0.633333333333333,0.666666666666667,0.7,0.733333333333333,
0.766666666666667,0.8,0.833333333333333,0.866666666666667,0.9,0.933333333333333,
0.966666666666666,1.),.UNSPECIFIED.)
CURVE()
GEOMETRIC_REPRESENTATION_ITEM()
RATIONAL_B_SPLINE_CURVE((1.,1.,1.,1.,1.,1.,1.,1.,1.,1.,1.,1.,1.,1.,1.,1.,
1.,1.,1.,1.,1.,1.,1.,1.,1.,1.,1.,1.,1.,1.,1.,1.,1.,1.,1.))
REPRESENTATION_ITEM('')
);
#63=(
BOUNDED_CURVE()
B_SPLINE_CURVE(5,(#2700,#2701,#2702,#2703,#2704,#2705,#2706,#2707,#2708,
#2709,#2710,#2711,#2712,#2713,#2714),.UNSPECIFIED.,.F.,.F.)
B_SPLINE_CURVE_WITH_KNOTS((6,1,1,1,1,1,1,1,1,1,6),(0.,0.1,0.2,0.3,0.4,0.5,
0.6,0.7,0.8,0.9,1.),.UNSPECIFIED.)
CURVE()
GEOMETRIC_REPRESENTATION_ITEM()
RATIONAL_B_SPLINE_CURVE((1.,1.,1.,1.,1.,1.,1.,1.,1.,1.,1.,1.,1.,1.,1.))
REPRESENTATION_ITEM('')
);
#64=(
BOUNDED_CURVE()
B_SPLINE_CURVE(5,(#2716,#2717,#2718,#2719,#2720,#2721,#2722,#2723,#2724,
#2725,#2726,#2727,#2728,#2729,#2730,#2731,#2732,#2733,#2734,#2735,#2736,
#2737,#2738,#2739,#2740,#2741,#2742,#2743,#2744,#2745,#2746,#2747,#2748,
#2749,#2750,#2751,#2752,#2753,#2754,#2755,#2756,#2757,#2758,#2759,#2760,
#2761,#2762,#2763,#2764,#2765,#2766,#2767,#2768,#2769,#2770),
 .UNSPECIFIED.,.F.,.F.)
B_SPLINE_CURVE_WITH_KNOTS((6,1,1,1,1,1,1,1,1,1,1,1,1,1,1,1,1,1,1,1,1,1,
1,1,1,1,1,1,1,1,1,1,1,1,1,1,1,1,1,1,1,1,1,1,1,1,1,1,1,1,6),(0.,0.02,0.04,
0.06,0.08,0.1,0.12,0.14,0.16,0.18,0.2,0.22,0.24,0.26,0.28,0.3,0.32,0.34,
0.36,0.38,0.4,0.42,0.44,0.46,0.48,0.5,0.52,0.54,0.56,0.58,0.6,0.62,0.64,
0.66,0.68,0.7,0.72,0.74,0.76,0.78,0.8,0.82,0.84,0.86,0.88,0.9,0.92,0.94,
0.96,0.98,1.),.UNSPECIFIED.)
CURVE()
GEOMETRIC_REPRESENTATION_ITEM()
RATIONAL_B_SPLINE_CURVE((1.,1.,1.,1.,1.,1.,1.,1.,1.,1.,1.,1.,1.,1.,1.,1.,
1.,1.,1.,1.,1.,1.,1.,1.,1.,1.,1.,1.,1.,1.,1.,1.,1.,1.,1.,1.,1.,1.,1.,1.,
1.,1.,1.,1.,1.,1.,1.,1.,1.,1.,1.,1.,1.,1.,1.))
REPRESENTATION_ITEM('')
);
#65=(
BOUNDED_CURVE()
B_SPLINE_CURVE(5,(#2772,#2773,#2774,#2775,#2776,#2777,#2778,#2779,#2780,
#2781,#2782,#2783,#2784,#2785,#2786,#2787,#2788,#2789,#2790,#2791),
 .UNSPECIFIED.,.F.,.F.)
B_SPLINE_CURVE_WITH_KNOTS((6,1,1,1,1,1,1,1,1,1,1,1,1,1,1,6),(0.500824184137208,
0.533333333333333,0.566666666666667,0.6,0.633333333333333,0.666666666666667,
0.7,0.733333333333333,0.766666666666667,0.8,0.833333333333333,0.866666666666667,
0.9,0.933333333333333,0.966666666666666,1.),.UNSPECIFIED.)
CURVE()
GEOMETRIC_REPRESENTATION_ITEM()
RATIONAL_B_SPLINE_CURVE((1.,1.,1.,1.,1.,1.,1.,1.,1.,1.,1.,1.,1.,1.,1.,1.,
1.,1.,1.,1.))
REPRESENTATION_ITEM('')
);
#66=(
BOUNDED_CURVE()
B_SPLINE_CURVE(5,(#2793,#2794,#2795,#2796,#2797,#2798,#2799,#2800,#2801,
#2802,#2803,#2804,#2805,#2806,#2807,#2808,#2809,#2810,#2811,#2812,#2813,
#2814,#2815,#2816,#2817,#2818,#2819,#2820,#2821,#2822,#2823,#2824,#2825,
#2826,#2827,#2828,#2829,#2830,#2831,#2832,#2833,#2834,#2835,#2836,#2837,
#2838,#2839,#2840,#2841,#2842,#2843,#2844,#2845,#2846,#2847,#2848,#2849,
#2850,#2851,#2852,#2853,#2854,#2855,#2856,#2857),.UNSPECIFIED.,.F.,.F.)
B_SPLINE_CURVE_WITH_KNOTS((6,1,1,1,1,1,1,1,1,1,1,1,1,1,1,1,1,1,1,1,1,1,
1,1,1,1,1,1,1,1,1,1,1,1,1,1,1,1,1,1,1,1,1,1,1,1,1,1,1,1,1,1,1,1,1,1,1,1,
1,1,6),(0.,0.0166666666666667,0.0333333333333333,0.05,0.0666666666666667,
0.0833333333333333,0.1,0.116666666666667,0.133333333333333,0.15,0.166666666666667,
0.183333333333333,0.2,0.216666666666667,0.233333333333333,0.25,0.266666666666667,
0.283333333333333,0.3,0.316666666666667,0.333333333333333,0.35,0.366666666666666,
0.383333333333333,0.4,0.416666666666667,0.433333333333333,0.45,0.466666666666667,
0.483333333333333,0.5,0.516666666666667,0.533333333333333,0.55,0.566666666666667,
0.583333333333333,0.6,0.616666666666667,0.633333333333334,0.65,0.666666666666667,
0.683333333333334,0.700000000000001,0.716666666666667,0.733333333333334,
0.750000000000001,0.766666666666667,0.783333333333334,0.800000000000001,
0.816666666666668,0.833333333333334,0.850000000000001,0.866666666666668,
0.883333333333334,0.900000000000001,0.916666666666668,0.933333333333334,
0.950000000000001,0.966666666666668,0.983333333333335,1.),.UNSPECIFIED.)
CURVE()
GEOMETRIC_REPRESENTATION_ITEM()
RATIONAL_B_SPLINE_CURVE((1.,1.,1.,1.,1.,1.,1.,1.,1.,1.,1.,1.,1.,1.,1.,1.,
1.,1.,1.,1.,1.,1.,1.,1.,1.,1.,1.,1.,1.,1.,1.,1.,1.,1.,1.,1.,1.,1.,1.,1.,
1.,1.,1.,1.,1.,1.,1.,1.,1.,1.,1.,1.,1.,1.,1.,1.,1.,1.,1.,1.,1.,1.,1.,1.,
1.))
REPRESENTATION_ITEM('')
);
#67=(
BOUNDED_CURVE()
B_SPLINE_CURVE(5,(#2859,#2860,#2861,#2862,#2863,#2864,#2865,#2866,#2867,
#2868,#2869,#2870,#2871,#2872,#2873,#2874,#2875,#2876,#2877,#2878,#2879,
#2880,#2881,#2882,#2883,#2884,#2885,#2886,#2887,#2888,#2889,#2890,#2891,
#2892,#2893),.UNSPECIFIED.,.F.,.F.)
B_SPLINE_CURVE_WITH_KNOTS((6,1,1,1,1,1,1,1,1,1,1,1,1,1,1,1,1,1,1,1,1,1,
1,1,1,1,1,1,1,1,6),(0.,0.0333333333333333,0.0666666666666667,0.1,0.133333333333333,
0.166666666666667,0.2,0.233333333333333,0.266666666666667,0.3,0.333333333333333,
0.366666666666666,0.4,0.433333333333333,0.466666666666667,0.5,0.533333333333333,
0.566666666666667,0.6,0.633333333333333,0.666666666666667,0.7,0.733333333333333,
0.766666666666667,0.8,0.833333333333333,0.866666666666667,0.9,0.933333333333333,
0.966666666666666,1.),.UNSPECIFIED.)
CURVE()
GEOMETRIC_REPRESENTATION_ITEM()
RATIONAL_B_SPLINE_CURVE((1.,1.,1.,1.,1.,1.,1.,1.,1.,1.,1.,1.,1.,1.,1.,1.,
1.,1.,1.,1.,1.,1.,1.,1.,1.,1.,1.,1.,1.,1.,1.,1.,1.,1.,1.))
REPRESENTATION_ITEM('')
);
#68=(
BOUNDED_CURVE()
B_SPLINE_CURVE(5,(#2895,#2896,#2897,#2898,#2899,#2900,#2901,#2902,#2903,
#2904,#2905,#2906,#2907,#2908,#2909,#2910,#2911,#2912,#2913,#2914,#2915,
#2916,#2917,#2918,#2919,#2920,#2921,#2922,#2923,#2924,#2925,#2926,#2927,
#2928,#2929),.UNSPECIFIED.,.F.,.F.)
B_SPLINE_CURVE_WITH_KNOTS((6,1,1,1,1,1,1,1,1,1,1,1,1,1,1,1,1,1,1,1,1,1,
1,1,1,1,1,1,1,1,6),(0.,0.0333333333333333,0.0666666666666667,0.1,0.133333333333333,
0.166666666666667,0.2,0.233333333333333,0.266666666666667,0.3,0.333333333333333,
0.366666666666666,0.4,0.433333333333333,0.466666666666667,0.5,0.533333333333333,
0.566666666666667,0.6,0.633333333333333,0.666666666666667,0.7,0.733333333333333,
0.766666666666667,0.8,0.833333333333333,0.866666666666667,0.9,0.933333333333333,
0.966666666666666,1.),.UNSPECIFIED.)
CURVE()
GEOMETRIC_REPRESENTATION_ITEM()
RATIONAL_B_SPLINE_CURVE((1.,1.,1.,1.,1.,1.,1.,1.,1.,1.,1.,1.,1.,1.,1.,1.,
1.,1.,1.,1.,1.,1.,1.,1.,1.,1.,1.,1.,1.,1.,1.,1.,1.,1.,1.))
REPRESENTATION_ITEM('')
);
#69=(
BOUNDED_CURVE()
B_SPLINE_CURVE(5,(#2931,#2932,#2933,#2934,#2935,#2936,#2937,#2938,#2939,
#2940,#2941,#2942,#2943,#2944,#2945,#2946,#2947,#2948,#2949,#2950,#2951,
#2952,#2953,#2954,#2955,#2956,#2957,#2958,#2959,#2960,#2961,#2962,#2963,
#2964,#2965),.UNSPECIFIED.,.F.,.F.)
B_SPLINE_CURVE_WITH_KNOTS((6,1,1,1,1,1,1,1,1,1,1,1,1,1,1,1,1,1,1,1,1,1,
1,1,1,1,1,1,1,1,6),(0.,0.0333333333333333,0.0666666666666667,0.1,0.133333333333333,
0.166666666666667,0.2,0.233333333333333,0.266666666666667,0.3,0.333333333333333,
0.366666666666666,0.4,0.433333333333333,0.466666666666667,0.5,0.533333333333333,
0.566666666666667,0.6,0.633333333333333,0.666666666666667,0.7,0.733333333333333,
0.766666666666667,0.8,0.833333333333333,0.866666666666667,0.9,0.933333333333333,
0.966666666666666,1.),.UNSPECIFIED.)
CURVE()
GEOMETRIC_REPRESENTATION_ITEM()
RATIONAL_B_SPLINE_CURVE((1.,1.,1.,1.,1.,1.,1.,1.,1.,1.,1.,1.,1.,1.,1.,1.,
1.,1.,1.,1.,1.,1.,1.,1.,1.,1.,1.,1.,1.,1.,1.,1.,1.,1.,1.))
REPRESENTATION_ITEM('')
);
#70=(
BOUNDED_CURVE()
B_SPLINE_CURVE(5,(#2967,#2968,#2969,#2970,#2971,#2972,#2973,#2974,#2975,
#2976,#2977,#2978,#2979,#2980,#2981,#2982),.UNSPECIFIED.,.F.,.F.)
B_SPLINE_CURVE_WITH_KNOTS((6,1,1,1,1,1,1,1,1,1,1,6),(0.,0.0333333333333333,
0.0666666666666667,0.1,0.133333333333333,0.166666666666667,0.2,0.233333333333333,
0.266666666666667,0.3,0.333333333333333,0.356637772273332),
 .UNSPECIFIED.)
CURVE()
GEOMETRIC_REPRESENTATION_ITEM()
RATIONAL_B_SPLINE_CURVE((1.,1.,1.,1.,1.,1.,1.,1.,1.,1.,1.,1.,1.,1.,1.,1.))
REPRESENTATION_ITEM('')
);
#71=(
BOUNDED_CURVE()
B_SPLINE_CURVE(5,(#2983,#2984,#2985,#2986,#2987,#2988,#2989,#2990,#2991,
#2992,#2993,#2994,#2995,#2996,#2997,#2998,#2999,#3000,#3001,#3002,#3003,
#3004,#3005,#3006,#3007,#3008,#3009,#3010,#3011,#3012,#3013,#3014,#3015,
#3016,#3017,#3018,#3019,#3020,#3021,#3022,#3023,#3024,#3025,#3026,#3027,
#3028,#3029,#3030,#3031,#3032,#3033,#3034,#3035,#3036,#3037,#3038,#3039,
#3040,#3041,#3042,#3043,#3044,#3045,#3046,#3047,#3048,#3049,#3050,#3051,
#3052,#3053,#3054,#3055,#3056,#3057),.UNSPECIFIED.,.F.,.F.)
B_SPLINE_CURVE_WITH_KNOTS((6,1,1,1,1,1,1,1,1,1,1,1,1,1,1,1,1,1,1,1,1,1,
1,1,1,1,1,1,1,1,1,1,1,1,1,1,1,1,1,1,1,1,1,1,1,1,1,1,1,1,1,1,1,1,1,1,1,1,
1,1,1,1,1,1,1,1,1,1,1,1,6),(0.,0.0142857142857143,0.0285714285714286,0.0428571428571429,
0.0571428571428571,0.0714285714285714,0.0857142857142857,0.1,0.114285714285714,
0.128571428571429,0.142857142857143,0.157142857142857,0.171428571428571,
0.185714285714286,0.2,0.214285714285714,0.228571428571429,0.242857142857143,
0.257142857142857,0.271428571428571,0.285714285714286,0.3,0.314285714285714,
0.328571428571429,0.342857142857143,0.357142857142857,0.371428571428571,
0.385714285714286,0.4,0.414285714285714,0.428571428571429,0.442857142857143,
0.457142857142857,0.471428571428571,0.485714285714286,0.5,0.514285714285714,
0.528571428571429,0.542857142857143,0.557142857142857,0.571428571428571,
0.585714285714286,0.6,0.614285714285714,0.628571428571428,0.642857142857142,
0.657142857142857,0.671428571428571,0.685714285714285,0.699999999999999,
0.714285714285714,0.728571428571428,0.742857142857142,0.757142857142856,
0.771428571428571,0.785714285714285,0.799999999999999,0.814285714285713,
0.828571428571428,0.842857142857142,0.857142857142856,0.87142857142857,
0.885714285714284,0.899999999999999,0.914285714285713,0.928571428571427,
0.942857142857141,0.957142857142856,0.97142857142857,0.985714285714284,
0.997317909817465),.UNSPECIFIED.)
CURVE()
GEOMETRIC_REPRESENTATION_ITEM()
RATIONAL_B_SPLINE_CURVE((1.,1.,1.,1.,1.,1.,1.,1.,1.,1.,1.,1.,1.,1.,1.,1.,
1.,1.,1.,1.,1.,1.,1.,1.,1.,1.,1.,1.,1.,1.,1.,1.,1.,1.,1.,1.,1.,1.,1.,1.,
1.,1.,1.,1.,1.,1.,1.,1.,1.,1.,1.,1.,1.,1.,1.,1.,1.,1.,1.,1.,1.,1.,1.,1.,
1.,1.,1.,1.,1.,1.,1.,1.,1.,1.,1.))
REPRESENTATION_ITEM('')
);
#72=(
BOUNDED_CURVE()
B_SPLINE_CURVE(5,(#3167,#3168,#3169,#3170,#3171,#3172,#3173,#3174,#3175,
#3176,#3177,#3178,#3179,#3180,#3181,#3182,#3183,#3184,#3185,#3186,#3187,
#3188,#3189,#3190,#3191,#3192,#3193,#3194,#3195,#3196,#3197,#3198,#3199,
#3200,#3201,#3202,#3203,#3204,#3205,#3206,#3207,#3208,#3209,#3210,#3211),
 .UNSPECIFIED.,.T.,.F.)
B_SPLINE_CURVE_WITH_KNOTS((6,1,1,1,1,1,1,1,1,1,1,1,1,1,1,1,1,1,1,1,1,1,
1,1,1,1,1,1,1,1,1,1,1,1,1,1,1,1,1,1,6),(-1.,-0.975,-0.95,-0.925,-0.9,-0.875,
-0.85,-0.825,-0.8,-0.775,-0.75,-0.725,-0.7,-0.675,-0.65,-0.625,-0.6,-0.575,
-0.55,-0.525,-0.5,-0.475,-0.45,-0.425,-0.4,-0.375,-0.35,-0.325,-0.3,-0.275,
-0.25,-0.225,-0.2,-0.175,-0.15,-0.125,-0.1,-0.075,-0.05,-0.025,0.),
 .UNSPECIFIED.)
CURVE()
GEOMETRIC_REPRESENTATION_ITEM()
RATIONAL_B_SPLINE_CURVE((1.,1.,1.,1.,1.,1.,1.,1.,1.,1.,1.,1.,1.,1.,1.,1.,
1.,1.,1.,1.,1.,1.,1.,1.,1.,1.,1.,1.,1.,1.,1.,1.,1.,1.,1.,1.,1.,1.,1.,1.,
1.,1.,1.,1.,1.))
REPRESENTATION_ITEM('')
);
#73=(
BOUNDED_CURVE()
B_SPLINE_CURVE(5,(#3214,#3215,#3216,#3217,#3218,#3219,#3220,#3221,#3222,
#3223,#3224,#3225,#3226,#3227,#3228,#3229,#3230,#3231,#3232,#3233,#3234,
#3235,#3236,#3237,#3238,#3239,#3240,#3241,#3242,#3243,#3244,#3245,#3246,
#3247,#3248,#3249,#3250,#3251,#3252,#3253,#3254,#3255,#3256,#3257,#3258),
 .UNSPECIFIED.,.T.,.F.)
B_SPLINE_CURVE_WITH_KNOTS((6,1,1,1,1,1,1,1,1,1,1,1,1,1,1,1,1,1,1,1,1,1,
1,1,1,1,1,1,1,1,1,1,1,1,1,1,1,1,1,1,6),(-1.,-0.975,-0.95,-0.925,-0.9,-0.875,
-0.85,-0.825,-0.8,-0.775,-0.75,-0.725,-0.7,-0.675,-0.65,-0.625,-0.6,-0.575,
-0.55,-0.525,-0.5,-0.475,-0.45,-0.425,-0.4,-0.375,-0.35,-0.325,-0.3,-0.275,
-0.25,-0.225,-0.2,-0.175,-0.15,-0.125,-0.1,-0.075,-0.05,-0.025,0.),
 .UNSPECIFIED.)
CURVE()
GEOMETRIC_REPRESENTATION_ITEM()
RATIONAL_B_SPLINE_CURVE((1.,1.,1.,1.,1.,1.,1.,1.,1.,1.,1.,1.,1.,1.,1.,1.,
1.,1.,1.,1.,1.,1.,1.,1.,1.,1.,1.,1.,1.,1.,1.,1.,1.,1.,1.,1.,1.,1.,1.,1.,
1.,1.,1.,1.,1.))
REPRESENTATION_ITEM('')
);
#74=(
BOUNDED_CURVE()
B_SPLINE_CURVE(5,(#3272,#3273,#3274,#3275,#3276,#3277),.UNSPECIFIED.,.F.,
 .F.)
B_SPLINE_CURVE_WITH_KNOTS((6,6),(-1.,-0.997317909817466),.UNSPECIFIED.)
CURVE()
GEOMETRIC_REPRESENTATION_ITEM()
RATIONAL_B_SPLINE_CURVE((1.,1.,1.,1.,1.,1.))
REPRESENTATION_ITEM('')
);
#75=(
BOUNDED_CURVE()
B_SPLINE_CURVE(5,(#3281,#3282,#3283,#3284,#3285,#3286),.UNSPECIFIED.,.F.,
 .F.)
B_SPLINE_CURVE_WITH_KNOTS((6,6),(-1.,-0.997317909817466),.UNSPECIFIED.)
CURVE()
GEOMETRIC_REPRESENTATION_ITEM()
RATIONAL_B_SPLINE_CURVE((1.,1.,1.,1.,1.,1.))
REPRESENTATION_ITEM('')
);
#76=(
BOUNDED_CURVE()
B_SPLINE_CURVE(5,(#3300,#3301,#3302,#3303,#3304,#3305),.UNSPECIFIED.,.F.,
 .F.)
B_SPLINE_CURVE_WITH_KNOTS((6,6),(-0.00305761203502674,0.),.UNSPECIFIED.)
CURVE()
GEOMETRIC_REPRESENTATION_ITEM()
RATIONAL_B_SPLINE_CURVE((1.,1.,1.,1.,1.,1.))
REPRESENTATION_ITEM('')
);
#77=(
BOUNDED_CURVE()
B_SPLINE_CURVE(5,(#3306,#3307,#3308,#3309,#3310,#3311),.UNSPECIFIED.,.F.,
 .F.)
B_SPLINE_CURVE_WITH_KNOTS((6,6),(-0.00305761203502674,0.),.UNSPECIFIED.)
CURVE()
GEOMETRIC_REPRESENTATION_ITEM()
RATIONAL_B_SPLINE_CURVE((1.,1.,1.,1.,1.,1.))
REPRESENTATION_ITEM('')
);
#78=(
BOUNDED_CURVE()
B_SPLINE_CURVE(5,(#3464,#3465,#3466,#3467,#3468,#3469,#3470,#3471,#3472,
#3473,#3474,#3475,#3476,#3477,#3478,#3479,#3480,#3481,#3482,#3483,#3484,
#3485,#3486,#3487,#3488,#3489,#3490,#3491,#3492,#3493,#3494,#3495,#3496,
#3497,#3498,#3499,#3500,#3501,#3502,#3503,#3504,#3505,#3506,#3507,#3508,
#3509,#3510,#3511,#3512,#3513,#3514,#3515,#3516,#3517,#3518,#3519,#3520,
#3521,#3522,#3523,#3524,#3525,#3526,#3527,#3528,#3529,#3530,#3531,#3532,
#3533,#3534,#3535,#3536,#3537,#3538),.UNSPECIFIED.,.F.,.F.)
B_SPLINE_CURVE_WITH_KNOTS((6,1,1,1,1,1,1,1,1,1,1,1,1,1,1,1,1,1,1,1,1,1,
1,1,1,1,1,1,1,1,1,1,1,1,1,1,1,1,1,1,1,1,1,1,1,1,1,1,1,1,1,1,1,1,1,1,1,1,
1,1,1,1,1,1,1,1,1,1,1,1,6),(0.,0.0142857142857143,0.0285714285714286,0.0428571428571429,
0.0571428571428571,0.0714285714285714,0.0857142857142857,0.1,0.114285714285714,
0.128571428571429,0.142857142857143,0.157142857142857,0.171428571428571,
0.185714285714286,0.2,0.214285714285714,0.228571428571429,0.242857142857143,
0.257142857142857,0.271428571428571,0.285714285714286,0.3,0.314285714285714,
0.328571428571429,0.342857142857143,0.357142857142857,0.371428571428571,
0.385714285714286,0.4,0.414285714285714,0.428571428571429,0.442857142857143,
0.457142857142857,0.471428571428571,0.485714285714286,0.5,0.514285714285714,
0.528571428571429,0.542857142857143,0.557142857142857,0.571428571428571,
0.585714285714286,0.6,0.614285714285714,0.628571428571428,0.642857142857142,
0.657142857142857,0.671428571428571,0.685714285714285,0.699999999999999,
0.714285714285714,0.728571428571428,0.742857142857142,0.757142857142856,
0.771428571428571,0.785714285714285,0.799999999999999,0.814285714285713,
0.828571428571428,0.842857142857142,0.857142857142856,0.87142857142857,
0.885714285714284,0.899999999999999,0.914285714285713,0.928571428571427,
0.942857142857141,0.957142857142856,0.97142857142857,0.985714285714284,
0.997317909817465),.UNSPECIFIED.)
CURVE()
GEOMETRIC_REPRESENTATION_ITEM()
RATIONAL_B_SPLINE_CURVE((1.,1.,1.,1.,1.,1.,1.,1.,1.,1.,1.,1.,1.,1.,1.,1.,
1.,1.,1.,1.,1.,1.,1.,1.,1.,1.,1.,1.,1.,1.,1.,1.,1.,1.,1.,1.,1.,1.,1.,1.,
1.,1.,1.,1.,1.,1.,1.,1.,1.,1.,1.,1.,1.,1.,1.,1.,1.,1.,1.,1.,1.,1.,1.,1.,
1.,1.,1.,1.,1.,1.,1.,1.,1.,1.,1.))
REPRESENTATION_ITEM('')
);
#79=(
BOUNDED_CURVE()
B_SPLINE_CURVE(5,(#3574,#3575,#3576,#3577,#3578,#3579,#3580,#3581,#3582,
#3583,#3584,#3585,#3586,#3587,#3588,#3589),.UNSPECIFIED.,.F.,.F.)
B_SPLINE_CURVE_WITH_KNOTS((6,1,1,1,1,1,1,1,1,1,1,6),(0.,0.0333333333333333,
0.0666666666666667,0.1,0.133333333333333,0.166666666666667,0.2,0.233333333333333,
0.266666666666667,0.3,0.333333333333333,0.356637772273332),
 .UNSPECIFIED.)
CURVE()
GEOMETRIC_REPRESENTATION_ITEM()
RATIONAL_B_SPLINE_CURVE((1.,1.,1.,1.,1.,1.,1.,1.,1.,1.,1.,1.,1.,1.,1.,1.))
REPRESENTATION_ITEM('')
);
#80=(
BOUNDED_CURVE()
B_SPLINE_CURVE(5,(#3662,#3663,#3664,#3665,#3666,#3667,#3668,#3669,#3670,
#3671,#3672,#3673,#3674,#3675,#3676,#3677,#3678,#3679,#3680,#3681,#3682,
#3683,#3684,#3685,#3686,#3687,#3688,#3689,#3690,#3691,#3692,#3693,#3694,
#3695,#3696),.UNSPECIFIED.,.F.,.F.)
B_SPLINE_CURVE_WITH_KNOTS((6,1,1,1,1,1,1,1,1,1,1,1,1,1,1,1,1,1,1,1,1,1,
1,1,1,1,1,1,1,1,6),(0.,0.0333333333333333,0.0666666666666667,0.1,0.133333333333333,
0.166666666666667,0.2,0.233333333333333,0.266666666666667,0.3,0.333333333333333,
0.366666666666666,0.4,0.433333333333333,0.466666666666667,0.5,0.533333333333333,
0.566666666666667,0.6,0.633333333333333,0.666666666666667,0.7,0.733333333333333,
0.766666666666667,0.8,0.833333333333333,0.866666666666667,0.9,0.933333333333333,
0.966666666666666,1.),.UNSPECIFIED.)
CURVE()
GEOMETRIC_REPRESENTATION_ITEM()
RATIONAL_B_SPLINE_CURVE((1.,1.,1.,1.,1.,1.,1.,1.,1.,1.,1.,1.,1.,1.,1.,1.,
1.,1.,1.,1.,1.,1.,1.,1.,1.,1.,1.,1.,1.,1.,1.,1.,1.,1.,1.))
REPRESENTATION_ITEM('')
);
#81=(
BOUNDED_CURVE()
B_SPLINE_CURVE(5,(#3769,#3770,#3771,#3772,#3773,#3774,#3775,#3776,#3777,
#3778,#3779,#3780,#3781,#3782,#3783,#3784,#3785,#3786,#3787,#3788,#3789,
#3790,#3791,#3792,#3793,#3794,#3795,#3796,#3797,#3798,#3799,#3800,#3801,
#3802,#3803),.UNSPECIFIED.,.F.,.F.)
B_SPLINE_CURVE_WITH_KNOTS((6,1,1,1,1,1,1,1,1,1,1,1,1,1,1,1,1,1,1,1,1,1,
1,1,1,1,1,1,1,1,6),(0.,0.0333333333333333,0.0666666666666667,0.1,0.133333333333333,
0.166666666666667,0.2,0.233333333333333,0.266666666666667,0.3,0.333333333333333,
0.366666666666666,0.4,0.433333333333333,0.466666666666667,0.5,0.533333333333333,
0.566666666666667,0.6,0.633333333333333,0.666666666666667,0.7,0.733333333333333,
0.766666666666667,0.8,0.833333333333333,0.866666666666667,0.9,0.933333333333333,
0.966666666666666,1.),.UNSPECIFIED.)
CURVE()
GEOMETRIC_REPRESENTATION_ITEM()
RATIONAL_B_SPLINE_CURVE((1.,1.,1.,1.,1.,1.,1.,1.,1.,1.,1.,1.,1.,1.,1.,1.,
1.,1.,1.,1.,1.,1.,1.,1.,1.,1.,1.,1.,1.,1.,1.,1.,1.,1.,1.))
REPRESENTATION_ITEM('')
);
#82=(
BOUNDED_CURVE()
B_SPLINE_CURVE(5,(#3876,#3877,#3878,#3879,#3880,#3881,#3882,#3883,#3884,
#3885,#3886,#3887,#3888,#3889,#3890,#3891,#3892,#3893,#3894,#3895,#3896,
#3897,#3898,#3899,#3900,#3901,#3902,#3903,#3904,#3905,#3906,#3907,#3908,
#3909,#3910),.UNSPECIFIED.,.F.,.F.)
B_SPLINE_CURVE_WITH_KNOTS((6,1,1,1,1,1,1,1,1,1,1,1,1,1,1,1,1,1,1,1,1,1,
1,1,1,1,1,1,1,1,6),(0.,0.0333333333333333,0.0666666666666667,0.1,0.133333333333333,
0.166666666666667,0.2,0.233333333333333,0.266666666666667,0.3,0.333333333333333,
0.366666666666666,0.4,0.433333333333333,0.466666666666667,0.5,0.533333333333333,
0.566666666666667,0.6,0.633333333333333,0.666666666666667,0.7,0.733333333333333,
0.766666666666667,0.8,0.833333333333333,0.866666666666667,0.9,0.933333333333333,
0.966666666666666,1.),.UNSPECIFIED.)
CURVE()
GEOMETRIC_REPRESENTATION_ITEM()
RATIONAL_B_SPLINE_CURVE((1.,1.,1.,1.,1.,1.,1.,1.,1.,1.,1.,1.,1.,1.,1.,1.,
1.,1.,1.,1.,1.,1.,1.,1.,1.,1.,1.,1.,1.,1.,1.,1.,1.,1.,1.))
REPRESENTATION_ITEM('')
);
#83=(
BOUNDED_CURVE()
B_SPLINE_CURVE(5,(#4043,#4044,#4045,#4046,#4047,#4048,#4049,#4050,#4051,
#4052,#4053,#4054,#4055,#4056,#4057,#4058,#4059,#4060,#4061,#4062,#4063,
#4064,#4065,#4066,#4067,#4068,#4069,#4070,#4071,#4072,#4073,#4074,#4075,
#4076,#4077,#4078,#4079,#4080,#4081,#4082,#4083,#4084,#4085,#4086,#4087,
#4088,#4089,#4090,#4091,#4092,#4093,#4094,#4095,#4096,#4097,#4098,#4099,
#4100,#4101,#4102,#4103,#4104,#4105,#4106,#4107),.UNSPECIFIED.,.F.,.F.)
B_SPLINE_CURVE_WITH_KNOTS((6,1,1,1,1,1,1,1,1,1,1,1,1,1,1,1,1,1,1,1,1,1,
1,1,1,1,1,1,1,1,1,1,1,1,1,1,1,1,1,1,1,1,1,1,1,1,1,1,1,1,1,1,1,1,1,1,1,1,
1,1,6),(0.,0.0166666666666667,0.0333333333333333,0.05,0.0666666666666667,
0.0833333333333333,0.1,0.116666666666667,0.133333333333333,0.15,0.166666666666667,
0.183333333333333,0.2,0.216666666666667,0.233333333333333,0.25,0.266666666666667,
0.283333333333333,0.3,0.316666666666667,0.333333333333333,0.35,0.366666666666666,
0.383333333333333,0.4,0.416666666666667,0.433333333333333,0.45,0.466666666666667,
0.483333333333333,0.5,0.516666666666667,0.533333333333333,0.55,0.566666666666667,
0.583333333333333,0.6,0.616666666666667,0.633333333333334,0.65,0.666666666666667,
0.683333333333334,0.700000000000001,0.716666666666667,0.733333333333334,
0.750000000000001,0.766666666666667,0.783333333333334,0.800000000000001,
0.816666666666668,0.833333333333334,0.850000000000001,0.866666666666668,
0.883333333333334,0.900000000000001,0.916666666666668,0.933333333333334,
0.950000000000001,0.966666666666668,0.983333333333335,1.),.UNSPECIFIED.)
CURVE()
GEOMETRIC_REPRESENTATION_ITEM()
RATIONAL_B_SPLINE_CURVE((1.,1.,1.,1.,1.,1.,1.,1.,1.,1.,1.,1.,1.,1.,1.,1.,
1.,1.,1.,1.,1.,1.,1.,1.,1.,1.,1.,1.,1.,1.,1.,1.,1.,1.,1.,1.,1.,1.,1.,1.,
1.,1.,1.,1.,1.,1.,1.,1.,1.,1.,1.,1.,1.,1.,1.,1.,1.,1.,1.,1.,1.,1.,1.,1.,
1.))
REPRESENTATION_ITEM('')
);
#84=(
BOUNDED_CURVE()
B_SPLINE_CURVE(5,(#4150,#4151,#4152,#4153,#4154,#4155,#4156,#4157,#4158,
#4159,#4160,#4161,#4162,#4163,#4164,#4165,#4166,#4167,#4168,#4169),
 .UNSPECIFIED.,.F.,.F.)
B_SPLINE_CURVE_WITH_KNOTS((6,1,1,1,1,1,1,1,1,1,1,1,1,1,1,6),(0.500824184137208,
0.533333333333333,0.566666666666667,0.6,0.633333333333333,0.666666666666667,
0.7,0.733333333333333,0.766666666666667,0.8,0.833333333333333,0.866666666666667,
0.9,0.933333333333333,0.966666666666666,1.),.UNSPECIFIED.)
CURVE()
GEOMETRIC_REPRESENTATION_ITEM()
RATIONAL_B_SPLINE_CURVE((1.,1.,1.,1.,1.,1.,1.,1.,1.,1.,1.,1.,1.,1.,1.,1.,
1.,1.,1.,1.))
REPRESENTATION_ITEM('')
);
#85=(
BOUNDED_CURVE()
B_SPLINE_CURVE(5,(#4282,#4283,#4284,#4285,#4286,#4287,#4288,#4289,#4290,
#4291,#4292,#4293,#4294,#4295,#4296,#4297,#4298,#4299,#4300,#4301,#4302,
#4303,#4304,#4305,#4306,#4307,#4308,#4309,#4310,#4311,#4312,#4313,#4314,
#4315,#4316,#4317,#4318,#4319,#4320,#4321,#4322,#4323,#4324,#4325,#4326,
#4327,#4328,#4329,#4330,#4331,#4332,#4333,#4334,#4335,#4336),
 .UNSPECIFIED.,.F.,.F.)
B_SPLINE_CURVE_WITH_KNOTS((6,1,1,1,1,1,1,1,1,1,1,1,1,1,1,1,1,1,1,1,1,1,
1,1,1,1,1,1,1,1,1,1,1,1,1,1,1,1,1,1,1,1,1,1,1,1,1,1,1,1,6),(0.,0.02,0.04,
0.06,0.08,0.1,0.12,0.14,0.16,0.18,0.2,0.22,0.24,0.26,0.28,0.3,0.32,0.34,
0.36,0.38,0.4,0.42,0.44,0.46,0.48,0.5,0.52,0.54,0.56,0.58,0.6,0.62,0.64,
0.66,0.68,0.7,0.72,0.74,0.76,0.78,0.8,0.82,0.84,0.86,0.88,0.9,0.92,0.94,
0.96,0.98,1.),.UNSPECIFIED.)
CURVE()
GEOMETRIC_REPRESENTATION_ITEM()
RATIONAL_B_SPLINE_CURVE((1.,1.,1.,1.,1.,1.,1.,1.,1.,1.,1.,1.,1.,1.,1.,1.,
1.,1.,1.,1.,1.,1.,1.,1.,1.,1.,1.,1.,1.,1.,1.,1.,1.,1.,1.,1.,1.,1.,1.,1.,
1.,1.,1.,1.,1.,1.,1.,1.,1.,1.,1.,1.,1.,1.,1.))
REPRESENTATION_ITEM('')
);
#86=(
BOUNDED_CURVE()
B_SPLINE_CURVE(5,(#4369,#4370,#4371,#4372,#4373,#4374,#4375,#4376,#4377,
#4378,#4379,#4380,#4381,#4382,#4383),.UNSPECIFIED.,.F.,.F.)
B_SPLINE_CURVE_WITH_KNOTS((6,1,1,1,1,1,1,1,1,1,6),(0.,0.1,0.2,0.3,0.4,0.5,
0.6,0.7,0.8,0.9,1.),.UNSPECIFIED.)
CURVE()
GEOMETRIC_REPRESENTATION_ITEM()
RATIONAL_B_SPLINE_CURVE((1.,1.,1.,1.,1.,1.,1.,1.,1.,1.,1.,1.,1.,1.,1.))
REPRESENTATION_ITEM('')
);
#87=(
BOUNDED_CURVE()
B_SPLINE_CURVE(5,(#4456,#4457,#4458,#4459,#4460,#4461,#4462,#4463,#4464,
#4465,#4466,#4467,#4468,#4469,#4470,#4471,#4472,#4473,#4474,#4475,#4476,
#4477,#4478,#4479,#4480,#4481,#4482,#4483,#4484,#4485,#4486,#4487,#4488,
#4489,#4490),.UNSPECIFIED.,.F.,.F.)
B_SPLINE_CURVE_WITH_KNOTS((6,1,1,1,1,1,1,1,1,1,1,1,1,1,1,1,1,1,1,1,1,1,
1,1,1,1,1,1,1,1,6),(0.,0.0333333333333333,0.0666666666666667,0.1,0.133333333333333,
0.166666666666667,0.2,0.233333333333333,0.266666666666667,0.3,0.333333333333333,
0.366666666666666,0.4,0.433333333333333,0.466666666666667,0.5,0.533333333333333,
0.566666666666667,0.6,0.633333333333333,0.666666666666667,0.7,0.733333333333333,
0.766666666666667,0.8,0.833333333333333,0.866666666666667,0.9,0.933333333333333,
0.966666666666666,1.),.UNSPECIFIED.)
CURVE()
GEOMETRIC_REPRESENTATION_ITEM()
RATIONAL_B_SPLINE_CURVE((1.,1.,1.,1.,1.,1.,1.,1.,1.,1.,1.,1.,1.,1.,1.,1.,
1.,1.,1.,1.,1.,1.,1.,1.,1.,1.,1.,1.,1.,1.,1.,1.,1.,1.,1.))
REPRESENTATION_ITEM('')
);
#88=(
BOUNDED_CURVE()
B_SPLINE_CURVE(5,(#4573,#4574,#4575,#4576,#4577,#4578,#4579,#4580,#4581,
#4582,#4583,#4584,#4585,#4586,#4587,#4588,#4589,#4590,#4591,#4592,#4593,
#4594,#4595,#4596,#4597,#4598,#4599,#4600,#4601,#4602,#4603,#4604,#4605,
#4606,#4607,#4608,#4609,#4610,#4611,#4612),.UNSPECIFIED.,.F.,.F.)
B_SPLINE_CURVE_WITH_KNOTS((6,1,1,1,1,1,1,1,1,1,1,1,1,1,1,1,1,1,1,1,1,1,
1,1,1,1,1,1,1,1,1,1,1,1,1,6),(0.,0.0285714285714286,0.0571428571428571,
0.0857142857142857,0.114285714285714,0.142857142857143,0.171428571428571,
0.2,0.228571428571429,0.257142857142857,0.285714285714286,0.314285714285714,
0.342857142857143,0.371428571428571,0.4,0.428571428571429,0.457142857142857,
0.485714285714286,0.514285714285714,0.542857142857143,0.571428571428572,
0.6,0.628571428571429,0.657142857142857,0.685714285714286,0.714285714285714,
0.742857142857143,0.771428571428571,0.8,0.828571428571429,0.857142857142857,
0.885714285714286,0.914285714285715,0.942857142857143,0.971428571428572,
1.),.UNSPECIFIED.)
CURVE()
GEOMETRIC_REPRESENTATION_ITEM()
RATIONAL_B_SPLINE_CURVE((1.,1.,1.,1.,1.,1.,1.,1.,1.,1.,1.,1.,1.,1.,1.,1.,
1.,1.,1.,1.,1.,1.,1.,1.,1.,1.,1.,1.,1.,1.,1.,1.,1.,1.,1.,1.,1.,1.,1.,1.))
REPRESENTATION_ITEM('')
);
#89=(
BOUNDED_CURVE()
B_SPLINE_CURVE(5,(#4693,#4694,#4695,#4696,#4697,#4698,#4699,#4700,#4701,
#4702,#4703,#4704,#4705,#4706,#4707,#4708,#4709,#4710,#4711,#4712,#4713,
#4714,#4715,#4716,#4717,#4718,#4719,#4720,#4721,#4722,#4723,#4724,#4725,
#4726,#4727,#4728,#4729,#4730,#4731,#4732),.UNSPECIFIED.,.F.,.F.)
B_SPLINE_CURVE_WITH_KNOTS((6,1,1,1,1,1,1,1,1,1,1,1,1,1,1,1,1,1,1,1,1,1,
1,1,1,1,1,1,1,1,1,1,1,1,1,6),(0.00305761203502973,0.0285714285714286,0.0571428571428571,
0.0857142857142857,0.114285714285714,0.142857142857143,0.171428571428571,
0.2,0.228571428571429,0.257142857142857,0.285714285714286,0.314285714285714,
0.342857142857143,0.371428571428571,0.4,0.428571428571429,0.457142857142857,
0.485714285714286,0.514285714285714,0.542857142857143,0.571428571428572,
0.6,0.628571428571429,0.657142857142857,0.685714285714286,0.714285714285714,
0.742857142857143,0.771428571428571,0.8,0.828571428571429,0.857142857142857,
0.885714285714286,0.914285714285715,0.942857142857143,0.971428571428572,
1.),.UNSPECIFIED.)
CURVE()
GEOMETRIC_REPRESENTATION_ITEM()
RATIONAL_B_SPLINE_CURVE((1.,1.,1.,1.,1.,1.,1.,1.,1.,1.,1.,1.,1.,1.,1.,1.,
1.,1.,1.,1.,1.,1.,1.,1.,1.,1.,1.,1.,1.,1.,1.,1.,1.,1.,1.,1.,1.,1.,1.,1.))
REPRESENTATION_ITEM('')
);
#90=(
BOUNDED_CURVE()
B_SPLINE_CURVE(5,(#4786,#4787,#4788,#4789,#4790,#4791,#4792,#4793,#4794,
#4795,#4796,#4797,#4798,#4799,#4800,#4801,#4802,#4803,#4804,#4805,#4806,
#4807,#4808,#4809,#4810),.UNSPECIFIED.,.F.,.F.)
B_SPLINE_CURVE_WITH_KNOTS((6,1,1,1,1,1,1,1,1,1,1,1,1,1,1,1,1,1,1,1,6),(0.,
0.05,0.1,0.15,0.2,0.25,0.3,0.35,0.4,0.45,0.5,0.55,0.6,0.65,0.7,0.75,0.8,
0.85,0.9,0.95,1.),.UNSPECIFIED.)
CURVE()
GEOMETRIC_REPRESENTATION_ITEM()
RATIONAL_B_SPLINE_CURVE((1.,1.,1.,1.,1.,1.,1.,1.,1.,1.,1.,1.,1.,1.,1.,1.,
1.,1.,1.,1.,1.,1.,1.,1.,1.))
REPRESENTATION_ITEM('')
);
#91=(
BOUNDED_CURVE()
B_SPLINE_CURVE(5,(#4814,#4815,#4816,#4817,#4818,#4819,#4820,#4821,#4822,
#4823,#4824,#4825,#4826,#4827,#4828,#4829,#4830,#4831,#4832,#4833,#4834,
#4835,#4836,#4837,#4838),.UNSPECIFIED.,.F.,.F.)
B_SPLINE_CURVE_WITH_KNOTS((6,1,1,1,1,1,1,1,1,1,1,1,1,1,1,1,1,1,1,1,6),(0.,
0.05,0.1,0.15,0.2,0.25,0.3,0.35,0.4,0.45,0.5,0.55,0.6,0.65,0.7,0.75,0.8,
0.85,0.9,0.95,1.),.UNSPECIFIED.)
CURVE()
GEOMETRIC_REPRESENTATION_ITEM()
RATIONAL_B_SPLINE_CURVE((1.,1.,1.,1.,1.,1.,1.,1.,1.,1.,1.,1.,1.,1.,1.,1.,
1.,1.,1.,1.,1.,1.,1.,1.,1.))
REPRESENTATION_ITEM('')
);
#92=(
BOUNDED_CURVE()
B_SPLINE_CURVE(5,(#4870,#4871,#4872,#4873,#4874,#4875,#4876,#4877,#4878,
#4879,#4880,#4881,#4882,#4883,#4884),.UNSPECIFIED.,.F.,.F.)
B_SPLINE_CURVE_WITH_KNOTS((6,1,1,1,1,1,1,1,1,1,6),(0.,0.1,0.2,0.3,0.4,0.5,
0.6,0.7,0.8,0.9,1.),.UNSPECIFIED.)
CURVE()
GEOMETRIC_REPRESENTATION_ITEM()
RATIONAL_B_SPLINE_CURVE((1.,1.,1.,1.,1.,1.,1.,1.,1.,1.,1.,1.,1.,1.,1.))
REPRESENTATION_ITEM('')
);
#93=(
BOUNDED_CURVE()
B_SPLINE_CURVE(5,(#4885,#4886,#4887,#4888,#4889,#4890,#4891,#4892,#4893,
#4894,#4895,#4896,#4897,#4898,#4899),.UNSPECIFIED.,.F.,.F.)
B_SPLINE_CURVE_WITH_KNOTS((6,1,1,1,1,1,1,1,1,1,6),(0.,0.1,0.2,0.3,0.4,0.5,
0.6,0.7,0.8,0.9,1.),.UNSPECIFIED.)
CURVE()
GEOMETRIC_REPRESENTATION_ITEM()
RATIONAL_B_SPLINE_CURVE((1.,1.,1.,1.,1.,1.,1.,1.,1.,1.,1.,1.,1.,1.,1.))
REPRESENTATION_ITEM('')
);
#94=(
BOUNDED_CURVE()
B_SPLINE_CURVE(5,(#4993,#4994,#4995,#4996,#4997,#4998,#4999,#5000,#5001,
#5002,#5003,#5004,#5005,#5006,#5007,#5008,#5009,#5010,#5011,#5012,#5013,
#5014,#5015,#5016,#5017,#5018,#5019,#5020,#5021,#5022,#5023,#5024,#5025,
#5026,#5027,#5028,#5029,#5030,#5031,#5032,#5033,#5034,#5035,#5036,#5037),
 .UNSPECIFIED.,.F.,.F.)
B_SPLINE_CURVE_WITH_KNOTS((6,1,1,1,1,1,1,1,1,1,1,1,1,1,1,1,1,1,1,1,1,1,
1,1,1,1,1,1,1,1,1,1,1,1,1,1,1,1,1,1,6),(-1.,-0.975,-0.95,-0.925,-0.9,-0.875,
-0.85,-0.825,-0.8,-0.775,-0.75,-0.725,-0.7,-0.675,-0.65,-0.625,-0.6,-0.575,
-0.55,-0.525,-0.5,-0.475,-0.45,-0.425,-0.4,-0.375,-0.35,-0.325,-0.3,-0.275,
-0.25,-0.225,-0.2,-0.175,-0.15,-0.125,-0.1,-0.075,-0.05,-0.025,0.),
 .UNSPECIFIED.)
CURVE()
GEOMETRIC_REPRESENTATION_ITEM()
RATIONAL_B_SPLINE_CURVE((1.,1.,1.,1.,1.,1.,1.,1.,1.,1.,1.,1.,1.,1.,1.,1.,
1.,1.,1.,1.,1.,1.,1.,1.,1.,1.,1.,1.,1.,1.,1.,1.,1.,1.,1.,1.,1.,1.,1.,1.,
1.,1.,1.,1.,1.))
REPRESENTATION_ITEM('')
);
#95=(
BOUNDED_CURVE()
B_SPLINE_CURVE(5,(#5071,#5072,#5073,#5074,#5075,#5076,#5077,#5078,#5079,
#5080,#5081,#5082,#5083,#5084,#5085),.UNSPECIFIED.,.F.,.F.)
B_SPLINE_CURVE_WITH_KNOTS((6,1,1,1,1,1,1,1,1,1,6),(-1.,-0.9,-0.8,-0.7,-0.6,
-0.5,-0.4,-0.3,-0.2,-0.1,0.),.UNSPECIFIED.)
CURVE()
GEOMETRIC_REPRESENTATION_ITEM()
RATIONAL_B_SPLINE_CURVE((1.,1.,1.,1.,1.,1.,1.,1.,1.,1.,1.,1.,1.,1.,1.))
REPRESENTATION_ITEM('')
);
#96=(
BOUNDED_CURVE()
B_SPLINE_CURVE(5,(#5118,#5119,#5120,#5121,#5122,#5123,#5124,#5125,#5126,
#5127,#5128,#5129,#5130,#5131,#5132),.UNSPECIFIED.,.F.,.F.)
B_SPLINE_CURVE_WITH_KNOTS((6,1,1,1,1,1,1,1,1,1,6),(-1.,-0.9,-0.8,-0.7,-0.6,
-0.5,-0.4,-0.3,-0.2,-0.1,0.),.UNSPECIFIED.)
CURVE()
GEOMETRIC_REPRESENTATION_ITEM()
RATIONAL_B_SPLINE_CURVE((1.,1.,1.,1.,1.,1.,1.,1.,1.,1.,1.,1.,1.,1.,1.))
REPRESENTATION_ITEM('')
);
#97=(
BOUNDED_CURVE()
B_SPLINE_CURVE(5,(#5205,#5206,#5207,#5208,#5209,#5210,#5211,#5212,#5213,
#5214,#5215,#5216,#5217,#5218,#5219,#5220,#5221,#5222,#5223,#5224,#5225,
#5226,#5227,#5228,#5229,#5230,#5231,#5232,#5233,#5234,#5235,#5236,#5237,
#5238,#5239),.UNSPECIFIED.,.F.,.F.)
B_SPLINE_CURVE_WITH_KNOTS((6,1,1,1,1,1,1,1,1,1,1,1,1,1,1,1,1,1,1,1,1,1,
1,1,1,1,1,1,1,1,6),(-1.,-0.966666666666666,-0.933333333333333,-0.9,-0.866666666666667,
-0.833333333333333,-0.8,-0.766666666666667,-0.733333333333333,-0.7,-0.666666666666667,
-0.633333333333333,-0.6,-0.566666666666667,-0.533333333333333,-0.5,-0.466666666666667,
-0.433333333333333,-0.4,-0.366666666666666,-0.333333333333333,-0.3,-0.266666666666667,
-0.233333333333333,-0.2,-0.166666666666667,-0.133333333333333,-0.1,-0.0666666666666667,
-0.0333333333333333,0.),.UNSPECIFIED.)
CURVE()
GEOMETRIC_REPRESENTATION_ITEM()
RATIONAL_B_SPLINE_CURVE((1.,1.,1.,1.,1.,1.,1.,1.,1.,1.,1.,1.,1.,1.,1.,1.,
1.,1.,1.,1.,1.,1.,1.,1.,1.,1.,1.,1.,1.,1.,1.,1.,1.,1.,1.))
REPRESENTATION_ITEM('')
);
#98=(
BOUNDED_CURVE()
B_SPLINE_CURVE(5,(#5272,#5273,#5274,#5275,#5276,#5277,#5278,#5279,#5280,
#5281,#5282,#5283,#5284,#5285,#5286),.UNSPECIFIED.,.F.,.F.)
B_SPLINE_CURVE_WITH_KNOTS((6,1,1,1,1,1,1,1,1,1,6),(-1.,-0.9,-0.8,-0.7,-0.6,
-0.5,-0.4,-0.3,-0.2,-0.1,0.),.UNSPECIFIED.)
CURVE()
GEOMETRIC_REPRESENTATION_ITEM()
RATIONAL_B_SPLINE_CURVE((1.,1.,1.,1.,1.,1.,1.,1.,1.,1.,1.,1.,1.,1.,1.))
REPRESENTATION_ITEM('')
);
#99=(
BOUNDED_CURVE()
B_SPLINE_CURVE(5,(#5523,#5524,#5525,#5526,#5527,#5528,#5529,#5530,#5531,
#5532,#5533,#5534,#5535,#5536,#5537,#5538,#5539,#5540,#5541,#5542,#5543,
#5544,#5545,#5546,#5547,#5548,#5549,#5550,#5551,#5552,#5553,#5554,#5555,
#5556,#5557,#5558,#5559,#5560,#5561,#5562,#5563,#5564,#5565,#5566,#5567,
#5568,#5569,#5570,#5571,#5572,#5573,#5574,#5575,#5576,#5577,#5578,#5579,
#5580,#5581,#5582,#5583,#5584,#5585,#5586,#5587,#5588,#5589,#5590,#5591,
#5592,#5593,#5594,#5595,#5596,#5597,#5598,#5599,#5600,#5601,#5602,#5603,
#5604,#5605,#5606,#5607,#5608,#5609,#5610,#5611,#5612,#5613,#5614,#5615,
#5616,#5617,#5618,#5619,#5620,#5621,#5622,#5623,#5624,#5625,#5626,#5627,
#5628,#5629,#5630,#5631,#5632,#5633,#5634,#5635,#5636,#5637),
 .UNSPECIFIED.,.F.,.F.)
B_SPLINE_CURVE_WITH_KNOTS((6,1,1,1,1,1,1,1,1,1,1,1,1,1,1,1,1,1,1,1,1,1,
1,1,1,1,1,1,1,1,1,1,1,1,1,1,1,1,1,1,1,1,1,1,1,1,1,1,1,1,1,1,1,1,1,1,1,1,
1,1,1,1,1,1,1,1,1,1,1,1,1,1,1,1,1,1,1,1,1,1,1,1,1,1,1,1,1,1,1,1,1,1,1,1,
1,1,1,1,1,1,1,1,1,1,1,1,1,1,1,1,6),(-1.,-0.990909090909088,-0.981818181818179,
-0.97272727272727,-0.963636363636361,-0.954545454545452,-0.945454545454543,
-0.936363636363634,-0.927272727272725,-0.918181818181816,-0.909090909090907,
-0.899999999999998,-0.890909090909089,-0.88181818181818,-0.872727272727271,
-0.863636363636362,-0.854545454545453,-0.845454545454543,-0.836363636363635,
-0.827272727272726,-0.818181818181816,-0.809090909090907,-0.799999999999998,
-0.790909090909089,-0.78181818181818,-0.772727272727271,-0.763636363636362,
-0.754545454545453,-0.745454545454544,-0.736363636363635,-0.727272727272726,
-0.718181818181817,-0.709090909090908,-0.699999999999999,-0.69090909090909,
-0.681818181818181,-0.672727272727272,-0.663636363636363,-0.654545454545454,
-0.645454545454545,-0.636363636363636,-0.627272727272727,-0.618181818181818,
-0.609090909090909,-0.6,-0.59090909090909,-0.581818181818181,-0.572727272727272,
-0.563636363636363,-0.554545454545454,-0.545454545454545,-0.536363636363636,
-0.527272727272727,-0.518181818181818,-0.509090909090909,-0.5,-0.490909090909091,
-0.481818181818182,-0.472727272727273,-0.463636363636364,-0.454545454545455,
-0.445454545454546,-0.436363636363637,-0.427272727272727,-0.418181818181818,
-0.409090909090909,-0.4,-0.390909090909091,-0.381818181818182,-0.372727272727273,
-0.363636363636364,-0.354545454545455,-0.345454545454546,-0.336363636363636,
-0.327272727272727,-0.318181818181818,-0.309090909090909,-0.3,-0.290909090909091,
-0.281818181818182,-0.272727272727273,-0.263636363636364,-0.254545454545455,
-0.245454545454546,-0.236363636363636,-0.227272727272727,-0.218181818181818,
-0.209090909090909,-0.2,-0.190909090909091,-0.181818181818182,-0.172727272727273,
-0.163636363636364,-0.154545454545455,-0.145454545454545,-0.136363636363636,
-0.127272727272727,-0.118181818181818,-0.109090909090909,-0.1,-0.0909090909090909,
-0.0818181818181818,-0.0727272727272727,-0.0636363636363636,-0.0545454545454545,
-0.0454545454545455,-0.0363636363636364,-0.0272727272727273,-0.0181818181818182,
-0.00909090909090909,0.),.UNSPECIFIED.)
CURVE()
GEOMETRIC_REPRESENTATION_ITEM()
RATIONAL_B_SPLINE_CURVE((1.,1.,1.,1.,1.,1.,1.,1.,1.,1.,1.,1.,1.,1.,1.,1.,
1.,1.,1.,1.,1.,1.,1.,1.,1.,1.,1.,1.,1.,1.,1.,1.,1.,1.,1.,1.,1.,1.,1.,1.,
1.,1.,1.,1.,1.,1.,1.,1.,1.,1.,1.,1.,1.,1.,1.,1.,1.,1.,1.,1.,1.,1.,1.,1.,
1.,1.,1.,1.,1.,1.,1.,1.,1.,1.,1.,1.,1.,1.,1.,1.,1.,1.,1.,1.,1.,1.,1.,1.,
1.,1.,1.,1.,1.,1.,1.,1.,1.,1.,1.,1.,1.,1.,1.,1.,1.,1.,1.,1.,1.,1.,1.,1.,
1.,1.,1.))
REPRESENTATION_ITEM('')
);
#100=(
BOUNDED_CURVE()
B_SPLINE_CURVE(5,(#5708,#5709,#5710,#5711,#5712,#5713,#5714,#5715,#5716,
#5717,#5718,#5719,#5720,#5721,#5722,#5723,#5724,#5725,#5726,#5727,#5728,
#5729,#5730,#5731,#5732,#5733,#5734,#5735,#5736,#5737,#5738,#5739,#5740,
#5741,#5742),.UNSPECIFIED.,.F.,.F.)
B_SPLINE_CURVE_WITH_KNOTS((6,1,1,1,1,1,1,1,1,1,1,1,1,1,1,1,1,1,1,1,1,1,
1,1,1,1,1,1,1,1,6),(-1.,-0.966666666666666,-0.933333333333333,-0.9,-0.866666666666667,
-0.833333333333333,-0.8,-0.766666666666667,-0.733333333333333,-0.7,-0.666666666666667,
-0.633333333333333,-0.6,-0.566666666666667,-0.533333333333333,-0.5,-0.466666666666667,
-0.433333333333333,-0.4,-0.366666666666666,-0.333333333333333,-0.3,-0.266666666666667,
-0.233333333333333,-0.2,-0.166666666666667,-0.133333333333333,-0.1,-0.0666666666666667,
-0.0333333333333333,0.),.UNSPECIFIED.)
CURVE()
GEOMETRIC_REPRESENTATION_ITEM()
RATIONAL_B_SPLINE_CURVE((1.,1.,1.,1.,1.,1.,1.,1.,1.,1.,1.,1.,1.,1.,1.,1.,
1.,1.,1.,1.,1.,1.,1.,1.,1.,1.,1.,1.,1.,1.,1.,1.,1.,1.,1.))
REPRESENTATION_ITEM('')
);
#101=(
BOUNDED_CURVE()
B_SPLINE_CURVE(5,(#5837,#5838,#5839,#5840,#5841,#5842,#5843,#5844,#5845,
#5846,#5847,#5848,#5849,#5850,#5851,#5852,#5853,#5854,#5855,#5856,#5857,
#5858,#5859,#5860,#5861,#5862,#5863,#5864,#5865,#5866,#5867,#5868,#5869,
#5870,#5871,#5872,#5873,#5874,#5875,#5876,#5877,#5878,#5879,#5880,#5881),
 .UNSPECIFIED.,.F.,.F.)
B_SPLINE_CURVE_WITH_KNOTS((6,1,1,1,1,1,1,1,1,1,1,1,1,1,1,1,1,1,1,1,1,1,
1,1,1,1,1,1,1,1,1,1,1,1,1,1,1,1,1,1,6),(0.,0.025,0.05,0.075,0.1,0.125,0.15,
0.175,0.2,0.225,0.25,0.275,0.3,0.325,0.35,0.375,0.4,0.425,0.45,0.475,0.5,
0.525,0.55,0.575,0.6,0.625,0.65,0.675,0.7,0.725,0.75,0.775,0.8,0.825,0.85,
0.875,0.9,0.925,0.95,0.975,1.),.UNSPECIFIED.)
CURVE()
GEOMETRIC_REPRESENTATION_ITEM()
RATIONAL_B_SPLINE_CURVE((1.,1.,1.,1.,1.,1.,1.,1.,1.,1.,1.,1.,1.,1.,1.,1.,
1.,1.,1.,1.,1.,1.,1.,1.,1.,1.,1.,1.,1.,1.,1.,1.,1.,1.,1.,1.,1.,1.,1.,1.,
1.,1.,1.,1.,1.))
REPRESENTATION_ITEM('')
);
#102=(
BOUNDED_CURVE()
B_SPLINE_CURVE(5,(#5985,#5986,#5987,#5988,#5989,#5990,#5991,#5992,#5993,
#5994,#5995,#5996,#5997,#5998,#5999,#6000,#6001,#6002,#6003,#6004,#6005,
#6006,#6007,#6008,#6009,#6010,#6011,#6012,#6013,#6014,#6015,#6016,#6017,
#6018,#6019,#6020,#6021,#6022,#6023,#6024,#6025,#6026,#6027,#6028,#6029,
#6030,#6031,#6032,#6033,#6034),.UNSPECIFIED.,.F.,.F.)
B_SPLINE_CURVE_WITH_KNOTS((6,1,1,1,1,1,1,1,1,1,1,1,1,1,1,1,1,1,1,1,1,1,
1,1,1,1,1,1,1,1,1,1,1,1,1,1,1,1,1,1,1,1,1,1,1,6),(0.,0.0222222222222222,
0.0444444444444445,0.0666666666666667,0.0888888888888889,0.111111111111111,
0.133333333333333,0.155555555555556,0.177777777777778,0.2,0.222222222222222,
0.244444444444444,0.266666666666667,0.288888888888889,0.311111111111111,
0.333333333333333,0.355555555555555,0.377777777777778,0.4,0.422222222222222,
0.444444444444444,0.466666666666667,0.488888888888889,0.511111111111111,
0.533333333333333,0.555555555555555,0.577777777777778,0.6,0.622222222222222,
0.644444444444444,0.666666666666667,0.688888888888889,0.711111111111111,
0.733333333333333,0.755555555555556,0.777777777777778,0.8,0.822222222222222,
0.844444444444445,0.866666666666667,0.888888888888889,0.911111111111111,
0.933333333333334,0.955555555555556,0.977777777777778,1.),.UNSPECIFIED.)
CURVE()
GEOMETRIC_REPRESENTATION_ITEM()
RATIONAL_B_SPLINE_CURVE((1.,1.,1.,1.,1.,1.,1.,1.,1.,1.,1.,1.,1.,1.,1.,1.,
1.,1.,1.,1.,1.,1.,1.,1.,1.,1.,1.,1.,1.,1.,1.,1.,1.,1.,1.,1.,1.,1.,1.,1.,
1.,1.,1.,1.,1.,1.,1.,1.,1.,1.))
REPRESENTATION_ITEM('')
);
#103=(
BOUNDED_CURVE()
B_SPLINE_CURVE(5,(#6115,#6116,#6117,#6118,#6119,#6120,#6121,#6122,#6123,
#6124,#6125,#6126,#6127,#6128,#6129,#6130,#6131,#6132,#6133,#6134,#6135,
#6136,#6137,#6138,#6139,#6140,#6141,#6142,#6143,#6144,#6145,#6146,#6147,
#6148,#6149,#6150,#6151,#6152,#6153,#6154),.UNSPECIFIED.,.F.,.F.)
B_SPLINE_CURVE_WITH_KNOTS((6,1,1,1,1,1,1,1,1,1,1,1,1,1,1,1,1,1,1,1,1,1,
1,1,1,1,1,1,1,1,1,1,1,1,1,6),(0.,0.0285714285714286,0.0571428571428571,
0.0857142857142857,0.114285714285714,0.142857142857143,0.171428571428571,
0.2,0.228571428571429,0.257142857142857,0.285714285714286,0.314285714285714,
0.342857142857143,0.371428571428571,0.4,0.428571428571429,0.457142857142857,
0.485714285714286,0.514285714285714,0.542857142857143,0.571428571428572,
0.6,0.628571428571429,0.657142857142857,0.685714285714286,0.714285714285714,
0.742857142857143,0.771428571428571,0.8,0.828571428571429,0.857142857142857,
0.885714285714286,0.914285714285715,0.942857142857143,0.971428571428572,
1.),.UNSPECIFIED.)
CURVE()
GEOMETRIC_REPRESENTATION_ITEM()
RATIONAL_B_SPLINE_CURVE((1.,1.,1.,1.,1.,1.,1.,1.,1.,1.,1.,1.,1.,1.,1.,1.,
1.,1.,1.,1.,1.,1.,1.,1.,1.,1.,1.,1.,1.,1.,1.,1.,1.,1.,1.,1.,1.,1.,1.,1.))
REPRESENTATION_ITEM('')
);
#104=FACE_BOUND('',#259,.T.);
#105=FACE_BOUND('',#260,.T.);
#106=FACE_BOUND('',#261,.T.);
#107=FACE_BOUND('',#262,.T.);
#108=FACE_BOUND('',#263,.T.);
#109=FACE_BOUND('',#264,.T.);
#110=FACE_BOUND('',#265,.T.);
#111=FACE_BOUND('',#286,.T.);
#112=FACE_BOUND('',#298,.T.);
#113=FACE_BOUND('',#315,.T.);
#114=FACE_BOUND('',#320,.T.);
#115=FACE_BOUND('',#325,.T.);
#116=FACE_BOUND('',#335,.T.);
#117=FACE_BOUND('',#355,.T.);
#118=FACE_BOUND('',#360,.T.);
#119=PLANE('',#1633);
#120=PLANE('',#1638);
#121=PLANE('',#1639);
#122=PLANE('',#1640);
#123=PLANE('',#1641);
#124=PLANE('',#1642);
#125=PLANE('',#1643);
#126=PLANE('',#1644);
#127=PLANE('',#1645);
#128=PLANE('',#1646);
#129=PLANE('',#1647);
#130=PLANE('',#1648);
#131=PLANE('',#1649);
#132=PLANE('',#1650);
#133=PLANE('',#1651);
#134=PLANE('',#1652);
#135=PLANE('',#1653);
#136=PLANE('',#1656);
#137=PLANE('',#1660);
#138=PLANE('',#1663);
#139=PLANE('',#1667);
#140=PLANE('',#1670);
#141=PLANE('',#1674);
#142=PLANE('',#1675);
#143=PLANE('',#1679);
#144=PLANE('',#1683);
#145=PLANE('',#1686);
#146=PLANE('',#1690);
#147=PLANE('',#1725);
#148=PLANE('',#1728);
#149=PLANE('',#1729);
#150=PLANE('',#1730);
#151=PLANE('',#1731);
#152=PLANE('',#1732);
#153=PLANE('',#1737);
#154=PLANE('',#1738);
#155=PLANE('',#1739);
#156=PLANE('',#1740);
#157=PLANE('',#1741);
#158=PLANE('',#1742);
#159=PLANE('',#1743);
#160=FACE_OUTER_BOUND('',#256,.T.);
#161=FACE_OUTER_BOUND('',#257,.T.);
#162=FACE_OUTER_BOUND('',#258,.T.);
#163=FACE_OUTER_BOUND('',#266,.T.);
#164=FACE_OUTER_BOUND('',#267,.T.);
#165=FACE_OUTER_BOUND('',#268,.T.);
#166=FACE_OUTER_BOUND('',#269,.T.);
#167=FACE_OUTER_BOUND('',#270,.T.);
#168=FACE_OUTER_BOUND('',#271,.T.);
#169=FACE_OUTER_BOUND('',#272,.T.);
#170=FACE_OUTER_BOUND('',#273,.T.);
#171=FACE_OUTER_BOUND('',#274,.T.);
#172=FACE_OUTER_BOUND('',#275,.T.);
#173=FACE_OUTER_BOUND('',#276,.T.);
#174=FACE_OUTER_BOUND('',#277,.T.);
#175=FACE_OUTER_BOUND('',#278,.T.);
#176=FACE_OUTER_BOUND('',#279,.T.);
#177=FACE_OUTER_BOUND('',#280,.T.);
#178=FACE_OUTER_BOUND('',#281,.T.);
#179=FACE_OUTER_BOUND('',#282,.T.);
#180=FACE_OUTER_BOUND('',#283,.T.);
#181=FACE_OUTER_BOUND('',#284,.T.);
#182=FACE_OUTER_BOUND('',#285,.T.);
#183=FACE_OUTER_BOUND('',#287,.T.);
#184=FACE_OUTER_BOUND('',#288,.T.);
#185=FACE_OUTER_BOUND('',#289,.T.);
#186=FACE_OUTER_BOUND('',#290,.T.);
#187=FACE_OUTER_BOUND('',#291,.T.);
#188=FACE_OUTER_BOUND('',#292,.T.);
#189=FACE_OUTER_BOUND('',#293,.T.);
#190=FACE_OUTER_BOUND('',#294,.T.);
#191=FACE_OUTER_BOUND('',#295,.T.);
#192=FACE_OUTER_BOUND('',#296,.T.);
#193=FACE_OUTER_BOUND('',#297,.T.);
#194=FACE_OUTER_BOUND('',#299,.T.);
#195=FACE_OUTER_BOUND('',#300,.T.);
#196=FACE_OUTER_BOUND('',#301,.T.);
#197=FACE_OUTER_BOUND('',#302,.T.);
#198=FACE_OUTER_BOUND('',#303,.T.);
#199=FACE_OUTER_BOUND('',#304,.T.);
#200=FACE_OUTER_BOUND('',#305,.T.);
#201=FACE_OUTER_BOUND('',#306,.T.);
#202=FACE_OUTER_BOUND('',#307,.T.);
#203=FACE_OUTER_BOUND('',#308,.T.);
#204=FACE_OUTER_BOUND('',#309,.T.);
#205=FACE_OUTER_BOUND('',#310,.T.);
#206=FACE_OUTER_BOUND('',#311,.T.);
#207=FACE_OUTER_BOUND('',#312,.T.);
#208=FACE_OUTER_BOUND('',#313,.T.);
#209=FACE_OUTER_BOUND('',#314,.T.);
#210=FACE_OUTER_BOUND('',#316,.T.);
#211=FACE_OUTER_BOUND('',#317,.T.);
#212=FACE_OUTER_BOUND('',#318,.T.);
#213=FACE_OUTER_BOUND('',#319,.T.);
#214=FACE_OUTER_BOUND('',#321,.T.);
#215=FACE_OUTER_BOUND('',#322,.T.);
#216=FACE_OUTER_BOUND('',#323,.T.);
#217=FACE_OUTER_BOUND('',#324,.T.);
#218=FACE_OUTER_BOUND('',#326,.T.);
#219=FACE_OUTER_BOUND('',#327,.T.);
#220=FACE_OUTER_BOUND('',#328,.T.);
#221=FACE_OUTER_BOUND('',#329,.T.);
#222=FACE_OUTER_BOUND('',#330,.T.);
#223=FACE_OUTER_BOUND('',#331,.T.);
#224=FACE_OUTER_BOUND('',#332,.T.);
#225=FACE_OUTER_BOUND('',#333,.T.);
#226=FACE_OUTER_BOUND('',#334,.T.);
#227=FACE_OUTER_BOUND('',#336,.T.);
#228=FACE_OUTER_BOUND('',#337,.T.);
#229=FACE_OUTER_BOUND('',#338,.T.);
#230=FACE_OUTER_BOUND('',#339,.T.);
#231=FACE_OUTER_BOUND('',#340,.T.);
#232=FACE_OUTER_BOUND('',#341,.T.);
#233=FACE_OUTER_BOUND('',#342,.T.);
#234=FACE_OUTER_BOUND('',#343,.T.);
#235=FACE_OUTER_BOUND('',#344,.T.);
#236=FACE_OUTER_BOUND('',#345,.T.);
#237=FACE_OUTER_BOUND('',#346,.T.);
#238=FACE_OUTER_BOUND('',#347,.T.);
#239=FACE_OUTER_BOUND('',#348,.T.);
#240=FACE_OUTER_BOUND('',#349,.T.);
#241=FACE_OUTER_BOUND('',#350,.T.);
#242=FACE_OUTER_BOUND('',#351,.T.);
#243=FACE_OUTER_BOUND('',#352,.T.);
#244=FACE_OUTER_BOUND('',#353,.T.);
#245=FACE_OUTER_BOUND('',#354,.T.);
#246=FACE_OUTER_BOUND('',#356,.T.);
#247=FACE_OUTER_BOUND('',#357,.T.);
#248=FACE_OUTER_BOUND('',#358,.T.);
#249=FACE_OUTER_BOUND('',#359,.T.);
#250=FACE_OUTER_BOUND('',#361,.T.);
#251=FACE_OUTER_BOUND('',#362,.T.);
#252=FACE_OUTER_BOUND('',#363,.T.);
#253=FACE_OUTER_BOUND('',#364,.T.);
#254=FACE_OUTER_BOUND('',#365,.T.);
#255=FACE_OUTER_BOUND('',#366,.T.);
#256=EDGE_LOOP('',(#1037,#1038,#1039,#1040));
#257=EDGE_LOOP('',(#1041,#1042,#1043,#1044));
#258=EDGE_LOOP('',(#1045,#1046,#1047,#1048,#1049,#1050,#1051,#1052,#1053,
#1054,#1055,#1056));
#259=EDGE_LOOP('',(#1057));
#260=EDGE_LOOP('',(#1058));
#261=EDGE_LOOP('',(#1059));
#262=EDGE_LOOP('',(#1060));
#263=EDGE_LOOP('',(#1061,#1062,#1063));
#264=EDGE_LOOP('',(#1064,#1065,#1066,#1067,#1068,#1069,#1070,#1071));
#265=EDGE_LOOP('',(#1072,#1073,#1074,#1075,#1076,#1077,#1078,#1079,#1080,
#1081,#1082,#1083));
#266=EDGE_LOOP('',(#1084,#1085,#1086,#1087));
#267=EDGE_LOOP('',(#1088,#1089,#1090,#1091));
#268=EDGE_LOOP('',(#1092,#1093,#1094,#1095));
#269=EDGE_LOOP('',(#1096,#1097,#1098,#1099,#1100,#1101,#1102,#1103));
#270=EDGE_LOOP('',(#1104,#1105,#1106,#1107));
#271=EDGE_LOOP('',(#1108,#1109,#1110,#1111));
#272=EDGE_LOOP('',(#1112,#1113,#1114,#1115));
#273=EDGE_LOOP('',(#1116,#1117,#1118,#1119));
#274=EDGE_LOOP('',(#1120,#1121,#1122,#1123));
#275=EDGE_LOOP('',(#1124,#1125,#1126,#1127));
#276=EDGE_LOOP('',(#1128,#1129,#1130,#1131));
#277=EDGE_LOOP('',(#1132,#1133,#1134,#1135));
#278=EDGE_LOOP('',(#1136,#1137,#1138,#1139));
#279=EDGE_LOOP('',(#1140,#1141,#1142,#1143));
#280=EDGE_LOOP('',(#1144,#1145,#1146,#1147));
#281=EDGE_LOOP('',(#1148,#1149,#1150,#1151));
#282=EDGE_LOOP('',(#1152,#1153,#1154,#1155));
#283=EDGE_LOOP('',(#1156,#1157,#1158,#1159));
#284=EDGE_LOOP('',(#1160,#1161,#1162,#1163));
#285=EDGE_LOOP('',(#1164,#1165,#1166,#1167,#1168,#1169,#1170,#1171,#1172,
#1173,#1174,#1175,#1176,#1177));
#286=EDGE_LOOP('',(#1178));
#287=EDGE_LOOP('',(#1179,#1180,#1181,#1182));
#288=EDGE_LOOP('',(#1183,#1184,#1185,#1186));
#289=EDGE_LOOP('',(#1187,#1188,#1189,#1190));
#290=EDGE_LOOP('',(#1191,#1192,#1193,#1194));
#291=EDGE_LOOP('',(#1195,#1196,#1197,#1198));
#292=EDGE_LOOP('',(#1199,#1200,#1201,#1202));
#293=EDGE_LOOP('',(#1203,#1204,#1205,#1206));
#294=EDGE_LOOP('',(#1207,#1208,#1209,#1210));
#295=EDGE_LOOP('',(#1211,#1212,#1213,#1214));
#296=EDGE_LOOP('',(#1215,#1216,#1217,#1218));
#297=EDGE_LOOP('',(#1219,#1220,#1221,#1222,#1223,#1224,#1225,#1226));
#298=EDGE_LOOP('',(#1227,#1228));
#299=EDGE_LOOP('',(#1229,#1230,#1231,#1232));
#300=EDGE_LOOP('',(#1233,#1234,#1235,#1236));
#301=EDGE_LOOP('',(#1237,#1238,#1239,#1240));
#302=EDGE_LOOP('',(#1241,#1242,#1243));
#303=EDGE_LOOP('',(#1244,#1245));
#304=EDGE_LOOP('',(#1246,#1247));
#305=EDGE_LOOP('',(#1248));
#306=EDGE_LOOP('',(#1249,#1250,#1251,#1252));
#307=EDGE_LOOP('',(#1253,#1254,#1255,#1256));
#308=EDGE_LOOP('',(#1257,#1258,#1259,#1260));
#309=EDGE_LOOP('',(#1261,#1262,#1263,#1264));
#310=EDGE_LOOP('',(#1265,#1266,#1267,#1268));
#311=EDGE_LOOP('',(#1269,#1270,#1271,#1272));
#312=EDGE_LOOP('',(#1273));
#313=EDGE_LOOP('',(#1274,#1275,#1276,#1277));
#314=EDGE_LOOP('',(#1278));
#315=EDGE_LOOP('',(#1279));
#316=EDGE_LOOP('',(#1280,#1281,#1282,#1283));
#317=EDGE_LOOP('',(#1284));
#318=EDGE_LOOP('',(#1285,#1286,#1287,#1288));
#319=EDGE_LOOP('',(#1289));
#320=EDGE_LOOP('',(#1290));
#321=EDGE_LOOP('',(#1291,#1292,#1293,#1294));
#322=EDGE_LOOP('',(#1295));
#323=EDGE_LOOP('',(#1296,#1297,#1298,#1299));
#324=EDGE_LOOP('',(#1300));
#325=EDGE_LOOP('',(#1301));
#326=EDGE_LOOP('',(#1302,#1303,#1304,#1305));
#327=EDGE_LOOP('',(#1306,#1307,#1308,#1309));
#328=EDGE_LOOP('',(#1310,#1311,#1312,#1313));
#329=EDGE_LOOP('',(#1314,#1315,#1316,#1317));
#330=EDGE_LOOP('',(#1318,#1319,#1320,#1321));
#331=EDGE_LOOP('',(#1322,#1323,#1324,#1325));
#332=EDGE_LOOP('',(#1326));
#333=EDGE_LOOP('',(#1327,#1328,#1329,#1330));
#334=EDGE_LOOP('',(#1331));
#335=EDGE_LOOP('',(#1332));
#336=EDGE_LOOP('',(#1333,#1334,#1335,#1336));
#337=EDGE_LOOP('',(#1337,#1338,#1339,#1340));
#338=EDGE_LOOP('',(#1341,#1342,#1343,#1344));
#339=EDGE_LOOP('',(#1345,#1346,#1347,#1348));
#340=EDGE_LOOP('',(#1349,#1350,#1351,#1352));
#341=EDGE_LOOP('',(#1353,#1354,#1355,#1356));
#342=EDGE_LOOP('',(#1357,#1358,#1359,#1360));
#343=EDGE_LOOP('',(#1361,#1362,#1363,#1364));
#344=EDGE_LOOP('',(#1365,#1366,#1367,#1368));
#345=EDGE_LOOP('',(#1369,#1370,#1371,#1372));
#346=EDGE_LOOP('',(#1373,#1374,#1375,#1376));
#347=EDGE_LOOP('',(#1377,#1378,#1379,#1380));
#348=EDGE_LOOP('',(#1381,#1382,#1383,#1384));
#349=EDGE_LOOP('',(#1385,#1386,#1387,#1388));
#350=EDGE_LOOP('',(#1389,#1390,#1391,#1392));
#351=EDGE_LOOP('',(#1393,#1394,#1395,#1396));
#352=EDGE_LOOP('',(#1397,#1398,#1399,#1400));
#353=EDGE_LOOP('',(#1401,#1402,#1403,#1404));
#354=EDGE_LOOP('',(#1405,#1406,#1407,#1408,#1409,#1410,#1411,#1412,#1413,
#1414,#1415,#1416));
#355=EDGE_LOOP('',(#1417,#1418,#1419,#1420,#1421,#1422,#1423,#1424));
#356=EDGE_LOOP('',(#1425,#1426,#1427,#1428));
#357=EDGE_LOOP('',(#1429,#1430,#1431,#1432));
#358=EDGE_LOOP('',(#1433,#1434,#1435,#1436));
#359=EDGE_LOOP('',(#1437,#1438,#1439,#1440));
#360=EDGE_LOOP('',(#1441,#1442,#1443,#1444,#1445,#1446,#1447,#1448));
#361=EDGE_LOOP('',(#1449,#1450,#1451,#1452));
#362=EDGE_LOOP('',(#1453,#1454,#1455,#1456));
#363=EDGE_LOOP('',(#1457,#1458,#1459,#1460,#1461,#1462,#1463,#1464,#1465,
#1466,#1467,#1468));
#364=EDGE_LOOP('',(#1469,#1470,#1471,#1472,#1473,#1474,#1475,#1476,#1477,
#1478,#1479,#1480,#1481,#1482,#1483,#1484));
#365=EDGE_LOOP('',(#1485,#1486,#1487,#1488));
#366=EDGE_LOOP('',(#1489,#1490,#1491,#1492));
#367=LINE('',#2112,#493);
#368=LINE('',#2115,#494);
#369=LINE('',#2121,#495);
#370=LINE('',#2124,#496);
#371=LINE('',#2128,#497);
#372=LINE('',#2130,#498);
#373=LINE('',#2132,#499);
#374=LINE('',#2134,#500);
#375=LINE('',#2136,#501);
#376=LINE('',#2138,#502);
#377=LINE('',#2140,#503);
#378=LINE('',#2142,#504);
#379=LINE('',#2144,#505);
#380=LINE('',#2146,#506);
#381=LINE('',#2148,#507);
#382=LINE('',#2149,#508);
#383=LINE('',#2496,#509);
#384=LINE('',#3060,#510);
#385=LINE('',#3062,#511);
#386=LINE('',#3063,#512);
#387=LINE('',#3066,#513);
#388=LINE('',#3067,#514);
#389=LINE('',#3070,#515);
#390=LINE('',#3071,#516);
#391=LINE('',#3073,#517);
#392=LINE('',#3074,#518);
#393=LINE('',#3075,#519);
#394=LINE('',#3213,#520);
#395=LINE('',#3279,#521);
#396=LINE('',#3287,#522);
#397=LINE('',#3463,#523);
#398=LINE('',#3539,#524);
#399=LINE('',#3573,#525);
#400=LINE('',#3661,#526);
#401=LINE('',#3768,#527);
#402=LINE('',#3875,#528);
#403=LINE('',#4042,#529);
#404=LINE('',#4149,#530);
#405=LINE('',#4281,#531);
#406=LINE('',#4368,#532);
#407=LINE('',#4455,#533);
#408=LINE('',#4572,#534);
#409=LINE('',#4812,#535);
#410=LINE('',#4839,#536);
#411=LINE('',#4991,#537);
#412=LINE('',#5038,#538);
#413=LINE('',#5070,#539);
#414=LINE('',#5117,#540);
#415=LINE('',#5204,#541);
#416=LINE('',#5271,#542);
#417=LINE('',#5289,#543);
#418=LINE('',#5290,#544);
#419=LINE('',#5522,#545);
#420=LINE('',#5835,#546);
#421=LINE('',#5882,#547);
#422=LINE('',#5984,#548);
#423=LINE('',#6161,#549);
#424=LINE('',#6163,#550);
#425=LINE('',#6164,#551);
#426=LINE('',#6167,#552);
#427=LINE('',#6168,#553);
#428=LINE('',#6171,#554);
#429=LINE('',#6172,#555);
#430=LINE('',#6175,#556);
#431=LINE('',#6176,#557);
#432=LINE('',#6179,#558);
#433=LINE('',#6180,#559);
#434=LINE('',#6183,#560);
#435=LINE('',#6191,#561);
#436=LINE('',#6195,#562);
#437=LINE('',#6203,#563);
#438=LINE('',#6207,#564);
#439=LINE('',#6215,#565);
#440=LINE('',#6219,#566);
#441=LINE('',#6221,#567);
#442=LINE('',#6222,#568);
#443=LINE('',#6227,#569);
#444=LINE('',#6231,#570);
#445=LINE('',#6233,#571);
#446=LINE('',#6234,#572);
#447=LINE('',#6239,#573);
#448=LINE('',#6242,#574);
#449=LINE('',#6243,#575);
#450=LINE('',#6246,#576);
#451=LINE('',#6254,#577);
#452=LINE('',#6259,#578);
#453=LINE('',#6263,#579);
#454=LINE('',#6268,#580);
#455=LINE('',#6272,#581);
#456=LINE('',#6284,#582);
#457=LINE('',#6285,#583);
#458=LINE('',#6294,#584);
#459=LINE('',#6296,#585);
#460=LINE('',#6299,#586);
#461=LINE('',#6300,#587);
#462=LINE('',#6303,#588);
#463=LINE('',#6305,#589);
#464=LINE('',#6317,#590);
#465=LINE('',#6318,#591);
#466=LINE('',#6326,#592);
#467=LINE('',#6327,#593);
#468=LINE('',#6330,#594);
#469=LINE('',#6333,#595);
#470=LINE('',#6336,#596);
#471=LINE('',#6337,#597);
#472=LINE('',#6340,#598);
#473=LINE('',#6344,#599);
#474=LINE('',#6345,#600);
#475=LINE('',#6348,#601);
#476=LINE('',#6349,#602);
#477=LINE('',#6352,#603);
#478=LINE('',#6353,#604);
#479=LINE('',#6356,#605);
#480=LINE('',#6358,#606);
#481=LINE('',#6359,#607);
#482=LINE('',#6362,#608);
#483=LINE('',#6364,#609);
#484=LINE('',#6365,#610);
#485=LINE('',#6368,#611);
#486=LINE('',#6372,#612);
#487=LINE('',#6375,#613);
#488=LINE('',#6377,#614);
#489=LINE('',#6379,#615);
#490=LINE('',#6381,#616);
#491=LINE('',#6384,#617);
#492=LINE('',#6386,#618);
#493=VECTOR('',#1750,10.);
#494=VECTOR('',#1753,10.);
#495=VECTOR('',#1758,10.);
#496=VECTOR('',#1761,10.);
#497=VECTOR('',#1764,10.);
#498=VECTOR('',#1765,10.);
#499=VECTOR('',#1766,10.);
#500=VECTOR('',#1767,10.);
#501=VECTOR('',#1768,10.);
#502=VECTOR('',#1769,10.);
#503=VECTOR('',#1770,10.);
#504=VECTOR('',#1771,10.);
#505=VECTOR('',#1772,10.);
#506=VECTOR('',#1773,10.);
#507=VECTOR('',#1774,10.);
#508=VECTOR('',#1775,10.);
#509=VECTOR('',#1784,10.);
#510=VECTOR('',#1787,10.);
#511=VECTOR('',#1788,10.);
#512=VECTOR('',#1789,10.);
#513=VECTOR('',#1792,10.);
#514=VECTOR('',#1793,10.);
#515=VECTOR('',#1796,10.);
#516=VECTOR('',#1797,10.);
#517=VECTOR('',#1800,10.);
#518=VECTOR('',#1801,10.);
#519=VECTOR('',#1802,10.);
#520=VECTOR('',#1803,10.);
#521=VECTOR('',#1804,10.);
#522=VECTOR('',#1805,10.);
#523=VECTOR('',#1806,10.);
#524=VECTOR('',#1807,10.);
#525=VECTOR('',#1808,10.);
#526=VECTOR('',#1809,10.);
#527=VECTOR('',#1810,10.);
#528=VECTOR('',#1811,10.);
#529=VECTOR('',#1812,10.);
#530=VECTOR('',#1813,10.);
#531=VECTOR('',#1814,10.);
#532=VECTOR('',#1815,10.);
#533=VECTOR('',#1816,10.);
#534=VECTOR('',#1817,10.);
#535=VECTOR('',#1820,10.);
#536=VECTOR('',#1821,10.);
#537=VECTOR('',#1822,10.);
#538=VECTOR('',#1823,10.);
#539=VECTOR('',#1824,10.);
#540=VECTOR('',#1825,10.);
#541=VECTOR('',#1826,10.);
#542=VECTOR('',#1827,10.);
#543=VECTOR('',#1830,10.);
#544=VECTOR('',#1831,10.);
#545=VECTOR('',#1832,10.);
#546=VECTOR('',#1835,10.);
#547=VECTOR('',#1836,10.);
#548=VECTOR('',#1837,10.);
#549=VECTOR('',#1848,10.);
#550=VECTOR('',#1849,10.);
#551=VECTOR('',#1850,10.);
#552=VECTOR('',#1853,10.);
#553=VECTOR('',#1854,10.);
#554=VECTOR('',#1857,10.);
#555=VECTOR('',#1858,10.);
#556=VECTOR('',#1861,10.);
#557=VECTOR('',#1862,10.);
#558=VECTOR('',#1865,10.);
#559=VECTOR('',#1866,10.);
#560=VECTOR('',#1869,1.1);
#561=VECTOR('',#1880,1.1);
#562=VECTOR('',#1885,1.1);
#563=VECTOR('',#1896,1.1);
#564=VECTOR('',#1901,1.1);
#565=VECTOR('',#1912,1.1);
#566=VECTOR('',#1917,10.);
#567=VECTOR('',#1918,10.);
#568=VECTOR('',#1919,10.);
#569=VECTOR('',#1924,10.);
#570=VECTOR('',#1929,10.);
#571=VECTOR('',#1930,10.);
#572=VECTOR('',#1931,10.);
#573=VECTOR('',#1936,10.);
#574=VECTOR('',#1941,10.);
#575=VECTOR('',#1942,10.);
#576=VECTOR('',#1945,1.1);
#577=VECTOR('',#1956,1.1);
#578=VECTOR('',#1961,10.);
#579=VECTOR('',#1964,10.);
#580=VECTOR('',#1969,10.);
#581=VECTOR('',#1972,10.);
#582=VECTOR('',#1987,10.);
#583=VECTOR('',#1988,10.);
#584=VECTOR('',#1999,10.);
#585=VECTOR('',#2000,10.);
#586=VECTOR('',#2005,10.);
#587=VECTOR('',#2006,10.);
#588=VECTOR('',#2009,10.);
#589=VECTOR('',#2010,10.);
#590=VECTOR('',#2025,10.);
#591=VECTOR('',#2026,10.);
#592=VECTOR('',#2037,10.);
#593=VECTOR('',#2038,10.);
#594=VECTOR('',#2041,10.);
#595=VECTOR('',#2044,10.);
#596=VECTOR('',#2047,10.);
#597=VECTOR('',#2048,10.);
#598=VECTOR('',#2051,10.);
#599=VECTOR('',#2056,10.);
#600=VECTOR('',#2057,10.);
#601=VECTOR('',#2060,10.);
#602=VECTOR('',#2061,10.);
#603=VECTOR('',#2064,10.);
#604=VECTOR('',#2065,10.);
#605=VECTOR('',#2068,10.);
#606=VECTOR('',#2069,10.);
#607=VECTOR('',#2070,10.);
#608=VECTOR('',#2073,10.);
#609=VECTOR('',#2074,10.);
#610=VECTOR('',#2075,10.);
#611=VECTOR('',#2078,10.);
#612=VECTOR('',#2083,10.);
#613=VECTOR('',#2086,10.);
#614=VECTOR('',#2089,10.);
#615=VECTOR('',#2092,10.);
#616=VECTOR('',#2095,10.);
#617=VECTOR('',#2100,10.);
#618=VECTOR('',#2103,10.);
#619=CIRCLE('',#1628,1.);
#620=CIRCLE('',#1629,1.);
#621=CIRCLE('',#1631,1.);
#622=CIRCLE('',#1632,1.);
#623=CIRCLE('',#1634,2.6);
#624=CIRCLE('',#1635,2.6);
#625=CIRCLE('',#1636,2.6);
#626=CIRCLE('',#1637,2.6);
#627=CIRCLE('',#1655,2.6);
#628=CIRCLE('',#1657,1.4);
#629=CIRCLE('',#1659,1.4);
#630=CIRCLE('',#1662,2.6);
#631=CIRCLE('',#1664,1.4);
#632=CIRCLE('',#1666,1.4);
#633=CIRCLE('',#1669,2.6);
#634=CIRCLE('',#1671,1.4);
#635=CIRCLE('',#1673,1.4);
#636=CIRCLE('',#1677,1.);
#637=CIRCLE('',#1678,1.);
#638=CIRCLE('',#1681,1.);
#639=CIRCLE('',#1682,1.);
#640=CIRCLE('',#1685,2.6);
#641=CIRCLE('',#1687,1.4);
#642=CIRCLE('',#1689,1.4);
#643=CIRCLE('',#1692,2.5);
#644=CIRCLE('',#1695,2.5);
#645=CIRCLE('',#1698,2.5);
#646=CIRCLE('',#1699,7.5);
#647=CIRCLE('',#1700,5.);
#648=CIRCLE('',#1702,2.5);
#649=CIRCLE('',#1704,2.5);
#650=CIRCLE('',#1705,7.5);
#651=CIRCLE('',#1706,5.);
#652=CIRCLE('',#1713,2.5);
#653=CIRCLE('',#1714,5.);
#654=CIRCLE('',#1715,7.5);
#655=CIRCLE('',#1717,2.5);
#656=CIRCLE('',#1719,2.5);
#657=CIRCLE('',#1720,5.);
#658=CIRCLE('',#1721,7.5);
#659=CIRCLE('',#1724,7.5);
#660=CIRCLE('',#1727,7.5);
#661=CIRCLE('',#1734,7.5);
#662=CIRCLE('',#1736,7.5);
#663=VERTEX_POINT('',#2108);
#664=VERTEX_POINT('',#2109);
#665=VERTEX_POINT('',#2111);
#666=VERTEX_POINT('',#2113);
#667=VERTEX_POINT('',#2117);
#668=VERTEX_POINT('',#2118);
#669=VERTEX_POINT('',#2120);
#670=VERTEX_POINT('',#2122);
#671=VERTEX_POINT('',#2126);
#672=VERTEX_POINT('',#2127);
#673=VERTEX_POINT('',#2129);
#674=VERTEX_POINT('',#2131);
#675=VERTEX_POINT('',#2133);
#676=VERTEX_POINT('',#2135);
#677=VERTEX_POINT('',#2137);
#678=VERTEX_POINT('',#2139);
#679=VERTEX_POINT('',#2141);
#680=VERTEX_POINT('',#2143);
#681=VERTEX_POINT('',#2145);
#682=VERTEX_POINT('',#2147);
#683=VERTEX_POINT('',#2150);
#684=VERTEX_POINT('',#2152);
#685=VERTEX_POINT('',#2154);
#686=VERTEX_POINT('',#2156);
#687=VERTEX_POINT('',#2158);
#688=VERTEX_POINT('',#2159);
#689=VERTEX_POINT('',#2205);
#690=VERTEX_POINT('',#2296);
#691=VERTEX_POINT('',#2297);
#692=VERTEX_POINT('',#2343);
#693=VERTEX_POINT('',#2379);
#694=VERTEX_POINT('',#2495);
#695=VERTEX_POINT('',#2497);
#696=VERTEX_POINT('',#2513);
#697=VERTEX_POINT('',#2549);
#698=VERTEX_POINT('',#2580);
#699=VERTEX_POINT('',#2581);
#700=VERTEX_POINT('',#2622);
#701=VERTEX_POINT('',#2663);
#702=VERTEX_POINT('',#2699);
#703=VERTEX_POINT('',#2715);
#704=VERTEX_POINT('',#2771);
#705=VERTEX_POINT('',#2792);
#706=VERTEX_POINT('',#2858);
#707=VERTEX_POINT('',#2894);
#708=VERTEX_POINT('',#2930);
#709=VERTEX_POINT('',#2966);
#710=VERTEX_POINT('',#3059);
#711=VERTEX_POINT('',#3061);
#712=VERTEX_POINT('',#3065);
#713=VERTEX_POINT('',#3069);
#714=VERTEX_POINT('',#3166);
#715=VERTEX_POINT('',#3212);
#716=VERTEX_POINT('',#3271);
#717=VERTEX_POINT('',#3278);
#718=VERTEX_POINT('',#3280);
#719=VERTEX_POINT('',#3462);
#720=VERTEX_POINT('',#3572);
#721=VERTEX_POINT('',#3660);
#722=VERTEX_POINT('',#3767);
#723=VERTEX_POINT('',#3874);
#724=VERTEX_POINT('',#4041);
#725=VERTEX_POINT('',#4148);
#726=VERTEX_POINT('',#4280);
#727=VERTEX_POINT('',#4367);
#728=VERTEX_POINT('',#4454);
#729=VERTEX_POINT('',#4571);
#730=VERTEX_POINT('',#4784);
#731=VERTEX_POINT('',#4785);
#732=VERTEX_POINT('',#4811);
#733=VERTEX_POINT('',#4813);
#734=VERTEX_POINT('',#4990);
#735=VERTEX_POINT('',#4992);
#736=VERTEX_POINT('',#5069);
#737=VERTEX_POINT('',#5116);
#738=VERTEX_POINT('',#5203);
#739=VERTEX_POINT('',#5270);
#740=VERTEX_POINT('',#5288);
#741=VERTEX_POINT('',#5521);
#742=VERTEX_POINT('',#5834);
#743=VERTEX_POINT('',#5836);
#744=VERTEX_POINT('',#5983);
#745=VERTEX_POINT('',#6160);
#746=VERTEX_POINT('',#6162);
#747=VERTEX_POINT('',#6166);
#748=VERTEX_POINT('',#6170);
#749=VERTEX_POINT('',#6174);
#750=VERTEX_POINT('',#6178);
#751=VERTEX_POINT('',#6182);
#752=VERTEX_POINT('',#6186);
#753=VERTEX_POINT('',#6189);
#754=VERTEX_POINT('',#6194);
#755=VERTEX_POINT('',#6198);
#756=VERTEX_POINT('',#6201);
#757=VERTEX_POINT('',#6206);
#758=VERTEX_POINT('',#6210);
#759=VERTEX_POINT('',#6213);
#760=VERTEX_POINT('',#6218);
#761=VERTEX_POINT('',#6220);
#762=VERTEX_POINT('',#6224);
#763=VERTEX_POINT('',#6226);
#764=VERTEX_POINT('',#6230);
#765=VERTEX_POINT('',#6232);
#766=VERTEX_POINT('',#6236);
#767=VERTEX_POINT('',#6238);
#768=VERTEX_POINT('',#6245);
#769=VERTEX_POINT('',#6249);
#770=VERTEX_POINT('',#6252);
#771=VERTEX_POINT('',#6257);
#772=VERTEX_POINT('',#6258);
#773=VERTEX_POINT('',#6260);
#774=VERTEX_POINT('',#6262);
#775=VERTEX_POINT('',#6266);
#776=VERTEX_POINT('',#6267);
#777=VERTEX_POINT('',#6269);
#778=VERTEX_POINT('',#6271);
#779=VERTEX_POINT('',#6275);
#780=VERTEX_POINT('',#6276);
#781=VERTEX_POINT('',#6281);
#782=VERTEX_POINT('',#6282);
#783=VERTEX_POINT('',#6287);
#784=VERTEX_POINT('',#6288);
#785=VERTEX_POINT('',#6293);
#786=VERTEX_POINT('',#6295);
#787=VERTEX_POINT('',#6302);
#788=VERTEX_POINT('',#6304);
#789=VERTEX_POINT('',#6308);
#790=VERTEX_POINT('',#6309);
#791=VERTEX_POINT('',#6314);
#792=VERTEX_POINT('',#6315);
#793=VERTEX_POINT('',#6320);
#794=VERTEX_POINT('',#6321);
#795=VERTEX_POINT('',#6329);
#796=VERTEX_POINT('',#6331);
#797=VERTEX_POINT('',#6335);
#798=VERTEX_POINT('',#6339);
#799=VERTEX_POINT('',#6343);
#800=VERTEX_POINT('',#6347);
#801=VERTEX_POINT('',#6351);
#802=VERTEX_POINT('',#6355);
#803=VERTEX_POINT('',#6357);
#804=VERTEX_POINT('',#6361);
#805=VERTEX_POINT('',#6363);
#806=VERTEX_POINT('',#6367);
#807=VERTEX_POINT('',#6371);
#808=VERTEX_POINT('',#6373);
#809=EDGE_CURVE('',#663,#664,#619,.T.);
#810=EDGE_CURVE('',#664,#665,#367,.T.);
#811=EDGE_CURVE('',#665,#666,#620,.T.);
#812=EDGE_CURVE('',#666,#663,#368,.T.);
#813=EDGE_CURVE('',#667,#668,#621,.T.);
#814=EDGE_CURVE('',#668,#669,#369,.T.);
#815=EDGE_CURVE('',#669,#670,#622,.T.);
#816=EDGE_CURVE('',#670,#667,#370,.T.);
#817=EDGE_CURVE('',#671,#672,#371,.T.);
#818=EDGE_CURVE('',#673,#672,#372,.T.);
#819=EDGE_CURVE('',#674,#673,#373,.T.);
#820=EDGE_CURVE('',#675,#674,#374,.T.);
#821=EDGE_CURVE('',#676,#675,#375,.T.);
#822=EDGE_CURVE('',#677,#676,#376,.T.);
#823=EDGE_CURVE('',#678,#677,#377,.T.);
#824=EDGE_CURVE('',#679,#678,#378,.T.);
#825=EDGE_CURVE('',#680,#679,#379,.T.);
#826=EDGE_CURVE('',#681,#680,#380,.T.);
#827=EDGE_CURVE('',#681,#682,#381,.T.);
#828=EDGE_CURVE('',#682,#671,#382,.T.);
#829=EDGE_CURVE('',#683,#683,#623,.T.);
#830=EDGE_CURVE('',#684,#684,#624,.T.);
#831=EDGE_CURVE('',#685,#685,#625,.T.);
#832=EDGE_CURVE('',#686,#686,#626,.T.);
#833=EDGE_CURVE('',#687,#688,#50,.T.);
#834=EDGE_CURVE('',#688,#689,#51,.T.);
#835=EDGE_CURVE('',#689,#687,#52,.T.);
#836=EDGE_CURVE('',#690,#691,#53,.T.);
#837=EDGE_CURVE('',#691,#692,#54,.T.);
#838=EDGE_CURVE('',#692,#693,#55,.T.);
#839=EDGE_CURVE('',#693,#694,#383,.T.);
#840=EDGE_CURVE('',#694,#695,#56,.T.);
#841=EDGE_CURVE('',#695,#696,#57,.T.);
#842=EDGE_CURVE('',#696,#697,#58,.T.);
#843=EDGE_CURVE('',#697,#690,#59,.T.);
#844=EDGE_CURVE('',#698,#699,#60,.T.);
#845=EDGE_CURVE('',#699,#700,#61,.T.);
#846=EDGE_CURVE('',#700,#701,#62,.T.);
#847=EDGE_CURVE('',#701,#702,#63,.T.);
#848=EDGE_CURVE('',#702,#703,#64,.T.);
#849=EDGE_CURVE('',#703,#704,#65,.T.);
#850=EDGE_CURVE('',#704,#705,#66,.T.);
#851=EDGE_CURVE('',#705,#706,#67,.T.);
#852=EDGE_CURVE('',#706,#707,#68,.T.);
#853=EDGE_CURVE('',#707,#708,#69,.T.);
#854=EDGE_CURVE('',#708,#709,#70,.T.);
#855=EDGE_CURVE('',#709,#698,#71,.T.);
#856=EDGE_CURVE('',#681,#710,#384,.T.);
#857=EDGE_CURVE('',#710,#711,#385,.T.);
#858=EDGE_CURVE('',#682,#711,#386,.T.);
#859=EDGE_CURVE('',#711,#712,#387,.T.);
#860=EDGE_CURVE('',#671,#712,#388,.T.);
#861=EDGE_CURVE('',#712,#713,#389,.T.);
#862=EDGE_CURVE('',#713,#672,#390,.T.);
#863=EDGE_CURVE('',#710,#667,#391,.T.);
#864=EDGE_CURVE('',#665,#670,#392,.T.);
#865=EDGE_CURVE('',#664,#713,#393,.T.);
#866=EDGE_CURVE('',#714,#714,#72,.T.);
#867=EDGE_CURVE('',#714,#715,#394,.T.);
#868=EDGE_CURVE('',#715,#715,#73,.T.);
#869=EDGE_CURVE('',#716,#698,#74,.T.);
#870=EDGE_CURVE('',#716,#717,#395,.T.);
#871=EDGE_CURVE('',#717,#718,#75,.T.);
#872=EDGE_CURVE('',#698,#718,#396,.T.);
#873=EDGE_CURVE('',#698,#716,#76,.T.);
#874=EDGE_CURVE('',#718,#717,#77,.T.);
#875=EDGE_CURVE('',#709,#719,#397,.T.);
#876=EDGE_CURVE('',#719,#718,#78,.T.);
#877=EDGE_CURVE('',#698,#718,#398,.T.);
#878=EDGE_CURVE('',#708,#720,#399,.T.);
#879=EDGE_CURVE('',#720,#719,#79,.T.);
#880=EDGE_CURVE('',#707,#721,#400,.T.);
#881=EDGE_CURVE('',#721,#720,#80,.T.);
#882=EDGE_CURVE('',#706,#722,#401,.T.);
#883=EDGE_CURVE('',#722,#721,#81,.T.);
#884=EDGE_CURVE('',#705,#723,#402,.T.);
#885=EDGE_CURVE('',#723,#722,#82,.T.);
#886=EDGE_CURVE('',#704,#724,#403,.T.);
#887=EDGE_CURVE('',#724,#723,#83,.T.);
#888=EDGE_CURVE('',#703,#725,#404,.T.);
#889=EDGE_CURVE('',#725,#724,#84,.T.);
#890=EDGE_CURVE('',#702,#726,#405,.T.);
#891=EDGE_CURVE('',#726,#725,#85,.T.);
#892=EDGE_CURVE('',#701,#727,#406,.T.);
#893=EDGE_CURVE('',#727,#726,#86,.T.);
#894=EDGE_CURVE('',#700,#728,#407,.T.);
#895=EDGE_CURVE('',#728,#727,#87,.T.);
#896=EDGE_CURVE('',#699,#729,#408,.T.);
#897=EDGE_CURVE('',#729,#728,#88,.T.);
#898=EDGE_CURVE('',#718,#729,#89,.T.);
#899=EDGE_CURVE('',#730,#731,#90,.T.);
#900=EDGE_CURVE('',#730,#732,#409,.T.);
#901=EDGE_CURVE('',#732,#733,#91,.T.);
#902=EDGE_CURVE('',#731,#733,#410,.T.);
#903=EDGE_CURVE('',#731,#730,#92,.T.);
#904=EDGE_CURVE('',#733,#732,#93,.T.);
#905=EDGE_CURVE('',#690,#734,#411,.T.);
#906=EDGE_CURVE('',#734,#735,#94,.T.);
#907=EDGE_CURVE('',#691,#735,#412,.T.);
#908=EDGE_CURVE('',#697,#736,#413,.T.);
#909=EDGE_CURVE('',#736,#734,#95,.T.);
#910=EDGE_CURVE('',#696,#737,#414,.T.);
#911=EDGE_CURVE('',#737,#736,#96,.T.);
#912=EDGE_CURVE('',#695,#738,#415,.T.);
#913=EDGE_CURVE('',#738,#737,#97,.T.);
#914=EDGE_CURVE('',#694,#739,#416,.T.);
#915=EDGE_CURVE('',#739,#738,#98,.T.);
#916=EDGE_CURVE('',#693,#740,#417,.T.);
#917=EDGE_CURVE('',#740,#739,#418,.T.);
#918=EDGE_CURVE('',#692,#741,#419,.T.);
#919=EDGE_CURVE('',#741,#740,#99,.T.);
#920=EDGE_CURVE('',#735,#741,#100,.T.);
#921=EDGE_CURVE('',#687,#742,#420,.T.);
#922=EDGE_CURVE('',#742,#743,#101,.T.);
#923=EDGE_CURVE('',#688,#743,#421,.T.);
#924=EDGE_CURVE('',#689,#744,#422,.T.);
#925=EDGE_CURVE('',#744,#742,#102,.T.);
#926=EDGE_CURVE('',#743,#744,#103,.T.);
#927=EDGE_CURVE('',#677,#745,#423,.F.);
#928=EDGE_CURVE('',#746,#745,#424,.T.);
#929=EDGE_CURVE('',#678,#746,#425,.T.);
#930=EDGE_CURVE('',#676,#747,#426,.F.);
#931=EDGE_CURVE('',#745,#747,#427,.T.);
#932=EDGE_CURVE('',#675,#748,#428,.F.);
#933=EDGE_CURVE('',#747,#748,#429,.T.);
#934=EDGE_CURVE('',#674,#749,#430,.F.);
#935=EDGE_CURVE('',#748,#749,#431,.T.);
#936=EDGE_CURVE('',#673,#750,#432,.F.);
#937=EDGE_CURVE('',#749,#750,#433,.T.);
#938=EDGE_CURVE('',#683,#751,#434,.T.);
#939=EDGE_CURVE('',#751,#751,#627,.T.);
#940=EDGE_CURVE('',#752,#752,#628,.T.);
#941=EDGE_CURVE('',#753,#753,#629,.T.);
#942=EDGE_CURVE('',#753,#752,#435,.T.);
#943=EDGE_CURVE('',#684,#754,#436,.T.);
#944=EDGE_CURVE('',#754,#754,#630,.T.);
#945=EDGE_CURVE('',#755,#755,#631,.F.);
#946=EDGE_CURVE('',#756,#756,#632,.T.);
#947=EDGE_CURVE('',#756,#755,#437,.T.);
#948=EDGE_CURVE('',#685,#757,#438,.T.);
#949=EDGE_CURVE('',#757,#757,#633,.T.);
#950=EDGE_CURVE('',#758,#758,#634,.T.);
#951=EDGE_CURVE('',#759,#759,#635,.T.);
#952=EDGE_CURVE('',#759,#758,#439,.T.);
#953=EDGE_CURVE('',#760,#668,#440,.F.);
#954=EDGE_CURVE('',#761,#760,#441,.T.);
#955=EDGE_CURVE('',#669,#761,#442,.T.);
#956=EDGE_CURVE('',#760,#762,#636,.T.);
#957=EDGE_CURVE('',#762,#763,#443,.T.);
#958=EDGE_CURVE('',#763,#761,#637,.T.);
#959=EDGE_CURVE('',#764,#762,#444,.F.);
#960=EDGE_CURVE('',#765,#764,#445,.T.);
#961=EDGE_CURVE('',#763,#765,#446,.T.);
#962=EDGE_CURVE('',#764,#766,#638,.T.);
#963=EDGE_CURVE('',#766,#767,#447,.T.);
#964=EDGE_CURVE('',#767,#765,#639,.T.);
#965=EDGE_CURVE('',#767,#666,#448,.T.);
#966=EDGE_CURVE('',#663,#766,#449,.F.);
#967=EDGE_CURVE('',#686,#768,#450,.T.);
#968=EDGE_CURVE('',#768,#768,#640,.T.);
#969=EDGE_CURVE('',#769,#769,#641,.T.);
#970=EDGE_CURVE('',#770,#770,#642,.T.);
#971=EDGE_CURVE('',#770,#769,#451,.T.);
#972=EDGE_CURVE('',#771,#772,#452,.T.);
#973=EDGE_CURVE('',#772,#773,#643,.T.);
#974=EDGE_CURVE('',#773,#774,#453,.T.);
#975=EDGE_CURVE('',#774,#771,#19,.T.);
#976=EDGE_CURVE('',#775,#776,#454,.T.);
#977=EDGE_CURVE('',#776,#777,#644,.T.);
#978=EDGE_CURVE('',#777,#778,#455,.T.);
#979=EDGE_CURVE('',#778,#775,#20,.T.);
#980=EDGE_CURVE('',#779,#780,#645,.T.);
#981=EDGE_CURVE('',#780,#777,#646,.T.);
#982=EDGE_CURVE('',#776,#779,#647,.T.);
#983=EDGE_CURVE('',#781,#782,#648,.T.);
#984=EDGE_CURVE('',#782,#780,#456,.T.);
#985=EDGE_CURVE('',#779,#781,#457,.T.);
#986=EDGE_CURVE('',#783,#784,#649,.T.);
#987=EDGE_CURVE('',#784,#782,#650,.T.);
#988=EDGE_CURVE('',#781,#783,#651,.T.);
#989=EDGE_CURVE('',#785,#784,#458,.T.);
#990=EDGE_CURVE('',#783,#786,#459,.T.);
#991=EDGE_CURVE('',#786,#785,#21,.T.);
#992=EDGE_CURVE('',#774,#775,#460,.T.);
#993=EDGE_CURVE('',#778,#771,#461,.T.);
#994=EDGE_CURVE('',#787,#785,#462,.T.);
#995=EDGE_CURVE('',#786,#788,#463,.T.);
#996=EDGE_CURVE('',#787,#788,#22,.T.);
#997=EDGE_CURVE('',#789,#790,#652,.T.);
#998=EDGE_CURVE('',#790,#773,#653,.T.);
#999=EDGE_CURVE('',#772,#789,#654,.T.);
#1000=EDGE_CURVE('',#791,#792,#655,.T.);
#1001=EDGE_CURVE('',#792,#790,#464,.T.);
#1002=EDGE_CURVE('',#789,#791,#465,.T.);
#1003=EDGE_CURVE('',#793,#794,#656,.T.);
#1004=EDGE_CURVE('',#794,#792,#657,.T.);
#1005=EDGE_CURVE('',#791,#793,#658,.T.);
#1006=EDGE_CURVE('',#788,#794,#466,.T.);
#1007=EDGE_CURVE('',#793,#787,#467,.T.);
#1008=EDGE_CURVE('',#791,#795,#468,.T.);
#1009=EDGE_CURVE('',#795,#796,#659,.T.);
#1010=EDGE_CURVE('',#796,#793,#469,.T.);
#1011=EDGE_CURVE('',#797,#789,#470,.T.);
#1012=EDGE_CURVE('',#795,#797,#471,.T.);
#1013=EDGE_CURVE('',#772,#798,#472,.T.);
#1014=EDGE_CURVE('',#798,#797,#660,.T.);
#1015=EDGE_CURVE('',#799,#771,#473,.T.);
#1016=EDGE_CURVE('',#798,#799,#474,.T.);
#1017=EDGE_CURVE('',#800,#778,#475,.F.);
#1018=EDGE_CURVE('',#800,#799,#476,.F.);
#1019=EDGE_CURVE('',#801,#777,#477,.T.);
#1020=EDGE_CURVE('',#800,#801,#478,.T.);
#1021=EDGE_CURVE('',#750,#802,#479,.T.);
#1022=EDGE_CURVE('',#802,#803,#480,.T.);
#1023=EDGE_CURVE('',#803,#746,#481,.T.);
#1024=EDGE_CURVE('',#804,#787,#482,.F.);
#1025=EDGE_CURVE('',#804,#805,#483,.F.);
#1026=EDGE_CURVE('',#805,#785,#484,.F.);
#1027=EDGE_CURVE('',#780,#806,#485,.T.);
#1028=EDGE_CURVE('',#806,#801,#661,.T.);
#1029=EDGE_CURVE('',#784,#807,#486,.T.);
#1030=EDGE_CURVE('',#807,#808,#662,.T.);
#1031=EDGE_CURVE('',#808,#782,#487,.T.);
#1032=EDGE_CURVE('',#808,#806,#488,.F.);
#1033=EDGE_CURVE('',#796,#804,#489,.F.);
#1034=EDGE_CURVE('',#807,#805,#490,.T.);
#1035=EDGE_CURVE('',#680,#802,#491,.T.);
#1036=EDGE_CURVE('',#679,#803,#492,.T.);
#1037=ORIENTED_EDGE('',*,*,#809,.T.);
#1038=ORIENTED_EDGE('',*,*,#810,.T.);
#1039=ORIENTED_EDGE('',*,*,#811,.T.);
#1040=ORIENTED_EDGE('',*,*,#812,.T.);
#1041=ORIENTED_EDGE('',*,*,#813,.T.);
#1042=ORIENTED_EDGE('',*,*,#814,.T.);
#1043=ORIENTED_EDGE('',*,*,#815,.T.);
#1044=ORIENTED_EDGE('',*,*,#816,.T.);
#1045=ORIENTED_EDGE('',*,*,#817,.T.);
#1046=ORIENTED_EDGE('',*,*,#818,.F.);
#1047=ORIENTED_EDGE('',*,*,#819,.F.);
#1048=ORIENTED_EDGE('',*,*,#820,.F.);
#1049=ORIENTED_EDGE('',*,*,#821,.F.);
#1050=ORIENTED_EDGE('',*,*,#822,.F.);
#1051=ORIENTED_EDGE('',*,*,#823,.F.);
#1052=ORIENTED_EDGE('',*,*,#824,.F.);
#1053=ORIENTED_EDGE('',*,*,#825,.F.);
#1054=ORIENTED_EDGE('',*,*,#826,.F.);
#1055=ORIENTED_EDGE('',*,*,#827,.T.);
#1056=ORIENTED_EDGE('',*,*,#828,.T.);
#1057=ORIENTED_EDGE('',*,*,#829,.F.);
#1058=ORIENTED_EDGE('',*,*,#830,.F.);
#1059=ORIENTED_EDGE('',*,*,#831,.F.);
#1060=ORIENTED_EDGE('',*,*,#832,.F.);
#1061=ORIENTED_EDGE('',*,*,#833,.T.);
#1062=ORIENTED_EDGE('',*,*,#834,.T.);
#1063=ORIENTED_EDGE('',*,*,#835,.T.);
#1064=ORIENTED_EDGE('',*,*,#836,.T.);
#1065=ORIENTED_EDGE('',*,*,#837,.T.);
#1066=ORIENTED_EDGE('',*,*,#838,.T.);
#1067=ORIENTED_EDGE('',*,*,#839,.T.);
#1068=ORIENTED_EDGE('',*,*,#840,.T.);
#1069=ORIENTED_EDGE('',*,*,#841,.T.);
#1070=ORIENTED_EDGE('',*,*,#842,.T.);
#1071=ORIENTED_EDGE('',*,*,#843,.T.);
#1072=ORIENTED_EDGE('',*,*,#844,.T.);
#1073=ORIENTED_EDGE('',*,*,#845,.T.);
#1074=ORIENTED_EDGE('',*,*,#846,.T.);
#1075=ORIENTED_EDGE('',*,*,#847,.T.);
#1076=ORIENTED_EDGE('',*,*,#848,.T.);
#1077=ORIENTED_EDGE('',*,*,#849,.T.);
#1078=ORIENTED_EDGE('',*,*,#850,.T.);
#1079=ORIENTED_EDGE('',*,*,#851,.T.);
#1080=ORIENTED_EDGE('',*,*,#852,.T.);
#1081=ORIENTED_EDGE('',*,*,#853,.T.);
#1082=ORIENTED_EDGE('',*,*,#854,.T.);
#1083=ORIENTED_EDGE('',*,*,#855,.T.);
#1084=ORIENTED_EDGE('',*,*,#827,.F.);
#1085=ORIENTED_EDGE('',*,*,#856,.T.);
#1086=ORIENTED_EDGE('',*,*,#857,.T.);
#1087=ORIENTED_EDGE('',*,*,#858,.F.);
#1088=ORIENTED_EDGE('',*,*,#828,.F.);
#1089=ORIENTED_EDGE('',*,*,#858,.T.);
#1090=ORIENTED_EDGE('',*,*,#859,.T.);
#1091=ORIENTED_EDGE('',*,*,#860,.F.);
#1092=ORIENTED_EDGE('',*,*,#817,.F.);
#1093=ORIENTED_EDGE('',*,*,#860,.T.);
#1094=ORIENTED_EDGE('',*,*,#861,.T.);
#1095=ORIENTED_EDGE('',*,*,#862,.T.);
#1096=ORIENTED_EDGE('',*,*,#861,.F.);
#1097=ORIENTED_EDGE('',*,*,#859,.F.);
#1098=ORIENTED_EDGE('',*,*,#857,.F.);
#1099=ORIENTED_EDGE('',*,*,#863,.T.);
#1100=ORIENTED_EDGE('',*,*,#816,.F.);
#1101=ORIENTED_EDGE('',*,*,#864,.F.);
#1102=ORIENTED_EDGE('',*,*,#810,.F.);
#1103=ORIENTED_EDGE('',*,*,#865,.T.);
#1104=ORIENTED_EDGE('',*,*,#866,.F.);
#1105=ORIENTED_EDGE('',*,*,#867,.T.);
#1106=ORIENTED_EDGE('',*,*,#868,.T.);
#1107=ORIENTED_EDGE('',*,*,#867,.F.);
#1108=ORIENTED_EDGE('',*,*,#869,.F.);
#1109=ORIENTED_EDGE('',*,*,#870,.T.);
#1110=ORIENTED_EDGE('',*,*,#871,.T.);
#1111=ORIENTED_EDGE('',*,*,#872,.F.);
#1112=ORIENTED_EDGE('',*,*,#873,.F.);
#1113=ORIENTED_EDGE('',*,*,#872,.T.);
#1114=ORIENTED_EDGE('',*,*,#874,.T.);
#1115=ORIENTED_EDGE('',*,*,#870,.F.);
#1116=ORIENTED_EDGE('',*,*,#855,.F.);
#1117=ORIENTED_EDGE('',*,*,#875,.T.);
#1118=ORIENTED_EDGE('',*,*,#876,.T.);
#1119=ORIENTED_EDGE('',*,*,#877,.F.);
#1120=ORIENTED_EDGE('',*,*,#854,.F.);
#1121=ORIENTED_EDGE('',*,*,#878,.T.);
#1122=ORIENTED_EDGE('',*,*,#879,.T.);
#1123=ORIENTED_EDGE('',*,*,#875,.F.);
#1124=ORIENTED_EDGE('',*,*,#853,.F.);
#1125=ORIENTED_EDGE('',*,*,#880,.T.);
#1126=ORIENTED_EDGE('',*,*,#881,.T.);
#1127=ORIENTED_EDGE('',*,*,#878,.F.);
#1128=ORIENTED_EDGE('',*,*,#852,.F.);
#1129=ORIENTED_EDGE('',*,*,#882,.T.);
#1130=ORIENTED_EDGE('',*,*,#883,.T.);
#1131=ORIENTED_EDGE('',*,*,#880,.F.);
#1132=ORIENTED_EDGE('',*,*,#851,.F.);
#1133=ORIENTED_EDGE('',*,*,#884,.T.);
#1134=ORIENTED_EDGE('',*,*,#885,.T.);
#1135=ORIENTED_EDGE('',*,*,#882,.F.);
#1136=ORIENTED_EDGE('',*,*,#850,.F.);
#1137=ORIENTED_EDGE('',*,*,#886,.T.);
#1138=ORIENTED_EDGE('',*,*,#887,.T.);
#1139=ORIENTED_EDGE('',*,*,#884,.F.);
#1140=ORIENTED_EDGE('',*,*,#849,.F.);
#1141=ORIENTED_EDGE('',*,*,#888,.T.);
#1142=ORIENTED_EDGE('',*,*,#889,.T.);
#1143=ORIENTED_EDGE('',*,*,#886,.F.);
#1144=ORIENTED_EDGE('',*,*,#848,.F.);
#1145=ORIENTED_EDGE('',*,*,#890,.T.);
#1146=ORIENTED_EDGE('',*,*,#891,.T.);
#1147=ORIENTED_EDGE('',*,*,#888,.F.);
#1148=ORIENTED_EDGE('',*,*,#847,.F.);
#1149=ORIENTED_EDGE('',*,*,#892,.T.);
#1150=ORIENTED_EDGE('',*,*,#893,.T.);
#1151=ORIENTED_EDGE('',*,*,#890,.F.);
#1152=ORIENTED_EDGE('',*,*,#846,.F.);
#1153=ORIENTED_EDGE('',*,*,#894,.T.);
#1154=ORIENTED_EDGE('',*,*,#895,.T.);
#1155=ORIENTED_EDGE('',*,*,#892,.F.);
#1156=ORIENTED_EDGE('',*,*,#845,.F.);
#1157=ORIENTED_EDGE('',*,*,#896,.T.);
#1158=ORIENTED_EDGE('',*,*,#897,.T.);
#1159=ORIENTED_EDGE('',*,*,#894,.F.);
#1160=ORIENTED_EDGE('',*,*,#844,.F.);
#1161=ORIENTED_EDGE('',*,*,#877,.T.);
#1162=ORIENTED_EDGE('',*,*,#898,.T.);
#1163=ORIENTED_EDGE('',*,*,#896,.F.);
#1164=ORIENTED_EDGE('',*,*,#898,.F.);
#1165=ORIENTED_EDGE('',*,*,#871,.F.);
#1166=ORIENTED_EDGE('',*,*,#874,.F.);
#1167=ORIENTED_EDGE('',*,*,#876,.F.);
#1168=ORIENTED_EDGE('',*,*,#879,.F.);
#1169=ORIENTED_EDGE('',*,*,#881,.F.);
#1170=ORIENTED_EDGE('',*,*,#883,.F.);
#1171=ORIENTED_EDGE('',*,*,#885,.F.);
#1172=ORIENTED_EDGE('',*,*,#887,.F.);
#1173=ORIENTED_EDGE('',*,*,#889,.F.);
#1174=ORIENTED_EDGE('',*,*,#891,.F.);
#1175=ORIENTED_EDGE('',*,*,#893,.F.);
#1176=ORIENTED_EDGE('',*,*,#895,.F.);
#1177=ORIENTED_EDGE('',*,*,#897,.F.);
#1178=ORIENTED_EDGE('',*,*,#868,.F.);
#1179=ORIENTED_EDGE('',*,*,#899,.F.);
#1180=ORIENTED_EDGE('',*,*,#900,.T.);
#1181=ORIENTED_EDGE('',*,*,#901,.T.);
#1182=ORIENTED_EDGE('',*,*,#902,.F.);
#1183=ORIENTED_EDGE('',*,*,#903,.F.);
#1184=ORIENTED_EDGE('',*,*,#902,.T.);
#1185=ORIENTED_EDGE('',*,*,#904,.T.);
#1186=ORIENTED_EDGE('',*,*,#900,.F.);
#1187=ORIENTED_EDGE('',*,*,#836,.F.);
#1188=ORIENTED_EDGE('',*,*,#905,.T.);
#1189=ORIENTED_EDGE('',*,*,#906,.T.);
#1190=ORIENTED_EDGE('',*,*,#907,.F.);
#1191=ORIENTED_EDGE('',*,*,#843,.F.);
#1192=ORIENTED_EDGE('',*,*,#908,.T.);
#1193=ORIENTED_EDGE('',*,*,#909,.T.);
#1194=ORIENTED_EDGE('',*,*,#905,.F.);
#1195=ORIENTED_EDGE('',*,*,#842,.F.);
#1196=ORIENTED_EDGE('',*,*,#910,.T.);
#1197=ORIENTED_EDGE('',*,*,#911,.T.);
#1198=ORIENTED_EDGE('',*,*,#908,.F.);
#1199=ORIENTED_EDGE('',*,*,#841,.F.);
#1200=ORIENTED_EDGE('',*,*,#912,.T.);
#1201=ORIENTED_EDGE('',*,*,#913,.T.);
#1202=ORIENTED_EDGE('',*,*,#910,.F.);
#1203=ORIENTED_EDGE('',*,*,#840,.F.);
#1204=ORIENTED_EDGE('',*,*,#914,.T.);
#1205=ORIENTED_EDGE('',*,*,#915,.T.);
#1206=ORIENTED_EDGE('',*,*,#912,.F.);
#1207=ORIENTED_EDGE('',*,*,#839,.F.);
#1208=ORIENTED_EDGE('',*,*,#916,.T.);
#1209=ORIENTED_EDGE('',*,*,#917,.T.);
#1210=ORIENTED_EDGE('',*,*,#914,.F.);
#1211=ORIENTED_EDGE('',*,*,#838,.F.);
#1212=ORIENTED_EDGE('',*,*,#918,.T.);
#1213=ORIENTED_EDGE('',*,*,#919,.T.);
#1214=ORIENTED_EDGE('',*,*,#916,.F.);
#1215=ORIENTED_EDGE('',*,*,#837,.F.);
#1216=ORIENTED_EDGE('',*,*,#907,.T.);
#1217=ORIENTED_EDGE('',*,*,#920,.T.);
#1218=ORIENTED_EDGE('',*,*,#918,.F.);
#1219=ORIENTED_EDGE('',*,*,#920,.F.);
#1220=ORIENTED_EDGE('',*,*,#906,.F.);
#1221=ORIENTED_EDGE('',*,*,#909,.F.);
#1222=ORIENTED_EDGE('',*,*,#911,.F.);
#1223=ORIENTED_EDGE('',*,*,#913,.F.);
#1224=ORIENTED_EDGE('',*,*,#915,.F.);
#1225=ORIENTED_EDGE('',*,*,#917,.F.);
#1226=ORIENTED_EDGE('',*,*,#919,.F.);
#1227=ORIENTED_EDGE('',*,*,#904,.F.);
#1228=ORIENTED_EDGE('',*,*,#901,.F.);
#1229=ORIENTED_EDGE('',*,*,#833,.F.);
#1230=ORIENTED_EDGE('',*,*,#921,.T.);
#1231=ORIENTED_EDGE('',*,*,#922,.T.);
#1232=ORIENTED_EDGE('',*,*,#923,.F.);
#1233=ORIENTED_EDGE('',*,*,#835,.F.);
#1234=ORIENTED_EDGE('',*,*,#924,.T.);
#1235=ORIENTED_EDGE('',*,*,#925,.T.);
#1236=ORIENTED_EDGE('',*,*,#921,.F.);
#1237=ORIENTED_EDGE('',*,*,#834,.F.);
#1238=ORIENTED_EDGE('',*,*,#923,.T.);
#1239=ORIENTED_EDGE('',*,*,#926,.T.);
#1240=ORIENTED_EDGE('',*,*,#924,.F.);
#1241=ORIENTED_EDGE('',*,*,#926,.F.);
#1242=ORIENTED_EDGE('',*,*,#922,.F.);
#1243=ORIENTED_EDGE('',*,*,#925,.F.);
#1244=ORIENTED_EDGE('',*,*,#899,.T.);
#1245=ORIENTED_EDGE('',*,*,#903,.T.);
#1246=ORIENTED_EDGE('',*,*,#869,.T.);
#1247=ORIENTED_EDGE('',*,*,#873,.T.);
#1248=ORIENTED_EDGE('',*,*,#866,.T.);
#1249=ORIENTED_EDGE('',*,*,#823,.T.);
#1250=ORIENTED_EDGE('',*,*,#927,.T.);
#1251=ORIENTED_EDGE('',*,*,#928,.F.);
#1252=ORIENTED_EDGE('',*,*,#929,.F.);
#1253=ORIENTED_EDGE('',*,*,#822,.T.);
#1254=ORIENTED_EDGE('',*,*,#930,.T.);
#1255=ORIENTED_EDGE('',*,*,#931,.F.);
#1256=ORIENTED_EDGE('',*,*,#927,.F.);
#1257=ORIENTED_EDGE('',*,*,#821,.T.);
#1258=ORIENTED_EDGE('',*,*,#932,.T.);
#1259=ORIENTED_EDGE('',*,*,#933,.F.);
#1260=ORIENTED_EDGE('',*,*,#930,.F.);
#1261=ORIENTED_EDGE('',*,*,#820,.T.);
#1262=ORIENTED_EDGE('',*,*,#934,.T.);
#1263=ORIENTED_EDGE('',*,*,#935,.F.);
#1264=ORIENTED_EDGE('',*,*,#932,.F.);
#1265=ORIENTED_EDGE('',*,*,#819,.T.);
#1266=ORIENTED_EDGE('',*,*,#936,.T.);
#1267=ORIENTED_EDGE('',*,*,#937,.F.);
#1268=ORIENTED_EDGE('',*,*,#934,.F.);
#1269=ORIENTED_EDGE('',*,*,#829,.T.);
#1270=ORIENTED_EDGE('',*,*,#938,.T.);
#1271=ORIENTED_EDGE('',*,*,#939,.F.);
#1272=ORIENTED_EDGE('',*,*,#938,.F.);
#1273=ORIENTED_EDGE('',*,*,#940,.F.);
#1274=ORIENTED_EDGE('',*,*,#941,.F.);
#1275=ORIENTED_EDGE('',*,*,#942,.T.);
#1276=ORIENTED_EDGE('',*,*,#940,.T.);
#1277=ORIENTED_EDGE('',*,*,#942,.F.);
#1278=ORIENTED_EDGE('',*,*,#939,.T.);
#1279=ORIENTED_EDGE('',*,*,#941,.T.);
#1280=ORIENTED_EDGE('',*,*,#830,.T.);
#1281=ORIENTED_EDGE('',*,*,#943,.T.);
#1282=ORIENTED_EDGE('',*,*,#944,.F.);
#1283=ORIENTED_EDGE('',*,*,#943,.F.);
#1284=ORIENTED_EDGE('',*,*,#945,.F.);
#1285=ORIENTED_EDGE('',*,*,#946,.F.);
#1286=ORIENTED_EDGE('',*,*,#947,.T.);
#1287=ORIENTED_EDGE('',*,*,#945,.T.);
#1288=ORIENTED_EDGE('',*,*,#947,.F.);
#1289=ORIENTED_EDGE('',*,*,#944,.T.);
#1290=ORIENTED_EDGE('',*,*,#946,.T.);
#1291=ORIENTED_EDGE('',*,*,#831,.T.);
#1292=ORIENTED_EDGE('',*,*,#948,.T.);
#1293=ORIENTED_EDGE('',*,*,#949,.F.);
#1294=ORIENTED_EDGE('',*,*,#948,.F.);
#1295=ORIENTED_EDGE('',*,*,#950,.F.);
#1296=ORIENTED_EDGE('',*,*,#951,.F.);
#1297=ORIENTED_EDGE('',*,*,#952,.T.);
#1298=ORIENTED_EDGE('',*,*,#950,.T.);
#1299=ORIENTED_EDGE('',*,*,#952,.F.);
#1300=ORIENTED_EDGE('',*,*,#949,.T.);
#1301=ORIENTED_EDGE('',*,*,#951,.T.);
#1302=ORIENTED_EDGE('',*,*,#814,.F.);
#1303=ORIENTED_EDGE('',*,*,#953,.F.);
#1304=ORIENTED_EDGE('',*,*,#954,.F.);
#1305=ORIENTED_EDGE('',*,*,#955,.F.);
#1306=ORIENTED_EDGE('',*,*,#956,.T.);
#1307=ORIENTED_EDGE('',*,*,#957,.T.);
#1308=ORIENTED_EDGE('',*,*,#958,.T.);
#1309=ORIENTED_EDGE('',*,*,#954,.T.);
#1310=ORIENTED_EDGE('',*,*,#957,.F.);
#1311=ORIENTED_EDGE('',*,*,#959,.F.);
#1312=ORIENTED_EDGE('',*,*,#960,.F.);
#1313=ORIENTED_EDGE('',*,*,#961,.F.);
#1314=ORIENTED_EDGE('',*,*,#962,.T.);
#1315=ORIENTED_EDGE('',*,*,#963,.T.);
#1316=ORIENTED_EDGE('',*,*,#964,.T.);
#1317=ORIENTED_EDGE('',*,*,#960,.T.);
#1318=ORIENTED_EDGE('',*,*,#812,.F.);
#1319=ORIENTED_EDGE('',*,*,#965,.F.);
#1320=ORIENTED_EDGE('',*,*,#963,.F.);
#1321=ORIENTED_EDGE('',*,*,#966,.F.);
#1322=ORIENTED_EDGE('',*,*,#832,.T.);
#1323=ORIENTED_EDGE('',*,*,#967,.T.);
#1324=ORIENTED_EDGE('',*,*,#968,.F.);
#1325=ORIENTED_EDGE('',*,*,#967,.F.);
#1326=ORIENTED_EDGE('',*,*,#969,.F.);
#1327=ORIENTED_EDGE('',*,*,#970,.F.);
#1328=ORIENTED_EDGE('',*,*,#971,.T.);
#1329=ORIENTED_EDGE('',*,*,#969,.T.);
#1330=ORIENTED_EDGE('',*,*,#971,.F.);
#1331=ORIENTED_EDGE('',*,*,#968,.T.);
#1332=ORIENTED_EDGE('',*,*,#970,.T.);
#1333=ORIENTED_EDGE('',*,*,#972,.T.);
#1334=ORIENTED_EDGE('',*,*,#973,.T.);
#1335=ORIENTED_EDGE('',*,*,#974,.T.);
#1336=ORIENTED_EDGE('',*,*,#975,.T.);
#1337=ORIENTED_EDGE('',*,*,#976,.T.);
#1338=ORIENTED_EDGE('',*,*,#977,.T.);
#1339=ORIENTED_EDGE('',*,*,#978,.T.);
#1340=ORIENTED_EDGE('',*,*,#979,.T.);
#1341=ORIENTED_EDGE('',*,*,#980,.T.);
#1342=ORIENTED_EDGE('',*,*,#981,.T.);
#1343=ORIENTED_EDGE('',*,*,#977,.F.);
#1344=ORIENTED_EDGE('',*,*,#982,.T.);
#1345=ORIENTED_EDGE('',*,*,#983,.T.);
#1346=ORIENTED_EDGE('',*,*,#984,.T.);
#1347=ORIENTED_EDGE('',*,*,#980,.F.);
#1348=ORIENTED_EDGE('',*,*,#985,.T.);
#1349=ORIENTED_EDGE('',*,*,#986,.T.);
#1350=ORIENTED_EDGE('',*,*,#987,.T.);
#1351=ORIENTED_EDGE('',*,*,#983,.F.);
#1352=ORIENTED_EDGE('',*,*,#988,.T.);
#1353=ORIENTED_EDGE('',*,*,#989,.T.);
#1354=ORIENTED_EDGE('',*,*,#986,.F.);
#1355=ORIENTED_EDGE('',*,*,#990,.T.);
#1356=ORIENTED_EDGE('',*,*,#991,.T.);
#1357=ORIENTED_EDGE('',*,*,#992,.T.);
#1358=ORIENTED_EDGE('',*,*,#979,.F.);
#1359=ORIENTED_EDGE('',*,*,#993,.T.);
#1360=ORIENTED_EDGE('',*,*,#975,.F.);
#1361=ORIENTED_EDGE('',*,*,#994,.T.);
#1362=ORIENTED_EDGE('',*,*,#991,.F.);
#1363=ORIENTED_EDGE('',*,*,#995,.T.);
#1364=ORIENTED_EDGE('',*,*,#996,.F.);
#1365=ORIENTED_EDGE('',*,*,#997,.T.);
#1366=ORIENTED_EDGE('',*,*,#998,.T.);
#1367=ORIENTED_EDGE('',*,*,#973,.F.);
#1368=ORIENTED_EDGE('',*,*,#999,.T.);
#1369=ORIENTED_EDGE('',*,*,#1000,.T.);
#1370=ORIENTED_EDGE('',*,*,#1001,.T.);
#1371=ORIENTED_EDGE('',*,*,#997,.F.);
#1372=ORIENTED_EDGE('',*,*,#1002,.T.);
#1373=ORIENTED_EDGE('',*,*,#1003,.T.);
#1374=ORIENTED_EDGE('',*,*,#1004,.T.);
#1375=ORIENTED_EDGE('',*,*,#1000,.F.);
#1376=ORIENTED_EDGE('',*,*,#1005,.T.);
#1377=ORIENTED_EDGE('',*,*,#1006,.T.);
#1378=ORIENTED_EDGE('',*,*,#1003,.F.);
#1379=ORIENTED_EDGE('',*,*,#1007,.T.);
#1380=ORIENTED_EDGE('',*,*,#996,.T.);
#1381=ORIENTED_EDGE('',*,*,#1005,.F.);
#1382=ORIENTED_EDGE('',*,*,#1008,.T.);
#1383=ORIENTED_EDGE('',*,*,#1009,.T.);
#1384=ORIENTED_EDGE('',*,*,#1010,.T.);
#1385=ORIENTED_EDGE('',*,*,#1002,.F.);
#1386=ORIENTED_EDGE('',*,*,#1011,.F.);
#1387=ORIENTED_EDGE('',*,*,#1012,.F.);
#1388=ORIENTED_EDGE('',*,*,#1008,.F.);
#1389=ORIENTED_EDGE('',*,*,#999,.F.);
#1390=ORIENTED_EDGE('',*,*,#1013,.T.);
#1391=ORIENTED_EDGE('',*,*,#1014,.T.);
#1392=ORIENTED_EDGE('',*,*,#1011,.T.);
#1393=ORIENTED_EDGE('',*,*,#972,.F.);
#1394=ORIENTED_EDGE('',*,*,#1015,.F.);
#1395=ORIENTED_EDGE('',*,*,#1016,.F.);
#1396=ORIENTED_EDGE('',*,*,#1013,.F.);
#1397=ORIENTED_EDGE('',*,*,#993,.F.);
#1398=ORIENTED_EDGE('',*,*,#1017,.F.);
#1399=ORIENTED_EDGE('',*,*,#1018,.T.);
#1400=ORIENTED_EDGE('',*,*,#1015,.T.);
#1401=ORIENTED_EDGE('',*,*,#978,.F.);
#1402=ORIENTED_EDGE('',*,*,#1019,.F.);
#1403=ORIENTED_EDGE('',*,*,#1020,.F.);
#1404=ORIENTED_EDGE('',*,*,#1017,.T.);
#1405=ORIENTED_EDGE('',*,*,#976,.F.);
#1406=ORIENTED_EDGE('',*,*,#992,.F.);
#1407=ORIENTED_EDGE('',*,*,#974,.F.);
#1408=ORIENTED_EDGE('',*,*,#998,.F.);
#1409=ORIENTED_EDGE('',*,*,#1001,.F.);
#1410=ORIENTED_EDGE('',*,*,#1004,.F.);
#1411=ORIENTED_EDGE('',*,*,#1006,.F.);
#1412=ORIENTED_EDGE('',*,*,#995,.F.);
#1413=ORIENTED_EDGE('',*,*,#990,.F.);
#1414=ORIENTED_EDGE('',*,*,#988,.F.);
#1415=ORIENTED_EDGE('',*,*,#985,.F.);
#1416=ORIENTED_EDGE('',*,*,#982,.F.);
#1417=ORIENTED_EDGE('',*,*,#935,.T.);
#1418=ORIENTED_EDGE('',*,*,#937,.T.);
#1419=ORIENTED_EDGE('',*,*,#1021,.T.);
#1420=ORIENTED_EDGE('',*,*,#1022,.T.);
#1421=ORIENTED_EDGE('',*,*,#1023,.T.);
#1422=ORIENTED_EDGE('',*,*,#928,.T.);
#1423=ORIENTED_EDGE('',*,*,#931,.T.);
#1424=ORIENTED_EDGE('',*,*,#933,.T.);
#1425=ORIENTED_EDGE('',*,*,#994,.F.);
#1426=ORIENTED_EDGE('',*,*,#1024,.F.);
#1427=ORIENTED_EDGE('',*,*,#1025,.T.);
#1428=ORIENTED_EDGE('',*,*,#1026,.T.);
#1429=ORIENTED_EDGE('',*,*,#981,.F.);
#1430=ORIENTED_EDGE('',*,*,#1027,.T.);
#1431=ORIENTED_EDGE('',*,*,#1028,.T.);
#1432=ORIENTED_EDGE('',*,*,#1019,.T.);
#1433=ORIENTED_EDGE('',*,*,#987,.F.);
#1434=ORIENTED_EDGE('',*,*,#1029,.T.);
#1435=ORIENTED_EDGE('',*,*,#1030,.T.);
#1436=ORIENTED_EDGE('',*,*,#1031,.T.);
#1437=ORIENTED_EDGE('',*,*,#984,.F.);
#1438=ORIENTED_EDGE('',*,*,#1031,.F.);
#1439=ORIENTED_EDGE('',*,*,#1032,.T.);
#1440=ORIENTED_EDGE('',*,*,#1027,.F.);
#1441=ORIENTED_EDGE('',*,*,#955,.T.);
#1442=ORIENTED_EDGE('',*,*,#958,.F.);
#1443=ORIENTED_EDGE('',*,*,#961,.T.);
#1444=ORIENTED_EDGE('',*,*,#964,.F.);
#1445=ORIENTED_EDGE('',*,*,#965,.T.);
#1446=ORIENTED_EDGE('',*,*,#811,.F.);
#1447=ORIENTED_EDGE('',*,*,#864,.T.);
#1448=ORIENTED_EDGE('',*,*,#815,.F.);
#1449=ORIENTED_EDGE('',*,*,#1007,.F.);
#1450=ORIENTED_EDGE('',*,*,#1010,.F.);
#1451=ORIENTED_EDGE('',*,*,#1033,.T.);
#1452=ORIENTED_EDGE('',*,*,#1024,.T.);
#1453=ORIENTED_EDGE('',*,*,#989,.F.);
#1454=ORIENTED_EDGE('',*,*,#1026,.F.);
#1455=ORIENTED_EDGE('',*,*,#1034,.F.);
#1456=ORIENTED_EDGE('',*,*,#1029,.F.);
#1457=ORIENTED_EDGE('',*,*,#1030,.F.);
#1458=ORIENTED_EDGE('',*,*,#1034,.T.);
#1459=ORIENTED_EDGE('',*,*,#1025,.F.);
#1460=ORIENTED_EDGE('',*,*,#1033,.F.);
#1461=ORIENTED_EDGE('',*,*,#1009,.F.);
#1462=ORIENTED_EDGE('',*,*,#1012,.T.);
#1463=ORIENTED_EDGE('',*,*,#1014,.F.);
#1464=ORIENTED_EDGE('',*,*,#1016,.T.);
#1465=ORIENTED_EDGE('',*,*,#1018,.F.);
#1466=ORIENTED_EDGE('',*,*,#1020,.T.);
#1467=ORIENTED_EDGE('',*,*,#1028,.F.);
#1468=ORIENTED_EDGE('',*,*,#1032,.F.);
#1469=ORIENTED_EDGE('',*,*,#826,.T.);
#1470=ORIENTED_EDGE('',*,*,#1035,.T.);
#1471=ORIENTED_EDGE('',*,*,#1021,.F.);
#1472=ORIENTED_EDGE('',*,*,#936,.F.);
#1473=ORIENTED_EDGE('',*,*,#818,.T.);
#1474=ORIENTED_EDGE('',*,*,#862,.F.);
#1475=ORIENTED_EDGE('',*,*,#865,.F.);
#1476=ORIENTED_EDGE('',*,*,#809,.F.);
#1477=ORIENTED_EDGE('',*,*,#966,.T.);
#1478=ORIENTED_EDGE('',*,*,#962,.F.);
#1479=ORIENTED_EDGE('',*,*,#959,.T.);
#1480=ORIENTED_EDGE('',*,*,#956,.F.);
#1481=ORIENTED_EDGE('',*,*,#953,.T.);
#1482=ORIENTED_EDGE('',*,*,#813,.F.);
#1483=ORIENTED_EDGE('',*,*,#863,.F.);
#1484=ORIENTED_EDGE('',*,*,#856,.F.);
#1485=ORIENTED_EDGE('',*,*,#825,.T.);
#1486=ORIENTED_EDGE('',*,*,#1036,.T.);
#1487=ORIENTED_EDGE('',*,*,#1022,.F.);
#1488=ORIENTED_EDGE('',*,*,#1035,.F.);
#1489=ORIENTED_EDGE('',*,*,#824,.T.);
#1490=ORIENTED_EDGE('',*,*,#929,.T.);
#1491=ORIENTED_EDGE('',*,*,#1023,.F.);
#1492=ORIENTED_EDGE('',*,*,#1036,.F.);
#1493=CYLINDRICAL_SURFACE('',#1627,1.);
#1494=CYLINDRICAL_SURFACE('',#1630,1.);
#1495=CYLINDRICAL_SURFACE('',#1654,2.6);
#1496=CYLINDRICAL_SURFACE('',#1658,1.4);
#1497=CYLINDRICAL_SURFACE('',#1661,2.6);
#1498=CYLINDRICAL_SURFACE('',#1665,1.4);
#1499=CYLINDRICAL_SURFACE('',#1668,2.6);
#1500=CYLINDRICAL_SURFACE('',#1672,1.4);
#1501=CYLINDRICAL_SURFACE('',#1676,1.);
#1502=CYLINDRICAL_SURFACE('',#1680,1.);
#1503=CYLINDRICAL_SURFACE('',#1684,2.6);
#1504=CYLINDRICAL_SURFACE('',#1688,1.4);
#1505=CYLINDRICAL_SURFACE('',#1691,2.5);
#1506=CYLINDRICAL_SURFACE('',#1694,2.5);
#1507=CYLINDRICAL_SURFACE('',#1701,2.5);
#1508=CYLINDRICAL_SURFACE('',#1707,2.5);
#1509=CYLINDRICAL_SURFACE('',#1709,2.5);
#1510=CYLINDRICAL_SURFACE('',#1710,2.5);
#1511=CYLINDRICAL_SURFACE('',#1716,2.5);
#1512=CYLINDRICAL_SURFACE('',#1722,2.5);
#1513=CYLINDRICAL_SURFACE('',#1723,7.5);
#1514=CYLINDRICAL_SURFACE('',#1726,7.5);
#1515=CYLINDRICAL_SURFACE('',#1733,7.5);
#1516=CYLINDRICAL_SURFACE('',#1735,7.5);
#1517=ADVANCED_FACE('',(#160),#1493,.F.);
#1518=ADVANCED_FACE('',(#161),#1494,.F.);
#1519=ADVANCED_FACE('',(#162,#104,#105,#106,#107,#108,#109,#110),#119,.T.);
#1520=ADVANCED_FACE('',(#163),#120,.F.);
#1521=ADVANCED_FACE('',(#164),#121,.F.);
#1522=ADVANCED_FACE('',(#165),#122,.F.);
#1523=ADVANCED_FACE('',(#166),#123,.F.);
#1524=ADVANCED_FACE('',(#167),#23,.F.);
#1525=ADVANCED_FACE('',(#168),#24,.F.);
#1526=ADVANCED_FACE('',(#169),#25,.F.);
#1527=ADVANCED_FACE('',(#170),#26,.F.);
#1528=ADVANCED_FACE('',(#171),#27,.F.);
#1529=ADVANCED_FACE('',(#172),#28,.F.);
#1530=ADVANCED_FACE('',(#173),#29,.F.);
#1531=ADVANCED_FACE('',(#174),#30,.F.);
#1532=ADVANCED_FACE('',(#175),#31,.F.);
#1533=ADVANCED_FACE('',(#176),#32,.F.);
#1534=ADVANCED_FACE('',(#177),#33,.F.);
#1535=ADVANCED_FACE('',(#178),#34,.F.);
#1536=ADVANCED_FACE('',(#179),#35,.F.);
#1537=ADVANCED_FACE('',(#180),#36,.F.);
#1538=ADVANCED_FACE('',(#181),#37,.F.);
#1539=ADVANCED_FACE('',(#182,#111),#124,.T.);
#1540=ADVANCED_FACE('',(#183),#38,.F.);
#1541=ADVANCED_FACE('',(#184),#39,.F.);
#1542=ADVANCED_FACE('',(#185),#40,.F.);
#1543=ADVANCED_FACE('',(#186),#41,.F.);
#1544=ADVANCED_FACE('',(#187),#42,.F.);
#1545=ADVANCED_FACE('',(#188),#43,.F.);
#1546=ADVANCED_FACE('',(#189),#44,.F.);
#1547=ADVANCED_FACE('',(#190),#125,.F.);
#1548=ADVANCED_FACE('',(#191),#45,.F.);
#1549=ADVANCED_FACE('',(#192),#46,.F.);
#1550=ADVANCED_FACE('',(#193,#112),#126,.T.);
#1551=ADVANCED_FACE('',(#194),#47,.F.);
#1552=ADVANCED_FACE('',(#195),#48,.F.);
#1553=ADVANCED_FACE('',(#196),#49,.F.);
#1554=ADVANCED_FACE('',(#197),#127,.T.);
#1555=ADVANCED_FACE('',(#198),#128,.T.);
#1556=ADVANCED_FACE('',(#199),#129,.T.);
#1557=ADVANCED_FACE('',(#200),#130,.T.);
#1558=ADVANCED_FACE('',(#201),#131,.F.);
#1559=ADVANCED_FACE('',(#202),#132,.F.);
#1560=ADVANCED_FACE('',(#203),#133,.F.);
#1561=ADVANCED_FACE('',(#204),#134,.F.);
#1562=ADVANCED_FACE('',(#205),#135,.F.);
#1563=ADVANCED_FACE('',(#206),#1495,.T.);
#1564=ADVANCED_FACE('',(#207),#136,.T.);
#1565=ADVANCED_FACE('',(#208),#1496,.F.);
#1566=ADVANCED_FACE('',(#209,#113),#137,.T.);
#1567=ADVANCED_FACE('',(#210),#1497,.T.);
#1568=ADVANCED_FACE('',(#211),#138,.T.);
#1569=ADVANCED_FACE('',(#212),#1498,.F.);
#1570=ADVANCED_FACE('',(#213,#114),#139,.T.);
#1571=ADVANCED_FACE('',(#214),#1499,.T.);
#1572=ADVANCED_FACE('',(#215),#140,.T.);
#1573=ADVANCED_FACE('',(#216),#1500,.F.);
#1574=ADVANCED_FACE('',(#217,#115),#141,.T.);
#1575=ADVANCED_FACE('',(#218),#142,.F.);
#1576=ADVANCED_FACE('',(#219),#1501,.F.);
#1577=ADVANCED_FACE('',(#220),#143,.F.);
#1578=ADVANCED_FACE('',(#221),#1502,.F.);
#1579=ADVANCED_FACE('',(#222),#144,.F.);
#1580=ADVANCED_FACE('',(#223),#1503,.T.);
#1581=ADVANCED_FACE('',(#224),#145,.T.);
#1582=ADVANCED_FACE('',(#225),#1504,.F.);
#1583=ADVANCED_FACE('',(#226,#116),#146,.T.);
#1584=ADVANCED_FACE('',(#227),#1505,.T.);
#1585=ADVANCED_FACE('',(#228),#1506,.T.);
#1586=ADVANCED_FACE('',(#229),#15,.T.);
#1587=ADVANCED_FACE('',(#230),#1507,.T.);
#1588=ADVANCED_FACE('',(#231),#16,.T.);
#1589=ADVANCED_FACE('',(#232),#1508,.T.);
#1590=ADVANCED_FACE('',(#233),#1509,.T.);
#1591=ADVANCED_FACE('',(#234),#1510,.T.);
#1592=ADVANCED_FACE('',(#235),#17,.T.);
#1593=ADVANCED_FACE('',(#236),#1511,.T.);
#1594=ADVANCED_FACE('',(#237),#18,.T.);
#1595=ADVANCED_FACE('',(#238),#1512,.T.);
#1596=ADVANCED_FACE('',(#239),#1513,.T.);
#1597=ADVANCED_FACE('',(#240),#147,.T.);
#1598=ADVANCED_FACE('',(#241),#1514,.T.);
#1599=ADVANCED_FACE('',(#242),#148,.T.);
#1600=ADVANCED_FACE('',(#243),#149,.T.);
#1601=ADVANCED_FACE('',(#244),#150,.T.);
#1602=ADVANCED_FACE('',(#245,#117),#151,.T.);
#1603=ADVANCED_FACE('',(#246),#152,.T.);
#1604=ADVANCED_FACE('',(#247),#1515,.T.);
#1605=ADVANCED_FACE('',(#248),#1516,.T.);
#1606=ADVANCED_FACE('',(#249,#118),#153,.T.);
#1607=ADVANCED_FACE('',(#250),#154,.T.);
#1608=ADVANCED_FACE('',(#251),#155,.T.);
#1609=ADVANCED_FACE('',(#252),#156,.F.);
#1610=ADVANCED_FACE('',(#253),#157,.F.);
#1611=ADVANCED_FACE('',(#254),#158,.F.);
#1612=ADVANCED_FACE('',(#255),#159,.F.);
#1613=CLOSED_SHELL('',(#1517,#1518,#1519,#1520,#1521,#1522,#1523,#1524,
#1525,#1526,#1527,#1528,#1529,#1530,#1531,#1532,#1533,#1534,#1535,#1536,
#1537,#1538,#1539,#1540,#1541,#1542,#1543,#1544,#1545,#1546,#1547,#1548,
#1549,#1550,#1551,#1552,#1553,#1554,#1555,#1556,#1557,#1558,#1559,#1560,
#1561,#1562,#1563,#1564,#1565,#1566,#1567,#1568,#1569,#1570,#1571,#1572,
#1573,#1574,#1575,#1576,#1577,#1578,#1579,#1580,#1581,#1582,#1583,#1584,
#1585,#1586,#1587,#1588,#1589,#1590,#1591,#1592,#1593,#1594,#1595,#1596,
#1597,#1598,#1599,#1600,#1601,#1602,#1603,#1604,#1605,#1606,#1607,#1608,
#1609,#1610,#1611,#1612));
#1614=DERIVED_UNIT_ELEMENT(#1616,1.);
#1615=DERIVED_UNIT_ELEMENT(#6393,-3.);
#1616=(
MASS_UNIT()
NAMED_UNIT(*)
SI_UNIT(.KILO.,.GRAM.)
);
#1617=DERIVED_UNIT((#1614,#1615));
#1618=MEASURE_REPRESENTATION_ITEM('density measure',
POSITIVE_RATIO_MEASURE(7850.),#1617);
#1619=PROPERTY_DEFINITION_REPRESENTATION(#1624,#1621);
#1620=PROPERTY_DEFINITION_REPRESENTATION(#1625,#1622);
#1621=REPRESENTATION('material name',(#1623),#6390);
#1622=REPRESENTATION('density',(#1618),#6390);
#1623=DESCRIPTIVE_REPRESENTATION_ITEM('Steel','Steel');
#1624=PROPERTY_DEFINITION('material property','material name',#6400);
#1625=PROPERTY_DEFINITION('material property','density of part',#6400);
#1626=AXIS2_PLACEMENT_3D('',#2106,#1744,#1745);
#1627=AXIS2_PLACEMENT_3D('',#2107,#1746,#1747);
#1628=AXIS2_PLACEMENT_3D('',#2110,#1748,#1749);
#1629=AXIS2_PLACEMENT_3D('',#2114,#1751,#1752);
#1630=AXIS2_PLACEMENT_3D('',#2116,#1754,#1755);
#1631=AXIS2_PLACEMENT_3D('',#2119,#1756,#1757);
#1632=AXIS2_PLACEMENT_3D('',#2123,#1759,#1760);
#1633=AXIS2_PLACEMENT_3D('',#2125,#1762,#1763);
#1634=AXIS2_PLACEMENT_3D('',#2151,#1776,#1777);
#1635=AXIS2_PLACEMENT_3D('',#2153,#1778,#1779);
#1636=AXIS2_PLACEMENT_3D('',#2155,#1780,#1781);
#1637=AXIS2_PLACEMENT_3D('',#2157,#1782,#1783);
#1638=AXIS2_PLACEMENT_3D('',#3058,#1785,#1786);
#1639=AXIS2_PLACEMENT_3D('',#3064,#1790,#1791);
#1640=AXIS2_PLACEMENT_3D('',#3068,#1794,#1795);
#1641=AXIS2_PLACEMENT_3D('',#3072,#1798,#1799);
#1642=AXIS2_PLACEMENT_3D('',#4733,#1818,#1819);
#1643=AXIS2_PLACEMENT_3D('',#5287,#1828,#1829);
#1644=AXIS2_PLACEMENT_3D('',#5743,#1833,#1834);
#1645=AXIS2_PLACEMENT_3D('',#6155,#1838,#1839);
#1646=AXIS2_PLACEMENT_3D('',#6156,#1840,#1841);
#1647=AXIS2_PLACEMENT_3D('',#6157,#1842,#1843);
#1648=AXIS2_PLACEMENT_3D('',#6158,#1844,#1845);
#1649=AXIS2_PLACEMENT_3D('',#6159,#1846,#1847);
#1650=AXIS2_PLACEMENT_3D('',#6165,#1851,#1852);
#1651=AXIS2_PLACEMENT_3D('',#6169,#1855,#1856);
#1652=AXIS2_PLACEMENT_3D('',#6173,#1859,#1860);
#1653=AXIS2_PLACEMENT_3D('',#6177,#1863,#1864);
#1654=AXIS2_PLACEMENT_3D('',#6181,#1867,#1868);
#1655=AXIS2_PLACEMENT_3D('',#6184,#1870,#1871);
#1656=AXIS2_PLACEMENT_3D('',#6185,#1872,#1873);
#1657=AXIS2_PLACEMENT_3D('',#6187,#1874,#1875);
#1658=AXIS2_PLACEMENT_3D('',#6188,#1876,#1877);
#1659=AXIS2_PLACEMENT_3D('',#6190,#1878,#1879);
#1660=AXIS2_PLACEMENT_3D('',#6192,#1881,#1882);
#1661=AXIS2_PLACEMENT_3D('',#6193,#1883,#1884);
#1662=AXIS2_PLACEMENT_3D('',#6196,#1886,#1887);
#1663=AXIS2_PLACEMENT_3D('',#6197,#1888,#1889);
#1664=AXIS2_PLACEMENT_3D('',#6199,#1890,#1891);
#1665=AXIS2_PLACEMENT_3D('',#6200,#1892,#1893);
#1666=AXIS2_PLACEMENT_3D('',#6202,#1894,#1895);
#1667=AXIS2_PLACEMENT_3D('',#6204,#1897,#1898);
#1668=AXIS2_PLACEMENT_3D('',#6205,#1899,#1900);
#1669=AXIS2_PLACEMENT_3D('',#6208,#1902,#1903);
#1670=AXIS2_PLACEMENT_3D('',#6209,#1904,#1905);
#1671=AXIS2_PLACEMENT_3D('',#6211,#1906,#1907);
#1672=AXIS2_PLACEMENT_3D('',#6212,#1908,#1909);
#1673=AXIS2_PLACEMENT_3D('',#6214,#1910,#1911);
#1674=AXIS2_PLACEMENT_3D('',#6216,#1913,#1914);
#1675=AXIS2_PLACEMENT_3D('',#6217,#1915,#1916);
#1676=AXIS2_PLACEMENT_3D('',#6223,#1920,#1921);
#1677=AXIS2_PLACEMENT_3D('',#6225,#1922,#1923);
#1678=AXIS2_PLACEMENT_3D('',#6228,#1925,#1926);
#1679=AXIS2_PLACEMENT_3D('',#6229,#1927,#1928);
#1680=AXIS2_PLACEMENT_3D('',#6235,#1932,#1933);
#1681=AXIS2_PLACEMENT_3D('',#6237,#1934,#1935);
#1682=AXIS2_PLACEMENT_3D('',#6240,#1937,#1938);
#1683=AXIS2_PLACEMENT_3D('',#6241,#1939,#1940);
#1684=AXIS2_PLACEMENT_3D('',#6244,#1943,#1944);
#1685=AXIS2_PLACEMENT_3D('',#6247,#1946,#1947);
#1686=AXIS2_PLACEMENT_3D('',#6248,#1948,#1949);
#1687=AXIS2_PLACEMENT_3D('',#6250,#1950,#1951);
#1688=AXIS2_PLACEMENT_3D('',#6251,#1952,#1953);
#1689=AXIS2_PLACEMENT_3D('',#6253,#1954,#1955);
#1690=AXIS2_PLACEMENT_3D('',#6255,#1957,#1958);
#1691=AXIS2_PLACEMENT_3D('',#6256,#1959,#1960);
#1692=AXIS2_PLACEMENT_3D('',#6261,#1962,#1963);
#1693=AXIS2_PLACEMENT_3D('',#6264,#1965,#1966);
#1694=AXIS2_PLACEMENT_3D('',#6265,#1967,#1968);
#1695=AXIS2_PLACEMENT_3D('',#6270,#1970,#1971);
#1696=AXIS2_PLACEMENT_3D('',#6273,#1973,#1974);
#1697=AXIS2_PLACEMENT_3D('',#6274,#1975,#1976);
#1698=AXIS2_PLACEMENT_3D('',#6277,#1977,#1978);
#1699=AXIS2_PLACEMENT_3D('',#6278,#1979,#1980);
#1700=AXIS2_PLACEMENT_3D('',#6279,#1981,#1982);
#1701=AXIS2_PLACEMENT_3D('',#6280,#1983,#1984);
#1702=AXIS2_PLACEMENT_3D('',#6283,#1985,#1986);
#1703=AXIS2_PLACEMENT_3D('',#6286,#1989,#1990);
#1704=AXIS2_PLACEMENT_3D('',#6289,#1991,#1992);
#1705=AXIS2_PLACEMENT_3D('',#6290,#1993,#1994);
#1706=AXIS2_PLACEMENT_3D('',#6291,#1995,#1996);
#1707=AXIS2_PLACEMENT_3D('',#6292,#1997,#1998);
#1708=AXIS2_PLACEMENT_3D('',#6297,#2001,#2002);
#1709=AXIS2_PLACEMENT_3D('',#6298,#2003,#2004);
#1710=AXIS2_PLACEMENT_3D('',#6301,#2007,#2008);
#1711=AXIS2_PLACEMENT_3D('',#6306,#2011,#2012);
#1712=AXIS2_PLACEMENT_3D('',#6307,#2013,#2014);
#1713=AXIS2_PLACEMENT_3D('',#6310,#2015,#2016);
#1714=AXIS2_PLACEMENT_3D('',#6311,#2017,#2018);
#1715=AXIS2_PLACEMENT_3D('',#6312,#2019,#2020);
#1716=AXIS2_PLACEMENT_3D('',#6313,#2021,#2022);
#1717=AXIS2_PLACEMENT_3D('',#6316,#2023,#2024);
#1718=AXIS2_PLACEMENT_3D('',#6319,#2027,#2028);
#1719=AXIS2_PLACEMENT_3D('',#6322,#2029,#2030);
#1720=AXIS2_PLACEMENT_3D('',#6323,#2031,#2032);
#1721=AXIS2_PLACEMENT_3D('',#6324,#2033,#2034);
#1722=AXIS2_PLACEMENT_3D('',#6325,#2035,#2036);
#1723=AXIS2_PLACEMENT_3D('',#6328,#2039,#2040);
#1724=AXIS2_PLACEMENT_3D('',#6332,#2042,#2043);
#1725=AXIS2_PLACEMENT_3D('',#6334,#2045,#2046);
#1726=AXIS2_PLACEMENT_3D('',#6338,#2049,#2050);
#1727=AXIS2_PLACEMENT_3D('',#6341,#2052,#2053);
#1728=AXIS2_PLACEMENT_3D('',#6342,#2054,#2055);
#1729=AXIS2_PLACEMENT_3D('',#6346,#2058,#2059);
#1730=AXIS2_PLACEMENT_3D('',#6350,#2062,#2063);
#1731=AXIS2_PLACEMENT_3D('',#6354,#2066,#2067);
#1732=AXIS2_PLACEMENT_3D('',#6360,#2071,#2072);
#1733=AXIS2_PLACEMENT_3D('',#6366,#2076,#2077);
#1734=AXIS2_PLACEMENT_3D('',#6369,#2079,#2080);
#1735=AXIS2_PLACEMENT_3D('',#6370,#2081,#2082);
#1736=AXIS2_PLACEMENT_3D('',#6374,#2084,#2085);
#1737=AXIS2_PLACEMENT_3D('',#6376,#2087,#2088);
#1738=AXIS2_PLACEMENT_3D('',#6378,#2090,#2091);
#1739=AXIS2_PLACEMENT_3D('',#6380,#2093,#2094);
#1740=AXIS2_PLACEMENT_3D('',#6382,#2096,#2097);
#1741=AXIS2_PLACEMENT_3D('',#6383,#2098,#2099);
#1742=AXIS2_PLACEMENT_3D('',#6385,#2101,#2102);
#1743=AXIS2_PLACEMENT_3D('',#6387,#2104,#2105);
#1744=DIRECTION('axis',(0.,0.,1.));
#1745=DIRECTION('refdir',(1.,0.,0.));
#1746=DIRECTION('center_axis',(-1.,0.,0.));
#1747=DIRECTION('ref_axis',(0.,-0.707106781186549,0.707106781186546));
#1748=DIRECTION('center_axis',(1.,0.,0.));
#1749=DIRECTION('ref_axis',(0.,-0.707106781186549,0.707106781186546));
#1750=DIRECTION('',(-1.,0.,0.));
#1751=DIRECTION('center_axis',(-1.,0.,0.));
#1752=DIRECTION('ref_axis',(0.,-0.707106781186549,0.707106781186546));
#1753=DIRECTION('',(1.,0.,0.));
#1754=DIRECTION('center_axis',(-1.,0.,0.));
#1755=DIRECTION('ref_axis',(0.,-0.707106781186549,-0.707106781186546));
#1756=DIRECTION('center_axis',(1.,0.,0.));
#1757=DIRECTION('ref_axis',(0.,-0.707106781186549,-0.707106781186546));
#1758=DIRECTION('',(-1.,0.,0.));
#1759=DIRECTION('center_axis',(-1.,0.,0.));
#1760=DIRECTION('ref_axis',(0.,-0.707106781186549,-0.707106781186546));
#1761=DIRECTION('',(1.,0.,0.));
#1762=DIRECTION('center_axis',(0.,1.,0.));
#1763=DIRECTION('ref_axis',(0.,0.,1.));
#1764=DIRECTION('',(-1.,0.,0.));
#1765=DIRECTION('',(0.,0.,-1.));
#1766=DIRECTION('',(-1.,0.,0.));
#1767=DIRECTION('',(-0.863112091262857,0.,0.505012393824011));
#1768=DIRECTION('',(-1.,0.,0.));
#1769=DIRECTION('',(0.,0.,1.));
#1770=DIRECTION('',(0.999168053100578,0.,0.0407823695143094));
#1771=DIRECTION('',(1.,0.,0.));
#1772=DIRECTION('',(0.986685402600859,0.,-0.162640450978164));
#1773=DIRECTION('',(0.,0.,-1.));
#1774=DIRECTION('',(1.,0.,0.));
#1775=DIRECTION('',(0.,0.,1.));
#1776=DIRECTION('center_axis',(0.,1.,0.));
#1777=DIRECTION('ref_axis',(-1.,0.,0.));
#1778=DIRECTION('center_axis',(0.,1.,0.));
#1779=DIRECTION('ref_axis',(-1.,0.,0.));
#1780=DIRECTION('center_axis',(0.,1.,0.));
#1781=DIRECTION('ref_axis',(-1.,0.,0.));
#1782=DIRECTION('center_axis',(0.,1.,0.));
#1783=DIRECTION('ref_axis',(-1.,0.,0.));
#1784=DIRECTION('',(-0.999928431686451,0.,0.0119637579829137));
#1785=DIRECTION('center_axis',(0.,0.,-1.));
#1786=DIRECTION('ref_axis',(1.,0.,0.));
#1787=DIRECTION('',(0.,-1.,0.));
#1788=DIRECTION('',(1.,0.,0.));
#1789=DIRECTION('',(0.,-1.,0.));
#1790=DIRECTION('center_axis',(1.,0.,0.));
#1791=DIRECTION('ref_axis',(0.,0.,1.));
#1792=DIRECTION('',(0.,0.,1.));
#1793=DIRECTION('',(0.,-1.,0.));
#1794=DIRECTION('center_axis',(0.,0.,1.));
#1795=DIRECTION('ref_axis',(-1.,0.,0.));
#1796=DIRECTION('',(-1.,0.,0.));
#1797=DIRECTION('',(0.,1.,0.));
#1798=DIRECTION('center_axis',(0.,-1.,0.));
#1799=DIRECTION('ref_axis',(0.,0.,-1.));
#1800=DIRECTION('',(0.,0.,1.));
#1801=DIRECTION('',(0.,-2.22044604925031E-16,-1.));
#1802=DIRECTION('',(0.,0.,1.));
#1803=DIRECTION('',(0.,-1.,0.));
#1804=DIRECTION('',(0.,-1.,0.));
#1805=DIRECTION('',(0.,-1.,0.));
#1806=DIRECTION('',(0.,-1.,0.));
#1807=DIRECTION('',(0.,-1.,0.));
#1808=DIRECTION('',(0.,-1.,0.));
#1809=DIRECTION('',(0.,-1.,0.));
#1810=DIRECTION('',(0.,-1.,0.));
#1811=DIRECTION('',(0.,-1.,0.));
#1812=DIRECTION('',(0.,-1.,0.));
#1813=DIRECTION('',(0.,-1.,0.));
#1814=DIRECTION('',(0.,-1.,0.));
#1815=DIRECTION('',(0.,-1.,0.));
#1816=DIRECTION('',(0.,-1.,0.));
#1817=DIRECTION('',(0.,-1.,0.));
#1818=DIRECTION('center_axis',(0.,1.,0.));
#1819=DIRECTION('ref_axis',(0.,0.,1.));
#1820=DIRECTION('',(0.,-1.,0.));
#1821=DIRECTION('',(0.,-1.,0.));
#1822=DIRECTION('',(0.,-1.,0.));
#1823=DIRECTION('',(0.,-1.,0.));
#1824=DIRECTION('',(0.,-1.,0.));
#1825=DIRECTION('',(0.,-1.,0.));
#1826=DIRECTION('',(0.,-1.,0.));
#1827=DIRECTION('',(0.,-1.,0.));
#1828=DIRECTION('center_axis',(0.0119637579829137,0.,0.999928431686451));
#1829=DIRECTION('ref_axis',(-0.999928431686451,0.,0.0119637579829137));
#1830=DIRECTION('',(0.,-1.,0.));
#1831=DIRECTION('',(-0.999928431686451,0.,0.0119637579829137));
#1832=DIRECTION('',(0.,-1.,0.));
#1833=DIRECTION('center_axis',(0.,1.,0.));
#1834=DIRECTION('ref_axis',(0.,0.,1.));
#1835=DIRECTION('',(0.,-1.,0.));
#1836=DIRECTION('',(0.,-1.,0.));
#1837=DIRECTION('',(0.,-1.,0.));
#1838=DIRECTION('center_axis',(0.,1.,0.));
#1839=DIRECTION('ref_axis',(0.,0.,1.));
#1840=DIRECTION('center_axis',(0.,1.,0.));
#1841=DIRECTION('ref_axis',(0.,0.,1.));
#1842=DIRECTION('center_axis',(0.,1.,0.));
#1843=DIRECTION('ref_axis',(0.,0.,1.));
#1844=DIRECTION('center_axis',(0.,1.,0.));
#1845=DIRECTION('ref_axis',(0.,0.,1.));
#1846=DIRECTION('center_axis',(0.0407823695143094,0.,-0.999168053100577));
#1847=DIRECTION('ref_axis',(-0.999168053100578,0.,-0.0407823695143094));
#1848=DIRECTION('',(0.,-1.,0.));
#1849=DIRECTION('',(0.999168053100578,0.,0.0407823695143094));
#1850=DIRECTION('',(0.,1.,0.));
#1851=DIRECTION('center_axis',(1.,0.,0.));
#1852=DIRECTION('ref_axis',(0.,0.,-1.));
#1853=DIRECTION('',(0.,-1.,0.));
#1854=DIRECTION('',(0.,0.,1.));
#1855=DIRECTION('center_axis',(0.,0.,1.));
#1856=DIRECTION('ref_axis',(1.,0.,0.));
#1857=DIRECTION('',(0.,-1.,0.));
#1858=DIRECTION('',(-1.,0.,0.));
#1859=DIRECTION('center_axis',(0.505012393824011,0.,0.863112091262857));
#1860=DIRECTION('ref_axis',(0.863112091262857,0.,-0.505012393824011));
#1861=DIRECTION('',(0.,-1.,0.));
#1862=DIRECTION('',(-0.863112091262857,0.,0.505012393824011));
#1863=DIRECTION('center_axis',(0.,0.,1.));
#1864=DIRECTION('ref_axis',(1.,0.,0.));
#1865=DIRECTION('',(0.,-1.,0.));
#1866=DIRECTION('',(-1.,0.,0.));
#1867=DIRECTION('center_axis',(0.,-1.,2.22044604925031E-16));
#1868=DIRECTION('ref_axis',(-1.,0.,0.));
#1869=DIRECTION('',(0.,1.,-2.22044604925031E-16));
#1870=DIRECTION('center_axis',(0.,1.,-2.22044604925031E-16));
#1871=DIRECTION('ref_axis',(-1.,0.,0.));
#1872=DIRECTION('center_axis',(0.,1.,-2.22044604925031E-16));
#1873=DIRECTION('ref_axis',(-1.,0.,0.));
#1874=DIRECTION('center_axis',(0.,-1.,2.22044604925031E-16));
#1875=DIRECTION('ref_axis',(-1.,0.,0.));
#1876=DIRECTION('center_axis',(0.,-1.,2.22044604925031E-16));
#1877=DIRECTION('ref_axis',(-1.,0.,0.));
#1878=DIRECTION('center_axis',(0.,-1.,2.22044604925031E-16));
#1879=DIRECTION('ref_axis',(-1.,0.,0.));
#1880=DIRECTION('',(0.,-1.,2.22044604925031E-16));
#1881=DIRECTION('center_axis',(0.,1.,-2.22044604925031E-16));
#1882=DIRECTION('ref_axis',(-1.,0.,0.));
#1883=DIRECTION('center_axis',(0.,-1.,2.22044604925031E-16));
#1884=DIRECTION('ref_axis',(-1.,0.,0.));
#1885=DIRECTION('',(0.,1.,-2.22044604925031E-16));
#1886=DIRECTION('center_axis',(0.,1.,-2.22044604925031E-16));
#1887=DIRECTION('ref_axis',(-1.,0.,0.));
#1888=DIRECTION('center_axis',(0.,1.,-2.22044604925031E-16));
#1889=DIRECTION('ref_axis',(-1.,0.,0.));
#1890=DIRECTION('center_axis',(0.,1.,-2.22044604925031E-16));
#1891=DIRECTION('ref_axis',(-1.,0.,0.));
#1892=DIRECTION('center_axis',(0.,-1.,2.22044604925031E-16));
#1893=DIRECTION('ref_axis',(-1.,0.,0.));
#1894=DIRECTION('center_axis',(0.,-1.,2.22044604925031E-16));
#1895=DIRECTION('ref_axis',(-1.,0.,0.));
#1896=DIRECTION('',(0.,-1.,2.22044604925031E-16));
#1897=DIRECTION('center_axis',(0.,1.,-2.22044604925031E-16));
#1898=DIRECTION('ref_axis',(-1.,0.,0.));
#1899=DIRECTION('center_axis',(0.,-1.,2.22044604925031E-16));
#1900=DIRECTION('ref_axis',(-1.,0.,0.));
#1901=DIRECTION('',(0.,1.,-2.22044604925031E-16));
#1902=DIRECTION('center_axis',(0.,1.,-2.22044604925031E-16));
#1903=DIRECTION('ref_axis',(-1.,0.,0.));
#1904=DIRECTION('center_axis',(0.,1.,-2.22044604925031E-16));
#1905=DIRECTION('ref_axis',(-1.,0.,0.));
#1906=DIRECTION('center_axis',(0.,-1.,2.22044604925031E-16));
#1907=DIRECTION('ref_axis',(-1.,0.,0.));
#1908=DIRECTION('center_axis',(0.,-1.,2.22044604925031E-16));
#1909=DIRECTION('ref_axis',(-1.,0.,0.));
#1910=DIRECTION('center_axis',(0.,-1.,2.22044604925031E-16));
#1911=DIRECTION('ref_axis',(-1.,0.,0.));
#1912=DIRECTION('',(0.,-1.,2.22044604925031E-16));
#1913=DIRECTION('center_axis',(0.,1.,-2.22044604925031E-16));
#1914=DIRECTION('ref_axis',(-1.,0.,0.));
#1915=DIRECTION('center_axis',(0.,-2.22044604925031E-16,-1.));
#1916=DIRECTION('ref_axis',(0.,-1.,2.22044604925031E-16));
#1917=DIRECTION('',(0.,1.,-2.22044604925031E-16));
#1918=DIRECTION('',(1.,0.,0.));
#1919=DIRECTION('',(0.,1.,-2.22044604925031E-16));
#1920=DIRECTION('center_axis',(-1.,0.,0.));
#1921=DIRECTION('ref_axis',(0.,0.707106781186549,-0.707106781186546));
#1922=DIRECTION('center_axis',(1.,0.,0.));
#1923=DIRECTION('ref_axis',(0.,0.707106781186549,-0.707106781186546));
#1924=DIRECTION('',(-1.,0.,0.));
#1925=DIRECTION('center_axis',(-1.,0.,0.));
#1926=DIRECTION('ref_axis',(0.,0.707106781186549,-0.707106781186546));
#1927=DIRECTION('center_axis',(0.,1.,-2.22044604925031E-16));
#1928=DIRECTION('ref_axis',(0.,-2.22044604925031E-16,-1.));
#1929=DIRECTION('',(0.,2.22044604925031E-16,1.));
#1930=DIRECTION('',(1.,0.,0.));
#1931=DIRECTION('',(0.,2.22044604925031E-16,1.));
#1932=DIRECTION('center_axis',(-1.,0.,0.));
#1933=DIRECTION('ref_axis',(0.,0.707106781186549,0.707106781186546));
#1934=DIRECTION('center_axis',(1.,0.,0.));
#1935=DIRECTION('ref_axis',(0.,0.707106781186549,0.707106781186546));
#1936=DIRECTION('',(-1.,0.,0.));
#1937=DIRECTION('center_axis',(-1.,0.,0.));
#1938=DIRECTION('ref_axis',(0.,0.707106781186549,0.707106781186546));
#1939=DIRECTION('center_axis',(0.,2.22044604925031E-16,1.));
#1940=DIRECTION('ref_axis',(0.,1.,-2.22044604925031E-16));
#1941=DIRECTION('',(0.,-1.,2.22044604925031E-16));
#1942=DIRECTION('',(0.,-1.,2.22044604925031E-16));
#1943=DIRECTION('center_axis',(0.,-1.,2.22044604925031E-16));
#1944=DIRECTION('ref_axis',(-1.,0.,0.));
#1945=DIRECTION('',(0.,1.,-2.22044604925031E-16));
#1946=DIRECTION('center_axis',(0.,1.,-2.22044604925031E-16));
#1947=DIRECTION('ref_axis',(-1.,0.,0.));
#1948=DIRECTION('center_axis',(0.,1.,-2.22044604925031E-16));
#1949=DIRECTION('ref_axis',(-1.,0.,0.));
#1950=DIRECTION('center_axis',(0.,-1.,2.22044604925031E-16));
#1951=DIRECTION('ref_axis',(-1.,0.,0.));
#1952=DIRECTION('center_axis',(0.,-1.,2.22044604925031E-16));
#1953=DIRECTION('ref_axis',(-1.,0.,0.));
#1954=DIRECTION('center_axis',(0.,-1.,2.22044604925031E-16));
#1955=DIRECTION('ref_axis',(-1.,0.,0.));
#1956=DIRECTION('',(0.,-1.,2.22044604925031E-16));
#1957=DIRECTION('center_axis',(0.,1.,-2.22044604925031E-16));
#1958=DIRECTION('ref_axis',(-1.,0.,0.));
#1959=DIRECTION('center_axis',(1.,0.,0.));
#1960=DIRECTION('ref_axis',(0.,0.707106781186547,0.707106781186547));
#1961=DIRECTION('',(1.,0.,0.));
#1962=DIRECTION('center_axis',(-1.,0.,0.));
#1963=DIRECTION('ref_axis',(0.,0.,1.));
#1964=DIRECTION('',(-1.,0.,0.));
#1965=DIRECTION('center_axis',(0.96517151099244,0.,-0.261617954981247));
#1966=DIRECTION('ref_axis',(-0.261617954981247,0.,-0.96517151099244));
#1967=DIRECTION('center_axis',(1.,0.,0.));
#1968=DIRECTION('ref_axis',(0.,0.707106781186547,0.707106781186547));
#1969=DIRECTION('',(-1.,0.,0.));
#1970=DIRECTION('center_axis',(1.,0.,0.));
#1971=DIRECTION('ref_axis',(0.,1.,0.));
#1972=DIRECTION('',(1.,0.,0.));
#1973=DIRECTION('center_axis',(-0.965171510992441,0.,0.261617954981244));
#1974=DIRECTION('ref_axis',(-0.261617954981244,0.,-0.965171510992441));
#1975=DIRECTION('center_axis',(0.,1.,0.));
#1976=DIRECTION('ref_axis',(0.,0.,1.));
#1977=DIRECTION('center_axis',(0.,0.,1.));
#1978=DIRECTION('ref_axis',(0.,1.,0.));
#1979=DIRECTION('center_axis',(0.,1.,0.));
#1980=DIRECTION('ref_axis',(-0.707106781186547,0.,0.707106781186547));
#1981=DIRECTION('center_axis',(0.,-1.,0.));
#1982=DIRECTION('ref_axis',(-0.707106781186548,0.,0.707106781186548));
#1983=DIRECTION('center_axis',(0.,0.,1.));
#1984=DIRECTION('ref_axis',(-0.707106781186547,0.707106781186547,0.));
#1985=DIRECTION('center_axis',(0.,0.,1.));
#1986=DIRECTION('ref_axis',(0.,1.,0.));
#1987=DIRECTION('',(0.,0.,1.));
#1988=DIRECTION('',(0.,0.,-1.));
#1989=DIRECTION('center_axis',(0.,1.,0.));
#1990=DIRECTION('ref_axis',(0.,0.,1.));
#1991=DIRECTION('center_axis',(-0.986685402600859,0.,0.162640450978166));
#1992=DIRECTION('ref_axis',(0.,1.,0.));
#1993=DIRECTION('center_axis',(0.,1.,0.));
#1994=DIRECTION('ref_axis',(-0.76244358839791,0.,-0.647054692055408));
#1995=DIRECTION('center_axis',(0.,-1.,0.));
#1996=DIRECTION('ref_axis',(-0.76244358839791,0.,-0.647054692055408));
#1997=DIRECTION('center_axis',(0.986685402600859,0.,-0.162640450978164));
#1998=DIRECTION('ref_axis',(-0.115004165781898,0.707106781186549,-0.697691939076845));
#1999=DIRECTION('',(-0.986685402600859,0.,0.162640450978164));
#2000=DIRECTION('',(0.986685402600859,0.,-0.162640450978164));
#2001=DIRECTION('center_axis',(-0.996665792179319,0.,0.0815922710774212));
#2002=DIRECTION('ref_axis',(0.0815922710774212,0.,0.996665792179319));
#2003=DIRECTION('center_axis',(0.863112091262857,0.,-0.505012393824011));
#2004=DIRECTION('ref_axis',(0.357097688256209,0.707106781186548,0.610312412656068));
#2005=DIRECTION('',(-0.863112091262857,0.,0.505012393824011));
#2006=DIRECTION('',(0.863112091262857,0.,-0.505012393824011));
#2007=DIRECTION('center_axis',(-1.,0.,0.));
#2008=DIRECTION('ref_axis',(0.,0.707106781186547,-0.707106781186547));
#2009=DIRECTION('',(-1.,0.,0.));
#2010=DIRECTION('',(1.,0.,0.));
#2011=DIRECTION('center_axis',(0.999791991641404,0.,0.0203954271765871));
#2012=DIRECTION('ref_axis',(-0.0203954271765871,0.,0.999791991641404));
#2013=DIRECTION('center_axis',(0.,1.,0.));
#2014=DIRECTION('ref_axis',(0.,0.,1.));
#2015=DIRECTION('center_axis',(0.,0.,1.));
#2016=DIRECTION('ref_axis',(1.,0.,0.));
#2017=DIRECTION('center_axis',(0.,-1.,0.));
#2018=DIRECTION('ref_axis',(0.707106781186548,0.,0.707106781186548));
#2019=DIRECTION('center_axis',(0.,1.,0.));
#2020=DIRECTION('ref_axis',(0.707106781186547,0.,0.707106781186547));
#2021=DIRECTION('center_axis',(0.,0.,-1.));
#2022=DIRECTION('ref_axis',(0.707106781186547,0.707106781186547,0.));
#2023=DIRECTION('center_axis',(-3.5527136788005E-15,0.,1.));
#2024=DIRECTION('ref_axis',(1.,0.,3.5527136788005E-15));
#2025=DIRECTION('',(0.,0.,1.));
#2026=DIRECTION('',(0.,0.,-1.));
#2027=DIRECTION('center_axis',(0.,1.,0.));
#2028=DIRECTION('ref_axis',(0.,0.,1.));
#2029=DIRECTION('center_axis',(0.999168053100578,0.,0.0407823695143073));
#2030=DIRECTION('ref_axis',(0.0407823695143073,0.,-0.999168053100578));
#2031=DIRECTION('center_axis',(0.,-1.,0.));
#2032=DIRECTION('ref_axis',(0.721381441927331,0.,-0.692537952203953));
#2033=DIRECTION('center_axis',(0.,1.,0.));
#2034=DIRECTION('ref_axis',(0.721381441927331,0.,-0.692537952203953));
#2035=DIRECTION('center_axis',(-0.999168053100577,0.,-0.0407823695143094));
#2036=DIRECTION('ref_axis',(0.0288374900364247,0.707106781186548,-0.706518505892378));
#2037=DIRECTION('',(0.999168053100578,0.,0.0407823695143094));
#2038=DIRECTION('',(-0.999168053100578,0.,-0.0407823695143094));
#2039=DIRECTION('center_axis',(0.,1.,0.));
#2040=DIRECTION('ref_axis',(0.721381441927331,0.,-0.692537952203953));
#2041=DIRECTION('',(0.,-1.,0.));
#2042=DIRECTION('center_axis',(0.,1.,0.));
#2043=DIRECTION('ref_axis',(0.721381441927331,0.,-0.692537952203953));
#2044=DIRECTION('',(0.,1.,0.));
#2045=DIRECTION('center_axis',(1.,0.,0.));
#2046=DIRECTION('ref_axis',(0.,0.,-1.));
#2047=DIRECTION('',(0.,1.,0.));
#2048=DIRECTION('',(0.,0.,1.));
#2049=DIRECTION('center_axis',(0.,1.,0.));
#2050=DIRECTION('ref_axis',(0.707106781186547,0.,0.707106781186547));
#2051=DIRECTION('',(0.,-1.,0.));
#2052=DIRECTION('center_axis',(0.,1.,0.));
#2053=DIRECTION('ref_axis',(0.707106781186547,0.,0.707106781186547));
#2054=DIRECTION('center_axis',(0.,0.,1.));
#2055=DIRECTION('ref_axis',(1.,0.,0.));
#2056=DIRECTION('',(0.,1.,0.));
#2057=DIRECTION('',(-1.,0.,0.));
#2058=DIRECTION('center_axis',(0.505012393824011,0.,0.863112091262857));
#2059=DIRECTION('ref_axis',(0.863112091262857,0.,-0.505012393824011));
#2060=DIRECTION('',(0.,-1.,0.));
#2061=DIRECTION('',(-0.863112091262857,0.,0.505012393824011));
#2062=DIRECTION('center_axis',(0.,0.,1.));
#2063=DIRECTION('ref_axis',(1.,0.,0.));
#2064=DIRECTION('',(0.,1.,0.));
#2065=DIRECTION('',(-1.,0.,0.));
#2066=DIRECTION('center_axis',(0.,1.,0.));
#2067=DIRECTION('ref_axis',(0.,0.,1.));
#2068=DIRECTION('',(0.,0.,-1.));
#2069=DIRECTION('',(0.986685402600859,0.,-0.162640450978164));
#2070=DIRECTION('',(1.,0.,0.));
#2071=DIRECTION('center_axis',(0.,0.,-1.));
#2072=DIRECTION('ref_axis',(-1.,0.,0.));
#2073=DIRECTION('',(0.,-1.,0.));
#2074=DIRECTION('',(1.,0.,0.));
#2075=DIRECTION('',(0.,-1.,0.));
#2076=DIRECTION('center_axis',(0.,1.,0.));
#2077=DIRECTION('ref_axis',(-0.707106781186547,0.,0.707106781186547));
#2078=DIRECTION('',(0.,-1.,0.));
#2079=DIRECTION('center_axis',(0.,1.,0.));
#2080=DIRECTION('ref_axis',(-0.707106781186547,0.,0.707106781186547));
#2081=DIRECTION('center_axis',(0.,1.,0.));
#2082=DIRECTION('ref_axis',(-0.76244358839791,0.,-0.647054692055408));
#2083=DIRECTION('',(0.,-1.,0.));
#2084=DIRECTION('center_axis',(0.,1.,0.));
#2085=DIRECTION('ref_axis',(-0.76244358839791,0.,-0.647054692055408));
#2086=DIRECTION('',(0.,1.,0.));
#2087=DIRECTION('center_axis',(-1.,0.,0.));
#2088=DIRECTION('ref_axis',(0.,-4.37183501598862E-33,1.));
#2089=DIRECTION('',(0.,0.,-1.));
#2090=DIRECTION('center_axis',(0.0407823695143094,0.,-0.999168053100577));
#2091=DIRECTION('ref_axis',(-0.999168053100578,0.,-0.0407823695143094));
#2092=DIRECTION('',(0.999168053100578,0.,0.0407823695143094));
#2093=DIRECTION('center_axis',(-0.162640450978164,0.,-0.986685402600859));
#2094=DIRECTION('ref_axis',(-0.986685402600859,1.05233508353172E-32,0.162640450978164));
#2095=DIRECTION('',(0.986685402600859,0.,-0.162640450978164));
#2096=DIRECTION('center_axis',(0.,1.,0.));
#2097=DIRECTION('ref_axis',(-1.,0.,0.));
#2098=DIRECTION('center_axis',(-1.,0.,0.));
#2099=DIRECTION('ref_axis',(0.,-4.37183501598862E-33,1.));
#2100=DIRECTION('',(0.,1.,0.));
#2101=DIRECTION('center_axis',(-0.162640450978164,0.,-0.986685402600859));
#2102=DIRECTION('ref_axis',(-0.986685402600859,1.05233508353172E-32,0.162640450978164));
#2103=DIRECTION('',(0.,1.,0.));
#2104=DIRECTION('center_axis',(0.,0.,-1.));
#2105=DIRECTION('ref_axis',(-1.,0.,0.));
#2106=CARTESIAN_POINT('',(0.,0.,0.));
#2107=CARTESIAN_POINT('Origin',(-54.1365511913741,0.950000000000009,64.3466298358158));
#2108=CARTESIAN_POINT('',(-55.336,0.95000000000001,65.3466298358158));
#2109=CARTESIAN_POINT('',(-55.336,-0.0500000000000034,64.3466298358158));
#2110=CARTESIAN_POINT('Origin',(-55.336,0.950000000000009,64.3466298358158));
#2111=CARTESIAN_POINT('',(-59.636,-0.0499999999999909,64.3466298358158));
#2112=CARTESIAN_POINT('',(-54.1365511913741,-0.0499999999999909,64.3466298358158));
#2113=CARTESIAN_POINT('',(-59.636,0.95000000000001,65.3466298358158));
#2114=CARTESIAN_POINT('Origin',(-59.636,0.950000000000009,64.3466298358158));
#2115=CARTESIAN_POINT('',(-54.1365511913741,0.95000000000001,65.3466298358158));
#2116=CARTESIAN_POINT('Origin',(-54.1365511913741,0.950000000000008,54.9466298358158));
#2117=CARTESIAN_POINT('',(-55.336,-0.0500000000000034,54.9466298358158));
#2118=CARTESIAN_POINT('',(-55.336,0.950000000000007,53.9466298358158));
#2119=CARTESIAN_POINT('Origin',(-55.336,0.950000000000008,54.9466298358158));
#2120=CARTESIAN_POINT('',(-59.636,0.950000000000007,53.9466298358158));
#2121=CARTESIAN_POINT('',(-54.1365511913741,0.950000000000007,53.9466298358158));
#2122=CARTESIAN_POINT('',(-59.636,-0.049999999999993,54.9466298358158));
#2123=CARTESIAN_POINT('Origin',(-59.636,0.950000000000008,54.9466298358158));
#2124=CARTESIAN_POINT('',(-54.1365511913741,-0.049999999999993,54.9466298358158));
#2125=CARTESIAN_POINT('Origin',(2.26800000000001,1.30999999999999,13.2979999999999));
#2126=CARTESIAN_POINT('',(-22.132,1.30999999999999,67.32));
#2127=CARTESIAN_POINT('',(-55.336,1.30999999999999,67.32));
#2128=CARTESIAN_POINT('',(-24.902,1.30999999999999,67.32));
#2129=CARTESIAN_POINT('',(-55.336,1.30999999999999,73.6959999999999));
#2130=CARTESIAN_POINT('',(-55.336,1.30999999999999,-12.9910000000001));
#2131=CARTESIAN_POINT('',(-20.5377882973126,1.30999999999999,73.6959999999999));
#2132=CARTESIAN_POINT('',(-26.434,1.30999999999999,73.6959999999999));
#2133=CARTESIAN_POINT('',(-10.9873882973126,1.30999999999999,68.1079999999999));
#2134=CARTESIAN_POINT('',(1.14354509743102,1.30999999999999,61.0101134392457));
#2135=CARTESIAN_POINT('',(59.872,1.30999999999999,68.1079999999999));
#2136=CARTESIAN_POINT('',(-4.3868,1.30999999999999,68.1079999999999));
#2137=CARTESIAN_POINT('',(59.872,1.30999999999999,-45.0600032626162));
#2138=CARTESIAN_POINT('',(59.872,1.30999999999999,40.6029999999999));
#2139=CARTESIAN_POINT('',(9.89207993409575,1.30999999999999,-47.1000000000001));
#2140=CARTESIAN_POINT('',(32.210980590327,1.30999999999999,-46.189024463011));
#2141=CARTESIAN_POINT('',(-8.92437304535137,1.30999999999999,-47.1000000000001));
#2142=CARTESIAN_POINT('',(6.07800000000001,1.30999999999999,-47.1000000000001));
#2143=CARTESIAN_POINT('',(-55.336,1.30999999999999,-39.4497318206624));
#2144=CARTESIAN_POINT('',(-8.33047718495227,1.30999999999999,-47.1978949220439));
#2145=CARTESIAN_POINT('',(-55.336,1.30999999999999,50.0799999999999));
#2146=CARTESIAN_POINT('',(-55.336,1.30999999999999,-12.9910000000001));
#2147=CARTESIAN_POINT('',(-22.132,1.30999999999999,50.0799999999999));
#2148=CARTESIAN_POINT('',(-24.902,1.30999999999999,50.0799999999999));
#2149=CARTESIAN_POINT('',(-22.132,1.30999999999999,31.6889999999999));
#2150=CARTESIAN_POINT('',(59.224,1.30999999999998,-41.8200000000001));
#2151=CARTESIAN_POINT('Origin',(56.624,1.30999999999998,-41.8200000000001));
#2152=CARTESIAN_POINT('',(-49.996,1.31000000000001,69.9399999999999));
#2153=CARTESIAN_POINT('Origin',(-52.596,1.31,69.9399999999999));
#2154=CARTESIAN_POINT('',(-31.708,1.30999999999998,-39.7880000000001));
#2155=CARTESIAN_POINT('Origin',(-34.308,1.30999999999998,-39.7880000000001));
#2156=CARTESIAN_POINT('',(57.7,1.31,64.3519999999999));
#2157=CARTESIAN_POINT('Origin',(55.1,1.31,64.3519999999999));
#2158=CARTESIAN_POINT('',(20.7337062511254,1.30999999999999,59.5952095985453));
#2159=CARTESIAN_POINT('',(20.6994766699985,1.30999999999999,61.5268129860999));
#2160=CARTESIAN_POINT('Ctrl Pts',(20.7337062511254,1.30999999999999,59.5952095985453));
#2161=CARTESIAN_POINT('Ctrl Pts',(20.7019388275121,1.30999999999999,59.5918026332723));
#2162=CARTESIAN_POINT('Ctrl Pts',(20.6400195877298,1.30999999999999,59.5884412563625));
#2163=CARTESIAN_POINT('Ctrl Pts',(20.5519875703534,1.30999999999999,59.5937576756573));
#2164=CARTESIAN_POINT('Ctrl Pts',(20.4448699708419,1.30999999999999,59.6216738057687));
#2165=CARTESIAN_POINT('Ctrl Pts',(20.3315343687337,1.30999999999999,59.6906701681816));
#2166=CARTESIAN_POINT('Ctrl Pts',(20.2435070167727,1.30999999999999,59.7906186098852));
#2167=CARTESIAN_POINT('Ctrl Pts',(20.1860571172741,1.30999999999999,59.9145593930734));
#2168=CARTESIAN_POINT('Ctrl Pts',(20.1642026007527,1.30999999999999,60.0495398104226));
#2169=CARTESIAN_POINT('Ctrl Pts',(20.1819759885132,1.30999999999999,60.1775605472874));
#2170=CARTESIAN_POINT('Ctrl Pts',(20.2416993822094,1.30999999999999,60.2803966107537));
#2171=CARTESIAN_POINT('Ctrl Pts',(20.3432979594718,1.30999999999999,60.3432450601483));
#2172=CARTESIAN_POINT('Ctrl Pts',(20.4834763351147,1.30999999999999,60.3592445855532));
#2173=CARTESIAN_POINT('Ctrl Pts',(20.6552631172115,1.30999999999999,60.332513662468));
#2174=CARTESIAN_POINT('Ctrl Pts',(20.8495292209876,1.30999999999999,60.2744190650884));
#2175=CARTESIAN_POINT('Ctrl Pts',(21.0562122269867,1.30999999999999,60.2007727961682));
#2176=CARTESIAN_POINT('Ctrl Pts',(21.2657102415954,1.30999999999999,60.1285868153431));
#2177=CARTESIAN_POINT('Ctrl Pts',(21.4700590158082,1.30999999999999,60.073274593265));
#2178=CARTESIAN_POINT('Ctrl Pts',(21.6645696045282,1.30999999999999,60.045032811235));
#2179=CARTESIAN_POINT('Ctrl Pts',(21.8474914541343,1.30999999999999,60.0486482546178));
#2180=CARTESIAN_POINT('Ctrl Pts',(22.0186331152796,1.30999999999999,60.0851172683529));
#2181=CARTESIAN_POINT('Ctrl Pts',(22.1782797447966,1.30999999999999,60.1527152043993));
#2182=CARTESIAN_POINT('Ctrl Pts',(22.3260659367721,1.30999999999999,60.2482165041341));
#2183=CARTESIAN_POINT('Ctrl Pts',(22.4596900740719,1.30999999999999,60.3681879529253));
#2184=CARTESIAN_POINT('Ctrl Pts',(22.5742499305565,1.30999999999999,60.5097779769866));
#2185=CARTESIAN_POINT('Ctrl Pts',(22.6635549481616,1.30999999999999,60.6698302675193));
#2186=CARTESIAN_POINT('Ctrl Pts',(22.7210810110018,1.30999999999999,60.8443032191559));
#2187=CARTESIAN_POINT('Ctrl Pts',(22.7410754310222,1.30999999999999,61.0275434864716));
#2188=CARTESIAN_POINT('Ctrl Pts',(22.7195786367739,1.30999999999999,61.2116623895388));
#2189=CARTESIAN_POINT('Ctrl Pts',(22.6555535739058,1.30999999999999,61.3857304980546));
#2190=CARTESIAN_POINT('Ctrl Pts',(22.5506190049706,1.30999999999999,61.5376347084344));
#2191=CARTESIAN_POINT('Ctrl Pts',(22.4087038891707,1.30999999999999,61.6560448430359));
#2192=CARTESIAN_POINT('Ctrl Pts',(22.235752211025,1.30999999999999,61.7324439227441));
#2193=CARTESIAN_POINT('Ctrl Pts',(22.0393968068927,1.30999999999999,61.7629141171809));
#2194=CARTESIAN_POINT('Ctrl Pts',(21.8287110600969,1.30999999999999,61.7506291563804));
#2195=CARTESIAN_POINT('Ctrl Pts',(21.6136403370845,1.30999999999999,61.7049408644527));
#2196=CARTESIAN_POINT('Ctrl Pts',(21.4042856835842,1.30999999999999,61.6389087544016));
#2197=CARTESIAN_POINT('Ctrl Pts',(21.2102441693575,1.30999999999999,61.567363795662));
#2198=CARTESIAN_POINT('Ctrl Pts',(21.0399064347161,1.30999999999999,61.5047195400329));
#2199=CARTESIAN_POINT('Ctrl Pts',(20.8998088789443,1.30999999999999,61.4629922516552));
#2200=CARTESIAN_POINT('Ctrl Pts',(20.7938430803758,1.30999999999999,61.4494594326636));
#2201=CARTESIAN_POINT('Ctrl Pts',(20.7378454262498,1.30999999999999,61.4639954226099));
#2202=CARTESIAN_POINT('Ctrl Pts',(20.7122780952959,1.30999999999999,61.4896670913896));
#2203=CARTESIAN_POINT('Ctrl Pts',(20.7025279977596,1.30999999999999,61.5133382063807));
#2204=CARTESIAN_POINT('Ctrl Pts',(20.6994766699985,1.30999999999999,61.5268129860999));
#2205=CARTESIAN_POINT('',(18.9776112350091,1.30999999999999,62.696247420849));
#2206=CARTESIAN_POINT('Ctrl Pts',(20.6994766699985,1.30999999999999,61.5268129860999));
#2207=CARTESIAN_POINT('Ctrl Pts',(20.6964926266248,1.30999999999999,61.5315021971157));
#2208=CARTESIAN_POINT('Ctrl Pts',(20.6904752524374,1.30999999999999,61.5435451805978));
#2209=CARTESIAN_POINT('Ctrl Pts',(20.6812988138956,1.30999999999999,61.5696009668309));
#2210=CARTESIAN_POINT('Ctrl Pts',(20.6706972982043,1.30999999999999,61.6212941027734));
#2211=CARTESIAN_POINT('Ctrl Pts',(20.669615508363,1.30999999999999,61.7178474757819));
#2212=CARTESIAN_POINT('Ctrl Pts',(20.690355273395,1.30999999999999,61.8482927549085));
#2213=CARTESIAN_POINT('Ctrl Pts',(20.7371000366811,1.30999999999999,62.0086737556029));
#2214=CARTESIAN_POINT('Ctrl Pts',(20.8075706164325,1.30999999999999,62.1893040974995));
#2215=CARTESIAN_POINT('Ctrl Pts',(20.8957475484061,1.30999999999999,62.3783672024154));
#2216=CARTESIAN_POINT('Ctrl Pts',(20.9935945059391,1.30999999999999,62.5646830178562));
#2217=CARTESIAN_POINT('Ctrl Pts',(21.092989803736,1.30999999999999,62.7404675921846));
#2218=CARTESIAN_POINT('Ctrl Pts',(21.1880287793688,1.30999999999999,62.9049793944054));
#2219=CARTESIAN_POINT('Ctrl Pts',(21.2748618881124,1.30999999999999,63.0634916898569));
#2220=CARTESIAN_POINT('Ctrl Pts',(21.3501950016903,1.30999999999999,63.2237851605067));
#2221=CARTESIAN_POINT('Ctrl Pts',(21.4101375473026,1.30999999999999,63.3933194973015));
#2222=CARTESIAN_POINT('Ctrl Pts',(21.4490784438595,1.30999999999999,63.5763786168182));
#2223=CARTESIAN_POINT('Ctrl Pts',(21.4581006734764,1.30999999999999,63.7705636055764));
#2224=CARTESIAN_POINT('Ctrl Pts',(21.4266342280768,1.30999999999999,63.9680352408438));
#2225=CARTESIAN_POINT('Ctrl Pts',(21.3449971769854,1.30999999999999,64.1580986536218));
#2226=CARTESIAN_POINT('Ctrl Pts',(21.2067378900927,1.30999999999999,64.3293769760862));
#2227=CARTESIAN_POINT('Ctrl Pts',(21.0108647103423,1.30999999999999,64.4720101513935));
#2228=CARTESIAN_POINT('Ctrl Pts',(20.7647180084933,1.30999999999999,64.5802132717899));
#2229=CARTESIAN_POINT('Ctrl Pts',(20.4822952014958,1.30999999999999,64.6519057211603));
#2230=CARTESIAN_POINT('Ctrl Pts',(20.181450413651,1.30999999999999,64.6876103219672));
#2231=CARTESIAN_POINT('Ctrl Pts',(19.8815546135775,1.30999999999999,64.689635178734));
#2232=CARTESIAN_POINT('Ctrl Pts',(19.6008730398025,1.30999999999999,64.6611236883771));
#2233=CARTESIAN_POINT('Ctrl Pts',(19.3543070599919,1.30999999999999,64.6052389967472));
#2234=CARTESIAN_POINT('Ctrl Pts',(19.1503452575744,1.30999999999999,64.5241256355142));
#2235=CARTESIAN_POINT('Ctrl Pts',(18.9913856031291,1.30999999999999,64.4188128137647));
#2236=CARTESIAN_POINT('Ctrl Pts',(18.8758216867225,1.30999999999999,64.2896102564386));
#2237=CARTESIAN_POINT('Ctrl Pts',(18.799596336609,1.30999999999999,64.1363579895992));
#2238=CARTESIAN_POINT('Ctrl Pts',(18.7578615113204,1.30999999999999,63.9587191923603));
#2239=CARTESIAN_POINT('Ctrl Pts',(18.74681893177,1.30999999999999,63.7565001347813));
#2240=CARTESIAN_POINT('Ctrl Pts',(18.7639242801284,1.30999999999999,63.5296729756444));
#2241=CARTESIAN_POINT('Ctrl Pts',(18.8075428896677,1.30999999999999,63.2782974909443));
#2242=CARTESIAN_POINT('Ctrl Pts',(18.8629423025549,1.30999999999999,63.057643732949));
#2243=CARTESIAN_POINT('Ctrl Pts',(18.9158610917506,1.30999999999999,62.8811996702404));
#2244=CARTESIAN_POINT('Ctrl Pts',(18.9561867796395,1.30999999999999,62.7587084756483));
#2245=CARTESIAN_POINT('Ctrl Pts',(18.9776112350091,1.30999999999999,62.696247420849));
#2246=CARTESIAN_POINT('Ctrl Pts',(18.9776112350091,1.30999999999999,62.696247420849));
#2247=CARTESIAN_POINT('Ctrl Pts',(18.9806211506166,1.30999999999999,62.6537454925654));
#2248=CARTESIAN_POINT('Ctrl Pts',(18.9863484786083,1.30999999999999,62.5677610268249));
#2249=CARTESIAN_POINT('Ctrl Pts',(18.9940620185623,1.30999999999999,62.4358424477789));
#2250=CARTESIAN_POINT('Ctrl Pts',(19.0025899240511,1.30999999999999,62.2540629742108));
#2251=CARTESIAN_POINT('Ctrl Pts',(19.0102282298406,1.30999999999999,62.0171431386374));
#2252=CARTESIAN_POINT('Ctrl Pts',(19.0145689915711,1.30999999999999,61.7709380296694));
#2253=CARTESIAN_POINT('Ctrl Pts',(19.0150867803239,1.30999999999999,61.5162900680488));
#2254=CARTESIAN_POINT('Ctrl Pts',(19.0108778257203,1.30999999999999,61.2546716829287));
#2255=CARTESIAN_POINT('Ctrl Pts',(19.0007126681432,1.30999999999999,60.9882166437339));
#2256=CARTESIAN_POINT('Ctrl Pts',(18.9836518881008,1.30999999999999,60.7192334529857));
#2257=CARTESIAN_POINT('Ctrl Pts',(18.9595734013742,1.30999999999999,60.4498012334663));
#2258=CARTESIAN_POINT('Ctrl Pts',(18.9297221300306,1.30999999999999,60.1813475614181));
#2259=CARTESIAN_POINT('Ctrl Pts',(18.8972896058652,1.30999999999999,59.9141978613249));
#2260=CARTESIAN_POINT('Ctrl Pts',(18.8678863875614,1.30999999999999,59.6472328527465));
#2261=CARTESIAN_POINT('Ctrl Pts',(18.8486811601179,1.30999999999999,59.3788879057128));
#2262=CARTESIAN_POINT('Ctrl Pts',(18.8476442456784,1.30999999999999,59.1080396673914));
#2263=CARTESIAN_POINT('Ctrl Pts',(18.8727483029569,1.30999999999999,58.8349635045967));
#2264=CARTESIAN_POINT('Ctrl Pts',(18.9312013296395,1.30999999999999,58.5622021290204));
#2265=CARTESIAN_POINT('Ctrl Pts',(19.0286253332738,1.30999999999999,58.2956457586723));
#2266=CARTESIAN_POINT('Ctrl Pts',(19.1687614908085,1.30999999999999,58.0434238653927));
#2267=CARTESIAN_POINT('Ctrl Pts',(19.353244617183,1.30999999999999,57.8145782686454));
#2268=CARTESIAN_POINT('Ctrl Pts',(19.581317428531,1.30999999999999,57.6177590447513));
#2269=CARTESIAN_POINT('Ctrl Pts',(19.8496219325474,1.30999999999999,57.4600422321777));
#2270=CARTESIAN_POINT('Ctrl Pts',(20.1517946727047,1.30999999999999,57.3453620526545));
#2271=CARTESIAN_POINT('Ctrl Pts',(20.4787692522264,1.30999999999999,57.2744654791848));
#2272=CARTESIAN_POINT('Ctrl Pts',(20.8196870058786,1.30999999999999,57.2462009693489));
#2273=CARTESIAN_POINT('Ctrl Pts',(21.16262020358,1.30999999999999,57.258384585937));
#2274=CARTESIAN_POINT('Ctrl Pts',(21.4953862529761,1.30999999999999,57.3089145957093));
#2275=CARTESIAN_POINT('Ctrl Pts',(21.8062765338313,1.30999999999999,57.3965885782945));
#2276=CARTESIAN_POINT('Ctrl Pts',(22.0849345555504,1.30999999999999,57.5225210104273));
#2277=CARTESIAN_POINT('Ctrl Pts',(22.3226596411112,1.30999999999999,57.6891446766829));
#2278=CARTESIAN_POINT('Ctrl Pts',(22.5123565372458,1.30999999999999,57.8977634302833));
#2279=CARTESIAN_POINT('Ctrl Pts',(22.6485903159822,1.30999999999999,58.1464036833279));
#2280=CARTESIAN_POINT('Ctrl Pts',(22.727621667596,1.30999999999999,58.4278236272103));
#2281=CARTESIAN_POINT('Ctrl Pts',(22.7474197186987,1.30999999999999,58.7267379678863));
#2282=CARTESIAN_POINT('Ctrl Pts',(22.7078159841128,1.30999999999999,59.0196106724044));
#2283=CARTESIAN_POINT('Ctrl Pts',(22.6109698697011,1.30999999999999,59.2806383757611));
#2284=CARTESIAN_POINT('Ctrl Pts',(22.4618315524426,1.30999999999999,59.4867237302969));
#2285=CARTESIAN_POINT('Ctrl Pts',(22.2685114091087,1.30999999999999,59.6224169540681));
#2286=CARTESIAN_POINT('Ctrl Pts',(22.0429534204945,1.30999999999999,59.6859352678221));
#2287=CARTESIAN_POINT('Ctrl Pts',(21.800696459281,1.30999999999999,59.691449911318));
#2288=CARTESIAN_POINT('Ctrl Pts',(21.558297081446,1.30999999999999,59.6613753416795));
#2289=CARTESIAN_POINT('Ctrl Pts',(21.3310550107984,1.30999999999999,59.6202247266147));
#2290=CARTESIAN_POINT('Ctrl Pts',(21.1309071736409,1.30999999999999,59.5885596341492));
#2291=CARTESIAN_POINT('Ctrl Pts',(20.9635183944821,1.30999999999999,59.5751521603128));
#2292=CARTESIAN_POINT('Ctrl Pts',(20.8560911814777,1.30999999999999,59.5777626573284));
#2293=CARTESIAN_POINT('Ctrl Pts',(20.7896020443691,1.30999999999999,59.5849019926255));
#2294=CARTESIAN_POINT('Ctrl Pts',(20.7513291515552,1.30999999999999,59.5914716479929));
#2295=CARTESIAN_POINT('Ctrl Pts',(20.7337062511254,1.30999999999999,59.5952095985453));
#2296=CARTESIAN_POINT('',(24.0488464070535,1.30999999999999,64.9303286552725));
#2297=CARTESIAN_POINT('',(25.0102485688366,1.30999999999999,57.4657834154121));
#2298=CARTESIAN_POINT('Ctrl Pts',(24.0488464070535,1.30999999999999,64.9303286552725));
#2299=CARTESIAN_POINT('Ctrl Pts',(24.0210576670823,1.30999999999999,64.975521936327));
#2300=CARTESIAN_POINT('Ctrl Pts',(23.9616630899746,1.30999999999999,65.058945393517));
#2301=CARTESIAN_POINT('Ctrl Pts',(23.8611194381055,1.30999999999999,65.1631909719927));
#2302=CARTESIAN_POINT('Ctrl Pts',(23.7041386245011,1.30999999999999,65.2603658612003));
#2303=CARTESIAN_POINT('Ctrl Pts',(23.4709625935715,1.30999999999999,65.3127433547457));
#2304=CARTESIAN_POINT('Ctrl Pts',(23.204918815137,1.30999999999999,65.2983311562042));
#2305=CARTESIAN_POINT('Ctrl Pts',(22.9142217161445,1.30999999999999,65.2219812710783));
#2306=CARTESIAN_POINT('Ctrl Pts',(22.6130663944987,1.30999999999999,65.0922793275902));
#2307=CARTESIAN_POINT('Ctrl Pts',(22.3218852464539,1.30999999999999,64.9217838258674));
#2308=CARTESIAN_POINT('Ctrl Pts',(22.0632316347252,1.30999999999999,64.7246711963153));
#2309=CARTESIAN_POINT('Ctrl Pts',(21.8585484624734,1.30999999999999,64.5149067209823));
#2310=CARTESIAN_POINT('Ctrl Pts',(21.7244494087234,1.30999999999999,64.3041373294445));
#2311=CARTESIAN_POINT('Ctrl Pts',(21.669499731153,1.30999999999999,64.0998666412617));
#2312=CARTESIAN_POINT('Ctrl Pts',(21.6899318416543,1.30999999999999,63.9030486269945));
#2313=CARTESIAN_POINT('Ctrl Pts',(21.7724689829154,1.30999999999999,63.7095632284494));
#2314=CARTESIAN_POINT('Ctrl Pts',(21.8988307928144,1.30999999999999,63.5126112626564));
#2315=CARTESIAN_POINT('Ctrl Pts',(22.0493944840045,1.30999999999999,63.3046501911898));
#2316=CARTESIAN_POINT('Ctrl Pts',(22.2077555588777,1.30999999999999,63.0798226116932));
#2317=CARTESIAN_POINT('Ctrl Pts',(22.3629664996116,1.30999999999999,62.8351162041511));
#2318=CARTESIAN_POINT('Ctrl Pts',(22.5081806650601,1.30999999999999,62.569556061174));
#2319=CARTESIAN_POINT('Ctrl Pts',(22.6401360702655,1.30999999999999,62.2838602882131));
#2320=CARTESIAN_POINT('Ctrl Pts',(22.7583143093786,1.30999999999999,61.9799096786238));
#2321=CARTESIAN_POINT('Ctrl Pts',(22.8642607847028,1.30999999999999,61.660324322029));
#2322=CARTESIAN_POINT('Ctrl Pts',(22.9608240845697,1.30999999999999,61.3279460022909));
#2323=CARTESIAN_POINT('Ctrl Pts',(23.0516255523535,1.30999999999999,60.985833206275));
#2324=CARTESIAN_POINT('Ctrl Pts',(23.1405521652784,1.30999999999999,60.637353497888));
#2325=CARTESIAN_POINT('Ctrl Pts',(23.2312587480043,1.30999999999999,60.2862385957433));
#2326=CARTESIAN_POINT('Ctrl Pts',(23.3266338869003,1.30999999999999,59.9366704949973));
#2327=CARTESIAN_POINT('Ctrl Pts',(23.4283535957841,1.30999999999999,59.593325216924));
#2328=CARTESIAN_POINT('Ctrl Pts',(23.5362068267016,1.30999999999999,59.2615140596113));
#2329=CARTESIAN_POINT('Ctrl Pts',(23.6482620857756,1.30999999999999,58.9469722030473));
#2330=CARTESIAN_POINT('Ctrl Pts',(23.7618306262197,1.30999999999999,58.6553118334024));
#2331=CARTESIAN_POINT('Ctrl Pts',(23.8741917223653,1.30999999999999,58.3915760970733));
#2332=CARTESIAN_POINT('Ctrl Pts',(23.9834447840378,1.30999999999999,58.1597280818997));
#2333=CARTESIAN_POINT('Ctrl Pts',(24.0892382279935,1.30999999999999,57.9622091793708));
#2334=CARTESIAN_POINT('Ctrl Pts',(24.1937453283867,1.30999999999999,57.799334580376));
#2335=CARTESIAN_POINT('Ctrl Pts',(24.3008993056199,1.30999999999999,57.6698377537032));
#2336=CARTESIAN_POINT('Ctrl Pts',(24.4152369280071,1.30999999999999,57.5716697205192));
#2337=CARTESIAN_POINT('Ctrl Pts',(24.5409565789938,1.30999999999999,57.5026584449046));
#2338=CARTESIAN_POINT('Ctrl Pts',(24.6806964073248,1.30999999999999,57.4613373251269));
#2339=CARTESIAN_POINT('Ctrl Pts',(24.8046937979132,1.30999999999999,57.4498180947256));
#2340=CARTESIAN_POINT('Ctrl Pts',(24.9047354932873,1.30999999999999,57.4531496704787));
#2341=CARTESIAN_POINT('Ctrl Pts',(24.9745564317197,1.30999999999999,57.460686262974));
#2342=CARTESIAN_POINT('Ctrl Pts',(25.0102485688366,1.30999999999999,57.4657834154121));
#2343=CARTESIAN_POINT('',(26.6735524714987,1.30999999999999,62.8089908771593));
#2344=CARTESIAN_POINT('Ctrl Pts',(25.0102485688366,1.30999999999999,57.4657834154121));
#2345=CARTESIAN_POINT('Ctrl Pts',(25.0042619073068,1.30999999999999,57.4586733077037));
#2346=CARTESIAN_POINT('Ctrl Pts',(24.9967260244387,1.30999999999999,57.4475050416488));
#2347=CARTESIAN_POINT('Ctrl Pts',(24.9987329218619,1.30999999999999,57.4399076094431));
#2348=CARTESIAN_POINT('Ctrl Pts',(25.0280923357963,1.30999999999999,57.4481284476224));
#2349=CARTESIAN_POINT('Ctrl Pts',(25.1077691381271,1.30999999999999,57.4883525420944));
#2350=CARTESIAN_POINT('Ctrl Pts',(25.225700887934,1.30999999999999,57.556418178414));
#2351=CARTESIAN_POINT('Ctrl Pts',(25.3715247144318,1.30999999999999,57.6475582231947));
#2352=CARTESIAN_POINT('Ctrl Pts',(25.5308407862956,1.30999999999999,57.7553608078686));
#2353=CARTESIAN_POINT('Ctrl Pts',(25.6882933820985,1.30999999999999,57.8735867639142));
#2354=CARTESIAN_POINT('Ctrl Pts',(25.8302388823654,1.30999999999999,57.9977865791594));
#2355=CARTESIAN_POINT('Ctrl Pts',(25.9474072189651,1.30999999999999,58.1268612732989));
#2356=CARTESIAN_POINT('Ctrl Pts',(26.0380826579414,1.30999999999999,58.2650538237192));
#2357=CARTESIAN_POINT('Ctrl Pts',(26.1063205368277,1.30999999999999,58.4199959814456));
#2358=CARTESIAN_POINT('Ctrl Pts',(26.1593584247613,1.30999999999999,58.6001199685054));
#2359=CARTESIAN_POINT('Ctrl Pts',(26.2053101228947,1.30999999999999,58.8122572772026));
#2360=CARTESIAN_POINT('Ctrl Pts',(26.2508323434407,1.30999999999999,59.059245962208));
#2361=CARTESIAN_POINT('Ctrl Pts',(26.2985955977195,1.30999999999999,59.3372365347008));
#2362=CARTESIAN_POINT('Ctrl Pts',(26.3481045678065,1.30999999999999,59.6373791205208));
#2363=CARTESIAN_POINT('Ctrl Pts',(26.3968245517075,1.30999999999999,59.9479033903385));
#2364=CARTESIAN_POINT('Ctrl Pts',(26.4411615756872,1.30999999999999,60.2559900863587));
#2365=CARTESIAN_POINT('Ctrl Pts',(26.4775345826821,1.30999999999999,60.5497963018484));
#2366=CARTESIAN_POINT('Ctrl Pts',(26.5033118738988,1.30999999999999,60.8202285175326));
#2367=CARTESIAN_POINT('Ctrl Pts',(26.5180443172999,1.30999999999999,61.063306189856));
#2368=CARTESIAN_POINT('Ctrl Pts',(26.5237356563286,1.30999999999999,61.2806100977148));
#2369=CARTESIAN_POINT('Ctrl Pts',(26.5238696283808,1.30999999999999,61.4772519500583));
#2370=CARTESIAN_POINT('Ctrl Pts',(26.5227541572646,1.30999999999999,61.6604818557085));
#2371=CARTESIAN_POINT('Ctrl Pts',(26.5247615073625,1.30999999999999,61.8380919335371));
#2372=CARTESIAN_POINT('Ctrl Pts',(26.5335794405292,1.30999999999999,62.0168460826668));
#2373=CARTESIAN_POINT('Ctrl Pts',(26.551559493454,1.30999999999999,62.2011067570561));
#2374=CARTESIAN_POINT('Ctrl Pts',(26.5800683997015,1.30999999999999,62.3934637529096));
#2375=CARTESIAN_POINT('Ctrl Pts',(26.6118014676231,1.30999999999999,62.5548185199739));
#2376=CARTESIAN_POINT('Ctrl Pts',(26.6406984199696,1.30999999999999,62.6802074137455));
#2377=CARTESIAN_POINT('Ctrl Pts',(26.6622242508088,1.30999999999999,62.7657397566581));
#2378=CARTESIAN_POINT('Ctrl Pts',(26.6735524714987,1.30999999999999,62.8089908771593));
#2379=CARTESIAN_POINT('',(31.1264858988793,1.30999999999999,64.3240766567091));
#2380=CARTESIAN_POINT('Ctrl Pts',(26.6735524714987,1.30999999999999,62.8089908771593));
#2381=CARTESIAN_POINT('Ctrl Pts',(26.7048297529775,1.30999999999999,62.8715565702162));
#2382=CARTESIAN_POINT('Ctrl Pts',(26.7647654577142,1.30999999999999,62.9895298847878));
#2383=CARTESIAN_POINT('Ctrl Pts',(26.8468124545361,1.30999999999999,63.1450156583953));
#2384=CARTESIAN_POINT('Ctrl Pts',(26.9404930907364,1.30999999999999,63.3093757063758));
#2385=CARTESIAN_POINT('Ctrl Pts',(27.0317707859879,1.30999999999999,63.4437329393312));
#2386=CARTESIAN_POINT('Ctrl Pts',(27.0983518714131,1.30999999999999,63.5085458570942));
#2387=CARTESIAN_POINT('Ctrl Pts',(27.142509767201,1.30999999999999,63.5069602130998));
#2388=CARTESIAN_POINT('Ctrl Pts',(27.1680397809521,1.30999999999999,63.4442489725278));
#2389=CARTESIAN_POINT('Ctrl Pts',(27.1806759815991,1.30999999999999,63.3283891504493));
#2390=CARTESIAN_POINT('Ctrl Pts',(27.1870699315018,1.30999999999999,63.1691914243269));
#2391=CARTESIAN_POINT('Ctrl Pts',(27.193666604052,1.30999999999999,62.9773528247312));
#2392=CARTESIAN_POINT('Ctrl Pts',(27.2057123954095,1.30999999999999,62.7635826259986));
#2393=CARTESIAN_POINT('Ctrl Pts',(27.2259815265099,1.30999999999999,62.5375916238145));
#2394=CARTESIAN_POINT('Ctrl Pts',(27.254461344094,1.30999999999999,62.3075339395759));
#2395=CARTESIAN_POINT('Ctrl Pts',(27.2892041996334,1.30999999999999,62.079994718558));
#2396=CARTESIAN_POINT('Ctrl Pts',(27.3268795073171,1.30999999999999,61.8598390838279));
#2397=CARTESIAN_POINT('Ctrl Pts',(27.3634488023688,1.30999999999999,61.6501138249007));
#2398=CARTESIAN_POINT('Ctrl Pts',(27.3947828339542,1.30999999999999,61.451931622217));
#2399=CARTESIAN_POINT('Ctrl Pts',(27.4173148047278,1.30999999999999,61.2643470748789));
#2400=CARTESIAN_POINT('Ctrl Pts',(27.4286461626001,1.30999999999999,61.0842772008199));
#2401=CARTESIAN_POINT('Ctrl Pts',(27.4274634705665,1.30999999999999,60.9074306257261));
#2402=CARTESIAN_POINT('Ctrl Pts',(27.4134836175586,1.30999999999999,60.7291664050337));
#2403=CARTESIAN_POINT('Ctrl Pts',(27.3873949963521,1.30999999999999,60.545421952284));
#2404=CARTESIAN_POINT('Ctrl Pts',(27.3507873759894,1.30999999999999,60.3535139447819));
#2405=CARTESIAN_POINT('Ctrl Pts',(27.3061210252947,1.30999999999999,60.1532378756992));
#2406=CARTESIAN_POINT('Ctrl Pts',(27.2565333393005,1.30999999999999,59.9467954575238));
#2407=CARTESIAN_POINT('Ctrl Pts',(27.2055113298813,1.30999999999999,59.7377913612551));
#2408=CARTESIAN_POINT('Ctrl Pts',(27.1566112342277,1.30999999999999,59.5305168793807));
#2409=CARTESIAN_POINT('Ctrl Pts',(27.113140866923,1.30999999999999,59.329076164485));
#2410=CARTESIAN_POINT('Ctrl Pts',(27.0778994423446,1.30999999999999,59.1366724791895));
#2411=CARTESIAN_POINT('Ctrl Pts',(27.0527902016008,1.30999999999999,58.9545977623561));
#2412=CARTESIAN_POINT('Ctrl Pts',(27.0388741881968,1.30999999999999,58.7822123405729));
#2413=CARTESIAN_POINT('Ctrl Pts',(27.0369024406614,1.30999999999999,58.6180066829615));
#2414=CARTESIAN_POINT('Ctrl Pts',(27.0477505042022,1.30999999999999,58.4604177977697));
#2415=CARTESIAN_POINT('Ctrl Pts',(27.0728330450014,1.30999999999999,58.308664157639));
#2416=CARTESIAN_POINT('Ctrl Pts',(27.1146697174984,1.30999999999999,58.163766933309));
#2417=CARTESIAN_POINT('Ctrl Pts',(27.176924866943,1.30999999999999,58.0288630465359));
#2418=CARTESIAN_POINT('Ctrl Pts',(27.263228122332,1.30999999999999,57.9078446053625));
#2419=CARTESIAN_POINT('Ctrl Pts',(27.3761848684624,1.30999999999999,57.8042709450541));
#2420=CARTESIAN_POINT('Ctrl Pts',(27.5164215900907,1.30999999999999,57.720301563787));
#2421=CARTESIAN_POINT('Ctrl Pts',(27.68133784897,1.30999999999999,57.655295579517));
#2422=CARTESIAN_POINT('Ctrl Pts',(27.8654408228852,1.30999999999999,57.606254073323));
#2423=CARTESIAN_POINT('Ctrl Pts',(28.0614482070509,1.30999999999999,57.5691573433897));
#2424=CARTESIAN_POINT('Ctrl Pts',(28.2611511429665,1.30999999999999,57.5400288487031));
#2425=CARTESIAN_POINT('Ctrl Pts',(28.4563656905569,1.30999999999999,57.5160875146666));
#2426=CARTESIAN_POINT('Ctrl Pts',(28.6398710063164,1.30999999999999,57.4969217752745));
#2427=CARTESIAN_POINT('Ctrl Pts',(28.8062828271452,1.30999999999999,57.4854885181014));
#2428=CARTESIAN_POINT('Ctrl Pts',(28.9518036281633,1.30999999999999,57.4866119496482));
#2429=CARTESIAN_POINT('Ctrl Pts',(29.0740415740014,1.30999999999999,57.5055836530157));
#2430=CARTESIAN_POINT('Ctrl Pts',(29.171812830826,1.30999999999999,57.5468404859442));
#2431=CARTESIAN_POINT('Ctrl Pts',(29.2449307254603,1.30999999999999,57.6123324228631));
#2432=CARTESIAN_POINT('Ctrl Pts',(29.2940774550421,1.30999999999999,57.7010103932938));
#2433=CARTESIAN_POINT('Ctrl Pts',(29.3208195966882,1.30999999999999,57.8100007316175));
#2434=CARTESIAN_POINT('Ctrl Pts',(29.3275723947988,1.30999999999999,57.9353503566112));
#2435=CARTESIAN_POINT('Ctrl Pts',(29.3176259866451,1.30999999999999,58.0729983494003));
#2436=CARTESIAN_POINT('Ctrl Pts',(29.2947919452492,1.30999999999999,58.2192139656877));
#2437=CARTESIAN_POINT('Ctrl Pts',(29.2629629240798,1.30999999999999,58.3709876087033));
#2438=CARTESIAN_POINT('Ctrl Pts',(29.2257242743087,1.30999999999999,58.5264015910001));
#2439=CARTESIAN_POINT('Ctrl Pts',(29.1858927011412,1.30999999999999,58.6850892098479));
#2440=CARTESIAN_POINT('Ctrl Pts',(29.145244479087,1.30999999999999,58.8484107338533));
#2441=CARTESIAN_POINT('Ctrl Pts',(29.1048643911669,1.30999999999999,59.018659385872));
#2442=CARTESIAN_POINT('Ctrl Pts',(29.0653895576381,1.30999999999999,59.1984351401845));
#2443=CARTESIAN_POINT('Ctrl Pts',(29.0272998807492,1.30999999999999,59.3899390592212));
#2444=CARTESIAN_POINT('Ctrl Pts',(28.9911754410933,1.30999999999999,59.594333224678));
#2445=CARTESIAN_POINT('Ctrl Pts',(28.958002795926,1.30999999999999,59.8109873253713));
#2446=CARTESIAN_POINT('Ctrl Pts',(28.9290532571817,1.30999999999999,60.0377620769105));
#2447=CARTESIAN_POINT('Ctrl Pts',(28.9057035107758,1.30999999999999,60.271430025712));
#2448=CARTESIAN_POINT('Ctrl Pts',(28.8892806103396,1.30999999999999,60.5080440647872));
#2449=CARTESIAN_POINT('Ctrl Pts',(28.8808877266455,1.30999999999999,60.7433346094193));
#2450=CARTESIAN_POINT('Ctrl Pts',(28.8812588942896,1.30999999999999,60.9730776538331));
#2451=CARTESIAN_POINT('Ctrl Pts',(28.8905506846749,1.30999999999999,61.1935152900574));
#2452=CARTESIAN_POINT('Ctrl Pts',(28.908326101805,1.30999999999999,61.4016239207378));
#2453=CARTESIAN_POINT('Ctrl Pts',(28.9340194486907,1.30999999999999,61.595022352847));
#2454=CARTESIAN_POINT('Ctrl Pts',(28.967287567074,1.30999999999999,61.7719474188084));
#2455=CARTESIAN_POINT('Ctrl Pts',(29.0084472892699,1.30999999999999,61.9312096478885));
#2456=CARTESIAN_POINT('Ctrl Pts',(29.0587818302076,1.30999999999999,62.0721427963437));
#2457=CARTESIAN_POINT('Ctrl Pts',(29.1211415635102,1.30999999999999,62.1945942279724));
#2458=CARTESIAN_POINT('Ctrl Pts',(29.1993159888221,1.30999999999999,62.2987178724454));
#2459=CARTESIAN_POINT('Ctrl Pts',(29.2965020516261,1.30999999999999,62.3846027830416));
#2460=CARTESIAN_POINT('Ctrl Pts',(29.4141761818171,1.30999999999999,62.4519981592717));
#2461=CARTESIAN_POINT('Ctrl Pts',(29.5504919223577,1.30999999999999,62.4998906685106));
#2462=CARTESIAN_POINT('Ctrl Pts',(29.6998606111826,1.30999999999999,62.5264891338294));
#2463=CARTESIAN_POINT('Ctrl Pts',(29.8552056627084,1.30999999999999,62.5301500660446));
#2464=CARTESIAN_POINT('Ctrl Pts',(30.0098125105409,1.30999999999999,62.5101615107815));
#2465=CARTESIAN_POINT('Ctrl Pts',(30.1591040979687,1.30999999999999,62.4674986574262));
#2466=CARTESIAN_POINT('Ctrl Pts',(30.303033704478,1.30999999999999,62.4058041958224));
#2467=CARTESIAN_POINT('Ctrl Pts',(30.4452661538487,1.30999999999999,62.3311949089124));
#2468=CARTESIAN_POINT('Ctrl Pts',(30.5907487440907,1.30999999999999,62.2514502914941));
#2469=CARTESIAN_POINT('Ctrl Pts',(30.7436694460613,1.30999999999999,62.1754021675959));
#2470=CARTESIAN_POINT('Ctrl Pts',(30.9055181476075,1.30999999999999,62.1122276691097));
#2471=CARTESIAN_POINT('Ctrl Pts',(31.072440494798,1.30999999999999,62.0708186546237));
#2472=CARTESIAN_POINT('Ctrl Pts',(31.2361606542595,1.30999999999999,62.0589527989573));
#2473=CARTESIAN_POINT('Ctrl Pts',(31.386857575855,1.30999999999999,62.0823899786303));
#2474=CARTESIAN_POINT('Ctrl Pts',(31.5154852637974,1.30999999999999,62.1439583046399));
#2475=CARTESIAN_POINT('Ctrl Pts',(31.616208767684,1.30999999999999,62.2427138147157));
#2476=CARTESIAN_POINT('Ctrl Pts',(31.6890982783466,1.30999999999999,62.3728773189996));
#2477=CARTESIAN_POINT('Ctrl Pts',(31.738444994594,1.30999999999999,62.5255216773708));
#2478=CARTESIAN_POINT('Ctrl Pts',(31.7705502151382,1.30999999999999,62.6905866634108));
#2479=CARTESIAN_POINT('Ctrl Pts',(31.7917609716768,1.30999999999999,62.8587190672648));
#2480=CARTESIAN_POINT('Ctrl Pts',(31.8062739979872,1.30999999999999,63.0233174709135));
#2481=CARTESIAN_POINT('Ctrl Pts',(31.8144095972792,1.30999999999999,63.1821110607776));
#2482=CARTESIAN_POINT('Ctrl Pts',(31.8141164134445,1.30999999999999,63.3354475597966));
#2483=CARTESIAN_POINT('Ctrl Pts',(31.8022031436474,1.30999999999999,63.4848527005851));
#2484=CARTESIAN_POINT('Ctrl Pts',(31.7755975212999,1.30999999999999,63.6315820185096));
#2485=CARTESIAN_POINT('Ctrl Pts',(31.7327737807259,1.30999999999999,63.7749508552197));
#2486=CARTESIAN_POINT('Ctrl Pts',(31.6745330449622,1.30999999999999,63.9114773089642));
#2487=CARTESIAN_POINT('Ctrl Pts',(31.6030094324684,1.30999999999999,64.0362329275288));
#2488=CARTESIAN_POINT('Ctrl Pts',(31.5209864107615,1.30999999999999,64.143814118854));
#2489=CARTESIAN_POINT('Ctrl Pts',(31.4311395347722,1.30999999999999,64.2293896381293));
#2490=CARTESIAN_POINT('Ctrl Pts',(31.3351857124334,1.30999999999999,64.2899045449176));
#2491=CARTESIAN_POINT('Ctrl Pts',(31.2542005036878,1.30999999999999,64.317089403082));
#2492=CARTESIAN_POINT('Ctrl Pts',(31.1912166310817,1.30999999999999,64.3253126321387));
#2493=CARTESIAN_POINT('Ctrl Pts',(31.1482291575379,1.30999999999999,64.3253895545669));
#2494=CARTESIAN_POINT('Ctrl Pts',(31.1264858988793,1.30999999999999,64.3240766567091));
#2495=CARTESIAN_POINT('',(28.9949869597066,1.30999999999999,64.3495792193336));
#2496=CARTESIAN_POINT('',(17.004518199743,1.30999999999999,64.4930405529652));
#2497=CARTESIAN_POINT('',(27.5349062782344,1.30999999999999,64.1955985478936));
#2498=CARTESIAN_POINT('Ctrl Pts',(28.9949869597066,1.30999999999999,64.3495792193336));
#2499=CARTESIAN_POINT('Ctrl Pts',(28.9538900114047,1.30999999999999,64.3503493936504));
#2500=CARTESIAN_POINT('Ctrl Pts',(28.8727141444999,1.30999999999999,64.3515602687241));
#2501=CARTESIAN_POINT('Ctrl Pts',(28.7540042580154,1.30999999999999,64.3523882173647));
#2502=CARTESIAN_POINT('Ctrl Pts',(28.6019342377377,1.30999999999999,64.3514824096214));
#2503=CARTESIAN_POINT('Ctrl Pts',(28.4229169809664,1.30999999999999,64.3467673853149));
#2504=CARTESIAN_POINT('Ctrl Pts',(28.2560263532481,1.30999999999999,64.3381277175077));
#2505=CARTESIAN_POINT('Ctrl Pts',(28.1023619464386,1.30999999999999,64.3252075359892));
#2506=CARTESIAN_POINT('Ctrl Pts',(27.9627101948197,1.30999999999999,64.3077523203824));
#2507=CARTESIAN_POINT('Ctrl Pts',(27.8367899554509,1.30999999999999,64.2858530593533));
#2508=CARTESIAN_POINT('Ctrl Pts',(27.7236760761509,1.30999999999999,64.2598091677237));
#2509=CARTESIAN_POINT('Ctrl Pts',(27.6426464650418,1.30999999999999,64.2359119516484));
#2510=CARTESIAN_POINT('Ctrl Pts',(27.5868663714465,1.30999999999999,64.2163733992847));
#2511=CARTESIAN_POINT('Ctrl Pts',(27.5518625014958,1.30999999999999,64.2026412405551));
#2512=CARTESIAN_POINT('Ctrl Pts',(27.5349062782344,1.30999999999999,64.1955985478936));
#2513=CARTESIAN_POINT('',(24.8617392918132,1.30999999999999,61.9760028393245));
#2514=CARTESIAN_POINT('Ctrl Pts',(27.5349062782344,1.30999999999999,64.1955985478936));
#2515=CARTESIAN_POINT('Ctrl Pts',(27.5324461995574,1.30999999999999,64.2108904314801));
#2516=CARTESIAN_POINT('Ctrl Pts',(27.5236573526479,1.30999999999999,64.2420995752277));
#2517=CARTESIAN_POINT('Ctrl Pts',(27.4988676704018,1.30999999999999,64.2907896889915));
#2518=CARTESIAN_POINT('Ctrl Pts',(27.4425628710713,1.30999999999999,64.3594671128911));
#2519=CARTESIAN_POINT('Ctrl Pts',(27.3338650658577,1.30999999999999,64.4511224169542));
#2520=CARTESIAN_POINT('Ctrl Pts',(27.188645178907,1.30999999999999,64.5471104379585));
#2521=CARTESIAN_POINT('Ctrl Pts',(27.0107306568799,1.30999999999999,64.644495755896));
#2522=CARTESIAN_POINT('Ctrl Pts',(26.8070577874869,1.30999999999999,64.7381391961345));
#2523=CARTESIAN_POINT('Ctrl Pts',(26.5871676392865,1.30999999999999,64.8211819598147));
#2524=CARTESIAN_POINT('Ctrl Pts',(26.36165370675,1.30999999999999,64.886347321783));
#2525=CARTESIAN_POINT('Ctrl Pts',(26.1409398819187,1.30999999999999,64.926991069678));
#2526=CARTESIAN_POINT('Ctrl Pts',(25.9339161443397,1.30999999999999,64.9382710003815));
#2527=CARTESIAN_POINT('Ctrl Pts',(25.7466479054064,1.30999999999999,64.91825944295));
#2528=CARTESIAN_POINT('Ctrl Pts',(25.5809724065735,1.30999999999999,64.869167737314));
#2529=CARTESIAN_POINT('Ctrl Pts',(25.4357893530582,1.30999999999999,64.7957642592056));
#2530=CARTESIAN_POINT('Ctrl Pts',(25.3084288603571,1.30999999999999,64.7037001795289));
#2531=CARTESIAN_POINT('Ctrl Pts',(25.1959330126573,1.30999999999999,64.5979422894832));
#2532=CARTESIAN_POINT('Ctrl Pts',(25.0964564494343,1.30999999999999,64.4810286128252));
#2533=CARTESIAN_POINT('Ctrl Pts',(25.0103506103081,1.30999999999999,64.351780584282));
#2534=CARTESIAN_POINT('Ctrl Pts',(24.9391084541588,1.30999999999999,64.2071319515771));
#2535=CARTESIAN_POINT('Ctrl Pts',(24.8845026799584,1.30999999999999,64.043683886511));
#2536=CARTESIAN_POINT('Ctrl Pts',(24.847714189891,1.30999999999999,63.8592471684356));
#2537=CARTESIAN_POINT('Ctrl Pts',(24.8283075097814,1.30999999999999,63.6546731851069));
#2538=CARTESIAN_POINT('Ctrl Pts',(24.823754064099,1.30999999999999,63.4346861301451));
#2539=CARTESIAN_POINT('Ctrl Pts',(24.830264051983,1.30999999999999,63.2063453967177));
#2540=CARTESIAN_POINT('Ctrl Pts',(24.8433313474927,1.30999999999999,62.9780262495315));
#2541=CARTESIAN_POINT('Ctrl Pts',(24.858404905915,1.30999999999999,62.7581678480404));
#2542=CARTESIAN_POINT('Ctrl Pts',(24.8714532252524,1.30999999999999,62.5542180799334));
#2543=CARTESIAN_POINT('Ctrl Pts',(24.8797028952439,1.30999999999999,62.3712478517737));
#2544=CARTESIAN_POINT('Ctrl Pts',(24.8815655340006,1.30999999999999,62.2121031230289));
#2545=CARTESIAN_POINT('Ctrl Pts',(24.8773266856598,1.30999999999999,62.1049171419921));
#2546=CARTESIAN_POINT('Ctrl Pts',(24.8708235453326,1.30999999999999,62.0360044400308));
#2547=CARTESIAN_POINT('Ctrl Pts',(24.865013187804,1.30999999999999,61.9951547132087));
#2548=CARTESIAN_POINT('Ctrl Pts',(24.8617392918132,1.30999999999999,61.9760028393245));
#2549=CARTESIAN_POINT('',(24.5178230713379,1.30999999999999,62.0695710031375));
#2550=CARTESIAN_POINT('Ctrl Pts',(24.8617392918132,1.30999999999999,61.9760028393245));
#2551=CARTESIAN_POINT('Ctrl Pts',(24.8486532627521,1.30999999999999,61.9742755684389));
#2552=CARTESIAN_POINT('Ctrl Pts',(24.8230180839581,1.30999999999999,61.9711322580177));
#2553=CARTESIAN_POINT('Ctrl Pts',(24.7861758806682,1.30999999999999,61.9673509440692));
#2554=CARTESIAN_POINT('Ctrl Pts',(24.7403276984837,1.30999999999999,61.9642075825812));
#2555=CARTESIAN_POINT('Ctrl Pts',(24.6888503640508,1.30999999999999,61.9636597350729));
#2556=CARTESIAN_POINT('Ctrl Pts',(24.6437445449802,1.30999999999999,61.9668054835321));
#2557=CARTESIAN_POINT('Ctrl Pts',(24.6055579038008,1.30999999999999,61.9739623103717));
#2558=CARTESIAN_POINT('Ctrl Pts',(24.5746383649528,1.30999999999999,61.9853319089402));
#2559=CARTESIAN_POINT('Ctrl Pts',(24.550763851401,1.30999999999999,62.0007855401806));
#2560=CARTESIAN_POINT('Ctrl Pts',(24.5334294757122,1.30999999999999,62.0200305185821));
#2561=CARTESIAN_POINT('Ctrl Pts',(24.5243785165199,1.30999999999999,62.0382186718582));
#2562=CARTESIAN_POINT('Ctrl Pts',(24.520129400902,1.30999999999999,62.0533317166202));
#2563=CARTESIAN_POINT('Ctrl Pts',(24.5184068184625,1.30999999999999,62.0640506452637));
#2564=CARTESIAN_POINT('Ctrl Pts',(24.5178230713379,1.30999999999999,62.0695710031375));
#2565=CARTESIAN_POINT('Ctrl Pts',(24.5178230713379,1.30999999999999,62.0695710031375));
#2566=CARTESIAN_POINT('Ctrl Pts',(24.5067889265745,1.30999999999999,62.1389882867046));
#2567=CARTESIAN_POINT('Ctrl Pts',(24.4848625302256,1.30999999999999,62.2767764455978));
#2568=CARTESIAN_POINT('Ctrl Pts',(24.4523985916445,1.30999999999999,62.4803196331932));
#2569=CARTESIAN_POINT('Ctrl Pts',(24.4099788618022,1.30999999999999,62.7453276572586));
#2570=CARTESIAN_POINT('Ctrl Pts',(24.3584969068501,1.30999999999999,63.0652108071613));
#2571=CARTESIAN_POINT('Ctrl Pts',(24.3087039686901,1.30999999999999,63.3726381003937));
#2572=CARTESIAN_POINT('Ctrl Pts',(24.2607516530446,1.30999999999999,63.6664915024156));
#2573=CARTESIAN_POINT('Ctrl Pts',(24.2147462418286,1.30999999999999,63.9459872245447));
#2574=CARTESIAN_POINT('Ctrl Pts',(24.1706446133333,1.30999999999999,64.2114432730352));
#2575=CARTESIAN_POINT('Ctrl Pts',(24.1283168827085,1.30999999999999,64.4638174993314));
#2576=CARTESIAN_POINT('Ctrl Pts',(24.0957644569862,1.30999999999999,64.6560579075314));
#2577=CARTESIAN_POINT('Ctrl Pts',(24.0720410793516,1.30999999999999,64.7951427817754));
#2578=CARTESIAN_POINT('Ctrl Pts',(24.0565276116817,1.30999999999999,64.8856380302202));
#2579=CARTESIAN_POINT('Ctrl Pts',(24.0488464070535,1.30999999999999,64.9303286552725));
#2580=CARTESIAN_POINT('',(46.575696144042,1.30999999999999,58.2870055359929));
#2581=CARTESIAN_POINT('',(49.4814746308474,1.30999999999999,59.1973927225635));
#2582=CARTESIAN_POINT('Ctrl Pts',(46.575696144042,1.30999999999999,58.2870055359929));
#2583=CARTESIAN_POINT('Ctrl Pts',(46.5735148024472,1.30999999999999,58.2494346436344));
#2584=CARTESIAN_POINT('Ctrl Pts',(46.57126703442,1.30999999999999,58.1711772487028));
#2585=CARTESIAN_POINT('Ctrl Pts',(46.5755313058563,1.30999999999999,58.0560730061669));
#2586=CARTESIAN_POINT('Ctrl Pts',(46.5971219529566,1.30999999999999,57.9104446091989));
#2587=CARTESIAN_POINT('Ctrl Pts',(46.6510522853783,1.30999999999999,57.7435008791408));
#2588=CARTESIAN_POINT('Ctrl Pts',(46.7340015620366,1.30999999999999,57.5910949999525));
#2589=CARTESIAN_POINT('Ctrl Pts',(46.8440430573932,1.30999999999999,57.4593074399908));
#2590=CARTESIAN_POINT('Ctrl Pts',(46.9797383278556,1.30999999999999,57.3522546469391));
#2591=CARTESIAN_POINT('Ctrl Pts',(47.1390665453034,1.30999999999999,57.2746031115276));
#2592=CARTESIAN_POINT('Ctrl Pts',(47.3196128756629,1.30999999999999,57.2299347341303));
#2593=CARTESIAN_POINT('Ctrl Pts',(47.5187262461428,1.30999999999999,57.2194349069467));
#2594=CARTESIAN_POINT('Ctrl Pts',(47.7336819957586,1.30999999999999,57.2400381393185));
#2595=CARTESIAN_POINT('Ctrl Pts',(47.9618588132231,1.30999999999999,57.2849744440937));
#2596=CARTESIAN_POINT('Ctrl Pts',(48.2009219215686,1.30999999999999,57.3452839435868));
#2597=CARTESIAN_POINT('Ctrl Pts',(48.4490105214665,1.30999999999999,57.4110093892163));
#2598=CARTESIAN_POINT('Ctrl Pts',(48.7049092527711,1.30999999999999,57.4725021641027));
#2599=CARTESIAN_POINT('Ctrl Pts',(48.9682692645236,1.30999999999999,57.5217083511986));
#2600=CARTESIAN_POINT('Ctrl Pts',(49.2391713930924,1.30999999999999,57.5528842030185));
#2601=CARTESIAN_POINT('Ctrl Pts',(49.5176391748442,1.30999999999999,57.5632097562592));
#2602=CARTESIAN_POINT('Ctrl Pts',(49.8031552273605,1.30999999999999,57.5535477639242));
#2603=CARTESIAN_POINT('Ctrl Pts',(50.0942052685151,1.30999999999999,57.5289565331642));
#2604=CARTESIAN_POINT('Ctrl Pts',(50.3877238872686,1.30999999999999,57.499850205932));
#2605=CARTESIAN_POINT('Ctrl Pts',(50.6789488758387,1.30999999999999,57.4805401862167));
#2606=CARTESIAN_POINT('Ctrl Pts',(50.9615455496878,1.30999999999999,57.4861531256775));
#2607=CARTESIAN_POINT('Ctrl Pts',(51.2276282794502,1.30999999999999,57.5299560929047));
#2608=CARTESIAN_POINT('Ctrl Pts',(51.4678462139556,1.30999999999999,57.620697290846));
#2609=CARTESIAN_POINT('Ctrl Pts',(51.6713640316055,1.30999999999999,57.7594565591525));
#2610=CARTESIAN_POINT('Ctrl Pts',(51.8261013528819,1.30999999999999,57.9380935956113));
#2611=CARTESIAN_POINT('Ctrl Pts',(51.9197449936018,1.30999999999999,58.1429142276763));
#2612=CARTESIAN_POINT('Ctrl Pts',(51.9406724990233,1.30999999999999,58.3575116032751));
#2613=CARTESIAN_POINT('Ctrl Pts',(51.8788381945977,1.30999999999999,58.5657079345871));
#2614=CARTESIAN_POINT('Ctrl Pts',(51.7268957443583,1.30999999999999,58.754954952601));
#2615=CARTESIAN_POINT('Ctrl Pts',(51.4800650913385,1.30999999999999,58.9166391732301));
#2616=CARTESIAN_POINT('Ctrl Pts',(51.1355007587823,1.30999999999999,59.0451084567682));
#2617=CARTESIAN_POINT('Ctrl Pts',(50.6918434879307,1.30999999999999,59.1371355319117));
#2618=CARTESIAN_POINT('Ctrl Pts',(50.2573414028983,1.30999999999999,59.1804008691144));
#2619=CARTESIAN_POINT('Ctrl Pts',(49.8867673458374,1.30999999999999,59.1955973663796));
#2620=CARTESIAN_POINT('Ctrl Pts',(49.6198787391458,1.30999999999999,59.1980705628111));
#2621=CARTESIAN_POINT('Ctrl Pts',(49.4814746308474,1.30999999999999,59.1973927225635));
#2622=CARTESIAN_POINT('',(47.3698253543343,1.30999999999999,64.4987104257616));
#2623=CARTESIAN_POINT('Ctrl Pts',(49.4814746308474,1.30999999999999,59.1973927225635));
#2624=CARTESIAN_POINT('Ctrl Pts',(49.4681947260834,1.30999999999999,59.2002714299267));
#2625=CARTESIAN_POINT('Ctrl Pts',(49.4427638211438,1.30999999999999,59.2062957599484));
#2626=CARTESIAN_POINT('Ctrl Pts',(49.4080044744798,1.30999999999999,59.2161347274451));
#2627=CARTESIAN_POINT('Ctrl Pts',(49.3684391284985,1.30999999999999,59.2308454214605));
#2628=CARTESIAN_POINT('Ctrl Pts',(49.3305879430576,1.30999999999999,59.2538844312734));
#2629=CARTESIAN_POINT('Ctrl Pts',(49.3051178227554,1.30999999999999,59.2872691822499));
#2630=CARTESIAN_POINT('Ctrl Pts',(49.2936115319324,1.30999999999999,59.3429685323538));
#2631=CARTESIAN_POINT('Ctrl Pts',(49.2976259160517,1.30999999999999,59.4348176413886));
#2632=CARTESIAN_POINT('Ctrl Pts',(49.3178090614104,1.30999999999999,59.5736498324053));
#2633=CARTESIAN_POINT('Ctrl Pts',(49.3527707270628,1.30999999999999,59.7613737053671));
#2634=CARTESIAN_POINT('Ctrl Pts',(49.39899649177,1.30999999999999,59.9898722290327));
#2635=CARTESIAN_POINT('Ctrl Pts',(49.4519858200237,1.30999999999999,60.2456123332845));
#2636=CARTESIAN_POINT('Ctrl Pts',(49.5070643232356,1.30999999999999,60.5127252623104));
#2637=CARTESIAN_POINT('Ctrl Pts',(49.5603184624154,1.30999999999999,60.7766654555575));
#2638=CARTESIAN_POINT('Ctrl Pts',(49.6094968494024,1.30999999999999,61.0276755071497));
#2639=CARTESIAN_POINT('Ctrl Pts',(49.6548862654268,1.30999999999999,61.2642014861756));
#2640=CARTESIAN_POINT('Ctrl Pts',(49.6982825579209,1.30999999999999,61.4902972543645));
#2641=CARTESIAN_POINT('Ctrl Pts',(49.7420519301287,1.30999999999999,61.7132976485792));
#2642=CARTESIAN_POINT('Ctrl Pts',(49.788117199098,1.30999999999999,61.9413202009055));
#2643=CARTESIAN_POINT('Ctrl Pts',(49.8370793235726,1.30999999999999,62.1810592159844));
#2644=CARTESIAN_POINT('Ctrl Pts',(49.88701647087,1.30999999999999,62.4349286480511));
#2645=CARTESIAN_POINT('Ctrl Pts',(49.9334781164977,1.30999999999999,62.7006204559911));
#2646=CARTESIAN_POINT('Ctrl Pts',(49.9705233664428,1.30999999999999,62.9727618627555));
#2647=CARTESIAN_POINT('Ctrl Pts',(49.9914439846662,1.30999999999999,63.243947407993));
#2648=CARTESIAN_POINT('Ctrl Pts',(49.9896415042089,1.30999999999999,63.5060503528637));
#2649=CARTESIAN_POINT('Ctrl Pts',(49.9593710048234,1.30999999999999,63.7513221526456));
#2650=CARTESIAN_POINT('Ctrl Pts',(49.8967218858202,1.30999999999999,63.9738027398942));
#2651=CARTESIAN_POINT('Ctrl Pts',(49.7995491833942,1.30999999999999,64.1693972024737));
#2652=CARTESIAN_POINT('Ctrl Pts',(49.6669730007521,1.30999999999999,64.3354051209153));
#2653=CARTESIAN_POINT('Ctrl Pts',(49.4990176299441,1.30999999999999,64.4702288365963));
#2654=CARTESIAN_POINT('Ctrl Pts',(49.2962233039715,1.30999999999999,64.5730317866232));
#2655=CARTESIAN_POINT('Ctrl Pts',(49.0592256648942,1.30999999999999,64.6433911109342));
#2656=CARTESIAN_POINT('Ctrl Pts',(48.7885772816598,1.30999999999999,64.6811129153863));
#2657=CARTESIAN_POINT('Ctrl Pts',(48.4847703886765,1.30999999999999,64.6861907153819));
#2658=CARTESIAN_POINT('Ctrl Pts',(48.1482041570549,1.30999999999999,64.6587262130793));
#2659=CARTESIAN_POINT('Ctrl Pts',(47.85298348312,1.30999999999999,64.6108414234285));
#2660=CARTESIAN_POINT('Ctrl Pts',(47.6170447935301,1.30999999999999,64.5604130448622));
#2661=CARTESIAN_POINT('Ctrl Pts',(47.4533061923186,1.30999999999999,64.5203517035245));
#2662=CARTESIAN_POINT('Ctrl Pts',(47.3698253543343,1.30999999999999,64.4987104257616));
#2663=CARTESIAN_POINT('',(48.0293194226748,1.30999999999999,59.26080561375));
#2664=CARTESIAN_POINT('Ctrl Pts',(47.3698253543343,1.30999999999999,64.4987104257616));
#2665=CARTESIAN_POINT('Ctrl Pts',(47.3565835226554,1.30999999999999,64.4934093197649));
#2666=CARTESIAN_POINT('Ctrl Pts',(47.3303476949408,1.30999999999999,64.4801242187775));
#2667=CARTESIAN_POINT('Ctrl Pts',(47.2917374635204,1.30999999999999,64.4521479059579));
#2668=CARTESIAN_POINT('Ctrl Pts',(47.2417468311015,1.30999999999999,64.3987196262833));
#2669=CARTESIAN_POINT('Ctrl Pts',(47.1822429342085,1.30999999999999,64.3055025475487));
#2670=CARTESIAN_POINT('Ctrl Pts',(47.1272030110955,1.30999999999999,64.1874893886138));
#2671=CARTESIAN_POINT('Ctrl Pts',(47.079574113877,1.30999999999999,64.0481883854217));
#2672=CARTESIAN_POINT('Ctrl Pts',(47.0442648524449,1.30999999999999,63.893675582414));
#2673=CARTESIAN_POINT('Ctrl Pts',(47.0268750987344,1.30999999999999,63.7311581668816));
#2674=CARTESIAN_POINT('Ctrl Pts',(47.0323693265659,1.30999999999999,63.5674851475807));
#2675=CARTESIAN_POINT('Ctrl Pts',(47.0638660875682,1.30999999999999,63.407783699405));
#2676=CARTESIAN_POINT('Ctrl Pts',(47.1211259238705,1.30999999999999,63.253789683978));
#2677=CARTESIAN_POINT('Ctrl Pts',(47.1998907797964,1.30999999999999,63.1030591338712));
#2678=CARTESIAN_POINT('Ctrl Pts',(47.2935855465046,1.30999999999999,62.9506241543883));
#2679=CARTESIAN_POINT('Ctrl Pts',(47.3945969288849,1.30999999999999,62.7902057230001));
#2680=CARTESIAN_POINT('Ctrl Pts',(47.4956426740502,1.30999999999999,62.6155424135691));
#2681=CARTESIAN_POINT('Ctrl Pts',(47.5912476696902,1.30999999999999,62.4217790574612));
#2682=CARTESIAN_POINT('Ctrl Pts',(47.6787244770384,1.30999999999999,62.2064958215983));
#2683=CARTESIAN_POINT('Ctrl Pts',(47.7572920133067,1.30999999999999,61.9693473125996));
#2684=CARTESIAN_POINT('Ctrl Pts',(47.8275169308144,1.30999999999999,61.7119468046846));
#2685=CARTESIAN_POINT('Ctrl Pts',(47.8906355684438,1.30999999999999,61.4376765198632));
#2686=CARTESIAN_POINT('Ctrl Pts',(47.9479484330486,1.30999999999999,61.1515415082156));
#2687=CARTESIAN_POINT('Ctrl Pts',(48.0001561543432,1.30999999999999,60.8600372402879));
#2688=CARTESIAN_POINT('Ctrl Pts',(48.0468085406009,1.30999999999999,60.5709807523603));
#2689=CARTESIAN_POINT('Ctrl Pts',(48.0866598578918,1.30999999999999,60.2928877901309));
#2690=CARTESIAN_POINT('Ctrl Pts',(48.1179428419485,1.30999999999999,60.0343925008216));
#2691=CARTESIAN_POINT('Ctrl Pts',(48.1386686267694,1.30999999999999,59.803656215493));
#2692=CARTESIAN_POINT('Ctrl Pts',(48.1469195549383,1.30999999999999,59.607763067558));
#2693=CARTESIAN_POINT('Ctrl Pts',(48.1411364701125,1.30999999999999,59.4521364959722));
#2694=CARTESIAN_POINT('Ctrl Pts',(48.1204418253546,1.30999999999999,59.3398532912312));
#2695=CARTESIAN_POINT('Ctrl Pts',(48.0916625899882,1.30999999999999,59.2857667620678));
#2696=CARTESIAN_POINT('Ctrl Pts',(48.0631718514968,1.30999999999999,59.2654329818411));
#2697=CARTESIAN_POINT('Ctrl Pts',(48.0411142062115,1.30999999999999,59.2608522121275));
#2698=CARTESIAN_POINT('Ctrl Pts',(48.0293194226748,1.30999999999999,59.26080561375));
#2699=CARTESIAN_POINT('',(46.9703241398589,1.30999999999999,59.3876313961232));
#2700=CARTESIAN_POINT('Ctrl Pts',(48.0293194226748,1.30999999999999,59.26080561375));
#2701=CARTESIAN_POINT('Ctrl Pts',(47.9997898647915,1.30999999999999,59.2669802984597));
#2702=CARTESIAN_POINT('Ctrl Pts',(47.9414480574692,1.30999999999999,59.2790171172095));
#2703=CARTESIAN_POINT('Ctrl Pts',(47.8560871565575,1.30999999999999,59.2961347435476));
#2704=CARTESIAN_POINT('Ctrl Pts',(47.7466480416662,1.30999999999999,59.317051756771));
#2705=CARTESIAN_POINT('Ctrl Pts',(47.6176467635477,1.30999999999999,59.3398003915541));
#2706=CARTESIAN_POINT('Ctrl Pts',(47.4971785995343,1.30999999999999,59.3588309179783));
#2707=CARTESIAN_POINT('Ctrl Pts',(47.3860026491721,1.30999999999999,59.3738125758654));
#2708=CARTESIAN_POINT('Ctrl Pts',(47.2846412842728,1.30999999999999,59.3845177537057));
#2709=CARTESIAN_POINT('Ctrl Pts',(47.1928594126223,1.30999999999999,59.3910488875287));
#2710=CARTESIAN_POINT('Ctrl Pts',(47.1099964305781,1.30999999999999,59.3936938201884));
#2711=CARTESIAN_POINT('Ctrl Pts',(47.0502877320487,1.30999999999999,59.3929419474256));
#2712=CARTESIAN_POINT('Ctrl Pts',(47.0089777498881,1.30999999999999,59.3908653983273));
#2713=CARTESIAN_POINT('Ctrl Pts',(46.9829556884363,1.30999999999999,59.3888196306077));
#2714=CARTESIAN_POINT('Ctrl Pts',(46.9703241398589,1.30999999999999,59.3876313961232));
#2715=CARTESIAN_POINT('',(41.52972492634,1.30999999999999,62.0628027940679));
#2716=CARTESIAN_POINT('Ctrl Pts',(46.9703241398589,1.30999999999999,59.3876313961232));
#2717=CARTESIAN_POINT('Ctrl Pts',(46.9692309185129,1.30999999999999,59.4217482654157));
#2718=CARTESIAN_POINT('Ctrl Pts',(46.9673307243707,1.30999999999999,59.4890226156461));
#2719=CARTESIAN_POINT('Ctrl Pts',(46.9653392180239,1.30999999999999,59.5870557582713));
#2720=CARTESIAN_POINT('Ctrl Pts',(46.9644022257191,1.30999999999999,59.7120079823975));
#2721=CARTESIAN_POINT('Ctrl Pts',(46.9659231837214,1.30999999999999,59.8593907949088));
#2722=CARTESIAN_POINT('Ctrl Pts',(46.9696032484099,1.30999999999999,60.0004113989068));
#2723=CARTESIAN_POINT('Ctrl Pts',(46.9743780691599,1.30999999999999,60.1399303968332));
#2724=CARTESIAN_POINT('Ctrl Pts',(46.9784342861605,1.30999999999999,60.286249800502));
#2725=CARTESIAN_POINT('Ctrl Pts',(46.9795624709179,1.30999999999999,60.448870861647));
#2726=CARTESIAN_POINT('Ctrl Pts',(46.9755960050997,1.30999999999999,60.6357094949075));
#2727=CARTESIAN_POINT('Ctrl Pts',(46.9647772385427,1.30999999999999,60.8508339695647));
#2728=CARTESIAN_POINT('Ctrl Pts',(46.9462570699037,1.30999999999999,61.0911687048738));
#2729=CARTESIAN_POINT('Ctrl Pts',(46.92007564842,1.30999999999999,61.3472856655737));
#2730=CARTESIAN_POINT('Ctrl Pts',(46.8868079120591,1.30999999999999,61.6068353512219));
#2731=CARTESIAN_POINT('Ctrl Pts',(46.8473091205666,1.30999999999999,61.8572128925633));
#2732=CARTESIAN_POINT('Ctrl Pts',(46.8024239869362,1.30999999999999,62.0884657646602));
#2733=CARTESIAN_POINT('Ctrl Pts',(46.7527031014468,1.30999999999999,62.2962705841174));
#2734=CARTESIAN_POINT('Ctrl Pts',(46.6981408769827,1.30999999999999,62.4844163535337));
#2735=CARTESIAN_POINT('Ctrl Pts',(46.6382445670225,1.30999999999999,62.6613401955571));
#2736=CARTESIAN_POINT('Ctrl Pts',(46.5720759802648,1.30999999999999,62.8370069446407));
#2737=CARTESIAN_POINT('Ctrl Pts',(46.4983046293785,1.30999999999999,63.0198863703108));
#2738=CARTESIAN_POINT('Ctrl Pts',(46.4152501582893,1.30999999999999,63.2133623910109));
#2739=CARTESIAN_POINT('Ctrl Pts',(46.3209449313735,1.30999999999999,63.4140917057955));
#2740=CARTESIAN_POINT('Ctrl Pts',(46.2132430697766,1.30999999999999,63.6148692888669));
#2741=CARTESIAN_POINT('Ctrl Pts',(46.0899154481252,1.30999999999999,63.806619013648));
#2742=CARTESIAN_POINT('Ctrl Pts',(45.9487602466518,1.30999999999999,63.9806345957722));
#2743=CARTESIAN_POINT('Ctrl Pts',(45.7876838327885,1.30999999999999,64.1309291283612));
#2744=CARTESIAN_POINT('Ctrl Pts',(45.604866977814,1.30999999999999,64.255883847439));
#2745=CARTESIAN_POINT('Ctrl Pts',(45.3992802874179,1.30999999999999,64.3567346036714));
#2746=CARTESIAN_POINT('Ctrl Pts',(45.1711443197056,1.30999999999999,64.436546447093));
#2747=CARTESIAN_POINT('Ctrl Pts',(44.9224270106945,1.30999999999999,64.4989939622119));
#2748=CARTESIAN_POINT('Ctrl Pts',(44.6573023841396,1.30999999999999,64.5472497963434));
#2749=CARTESIAN_POINT('Ctrl Pts',(44.3827075779653,1.30999999999999,64.582766885098));
#2750=CARTESIAN_POINT('Ctrl Pts',(44.1071511298616,1.30999999999999,64.6055078054822));
#2751=CARTESIAN_POINT('Ctrl Pts',(43.839439190596,1.30999999999999,64.6142496605447));
#2752=CARTESIAN_POINT('Ctrl Pts',(43.5874043882615,1.30999999999999,64.6068556240685));
#2753=CARTESIAN_POINT('Ctrl Pts',(43.3566970497806,1.30999999999999,64.5805656507569));
#2754=CARTESIAN_POINT('Ctrl Pts',(43.1493887624486,1.30999999999999,64.532259677378));
#2755=CARTESIAN_POINT('Ctrl Pts',(42.9631101853696,1.30999999999999,64.4587837355371));
#2756=CARTESIAN_POINT('Ctrl Pts',(42.7929440817593,1.30999999999999,64.3575521821985));
#2757=CARTESIAN_POINT('Ctrl Pts',(42.6330117379937,1.30999999999999,64.2271450518125));
#2758=CARTESIAN_POINT('Ctrl Pts',(42.4780740313029,1.30999999999999,64.0678530204153));
#2759=CARTESIAN_POINT('Ctrl Pts',(42.3253631406475,1.30999999999999,63.8823865683132));
#2760=CARTESIAN_POINT('Ctrl Pts',(42.1755504831493,1.30999999999999,63.6760764149421));
#2761=CARTESIAN_POINT('Ctrl Pts',(42.0315342294618,1.30999999999999,63.4558134742998));
#2762=CARTESIAN_POINT('Ctrl Pts',(41.8976747141845,1.30999999999999,63.229254935126));
#2763=CARTESIAN_POINT('Ctrl Pts',(41.7788271228966,1.30999999999999,63.0038960549819));
#2764=CARTESIAN_POINT('Ctrl Pts',(41.679529685594,1.30999999999999,62.7862729843964));
#2765=CARTESIAN_POINT('Ctrl Pts',(41.6029535603494,1.30999999999999,62.5809208377087));
#2766=CARTESIAN_POINT('Ctrl Pts',(41.5509076756099,1.30999999999999,62.3904753086569));
#2767=CARTESIAN_POINT('Ctrl Pts',(41.5296025092141,1.30999999999999,62.2510941595531));
#2768=CARTESIAN_POINT('Ctrl Pts',(41.5251743694272,1.30999999999999,62.1540403367206));
#2769=CARTESIAN_POINT('Ctrl Pts',(41.5273529725434,1.30999999999999,62.0926613905952));
#2770=CARTESIAN_POINT('Ctrl Pts',(41.52972492634,1.30999999999999,62.0628027940679));
#2771=CARTESIAN_POINT('',(37.3585000286563,1.30999999999999,64.0895486033916));
#2772=CARTESIAN_POINT('Ctrl Pts',(41.5297249263308,1.30999999999999,62.0628027940665));
#2773=CARTESIAN_POINT('Ctrl Pts',(41.520471497808,1.30999999999999,62.1259614212564));
#2774=CARTESIAN_POINT('Ctrl Pts',(41.4978164991357,1.30999999999999,62.2561481243365));
#2775=CARTESIAN_POINT('Ctrl Pts',(41.4509335465595,1.30999999999999,62.4580037784396));
#2776=CARTESIAN_POINT('Ctrl Pts',(41.3597672113119,1.30999999999999,62.7343186963011));
#2777=CARTESIAN_POINT('Ctrl Pts',(41.1955372740919,1.30999999999999,63.0790842294469));
#2778=CARTESIAN_POINT('Ctrl Pts',(40.9817959411694,1.30999999999999,63.4129994886931));
#2779=CARTESIAN_POINT('Ctrl Pts',(40.7245745155094,1.30999999999999,63.7237403389675));
#2780=CARTESIAN_POINT('Ctrl Pts',(40.4313539681411,1.30999999999999,64.0017446232472));
#2781=CARTESIAN_POINT('Ctrl Pts',(40.110844968587,1.30999999999999,64.2386100475787));
#2782=CARTESIAN_POINT('Ctrl Pts',(39.7719766032376,1.30999999999999,64.4272567210003));
#2783=CARTESIAN_POINT('Ctrl Pts',(39.4229593130904,1.30999999999999,64.5620560668482));
#2784=CARTESIAN_POINT('Ctrl Pts',(39.0701281483799,1.30999999999999,64.6390714456782));
#2785=CARTESIAN_POINT('Ctrl Pts',(38.7178860956876,1.30999999999999,64.6558660401999));
#2786=CARTESIAN_POINT('Ctrl Pts',(38.3691495945267,1.30999999999999,64.6111230512377));
#2787=CARTESIAN_POINT('Ctrl Pts',(38.0256229340581,1.30999999999999,64.5043462282908));
#2788=CARTESIAN_POINT('Ctrl Pts',(37.7556313625271,1.30999999999999,64.3693070707414));
#2789=CARTESIAN_POINT('Ctrl Pts',(37.5559672364598,1.30999999999999,64.240221734681));
#2790=CARTESIAN_POINT('Ctrl Pts',(37.4241132035949,1.30999999999999,64.141828960579));
#2791=CARTESIAN_POINT('Ctrl Pts',(37.3585000286563,1.30999999999999,64.0895486033916));
#2792=CARTESIAN_POINT('',(32.0657564079135,1.30999999999999,58.3084236480381));
#2793=CARTESIAN_POINT('Ctrl Pts',(37.3585000286563,1.30999999999999,64.0895486033916));
#2794=CARTESIAN_POINT('Ctrl Pts',(37.3300458112161,1.30999999999999,64.0360942148052));
#2795=CARTESIAN_POINT('Ctrl Pts',(37.2749941703018,1.30999999999999,63.9349951288654));
#2796=CARTESIAN_POINT('Ctrl Pts',(37.1979872275015,1.30999999999999,63.8007756971113));
#2797=CARTESIAN_POINT('Ctrl Pts',(37.1064561957734,1.30999999999999,63.6566895457331));
#2798=CARTESIAN_POINT('Ctrl Pts',(37.0103254241753,1.30999999999999,63.5342486197004));
#2799=CARTESIAN_POINT('Ctrl Pts',(36.9315291767141,1.30999999999999,63.4679303750906));
#2800=CARTESIAN_POINT('Ctrl Pts',(36.8681699865925,1.30999999999999,63.4545604230258));
#2801=CARTESIAN_POINT('Ctrl Pts',(36.8169613823099,1.30999999999999,63.4886573776711));
#2802=CARTESIAN_POINT('Ctrl Pts',(36.7732337112903,1.30999999999999,63.5621629247874));
#2803=CARTESIAN_POINT('Ctrl Pts',(36.7319436807724,1.30999999999999,63.6651483904342));
#2804=CARTESIAN_POINT('Ctrl Pts',(36.6885344249419,1.30999999999999,63.7863066938002));
#2805=CARTESIAN_POINT('Ctrl Pts',(36.6397241686379,1.30999999999999,63.9135717971135));
#2806=CARTESIAN_POINT('Ctrl Pts',(36.5820520370586,1.30999999999999,64.0354080655353));
#2807=CARTESIAN_POINT('Ctrl Pts',(36.5106174293705,1.30999999999999,64.1420769873075));
#2808=CARTESIAN_POINT('Ctrl Pts',(36.4176566626385,1.30999999999999,64.226902992717));
#2809=CARTESIAN_POINT('Ctrl Pts',(36.2913917409959,1.30999999999999,64.2875667969351));
#2810=CARTESIAN_POINT('Ctrl Pts',(36.1195923418978,1.30999999999999,64.3252528163152));
#2811=CARTESIAN_POINT('Ctrl Pts',(35.8940084443235,1.30999999999999,64.3441424118155));
#2812=CARTESIAN_POINT('Ctrl Pts',(35.6126468123778,1.30999999999999,64.3501742422339));
#2813=CARTESIAN_POINT('Ctrl Pts',(35.2871975298542,1.30999999999999,64.3515228830433));
#2814=CARTESIAN_POINT('Ctrl Pts',(34.9368661449459,1.30999999999999,64.3545545396074));
#2815=CARTESIAN_POINT('Ctrl Pts',(34.576240437962,1.30999999999999,64.3607226996774));
#2816=CARTESIAN_POINT('Ctrl Pts',(34.2192131077712,1.30999999999999,64.3687824066381));
#2817=CARTESIAN_POINT('Ctrl Pts',(33.8770770601713,1.30999999999999,64.3750720825698));
#2818=CARTESIAN_POINT('Ctrl Pts',(33.5590862533263,1.30999999999999,64.3746019061403));
#2819=CARTESIAN_POINT('Ctrl Pts',(33.2719354214074,1.30999999999999,64.3618041138335));
#2820=CARTESIAN_POINT('Ctrl Pts',(33.0197400551109,1.30999999999999,64.3313999818298));
#2821=CARTESIAN_POINT('Ctrl Pts',(32.8037000174429,1.30999999999999,64.2792826349551));
#2822=CARTESIAN_POINT('Ctrl Pts',(32.6221908408793,1.30999999999999,64.203188292));
#2823=CARTESIAN_POINT('Ctrl Pts',(32.4719238202895,1.30999999999999,64.1025523262183));
#2824=CARTESIAN_POINT('Ctrl Pts',(32.3489596614432,1.30999999999999,63.9785216644852));
#2825=CARTESIAN_POINT('Ctrl Pts',(32.2497225029218,1.30999999999999,63.833880330306));
#2826=CARTESIAN_POINT('Ctrl Pts',(32.1721414680249,1.30999999999999,63.6730829770485));
#2827=CARTESIAN_POINT('Ctrl Pts',(32.116357530353,1.30999999999999,63.5020460570565));
#2828=CARTESIAN_POINT('Ctrl Pts',(32.0833617469064,1.30999999999999,63.326914682123));
#2829=CARTESIAN_POINT('Ctrl Pts',(32.0738493928466,1.30999999999999,63.1528969129876));
#2830=CARTESIAN_POINT('Ctrl Pts',(32.0871190942766,1.30999999999999,62.9832120449363));
#2831=CARTESIAN_POINT('Ctrl Pts',(32.1196422222569,1.30999999999999,62.8176504645838));
#2832=CARTESIAN_POINT('Ctrl Pts',(32.1648229213189,1.30999999999999,62.6524445842354));
#2833=CARTESIAN_POINT('Ctrl Pts',(32.2148176282135,1.30999999999999,62.4823698965481));
#2834=CARTESIAN_POINT('Ctrl Pts',(32.2619594005038,1.30999999999999,62.3024343460595));
#2835=CARTESIAN_POINT('Ctrl Pts',(32.3001832874407,1.30999999999999,62.1095297349972));
#2836=CARTESIAN_POINT('Ctrl Pts',(32.3268359314256,1.30999999999999,61.9045955904556));
#2837=CARTESIAN_POINT('Ctrl Pts',(32.3428620151066,1.30999999999999,61.6926812492485));
#2838=CARTESIAN_POINT('Ctrl Pts',(32.3511439080526,1.30999999999999,61.4806301447242));
#2839=CARTESIAN_POINT('Ctrl Pts',(32.3553197903089,1.30999999999999,61.2753749889634));
#2840=CARTESIAN_POINT('Ctrl Pts',(32.3584389889272,1.30999999999999,61.0820312153198));
#2841=CARTESIAN_POINT('Ctrl Pts',(32.3616159143074,1.30999999999999,60.9019656843437));
#2842=CARTESIAN_POINT('Ctrl Pts',(32.3628840052939,1.30999999999999,60.7311801505112));
#2843=CARTESIAN_POINT('Ctrl Pts',(32.3586382597408,1.30999999999999,60.5626586489981));
#2844=CARTESIAN_POINT('Ctrl Pts',(32.3449107788604,1.30999999999999,60.3884605968133));
#2845=CARTESIAN_POINT('Ctrl Pts',(32.3186502243964,1.30999999999999,60.2018165209952));
#2846=CARTESIAN_POINT('Ctrl Pts',(32.2791381148929,1.30999999999999,59.9994383869999));
#2847=CARTESIAN_POINT('Ctrl Pts',(32.2289319043026,1.30999999999999,59.7830898458689));
#2848=CARTESIAN_POINT('Ctrl Pts',(32.1727204651856,1.30999999999999,59.5578985749023));
#2849=CARTESIAN_POINT('Ctrl Pts',(32.1165028971744,1.30999999999999,59.3311706470991));
#2850=CARTESIAN_POINT('Ctrl Pts',(32.0666107275408,1.30999999999999,59.1109668327167));
#2851=CARTESIAN_POINT('Ctrl Pts',(32.0288746338477,1.30999999999999,58.9048903378068));
#2852=CARTESIAN_POINT('Ctrl Pts',(32.0075392303921,1.30999999999999,58.7185172560751));
#2853=CARTESIAN_POINT('Ctrl Pts',(32.0050454515418,1.30999999999999,58.5550488445249));
#2854=CARTESIAN_POINT('Ctrl Pts',(32.019106143582,1.30999999999999,58.4438899531567));
#2855=CARTESIAN_POINT('Ctrl Pts',(32.0388537874096,1.30999999999999,58.3717796333451));
#2856=CARTESIAN_POINT('Ctrl Pts',(32.0561074609711,1.30999999999999,58.32870859117));
#2857=CARTESIAN_POINT('Ctrl Pts',(32.0657564079135,1.30999999999999,58.3084236480381));
#2858=CARTESIAN_POINT('',(33.9975639072472,1.30999999999999,59.6630447603758));
#2859=CARTESIAN_POINT('Ctrl Pts',(32.0657564079135,1.30999999999999,58.3084236480381));
#2860=CARTESIAN_POINT('Ctrl Pts',(32.0571397659235,1.30999999999999,58.2821443943054));
#2861=CARTESIAN_POINT('Ctrl Pts',(32.044294078448,1.30999999999999,58.2308097353187));
#2862=CARTESIAN_POINT('Ctrl Pts',(32.0381886837448,1.30999999999999,58.1574793667157));
#2863=CARTESIAN_POINT('Ctrl Pts',(32.0564191015901,1.30999999999999,58.0670614340669));
#2864=CARTESIAN_POINT('Ctrl Pts',(32.1227225975925,1.30999999999999,57.9662667504862));
#2865=CARTESIAN_POINT('Ctrl Pts',(32.2306895918819,1.30999999999999,57.8774559821836));
#2866=CARTESIAN_POINT('Ctrl Pts',(32.376334803834,1.30999999999999,57.8000581016253));
#2867=CARTESIAN_POINT('Ctrl Pts',(32.5524210920275,1.30999999999999,57.7329731945599));
#2868=CARTESIAN_POINT('Ctrl Pts',(32.7486669311147,1.30999999999999,57.6746572857324));
#2869=CARTESIAN_POINT('Ctrl Pts',(32.9535306738967,1.30999999999999,57.6235499341233));
#2870=CARTESIAN_POINT('Ctrl Pts',(33.1555380195308,1.30999999999999,57.5784006740301));
#2871=CARTESIAN_POINT('Ctrl Pts',(33.3448613891606,1.30999999999999,57.5386579132101));
#2872=CARTESIAN_POINT('Ctrl Pts',(33.5146353826999,1.30999999999999,57.5047846664427));
#2873=CARTESIAN_POINT('Ctrl Pts',(33.6628330603648,1.30999999999999,57.47873928427));
#2874=CARTESIAN_POINT('Ctrl Pts',(33.7911976143203,1.30999999999999,57.4635721750733));
#2875=CARTESIAN_POINT('Ctrl Pts',(33.9032342155689,1.30999999999999,57.4627380221891));
#2876=CARTESIAN_POINT('Ctrl Pts',(34.0025451898787,1.30999999999999,57.4795071422044));
#2877=CARTESIAN_POINT('Ctrl Pts',(34.0910038467247,1.30999999999999,57.5163260843134));
#2878=CARTESIAN_POINT('Ctrl Pts',(34.1670625058913,1.30999999999999,57.5742089942267));
#2879=CARTESIAN_POINT('Ctrl Pts',(34.2273566334606,1.30999999999999,57.6530354010844));
#2880=CARTESIAN_POINT('Ctrl Pts',(34.2682987382462,1.30999999999999,57.7518248130052));
#2881=CARTESIAN_POINT('Ctrl Pts',(34.2875604593936,1.30999999999999,57.8690037150055));
#2882=CARTESIAN_POINT('Ctrl Pts',(34.2859004941988,1.30999999999999,58.0026781527754));
#2883=CARTESIAN_POINT('Ctrl Pts',(34.2666263716351,1.30999999999999,58.1508012630319));
#2884=CARTESIAN_POINT('Ctrl Pts',(34.234522545981,1.30999999999999,58.3113108047073));
#2885=CARTESIAN_POINT('Ctrl Pts',(34.1949543379426,1.30999999999999,58.4822776514155));
#2886=CARTESIAN_POINT('Ctrl Pts',(34.152960330881,1.30999999999999,58.662038189035));
#2887=CARTESIAN_POINT('Ctrl Pts',(34.1122146752031,1.30999999999999,58.8493571556858));
#2888=CARTESIAN_POINT('Ctrl Pts',(34.075090317797,1.30999999999999,59.0433917300592));
#2889=CARTESIAN_POINT('Ctrl Pts',(34.0429927254308,1.30999999999999,59.2436087639048));
#2890=CARTESIAN_POINT('Ctrl Pts',(34.0218724048602,1.30999999999999,59.4084969247234));
#2891=CARTESIAN_POINT('Ctrl Pts',(34.0086874928924,1.30999999999999,59.5347619637154));
#2892=CARTESIAN_POINT('Ctrl Pts',(34.0010754485537,1.30999999999999,59.6200916613293));
#2893=CARTESIAN_POINT('Ctrl Pts',(33.9975639072472,1.30999999999999,59.6630447603758));
#2894=CARTESIAN_POINT('',(36.506557793577,1.30999999999999,61.9835696223803));
#2895=CARTESIAN_POINT('Ctrl Pts',(33.9975639072472,1.30999999999999,59.6630447603758));
#2896=CARTESIAN_POINT('Ctrl Pts',(33.9873545053881,1.30999999999999,59.7020300733201));
#2897=CARTESIAN_POINT('Ctrl Pts',(33.9677651026248,1.30999999999999,59.7802305765964));
#2898=CARTESIAN_POINT('Ctrl Pts',(33.9408691958974,1.30999999999999,59.8982209757854));
#2899=CARTESIAN_POINT('Ctrl Pts',(33.9099934389431,1.30999999999999,60.0569231897748));
#2900=CARTESIAN_POINT('Ctrl Pts',(33.8797919754765,1.30999999999999,60.2575725008439));
#2901=CARTESIAN_POINT('Ctrl Pts',(33.8581457952077,1.30999999999999,60.4603720300509));
#2902=CARTESIAN_POINT('Ctrl Pts',(33.8453082737958,1.30999999999999,60.6650624954125));
#2903=CARTESIAN_POINT('Ctrl Pts',(33.8416413642324,1.30999999999999,60.8711848594093));
#2904=CARTESIAN_POINT('Ctrl Pts',(33.847620846835,1.30999999999999,61.0780480950361));
#2905=CARTESIAN_POINT('Ctrl Pts',(33.8638799163041,1.30999999999999,61.2845880673072));
#2906=CARTESIAN_POINT('Ctrl Pts',(33.8913083698978,1.30999999999999,61.4890731961182));
#2907=CARTESIAN_POINT('Ctrl Pts',(33.9311319386654,1.30999999999999,61.6888553955691));
#2908=CARTESIAN_POINT('Ctrl Pts',(33.9850118533074,1.30999999999999,61.8800724156406));
#2909=CARTESIAN_POINT('Ctrl Pts',(34.0551078891121,1.30999999999999,62.0574194212104));
#2910=CARTESIAN_POINT('Ctrl Pts',(34.1442327384375,1.30999999999999,62.2137329934397));
#2911=CARTESIAN_POINT('Ctrl Pts',(34.2551586133265,1.30999999999999,62.3412610367493));
#2912=CARTESIAN_POINT('Ctrl Pts',(34.3898139183608,1.30999999999999,62.4331515818778));
#2913=CARTESIAN_POINT('Ctrl Pts',(34.5484819711411,1.30999999999999,62.4849179493744));
#2914=CARTESIAN_POINT('Ctrl Pts',(34.72904591546,1.30999999999999,62.4958355342577));
#2915=CARTESIAN_POINT('Ctrl Pts',(34.9260251913793,1.30999999999999,62.4706684609445));
#2916=CARTESIAN_POINT('Ctrl Pts',(35.1316412414535,1.30999999999999,62.418147400189));
#2917=CARTESIAN_POINT('Ctrl Pts',(35.3371089023802,1.30999999999999,62.3490817072305));
#2918=CARTESIAN_POINT('Ctrl Pts',(35.5338818652642,1.30999999999999,62.2745645030394));
#2919=CARTESIAN_POINT('Ctrl Pts',(35.7148116851194,1.30999999999999,62.2042888001605));
#2920=CARTESIAN_POINT('Ctrl Pts',(35.8756057085822,1.30999999999999,62.1444730808721));
#2921=CARTESIAN_POINT('Ctrl Pts',(36.0153176056364,1.30999999999999,62.0970851357142));
#2922=CARTESIAN_POINT('Ctrl Pts',(36.1350869667243,1.30999999999999,62.0614187459459));
#2923=CARTESIAN_POINT('Ctrl Pts',(36.2372581801007,1.30999999999999,62.0351607962313));
#2924=CARTESIAN_POINT('Ctrl Pts',(36.3244259591068,1.30999999999999,62.0155686340849));
#2925=CARTESIAN_POINT('Ctrl Pts',(36.398359497706,1.30999999999999,62.0007878504066));
#2926=CARTESIAN_POINT('Ctrl Pts',(36.4476307453928,1.30999999999999,61.9921025070175));
#2927=CARTESIAN_POINT('Ctrl Pts',(36.4791892230395,1.30999999999999,61.9872069418377));
#2928=CARTESIAN_POINT('Ctrl Pts',(36.4978339480173,1.30999999999999,61.9846622629918));
#2929=CARTESIAN_POINT('Ctrl Pts',(36.506557793577,1.30999999999999,61.9835696223803));
#2930=CARTESIAN_POINT('',(41.1240488895454,1.30999999999999,60.1342173211889));
#2931=CARTESIAN_POINT('Ctrl Pts',(36.506557793577,1.30999999999999,61.9835696223803));
#2932=CARTESIAN_POINT('Ctrl Pts',(36.5005083064382,1.30999999999999,61.9581204800646));
#2933=CARTESIAN_POINT('Ctrl Pts',(36.4899638917311,1.30999999999999,61.9043711274351));
#2934=CARTESIAN_POINT('Ctrl Pts',(36.4788108843149,1.30999999999999,61.815194102501));
#2935=CARTESIAN_POINT('Ctrl Pts',(36.4732848869109,1.30999999999999,61.679152613056));
#2936=CARTESIAN_POINT('Ctrl Pts',(36.4817228868925,1.30999999999999,61.4815041927745));
#2937=CARTESIAN_POINT('Ctrl Pts',(36.5046566996186,1.30999999999999,61.2594503285363));
#2938=CARTESIAN_POINT('Ctrl Pts',(36.5402325049771,1.30999999999999,61.0196915147942));
#2939=CARTESIAN_POINT('Ctrl Pts',(36.5852758035795,1.30999999999999,60.7735029215734));
#2940=CARTESIAN_POINT('Ctrl Pts',(36.6364052588712,1.30999999999999,60.5332900121842));
#2941=CARTESIAN_POINT('Ctrl Pts',(36.6911610874734,1.30999999999999,60.3090548396205));
#2942=CARTESIAN_POINT('Ctrl Pts',(36.748990599953,1.30999999999999,60.1054119067798));
#2943=CARTESIAN_POINT('Ctrl Pts',(36.8126461480689,1.30999999999999,59.9170548246056));
#2944=CARTESIAN_POINT('Ctrl Pts',(36.8880167292598,1.30999999999999,59.7301423186927));
#2945=CARTESIAN_POINT('Ctrl Pts',(36.9825859747918,1.30999999999999,59.5289979777106));
#2946=CARTESIAN_POINT('Ctrl Pts',(37.1043163575614,1.30999999999999,59.3010029479969));
#2947=CARTESIAN_POINT('Ctrl Pts',(37.2602983209798,1.30999999999999,59.042888208424));
#2948=CARTESIAN_POINT('Ctrl Pts',(37.4556802556965,1.30999999999999,58.7645288518889));
#2949=CARTESIAN_POINT('Ctrl Pts',(37.6933859325205,1.30999999999999,58.4839242436272));
#2950=CARTESIAN_POINT('Ctrl Pts',(37.973722675195,1.30999999999999,58.2236197836922));
#2951=CARTESIAN_POINT('Ctrl Pts',(38.2939571166773,1.30999999999999,58.006454627335));
#2952=CARTESIAN_POINT('Ctrl Pts',(38.6479806980512,1.30999999999999,57.8519622030891));
#2953=CARTESIAN_POINT('Ctrl Pts',(39.0256350341735,1.30999999999999,57.7715806365502));
#2954=CARTESIAN_POINT('Ctrl Pts',(39.4132584529499,1.30999999999999,57.7679839890568));
#2955=CARTESIAN_POINT('Ctrl Pts',(39.7953041752754,1.30999999999999,57.8379086577863));
#2956=CARTESIAN_POINT('Ctrl Pts',(40.1556133966651,1.30999999999999,57.9739102250269));
#2957=CARTESIAN_POINT('Ctrl Pts',(40.478876713371,1.30999999999999,58.1665651272049));
#2958=CARTESIAN_POINT('Ctrl Pts',(40.7518963775892,1.30999999999999,58.4063114740052));
#2959=CARTESIAN_POINT('Ctrl Pts',(40.9652736913016,1.30999999999999,58.6857696085769));
#2960=CARTESIAN_POINT('Ctrl Pts',(41.1132256614829,1.30999999999999,59.0000032427839));
#2961=CARTESIAN_POINT('Ctrl Pts',(41.1925803284891,1.30999999999999,59.3458828683743));
#2962=CARTESIAN_POINT('Ctrl Pts',(41.2001697030496,1.30999999999999,59.6465690970341));
#2963=CARTESIAN_POINT('Ctrl Pts',(41.1743438196789,1.30999999999999,59.8852730403394));
#2964=CARTESIAN_POINT('Ctrl Pts',(41.1431442628625,1.30999999999999,60.0502606347365));
#2965=CARTESIAN_POINT('Ctrl Pts',(41.1240488895454,1.30999999999999,60.1342173211889));
#2966=CARTESIAN_POINT('',(41.484474238122,1.30999999999999,61.0064530848394));
#2967=CARTESIAN_POINT('Ctrl Pts',(41.1240488895454,1.30999999999999,60.1342173211889));
#2968=CARTESIAN_POINT('Ctrl Pts',(41.1055686069503,1.30999999999999,60.133734497094));
#2969=CARTESIAN_POINT('Ctrl Pts',(41.0727440654525,1.30999999999999,60.1355541170738));
#2970=CARTESIAN_POINT('Ctrl Pts',(41.0359141905628,1.30999999999999,60.1466380968097));
#2971=CARTESIAN_POINT('Ctrl Pts',(41.0116763672271,1.30999999999999,60.1781670097288));
#2972=CARTESIAN_POINT('Ctrl Pts',(41.0212381198301,1.30999999999999,60.2440132088346));
#2973=CARTESIAN_POINT('Ctrl Pts',(41.0656127745386,1.30999999999999,60.3317382300523));
#2974=CARTESIAN_POINT('Ctrl Pts',(41.1339475060199,1.30999999999999,60.4315452135105));
#2975=CARTESIAN_POINT('Ctrl Pts',(41.2126210756294,1.30999999999999,60.5321726255245));
#2976=CARTESIAN_POINT('Ctrl Pts',(41.2889118200268,1.30999999999999,60.6253486868874));
#2977=CARTESIAN_POINT('Ctrl Pts',(41.3546327083717,1.30999999999999,60.7102801872377));
#2978=CARTESIAN_POINT('Ctrl Pts',(41.4059741100171,1.30999999999999,60.7921919255422));
#2979=CARTESIAN_POINT('Ctrl Pts',(41.4408923235061,1.30999999999999,60.8690125555664));
#2980=CARTESIAN_POINT('Ctrl Pts',(41.4645593358508,1.30999999999999,60.9369958245931));
#2981=CARTESIAN_POINT('Ctrl Pts',(41.4787589252848,1.30999999999999,60.9854854146572));
#2982=CARTESIAN_POINT('Ctrl Pts',(41.4844742381219,1.30999999999999,61.006453084839));
#2983=CARTESIAN_POINT('Ctrl Pts',(41.484474238122,1.30999999999999,61.0064530848394));
#2984=CARTESIAN_POINT('Ctrl Pts',(41.492172167833,1.30999999999999,60.9798961976434));
#2985=CARTESIAN_POINT('Ctrl Pts',(41.5075250007652,1.30999999999999,60.9262186572984));
#2986=CARTESIAN_POINT('Ctrl Pts',(41.5304251536676,1.30999999999999,60.8440111986007));
#2987=CARTESIAN_POINT('Ctrl Pts',(41.5607005593456,1.30999999999999,60.7310165362684));
#2988=CARTESIAN_POINT('Ctrl Pts',(41.5982323269506,1.30999999999999,60.583948406428));
#2989=CARTESIAN_POINT('Ctrl Pts',(41.6358085242427,1.30999999999999,60.4304915524987));
#2990=CARTESIAN_POINT('Ctrl Pts',(41.6741391059196,1.30999999999999,60.2695689659991));
#2991=CARTESIAN_POINT('Ctrl Pts',(41.7144203567165,1.30999999999999,60.0992907764223));
#2992=CARTESIAN_POINT('Ctrl Pts',(41.7583806734495,1.30999999999999,59.9173851488619));
#2993=CARTESIAN_POINT('Ctrl Pts',(41.808267220915,1.30999999999999,59.7220174795653));
#2994=CARTESIAN_POINT('Ctrl Pts',(41.8668681522709,1.30999999999999,59.512525474261));
#2995=CARTESIAN_POINT('Ctrl Pts',(41.9374838383026,1.30999999999999,59.2901132762663));
#2996=CARTESIAN_POINT('Ctrl Pts',(42.0240104301567,1.30999999999999,59.0587531091889));
#2997=CARTESIAN_POINT('Ctrl Pts',(42.1306522460859,1.30999999999999,58.8253273855294));
#2998=CARTESIAN_POINT('Ctrl Pts',(42.261098450653,1.30999999999999,58.5986670923435));
#2999=CARTESIAN_POINT('Ctrl Pts',(42.4178385131909,1.30999999999999,58.3888616738348));
#3000=CARTESIAN_POINT('Ctrl Pts',(42.6013997336543,1.30999999999999,58.2064605660953));
#3001=CARTESIAN_POINT('Ctrl Pts',(42.8096620495258,1.30999999999999,58.0617231715061));
#3002=CARTESIAN_POINT('Ctrl Pts',(43.0370246142378,1.30999999999999,57.9638449646588));
#3003=CARTESIAN_POINT('Ctrl Pts',(43.273964949416,1.30999999999999,57.9201983331761));
#3004=CARTESIAN_POINT('Ctrl Pts',(43.5087531517405,1.30999999999999,57.935530435369));
#3005=CARTESIAN_POINT('Ctrl Pts',(43.7288700002104,1.30999999999999,58.0112152252049));
#3006=CARTESIAN_POINT('Ctrl Pts',(43.9225955024987,1.30999999999999,58.1443755991892));
#3007=CARTESIAN_POINT('Ctrl Pts',(44.0803936591915,1.30999999999999,58.3272932672578));
#3008=CARTESIAN_POINT('Ctrl Pts',(44.1967145926303,1.30999999999999,58.5460956282591));
#3009=CARTESIAN_POINT('Ctrl Pts',(44.2702510329157,1.30999999999999,58.782231522471));
#3010=CARTESIAN_POINT('Ctrl Pts',(44.3029136051161,1.30999999999999,59.0162959469742));
#3011=CARTESIAN_POINT('Ctrl Pts',(44.299176292491,1.30999999999999,59.231156423749));
#3012=CARTESIAN_POINT('Ctrl Pts',(44.2652686976504,1.30999999999999,59.4154324895063));
#3013=CARTESIAN_POINT('Ctrl Pts',(44.2084497795906,1.30999999999999,59.5666795126899));
#3014=CARTESIAN_POINT('Ctrl Pts',(44.1362129708284,1.30999999999999,59.6951266283313));
#3015=CARTESIAN_POINT('Ctrl Pts',(44.0563408915993,1.30999999999999,59.8184086826743));
#3016=CARTESIAN_POINT('Ctrl Pts',(43.9770649681601,1.30999999999999,59.9554006000399));
#3017=CARTESIAN_POINT('Ctrl Pts',(43.9070924095169,1.30999999999999,60.1209033575538));
#3018=CARTESIAN_POINT('Ctrl Pts',(43.8559169508282,1.30999999999999,60.3187231968048));
#3019=CARTESIAN_POINT('Ctrl Pts',(43.8331848139743,1.30999999999999,60.539952142336));
#3020=CARTESIAN_POINT('Ctrl Pts',(43.8468235919567,1.30999999999999,60.7681173176485));
#3021=CARTESIAN_POINT('Ctrl Pts',(43.9014478704126,1.30999999999999,60.9826409201725));
#3022=CARTESIAN_POINT('Ctrl Pts',(43.9967089100102,1.30999999999999,61.1629288321833));
#3023=CARTESIAN_POINT('Ctrl Pts',(44.1255197430193,1.30999999999999,61.2923024154545));
#3024=CARTESIAN_POINT('Ctrl Pts',(44.2727283748685,1.30999999999999,61.361676058513));
#3025=CARTESIAN_POINT('Ctrl Pts',(44.4196387145442,1.30999999999999,61.3683258561407));
#3026=CARTESIAN_POINT('Ctrl Pts',(44.548199423953,1.30999999999999,61.3150114570134));
#3027=CARTESIAN_POINT('Ctrl Pts',(44.6451992278932,1.30999999999999,61.2089614905391));
#3028=CARTESIAN_POINT('Ctrl Pts',(44.7067810545216,1.30999999999999,61.0609508082547));
#3029=CARTESIAN_POINT('Ctrl Pts',(44.7361636694678,1.30999999999999,60.8836592537073));
#3030=CARTESIAN_POINT('Ctrl Pts',(44.7408395648231,1.30999999999999,60.6899444471777));
#3031=CARTESIAN_POINT('Ctrl Pts',(44.7300909988513,1.30999999999999,60.4912450623113));
#3032=CARTESIAN_POINT('Ctrl Pts',(44.7120931891408,1.30999999999999,60.2956963713657));
#3033=CARTESIAN_POINT('Ctrl Pts',(44.6920990072355,1.30999999999999,60.107107036683));
#3034=CARTESIAN_POINT('Ctrl Pts',(44.6733642813862,1.30999999999999,59.926186644953));
#3035=CARTESIAN_POINT('Ctrl Pts',(44.6575589410001,1.30999999999999,59.75135112828));
#3036=CARTESIAN_POINT('Ctrl Pts',(44.6453789886191,1.30999999999999,59.5796822749017));
#3037=CARTESIAN_POINT('Ctrl Pts',(44.6370721454029,1.30999999999999,59.4078421154749));
#3038=CARTESIAN_POINT('Ctrl Pts',(44.6329927652204,1.30999999999999,59.2329286237916));
#3039=CARTESIAN_POINT('Ctrl Pts',(44.6340641567293,1.30999999999999,59.0530335258898));
#3040=CARTESIAN_POINT('Ctrl Pts',(44.6423197750052,1.30999999999999,58.8679114976806));
#3041=CARTESIAN_POINT('Ctrl Pts',(44.6612941246307,1.30999999999999,58.6794994136372));
#3042=CARTESIAN_POINT('Ctrl Pts',(44.6967676743192,1.30999999999999,58.4927608274629));
#3043=CARTESIAN_POINT('Ctrl Pts',(44.7563608554339,1.30999999999999,58.3154938331794));
#3044=CARTESIAN_POINT('Ctrl Pts',(44.8473970680522,1.30999999999999,58.156563341388));
#3045=CARTESIAN_POINT('Ctrl Pts',(44.9750627473151,1.30999999999999,58.0244334577842));
#3046=CARTESIAN_POINT('Ctrl Pts',(45.1406768724478,1.30999999999999,57.9257289298375));
#3047=CARTESIAN_POINT('Ctrl Pts',(45.33934301581,1.30999999999999,57.8634154378001));
#3048=CARTESIAN_POINT('Ctrl Pts',(45.5601040564052,1.30999999999999,57.8365944387285));
#3049=CARTESIAN_POINT('Ctrl Pts',(45.7885885339841,1.30999999999999,57.8419183240928));
#3050=CARTESIAN_POINT('Ctrl Pts',(46.0089855827229,1.30999999999999,57.8745652093287));
#3051=CARTESIAN_POINT('Ctrl Pts',(46.2062603378062,1.30999999999999,57.9293770926101));
#3052=CARTESIAN_POINT('Ctrl Pts',(46.3683400754602,1.30999999999999,58.0019599990543));
#3053=CARTESIAN_POINT('Ctrl Pts',(46.4836092269754,1.30999999999999,58.0864114948412));
#3054=CARTESIAN_POINT('Ctrl Pts',(46.541598593988,1.30999999999999,58.1633691584339));
#3055=CARTESIAN_POINT('Ctrl Pts',(46.5658178457563,1.30999999999999,58.2254465602542));
#3056=CARTESIAN_POINT('Ctrl Pts',(46.5737092829086,1.30999999999999,58.267648832738));
#3057=CARTESIAN_POINT('Ctrl Pts',(46.5756961440421,1.30999999999999,58.2870055359929));
#3058=CARTESIAN_POINT('Origin',(-52.072,6.7,50.0799999999999));
#3059=CARTESIAN_POINT('',(-55.336,-0.0500000000000034,50.0799999999999));
#3060=CARTESIAN_POINT('',(-55.336,6.7,50.0799999999999));
#3061=CARTESIAN_POINT('',(-22.132,-0.0500000000000034,50.0799999999999));
#3062=CARTESIAN_POINT('',(-22.132,-0.0500000000000034,50.0799999999999));
#3063=CARTESIAN_POINT('',(-22.132,6.7,50.0799999999999));
#3064=CARTESIAN_POINT('Origin',(-22.132,6.7,50.0799999999999));
#3065=CARTESIAN_POINT('',(-22.132,-0.0500000000000034,67.32));
#3066=CARTESIAN_POINT('',(-22.132,-0.0500000000000034,67.32));
#3067=CARTESIAN_POINT('',(-22.132,6.7,67.32));
#3068=CARTESIAN_POINT('Origin',(-22.132,6.7,67.32));
#3069=CARTESIAN_POINT('',(-55.336,-0.0500000000000034,67.32));
#3070=CARTESIAN_POINT('',(-52.072,-0.0500000000000034,67.32));
#3071=CARTESIAN_POINT('',(-55.336,6.7,67.32));
#3072=CARTESIAN_POINT('Origin',(-37.102,-0.0500000000000034,58.6999999999999));
#3073=CARTESIAN_POINT('',(-55.336,-0.0500000000000034,50.0799999999999));
#3074=CARTESIAN_POINT('',(-59.636,-0.0500000000000034,8.08331491790787));
#3075=CARTESIAN_POINT('',(-55.336,-0.0500000000000034,50.0799999999999));
#3076=CARTESIAN_POINT('Ctrl Pts',(38.254703298114,1.30999999999999,60.8655995443643));
#3077=CARTESIAN_POINT('Ctrl Pts',(38.254703298114,0.809999999999993,60.8655995443643));
#3078=CARTESIAN_POINT('Ctrl Pts',(38.2558811962924,1.30999999999999,60.8849392830732));
#3079=CARTESIAN_POINT('Ctrl Pts',(38.2558811962924,0.809999999999993,60.8849392830732));
#3080=CARTESIAN_POINT('Ctrl Pts',(38.2595236772307,1.30999999999999,60.92227002397));
#3081=CARTESIAN_POINT('Ctrl Pts',(38.2595236772307,0.809999999999993,60.92227002397));
#3082=CARTESIAN_POINT('Ctrl Pts',(38.2689547617617,1.30999999999999,60.9740494581445));
#3083=CARTESIAN_POINT('Ctrl Pts',(38.2689547617617,0.809999999999993,60.9740494581445));
#3084=CARTESIAN_POINT('Ctrl Pts',(38.2900699423068,1.30999999999999,61.0348727112941));
#3085=CARTESIAN_POINT('Ctrl Pts',(38.2900699423068,0.809999999999993,61.0348727112941));
#3086=CARTESIAN_POINT('Ctrl Pts',(38.3325752895988,1.30999999999999,61.1002162554699));
#3087=CARTESIAN_POINT('Ctrl Pts',(38.3325752895988,0.809999999999993,61.1002162554699));
#3088=CARTESIAN_POINT('Ctrl Pts',(38.3929003829806,1.30999999999999,61.1582023371604));
#3089=CARTESIAN_POINT('Ctrl Pts',(38.3929003829806,0.809999999999993,61.1582023371604));
#3090=CARTESIAN_POINT('Ctrl Pts',(38.4720844507964,1.30999999999999,61.2106302158044));
#3091=CARTESIAN_POINT('Ctrl Pts',(38.4720844507964,0.809999999999993,61.2106302158044));
#3092=CARTESIAN_POINT('Ctrl Pts',(38.5699122263849,1.30999999999999,61.2551941813004));
#3093=CARTESIAN_POINT('Ctrl Pts',(38.5699122263849,0.809999999999993,61.2551941813004));
#3094=CARTESIAN_POINT('Ctrl Pts',(38.6846273530165,1.30999999999999,61.2855309741054));
#3095=CARTESIAN_POINT('Ctrl Pts',(38.6846273530165,0.809999999999993,61.2855309741054));
#3096=CARTESIAN_POINT('Ctrl Pts',(38.8129695529663,1.30999999999999,61.2939446905491));
#3097=CARTESIAN_POINT('Ctrl Pts',(38.8129695529663,0.809999999999993,61.2939446905491));
#3098=CARTESIAN_POINT('Ctrl Pts',(38.9500980216737,1.30999999999999,61.273475742683));
#3099=CARTESIAN_POINT('Ctrl Pts',(38.9500980216737,0.809999999999993,61.273475742683));
#3100=CARTESIAN_POINT('Ctrl Pts',(39.0895970924689,1.30999999999999,61.2200902751504));
#3101=CARTESIAN_POINT('Ctrl Pts',(39.0895970924689,0.809999999999993,61.2200902751504));
#3102=CARTESIAN_POINT('Ctrl Pts',(39.2233355800217,1.30999999999999,61.1351847201742));
#3103=CARTESIAN_POINT('Ctrl Pts',(39.2233355800217,0.809999999999993,61.1351847201742));
#3104=CARTESIAN_POINT('Ctrl Pts',(39.341704762435,1.30999999999999,61.0268735432212));
#3105=CARTESIAN_POINT('Ctrl Pts',(39.341704762435,0.809999999999993,61.0268735432212));
#3106=CARTESIAN_POINT('Ctrl Pts',(39.4352386697099,1.30999999999999,60.9066291421861));
#3107=CARTESIAN_POINT('Ctrl Pts',(39.4352386697099,0.809999999999993,60.9066291421861));
#3108=CARTESIAN_POINT('Ctrl Pts',(39.4959653695125,1.30999999999999,60.7867680391217));
#3109=CARTESIAN_POINT('Ctrl Pts',(39.4959653695125,0.809999999999993,60.7867680391217));
#3110=CARTESIAN_POINT('Ctrl Pts',(39.5189704437531,1.30999999999999,60.6774481701014));
#3111=CARTESIAN_POINT('Ctrl Pts',(39.5189704437531,0.809999999999993,60.6774481701014));
#3112=CARTESIAN_POINT('Ctrl Pts',(39.5036520142479,1.30999999999999,60.5842471859937));
#3113=CARTESIAN_POINT('Ctrl Pts',(39.5036520142479,0.809999999999993,60.5842471859937));
#3114=CARTESIAN_POINT('Ctrl Pts',(39.4557145959061,1.30999999999999,60.5045160267697));
#3115=CARTESIAN_POINT('Ctrl Pts',(39.4557145959061,0.809999999999993,60.5045160267697));
#3116=CARTESIAN_POINT('Ctrl Pts',(39.3857673182492,1.30999999999999,60.4292912477639));
#3117=CARTESIAN_POINT('Ctrl Pts',(39.3857673182492,0.809999999999993,60.4292912477639));
#3118=CARTESIAN_POINT('Ctrl Pts',(39.3064300675636,1.30999999999999,60.3476269918808));
#3119=CARTESIAN_POINT('Ctrl Pts',(39.3064300675636,0.809999999999993,60.3476269918808));
#3120=CARTESIAN_POINT('Ctrl Pts',(39.2298093751289,1.30999999999999,60.250362717356));
#3121=CARTESIAN_POINT('Ctrl Pts',(39.2298093751289,0.809999999999993,60.250362717356));
#3122=CARTESIAN_POINT('Ctrl Pts',(39.165080627331,1.30999999999999,60.1336495077621));
#3123=CARTESIAN_POINT('Ctrl Pts',(39.165080627331,0.809999999999993,60.1336495077621));
#3124=CARTESIAN_POINT('Ctrl Pts',(39.115364540128,1.30999999999999,60.0038060283455));
#3125=CARTESIAN_POINT('Ctrl Pts',(39.115364540128,0.809999999999993,60.0038060283455));
#3126=CARTESIAN_POINT('Ctrl Pts',(39.078277457436,1.30999999999999,59.8753727037375));
#3127=CARTESIAN_POINT('Ctrl Pts',(39.078277457436,0.809999999999993,59.8753727037375));
#3128=CARTESIAN_POINT('Ctrl Pts',(39.0482370141277,1.30999999999999,59.7659856368697));
#3129=CARTESIAN_POINT('Ctrl Pts',(39.0482370141277,0.809999999999993,59.7659856368697));
#3130=CARTESIAN_POINT('Ctrl Pts',(39.0182653285658,1.30999999999999,59.6920352435485));
#3131=CARTESIAN_POINT('Ctrl Pts',(39.0182653285658,0.809999999999993,59.6920352435485));
#3132=CARTESIAN_POINT('Ctrl Pts',(38.9818386037941,1.30999999999999,59.6645295267155));
#3133=CARTESIAN_POINT('Ctrl Pts',(38.9818386037941,0.809999999999993,59.6645295267155));
#3134=CARTESIAN_POINT('Ctrl Pts',(38.9350972872093,1.30999999999999,59.6835291485048));
#3135=CARTESIAN_POINT('Ctrl Pts',(38.9350972872093,0.809999999999993,59.6835291485048));
#3136=CARTESIAN_POINT('Ctrl Pts',(38.8772394423502,1.30999999999999,59.738968447006));
#3137=CARTESIAN_POINT('Ctrl Pts',(38.8772394423502,0.809999999999993,59.738968447006));
#3138=CARTESIAN_POINT('Ctrl Pts',(38.8095181565546,1.30999999999999,59.8164147452584));
#3139=CARTESIAN_POINT('Ctrl Pts',(38.8095181565546,0.809999999999993,59.8164147452584));
#3140=CARTESIAN_POINT('Ctrl Pts',(38.7346718656186,1.30999999999999,59.9011377165672));
#3141=CARTESIAN_POINT('Ctrl Pts',(38.7346718656186,0.809999999999993,59.9011377165672));
#3142=CARTESIAN_POINT('Ctrl Pts',(38.6561542997142,1.30999999999999,59.9833609644482));
#3143=CARTESIAN_POINT('Ctrl Pts',(38.6561542997142,0.809999999999993,59.9833609644482));
#3144=CARTESIAN_POINT('Ctrl Pts',(38.5775457495183,1.30999999999999,60.0615187899178));
#3145=CARTESIAN_POINT('Ctrl Pts',(38.5775457495183,0.809999999999993,60.0615187899178));
#3146=CARTESIAN_POINT('Ctrl Pts',(38.5023519000708,1.30999999999999,60.1388725865452));
#3147=CARTESIAN_POINT('Ctrl Pts',(38.5023519000708,0.809999999999993,60.1388725865452));
#3148=CARTESIAN_POINT('Ctrl Pts',(38.4337471542816,1.30999999999999,60.2210864279437));
#3149=CARTESIAN_POINT('Ctrl Pts',(38.4337471542816,0.809999999999993,60.2210864279437));
#3150=CARTESIAN_POINT('Ctrl Pts',(38.3743486381964,1.30999999999999,60.3135219519467));
#3151=CARTESIAN_POINT('Ctrl Pts',(38.3743486381964,0.809999999999993,60.3135219519467));
#3152=CARTESIAN_POINT('Ctrl Pts',(38.3259494332495,1.30999999999999,60.418468566546));
#3153=CARTESIAN_POINT('Ctrl Pts',(38.3259494332495,0.809999999999993,60.418468566546));
#3154=CARTESIAN_POINT('Ctrl Pts',(38.2893394061128,1.30999999999999,60.532937116479));
#3155=CARTESIAN_POINT('Ctrl Pts',(38.2893394061128,0.809999999999993,60.532937116479));
#3156=CARTESIAN_POINT('Ctrl Pts',(38.2647234888317,1.30999999999999,60.6509190640056));
#3157=CARTESIAN_POINT('Ctrl Pts',(38.2647234888317,0.809999999999993,60.6509190640056));
#3158=CARTESIAN_POINT('Ctrl Pts',(38.2546053648324,1.30999999999999,60.7423135288647));
#3159=CARTESIAN_POINT('Ctrl Pts',(38.2546053648324,0.809999999999993,60.7423135288647));
#3160=CARTESIAN_POINT('Ctrl Pts',(38.2524562881605,1.30999999999999,60.8062315917167));
#3161=CARTESIAN_POINT('Ctrl Pts',(38.2524562881605,0.809999999999993,60.8062315917167));
#3162=CARTESIAN_POINT('Ctrl Pts',(38.2535253999357,1.30999999999999,60.8462598056554));
#3163=CARTESIAN_POINT('Ctrl Pts',(38.2535253999357,0.809999999999993,60.8462598056554));
#3164=CARTESIAN_POINT('Ctrl Pts',(38.254703298114,1.30999999999999,60.8655995443643));
#3165=CARTESIAN_POINT('Ctrl Pts',(38.254703298114,0.809999999999993,60.8655995443643));
#3166=CARTESIAN_POINT('',(38.254703298114,1.30999999999999,60.8655995443643));
#3167=CARTESIAN_POINT('Ctrl Pts',(38.254703298114,1.30999999999999,60.8655995443643));
#3168=CARTESIAN_POINT('Ctrl Pts',(38.2558811962924,1.30999999999999,60.8849392830732));
#3169=CARTESIAN_POINT('Ctrl Pts',(38.2595236772307,1.30999999999999,60.92227002397));
#3170=CARTESIAN_POINT('Ctrl Pts',(38.2689547617617,1.30999999999999,60.9740494581445));
#3171=CARTESIAN_POINT('Ctrl Pts',(38.2900699423068,1.30999999999999,61.0348727112941));
#3172=CARTESIAN_POINT('Ctrl Pts',(38.3325752895988,1.30999999999999,61.1002162554699));
#3173=CARTESIAN_POINT('Ctrl Pts',(38.3929003829806,1.30999999999999,61.1582023371604));
#3174=CARTESIAN_POINT('Ctrl Pts',(38.4720844507964,1.30999999999999,61.2106302158044));
#3175=CARTESIAN_POINT('Ctrl Pts',(38.5699122263849,1.30999999999999,61.2551941813004));
#3176=CARTESIAN_POINT('Ctrl Pts',(38.6846273530165,1.30999999999999,61.2855309741054));
#3177=CARTESIAN_POINT('Ctrl Pts',(38.8129695529663,1.30999999999999,61.2939446905491));
#3178=CARTESIAN_POINT('Ctrl Pts',(38.9500980216737,1.30999999999999,61.273475742683));
#3179=CARTESIAN_POINT('Ctrl Pts',(39.0895970924689,1.30999999999999,61.2200902751504));
#3180=CARTESIAN_POINT('Ctrl Pts',(39.2233355800217,1.30999999999999,61.1351847201742));
#3181=CARTESIAN_POINT('Ctrl Pts',(39.341704762435,1.30999999999999,61.0268735432212));
#3182=CARTESIAN_POINT('Ctrl Pts',(39.4352386697099,1.30999999999999,60.9066291421861));
#3183=CARTESIAN_POINT('Ctrl Pts',(39.4959653695125,1.30999999999999,60.7867680391217));
#3184=CARTESIAN_POINT('Ctrl Pts',(39.5189704437531,1.30999999999999,60.6774481701014));
#3185=CARTESIAN_POINT('Ctrl Pts',(39.5036520142479,1.30999999999999,60.5842471859937));
#3186=CARTESIAN_POINT('Ctrl Pts',(39.4557145959061,1.30999999999999,60.5045160267697));
#3187=CARTESIAN_POINT('Ctrl Pts',(39.3857673182492,1.30999999999999,60.4292912477639));
#3188=CARTESIAN_POINT('Ctrl Pts',(39.3064300675636,1.30999999999999,60.3476269918808));
#3189=CARTESIAN_POINT('Ctrl Pts',(39.2298093751289,1.30999999999999,60.250362717356));
#3190=CARTESIAN_POINT('Ctrl Pts',(39.165080627331,1.30999999999999,60.1336495077621));
#3191=CARTESIAN_POINT('Ctrl Pts',(39.115364540128,1.30999999999999,60.0038060283455));
#3192=CARTESIAN_POINT('Ctrl Pts',(39.078277457436,1.30999999999999,59.8753727037375));
#3193=CARTESIAN_POINT('Ctrl Pts',(39.0482370141277,1.30999999999999,59.7659856368697));
#3194=CARTESIAN_POINT('Ctrl Pts',(39.0182653285658,1.30999999999999,59.6920352435485));
#3195=CARTESIAN_POINT('Ctrl Pts',(38.9818386037941,1.30999999999999,59.6645295267155));
#3196=CARTESIAN_POINT('Ctrl Pts',(38.9350972872093,1.30999999999999,59.6835291485048));
#3197=CARTESIAN_POINT('Ctrl Pts',(38.8772394423502,1.30999999999999,59.738968447006));
#3198=CARTESIAN_POINT('Ctrl Pts',(38.8095181565546,1.30999999999999,59.8164147452584));
#3199=CARTESIAN_POINT('Ctrl Pts',(38.7346718656186,1.30999999999999,59.9011377165672));
#3200=CARTESIAN_POINT('Ctrl Pts',(38.6561542997142,1.30999999999999,59.9833609644482));
#3201=CARTESIAN_POINT('Ctrl Pts',(38.5775457495183,1.30999999999999,60.0615187899178));
#3202=CARTESIAN_POINT('Ctrl Pts',(38.5023519000708,1.30999999999999,60.1388725865452));
#3203=CARTESIAN_POINT('Ctrl Pts',(38.4337471542816,1.30999999999999,60.2210864279437));
#3204=CARTESIAN_POINT('Ctrl Pts',(38.3743486381964,1.30999999999999,60.3135219519467));
#3205=CARTESIAN_POINT('Ctrl Pts',(38.3259494332495,1.30999999999999,60.418468566546));
#3206=CARTESIAN_POINT('Ctrl Pts',(38.2893394061128,1.30999999999999,60.532937116479));
#3207=CARTESIAN_POINT('Ctrl Pts',(38.2647234888317,1.30999999999999,60.6509190640056));
#3208=CARTESIAN_POINT('Ctrl Pts',(38.2546053648324,1.30999999999999,60.7423135288647));
#3209=CARTESIAN_POINT('Ctrl Pts',(38.2524562881605,1.30999999999999,60.8062315917167));
#3210=CARTESIAN_POINT('Ctrl Pts',(38.2535253999357,1.30999999999999,60.8462598056554));
#3211=CARTESIAN_POINT('Ctrl Pts',(38.254703298114,1.30999999999999,60.8655995443643));
#3212=CARTESIAN_POINT('',(38.254703298114,0.809999999999993,60.8655995443643));
#3213=CARTESIAN_POINT('',(38.254703298114,1.30999999999999,60.8655995443643));
#3214=CARTESIAN_POINT('Ctrl Pts',(38.254703298114,0.809999999999993,60.8655995443643));
#3215=CARTESIAN_POINT('Ctrl Pts',(38.2558811962924,0.809999999999993,60.8849392830732));
#3216=CARTESIAN_POINT('Ctrl Pts',(38.2595236772307,0.809999999999993,60.92227002397));
#3217=CARTESIAN_POINT('Ctrl Pts',(38.2689547617617,0.809999999999993,60.9740494581445));
#3218=CARTESIAN_POINT('Ctrl Pts',(38.2900699423068,0.809999999999993,61.0348727112941));
#3219=CARTESIAN_POINT('Ctrl Pts',(38.3325752895988,0.809999999999993,61.1002162554699));
#3220=CARTESIAN_POINT('Ctrl Pts',(38.3929003829806,0.809999999999993,61.1582023371604));
#3221=CARTESIAN_POINT('Ctrl Pts',(38.4720844507964,0.809999999999993,61.2106302158044));
#3222=CARTESIAN_POINT('Ctrl Pts',(38.5699122263849,0.809999999999993,61.2551941813004));
#3223=CARTESIAN_POINT('Ctrl Pts',(38.6846273530165,0.809999999999993,61.2855309741054));
#3224=CARTESIAN_POINT('Ctrl Pts',(38.8129695529663,0.809999999999993,61.2939446905491));
#3225=CARTESIAN_POINT('Ctrl Pts',(38.9500980216737,0.809999999999993,61.273475742683));
#3226=CARTESIAN_POINT('Ctrl Pts',(39.0895970924689,0.809999999999993,61.2200902751504));
#3227=CARTESIAN_POINT('Ctrl Pts',(39.2233355800217,0.809999999999993,61.1351847201742));
#3228=CARTESIAN_POINT('Ctrl Pts',(39.341704762435,0.809999999999993,61.0268735432212));
#3229=CARTESIAN_POINT('Ctrl Pts',(39.4352386697099,0.809999999999993,60.9066291421861));
#3230=CARTESIAN_POINT('Ctrl Pts',(39.4959653695125,0.809999999999993,60.7867680391217));
#3231=CARTESIAN_POINT('Ctrl Pts',(39.5189704437531,0.809999999999993,60.6774481701014));
#3232=CARTESIAN_POINT('Ctrl Pts',(39.5036520142479,0.809999999999993,60.5842471859937));
#3233=CARTESIAN_POINT('Ctrl Pts',(39.4557145959061,0.809999999999993,60.5045160267697));
#3234=CARTESIAN_POINT('Ctrl Pts',(39.3857673182492,0.809999999999993,60.4292912477639));
#3235=CARTESIAN_POINT('Ctrl Pts',(39.3064300675636,0.809999999999993,60.3476269918808));
#3236=CARTESIAN_POINT('Ctrl Pts',(39.2298093751289,0.809999999999993,60.250362717356));
#3237=CARTESIAN_POINT('Ctrl Pts',(39.165080627331,0.809999999999993,60.1336495077621));
#3238=CARTESIAN_POINT('Ctrl Pts',(39.115364540128,0.809999999999993,60.0038060283455));
#3239=CARTESIAN_POINT('Ctrl Pts',(39.078277457436,0.809999999999993,59.8753727037375));
#3240=CARTESIAN_POINT('Ctrl Pts',(39.0482370141277,0.809999999999993,59.7659856368697));
#3241=CARTESIAN_POINT('Ctrl Pts',(39.0182653285658,0.809999999999993,59.6920352435485));
#3242=CARTESIAN_POINT('Ctrl Pts',(38.9818386037941,0.809999999999993,59.6645295267155));
#3243=CARTESIAN_POINT('Ctrl Pts',(38.9350972872093,0.809999999999993,59.6835291485048));
#3244=CARTESIAN_POINT('Ctrl Pts',(38.8772394423502,0.809999999999993,59.738968447006));
#3245=CARTESIAN_POINT('Ctrl Pts',(38.8095181565546,0.809999999999993,59.8164147452584));
#3246=CARTESIAN_POINT('Ctrl Pts',(38.7346718656186,0.809999999999993,59.9011377165672));
#3247=CARTESIAN_POINT('Ctrl Pts',(38.6561542997142,0.809999999999993,59.9833609644482));
#3248=CARTESIAN_POINT('Ctrl Pts',(38.5775457495183,0.809999999999993,60.0615187899178));
#3249=CARTESIAN_POINT('Ctrl Pts',(38.5023519000708,0.809999999999993,60.1388725865452));
#3250=CARTESIAN_POINT('Ctrl Pts',(38.4337471542816,0.809999999999993,60.2210864279437));
#3251=CARTESIAN_POINT('Ctrl Pts',(38.3743486381964,0.809999999999993,60.3135219519467));
#3252=CARTESIAN_POINT('Ctrl Pts',(38.3259494332495,0.809999999999993,60.418468566546));
#3253=CARTESIAN_POINT('Ctrl Pts',(38.2893394061128,0.809999999999993,60.532937116479));
#3254=CARTESIAN_POINT('Ctrl Pts',(38.2647234888317,0.809999999999993,60.6509190640056));
#3255=CARTESIAN_POINT('Ctrl Pts',(38.2546053648324,0.809999999999993,60.7423135288647));
#3256=CARTESIAN_POINT('Ctrl Pts',(38.2524562881605,0.809999999999993,60.8062315917167));
#3257=CARTESIAN_POINT('Ctrl Pts',(38.2535253999357,0.809999999999993,60.8462598056554));
#3258=CARTESIAN_POINT('Ctrl Pts',(38.254703298114,0.809999999999993,60.8655995443643));
#3259=CARTESIAN_POINT('Ctrl Pts',(46.5771642145021,1.30999999999999,58.3096122459513));
#3260=CARTESIAN_POINT('Ctrl Pts',(46.5771642145021,0.809999999999993,58.3096122459513));
#3261=CARTESIAN_POINT('Ctrl Pts',(46.5770362345404,1.30999999999999,58.3050437186012));
#3262=CARTESIAN_POINT('Ctrl Pts',(46.5770362345404,0.809999999999993,58.3050437186012));
#3263=CARTESIAN_POINT('Ctrl Pts',(46.5768254376674,1.30999999999999,58.3004987838461));
#3264=CARTESIAN_POINT('Ctrl Pts',(46.5768254376674,0.809999999999993,58.3004987838461));
#3265=CARTESIAN_POINT('Ctrl Pts',(46.5765318236785,1.30999999999999,58.2959774415918));
#3266=CARTESIAN_POINT('Ctrl Pts',(46.5765318236785,0.809999999999993,58.2959774415918));
#3267=CARTESIAN_POINT('Ctrl Pts',(46.5761553920057,1.30999999999999,58.291479691938));
#3268=CARTESIAN_POINT('Ctrl Pts',(46.5761553920057,0.809999999999993,58.291479691938));
#3269=CARTESIAN_POINT('Ctrl Pts',(46.5756961440421,1.30999999999999,58.2870055359929));
#3270=CARTESIAN_POINT('Ctrl Pts',(46.5756961440421,0.809999999999993,58.2870055359929));
#3271=CARTESIAN_POINT('',(46.5771642145021,1.30999999999999,58.3096122459513));
#3272=CARTESIAN_POINT('Ctrl Pts',(46.5771642145021,1.30999999999999,58.3096122459513));
#3273=CARTESIAN_POINT('Ctrl Pts',(46.5770362345404,1.30999999999999,58.3050437186012));
#3274=CARTESIAN_POINT('Ctrl Pts',(46.5768254376674,1.30999999999999,58.3004987838461));
#3275=CARTESIAN_POINT('Ctrl Pts',(46.5765318236785,1.30999999999999,58.2959774415918));
#3276=CARTESIAN_POINT('Ctrl Pts',(46.5761553920057,1.30999999999999,58.291479691938));
#3277=CARTESIAN_POINT('Ctrl Pts',(46.5756961440421,1.30999999999999,58.2870055359929));
#3278=CARTESIAN_POINT('',(46.5771642145021,0.809999999999993,58.3096122459513));
#3279=CARTESIAN_POINT('',(46.5771642145021,1.30999999999999,58.3096122459513));
#3280=CARTESIAN_POINT('',(46.575696144042,0.809999999999993,58.2870055359929));
#3281=CARTESIAN_POINT('Ctrl Pts',(46.5771642145021,0.809999999999993,58.3096122459513));
#3282=CARTESIAN_POINT('Ctrl Pts',(46.5770362345404,0.809999999999993,58.3050437186012));
#3283=CARTESIAN_POINT('Ctrl Pts',(46.5768254376674,0.809999999999993,58.3004987838461));
#3284=CARTESIAN_POINT('Ctrl Pts',(46.5765318236785,0.809999999999993,58.2959774415918));
#3285=CARTESIAN_POINT('Ctrl Pts',(46.5761553920057,0.809999999999993,58.291479691938));
#3286=CARTESIAN_POINT('Ctrl Pts',(46.5756961440421,0.809999999999993,58.2870055359929));
#3287=CARTESIAN_POINT('',(46.575696144042,1.30999999999999,58.2870055359929));
#3288=CARTESIAN_POINT('Ctrl Pts',(46.575696144042,1.30999999999999,58.2870055359929));
#3289=CARTESIAN_POINT('Ctrl Pts',(46.575696144042,0.809999999999993,58.2870055359929));
#3290=CARTESIAN_POINT('Ctrl Pts',(46.5759575591189,1.30999999999999,58.2915080851305));
#3291=CARTESIAN_POINT('Ctrl Pts',(46.5759575591189,0.809999999999993,58.2915080851305));
#3292=CARTESIAN_POINT('Ctrl Pts',(46.5762350738787,1.30999999999999,58.2960200308059));
#3293=CARTESIAN_POINT('Ctrl Pts',(46.5762350738787,0.809999999999993,58.2960200308059));
#3294=CARTESIAN_POINT('Ctrl Pts',(46.5765286880949,1.30999999999999,58.300541372849));
#3295=CARTESIAN_POINT('Ctrl Pts',(46.5765286880949,0.809999999999993,58.300541372849));
#3296=CARTESIAN_POINT('Ctrl Pts',(46.576838401639,1.30999999999999,58.3050721112167));
#3297=CARTESIAN_POINT('Ctrl Pts',(46.576838401639,0.809999999999993,58.3050721112167));
#3298=CARTESIAN_POINT('Ctrl Pts',(46.5771642145021,1.30999999999999,58.3096122459513));
#3299=CARTESIAN_POINT('Ctrl Pts',(46.5771642145021,0.809999999999993,58.3096122459513));
#3300=CARTESIAN_POINT('Ctrl Pts',(46.575696144042,1.30999999999999,58.2870055359929));
#3301=CARTESIAN_POINT('Ctrl Pts',(46.5759575591189,1.30999999999999,58.2915080851305));
#3302=CARTESIAN_POINT('Ctrl Pts',(46.5762350738787,1.30999999999999,58.2960200308058));
#3303=CARTESIAN_POINT('Ctrl Pts',(46.5765286880949,1.30999999999999,58.300541372849));
#3304=CARTESIAN_POINT('Ctrl Pts',(46.576838401639,1.30999999999999,58.3050721112167));
#3305=CARTESIAN_POINT('Ctrl Pts',(46.5771642145021,1.30999999999999,58.3096122459513));
#3306=CARTESIAN_POINT('Ctrl Pts',(46.575696144042,0.809999999999993,58.2870055359929));
#3307=CARTESIAN_POINT('Ctrl Pts',(46.5759575591189,0.809999999999993,58.2915080851305));
#3308=CARTESIAN_POINT('Ctrl Pts',(46.5762350738787,0.809999999999993,58.2960200308058));
#3309=CARTESIAN_POINT('Ctrl Pts',(46.5765286880949,0.809999999999993,58.300541372849));
#3310=CARTESIAN_POINT('Ctrl Pts',(46.576838401639,0.809999999999993,58.3050721112167));
#3311=CARTESIAN_POINT('Ctrl Pts',(46.5771642145021,0.809999999999993,58.3096122459513));
#3312=CARTESIAN_POINT('Ctrl Pts',(41.484474238122,1.30999999999999,61.0064530848394));
#3313=CARTESIAN_POINT('Ctrl Pts',(41.484474238122,0.809999999999993,61.0064530848394));
#3314=CARTESIAN_POINT('Ctrl Pts',(41.492172167833,1.30999999999999,60.9798961976434));
#3315=CARTESIAN_POINT('Ctrl Pts',(41.492172167833,0.809999999999993,60.9798961976434));
#3316=CARTESIAN_POINT('Ctrl Pts',(41.5075250007652,1.30999999999999,60.9262186572984));
#3317=CARTESIAN_POINT('Ctrl Pts',(41.5075250007652,0.809999999999993,60.9262186572984));
#3318=CARTESIAN_POINT('Ctrl Pts',(41.5304251536676,1.30999999999999,60.8440111986007));
#3319=CARTESIAN_POINT('Ctrl Pts',(41.5304251536676,0.809999999999993,60.8440111986007));
#3320=CARTESIAN_POINT('Ctrl Pts',(41.5607005593456,1.30999999999999,60.7310165362684));
#3321=CARTESIAN_POINT('Ctrl Pts',(41.5607005593456,0.809999999999993,60.7310165362684));
#3322=CARTESIAN_POINT('Ctrl Pts',(41.5982323269506,1.30999999999999,60.583948406428));
#3323=CARTESIAN_POINT('Ctrl Pts',(41.5982323269506,0.809999999999993,60.583948406428));
#3324=CARTESIAN_POINT('Ctrl Pts',(41.6358085242427,1.30999999999999,60.4304915524987));
#3325=CARTESIAN_POINT('Ctrl Pts',(41.6358085242427,0.809999999999993,60.4304915524987));
#3326=CARTESIAN_POINT('Ctrl Pts',(41.6741391059196,1.30999999999999,60.2695689659991));
#3327=CARTESIAN_POINT('Ctrl Pts',(41.6741391059196,0.809999999999993,60.2695689659991));
#3328=CARTESIAN_POINT('Ctrl Pts',(41.7144203567165,1.30999999999999,60.0992907764223));
#3329=CARTESIAN_POINT('Ctrl Pts',(41.7144203567165,0.809999999999993,60.0992907764223));
#3330=CARTESIAN_POINT('Ctrl Pts',(41.7583806734495,1.30999999999999,59.9173851488619));
#3331=CARTESIAN_POINT('Ctrl Pts',(41.7583806734495,0.809999999999993,59.9173851488619));
#3332=CARTESIAN_POINT('Ctrl Pts',(41.808267220915,1.30999999999999,59.7220174795653));
#3333=CARTESIAN_POINT('Ctrl Pts',(41.808267220915,0.809999999999993,59.7220174795653));
#3334=CARTESIAN_POINT('Ctrl Pts',(41.8668681522709,1.30999999999999,59.512525474261));
#3335=CARTESIAN_POINT('Ctrl Pts',(41.8668681522709,0.809999999999993,59.512525474261));
#3336=CARTESIAN_POINT('Ctrl Pts',(41.9374838383026,1.30999999999999,59.2901132762663));
#3337=CARTESIAN_POINT('Ctrl Pts',(41.9374838383026,0.809999999999993,59.2901132762663));
#3338=CARTESIAN_POINT('Ctrl Pts',(42.0240104301567,1.30999999999999,59.0587531091889));
#3339=CARTESIAN_POINT('Ctrl Pts',(42.0240104301567,0.809999999999993,59.0587531091889));
#3340=CARTESIAN_POINT('Ctrl Pts',(42.1306522460859,1.30999999999999,58.8253273855294));
#3341=CARTESIAN_POINT('Ctrl Pts',(42.1306522460859,0.809999999999993,58.8253273855294));
#3342=CARTESIAN_POINT('Ctrl Pts',(42.261098450653,1.30999999999999,58.5986670923435));
#3343=CARTESIAN_POINT('Ctrl Pts',(42.261098450653,0.809999999999993,58.5986670923435));
#3344=CARTESIAN_POINT('Ctrl Pts',(42.4178385131909,1.30999999999999,58.3888616738348));
#3345=CARTESIAN_POINT('Ctrl Pts',(42.4178385131909,0.809999999999993,58.3888616738348));
#3346=CARTESIAN_POINT('Ctrl Pts',(42.6013997336543,1.30999999999999,58.2064605660953));
#3347=CARTESIAN_POINT('Ctrl Pts',(42.6013997336543,0.809999999999993,58.2064605660953));
#3348=CARTESIAN_POINT('Ctrl Pts',(42.8096620495258,1.30999999999999,58.0617231715061));
#3349=CARTESIAN_POINT('Ctrl Pts',(42.8096620495258,0.809999999999993,58.0617231715061));
#3350=CARTESIAN_POINT('Ctrl Pts',(43.0370246142378,1.30999999999999,57.9638449646588));
#3351=CARTESIAN_POINT('Ctrl Pts',(43.0370246142378,0.809999999999993,57.9638449646588));
#3352=CARTESIAN_POINT('Ctrl Pts',(43.273964949416,1.30999999999999,57.9201983331761));
#3353=CARTESIAN_POINT('Ctrl Pts',(43.273964949416,0.809999999999993,57.9201983331761));
#3354=CARTESIAN_POINT('Ctrl Pts',(43.5087531517405,1.30999999999999,57.935530435369));
#3355=CARTESIAN_POINT('Ctrl Pts',(43.5087531517405,0.809999999999993,57.935530435369));
#3356=CARTESIAN_POINT('Ctrl Pts',(43.7288700002104,1.30999999999999,58.0112152252049));
#3357=CARTESIAN_POINT('Ctrl Pts',(43.7288700002104,0.809999999999993,58.0112152252049));
#3358=CARTESIAN_POINT('Ctrl Pts',(43.9225955024987,1.30999999999999,58.1443755991892));
#3359=CARTESIAN_POINT('Ctrl Pts',(43.9225955024987,0.809999999999993,58.1443755991892));
#3360=CARTESIAN_POINT('Ctrl Pts',(44.0803936591915,1.30999999999999,58.3272932672578));
#3361=CARTESIAN_POINT('Ctrl Pts',(44.0803936591915,0.809999999999993,58.3272932672578));
#3362=CARTESIAN_POINT('Ctrl Pts',(44.1967145926303,1.30999999999999,58.5460956282591));
#3363=CARTESIAN_POINT('Ctrl Pts',(44.1967145926303,0.809999999999993,58.5460956282591));
#3364=CARTESIAN_POINT('Ctrl Pts',(44.2702510329157,1.30999999999999,58.782231522471));
#3365=CARTESIAN_POINT('Ctrl Pts',(44.2702510329157,0.809999999999993,58.782231522471));
#3366=CARTESIAN_POINT('Ctrl Pts',(44.3029136051161,1.30999999999999,59.0162959469742));
#3367=CARTESIAN_POINT('Ctrl Pts',(44.3029136051161,0.809999999999993,59.0162959469742));
#3368=CARTESIAN_POINT('Ctrl Pts',(44.299176292491,1.30999999999999,59.231156423749));
#3369=CARTESIAN_POINT('Ctrl Pts',(44.299176292491,0.809999999999993,59.231156423749));
#3370=CARTESIAN_POINT('Ctrl Pts',(44.2652686976504,1.30999999999999,59.4154324895063));
#3371=CARTESIAN_POINT('Ctrl Pts',(44.2652686976504,0.809999999999993,59.4154324895063));
#3372=CARTESIAN_POINT('Ctrl Pts',(44.2084497795906,1.30999999999999,59.5666795126899));
#3373=CARTESIAN_POINT('Ctrl Pts',(44.2084497795906,0.809999999999993,59.5666795126899));
#3374=CARTESIAN_POINT('Ctrl Pts',(44.1362129708284,1.30999999999999,59.6951266283313));
#3375=CARTESIAN_POINT('Ctrl Pts',(44.1362129708284,0.809999999999993,59.6951266283313));
#3376=CARTESIAN_POINT('Ctrl Pts',(44.0563408915993,1.30999999999999,59.8184086826743));
#3377=CARTESIAN_POINT('Ctrl Pts',(44.0563408915993,0.809999999999993,59.8184086826743));
#3378=CARTESIAN_POINT('Ctrl Pts',(43.9770649681601,1.30999999999999,59.9554006000399));
#3379=CARTESIAN_POINT('Ctrl Pts',(43.9770649681601,0.809999999999993,59.9554006000399));
#3380=CARTESIAN_POINT('Ctrl Pts',(43.9070924095169,1.30999999999999,60.1209033575538));
#3381=CARTESIAN_POINT('Ctrl Pts',(43.9070924095169,0.809999999999993,60.1209033575538));
#3382=CARTESIAN_POINT('Ctrl Pts',(43.8559169508282,1.30999999999999,60.3187231968048));
#3383=CARTESIAN_POINT('Ctrl Pts',(43.8559169508282,0.809999999999993,60.3187231968048));
#3384=CARTESIAN_POINT('Ctrl Pts',(43.8331848139743,1.30999999999999,60.539952142336));
#3385=CARTESIAN_POINT('Ctrl Pts',(43.8331848139743,0.809999999999993,60.539952142336));
#3386=CARTESIAN_POINT('Ctrl Pts',(43.8468235919567,1.30999999999999,60.7681173176485));
#3387=CARTESIAN_POINT('Ctrl Pts',(43.8468235919567,0.809999999999993,60.7681173176485));
#3388=CARTESIAN_POINT('Ctrl Pts',(43.9014478704126,1.30999999999999,60.9826409201725));
#3389=CARTESIAN_POINT('Ctrl Pts',(43.9014478704126,0.809999999999993,60.9826409201725));
#3390=CARTESIAN_POINT('Ctrl Pts',(43.9967089100102,1.30999999999999,61.1629288321833));
#3391=CARTESIAN_POINT('Ctrl Pts',(43.9967089100102,0.809999999999993,61.1629288321833));
#3392=CARTESIAN_POINT('Ctrl Pts',(44.1255197430193,1.30999999999999,61.2923024154545));
#3393=CARTESIAN_POINT('Ctrl Pts',(44.1255197430193,0.809999999999993,61.2923024154545));
#3394=CARTESIAN_POINT('Ctrl Pts',(44.2727283748685,1.30999999999999,61.361676058513));
#3395=CARTESIAN_POINT('Ctrl Pts',(44.2727283748685,0.809999999999993,61.361676058513));
#3396=CARTESIAN_POINT('Ctrl Pts',(44.4196387145442,1.30999999999999,61.3683258561407));
#3397=CARTESIAN_POINT('Ctrl Pts',(44.4196387145442,0.809999999999993,61.3683258561407));
#3398=CARTESIAN_POINT('Ctrl Pts',(44.548199423953,1.30999999999999,61.3150114570134));
#3399=CARTESIAN_POINT('Ctrl Pts',(44.548199423953,0.809999999999993,61.3150114570134));
#3400=CARTESIAN_POINT('Ctrl Pts',(44.6451992278932,1.30999999999999,61.2089614905391));
#3401=CARTESIAN_POINT('Ctrl Pts',(44.6451992278932,0.809999999999993,61.2089614905391));
#3402=CARTESIAN_POINT('Ctrl Pts',(44.7067810545216,1.30999999999999,61.0609508082547));
#3403=CARTESIAN_POINT('Ctrl Pts',(44.7067810545216,0.809999999999993,61.0609508082547));
#3404=CARTESIAN_POINT('Ctrl Pts',(44.7361636694678,1.30999999999999,60.8836592537073));
#3405=CARTESIAN_POINT('Ctrl Pts',(44.7361636694678,0.809999999999993,60.8836592537073));
#3406=CARTESIAN_POINT('Ctrl Pts',(44.7408395648231,1.30999999999999,60.6899444471777));
#3407=CARTESIAN_POINT('Ctrl Pts',(44.7408395648231,0.809999999999993,60.6899444471777));
#3408=CARTESIAN_POINT('Ctrl Pts',(44.7300909988513,1.30999999999999,60.4912450623113));
#3409=CARTESIAN_POINT('Ctrl Pts',(44.7300909988513,0.809999999999993,60.4912450623113));
#3410=CARTESIAN_POINT('Ctrl Pts',(44.7120931891408,1.30999999999999,60.2956963713657));
#3411=CARTESIAN_POINT('Ctrl Pts',(44.7120931891408,0.809999999999993,60.2956963713657));
#3412=CARTESIAN_POINT('Ctrl Pts',(44.6920990072355,1.30999999999999,60.107107036683));
#3413=CARTESIAN_POINT('Ctrl Pts',(44.6920990072355,0.809999999999993,60.107107036683));
#3414=CARTESIAN_POINT('Ctrl Pts',(44.6733642813862,1.30999999999999,59.926186644953));
#3415=CARTESIAN_POINT('Ctrl Pts',(44.6733642813862,0.809999999999993,59.926186644953));
#3416=CARTESIAN_POINT('Ctrl Pts',(44.6575589410001,1.30999999999999,59.75135112828));
#3417=CARTESIAN_POINT('Ctrl Pts',(44.6575589410001,0.809999999999993,59.75135112828));
#3418=CARTESIAN_POINT('Ctrl Pts',(44.6453789886191,1.30999999999999,59.5796822749017));
#3419=CARTESIAN_POINT('Ctrl Pts',(44.6453789886191,0.809999999999993,59.5796822749017));
#3420=CARTESIAN_POINT('Ctrl Pts',(44.6370721454029,1.30999999999999,59.4078421154749));
#3421=CARTESIAN_POINT('Ctrl Pts',(44.6370721454029,0.809999999999993,59.4078421154749));
#3422=CARTESIAN_POINT('Ctrl Pts',(44.6329927652204,1.30999999999999,59.2329286237916));
#3423=CARTESIAN_POINT('Ctrl Pts',(44.6329927652204,0.809999999999993,59.2329286237916));
#3424=CARTESIAN_POINT('Ctrl Pts',(44.6340641567293,1.30999999999999,59.0530335258898));
#3425=CARTESIAN_POINT('Ctrl Pts',(44.6340641567293,0.809999999999993,59.0530335258898));
#3426=CARTESIAN_POINT('Ctrl Pts',(44.6423197750052,1.30999999999999,58.8679114976806));
#3427=CARTESIAN_POINT('Ctrl Pts',(44.6423197750052,0.809999999999993,58.8679114976806));
#3428=CARTESIAN_POINT('Ctrl Pts',(44.6612941246307,1.30999999999999,58.6794994136372));
#3429=CARTESIAN_POINT('Ctrl Pts',(44.6612941246307,0.809999999999993,58.6794994136372));
#3430=CARTESIAN_POINT('Ctrl Pts',(44.6967676743192,1.30999999999999,58.4927608274629));
#3431=CARTESIAN_POINT('Ctrl Pts',(44.6967676743192,0.809999999999993,58.4927608274629));
#3432=CARTESIAN_POINT('Ctrl Pts',(44.7563608554339,1.30999999999999,58.3154938331794));
#3433=CARTESIAN_POINT('Ctrl Pts',(44.7563608554339,0.809999999999993,58.3154938331794));
#3434=CARTESIAN_POINT('Ctrl Pts',(44.8473970680522,1.30999999999999,58.156563341388));
#3435=CARTESIAN_POINT('Ctrl Pts',(44.8473970680522,0.809999999999993,58.156563341388));
#3436=CARTESIAN_POINT('Ctrl Pts',(44.9750627473151,1.30999999999999,58.0244334577842));
#3437=CARTESIAN_POINT('Ctrl Pts',(44.9750627473151,0.809999999999993,58.0244334577842));
#3438=CARTESIAN_POINT('Ctrl Pts',(45.1406768724478,1.30999999999999,57.9257289298375));
#3439=CARTESIAN_POINT('Ctrl Pts',(45.1406768724478,0.809999999999993,57.9257289298375));
#3440=CARTESIAN_POINT('Ctrl Pts',(45.33934301581,1.30999999999999,57.8634154378001));
#3441=CARTESIAN_POINT('Ctrl Pts',(45.33934301581,0.809999999999993,57.8634154378001));
#3442=CARTESIAN_POINT('Ctrl Pts',(45.5601040564052,1.30999999999999,57.8365944387285));
#3443=CARTESIAN_POINT('Ctrl Pts',(45.5601040564052,0.809999999999993,57.8365944387285));
#3444=CARTESIAN_POINT('Ctrl Pts',(45.7885885339841,1.30999999999999,57.8419183240928));
#3445=CARTESIAN_POINT('Ctrl Pts',(45.7885885339841,0.809999999999993,57.8419183240928));
#3446=CARTESIAN_POINT('Ctrl Pts',(46.0089855827229,1.30999999999999,57.8745652093287));
#3447=CARTESIAN_POINT('Ctrl Pts',(46.0089855827229,0.809999999999993,57.8745652093287));
#3448=CARTESIAN_POINT('Ctrl Pts',(46.2062603378062,1.30999999999999,57.9293770926101));
#3449=CARTESIAN_POINT('Ctrl Pts',(46.2062603378062,0.809999999999993,57.9293770926101));
#3450=CARTESIAN_POINT('Ctrl Pts',(46.3683400754602,1.30999999999999,58.0019599990543));
#3451=CARTESIAN_POINT('Ctrl Pts',(46.3683400754602,0.809999999999993,58.0019599990543));
#3452=CARTESIAN_POINT('Ctrl Pts',(46.4836092269754,1.30999999999999,58.0864114948412));
#3453=CARTESIAN_POINT('Ctrl Pts',(46.4836092269754,0.809999999999993,58.0864114948412));
#3454=CARTESIAN_POINT('Ctrl Pts',(46.541598593988,1.30999999999999,58.1633691584339));
#3455=CARTESIAN_POINT('Ctrl Pts',(46.541598593988,0.809999999999993,58.1633691584339));
#3456=CARTESIAN_POINT('Ctrl Pts',(46.5658178457563,1.30999999999999,58.2254465602542));
#3457=CARTESIAN_POINT('Ctrl Pts',(46.5658178457563,0.809999999999993,58.2254465602542));
#3458=CARTESIAN_POINT('Ctrl Pts',(46.5737092829086,1.30999999999999,58.267648832738));
#3459=CARTESIAN_POINT('Ctrl Pts',(46.5737092829086,0.809999999999993,58.267648832738));
#3460=CARTESIAN_POINT('Ctrl Pts',(46.5756961440421,1.30999999999999,58.2870055359929));
#3461=CARTESIAN_POINT('Ctrl Pts',(46.5756961440421,0.809999999999993,58.2870055359929));
#3462=CARTESIAN_POINT('',(41.484474238122,0.809999999999993,61.0064530848394));
#3463=CARTESIAN_POINT('',(41.484474238122,1.30999999999999,61.0064530848394));
#3464=CARTESIAN_POINT('Ctrl Pts',(41.484474238122,0.809999999999993,61.0064530848394));
#3465=CARTESIAN_POINT('Ctrl Pts',(41.492172167833,0.809999999999993,60.9798961976434));
#3466=CARTESIAN_POINT('Ctrl Pts',(41.5075250007652,0.809999999999993,60.9262186572984));
#3467=CARTESIAN_POINT('Ctrl Pts',(41.5304251536676,0.809999999999993,60.8440111986007));
#3468=CARTESIAN_POINT('Ctrl Pts',(41.5607005593456,0.809999999999993,60.7310165362684));
#3469=CARTESIAN_POINT('Ctrl Pts',(41.5982323269506,0.809999999999993,60.583948406428));
#3470=CARTESIAN_POINT('Ctrl Pts',(41.6358085242427,0.809999999999993,60.4304915524987));
#3471=CARTESIAN_POINT('Ctrl Pts',(41.6741391059196,0.809999999999993,60.2695689659991));
#3472=CARTESIAN_POINT('Ctrl Pts',(41.7144203567165,0.809999999999993,60.0992907764223));
#3473=CARTESIAN_POINT('Ctrl Pts',(41.7583806734495,0.809999999999993,59.9173851488619));
#3474=CARTESIAN_POINT('Ctrl Pts',(41.808267220915,0.809999999999993,59.7220174795653));
#3475=CARTESIAN_POINT('Ctrl Pts',(41.8668681522709,0.809999999999993,59.512525474261));
#3476=CARTESIAN_POINT('Ctrl Pts',(41.9374838383026,0.809999999999993,59.2901132762663));
#3477=CARTESIAN_POINT('Ctrl Pts',(42.0240104301567,0.809999999999993,59.0587531091889));
#3478=CARTESIAN_POINT('Ctrl Pts',(42.1306522460859,0.809999999999993,58.8253273855294));
#3479=CARTESIAN_POINT('Ctrl Pts',(42.261098450653,0.809999999999993,58.5986670923435));
#3480=CARTESIAN_POINT('Ctrl Pts',(42.4178385131909,0.809999999999993,58.3888616738348));
#3481=CARTESIAN_POINT('Ctrl Pts',(42.6013997336543,0.809999999999993,58.2064605660953));
#3482=CARTESIAN_POINT('Ctrl Pts',(42.8096620495258,0.809999999999993,58.0617231715061));
#3483=CARTESIAN_POINT('Ctrl Pts',(43.0370246142378,0.809999999999993,57.9638449646588));
#3484=CARTESIAN_POINT('Ctrl Pts',(43.273964949416,0.809999999999993,57.9201983331761));
#3485=CARTESIAN_POINT('Ctrl Pts',(43.5087531517405,0.809999999999993,57.935530435369));
#3486=CARTESIAN_POINT('Ctrl Pts',(43.7288700002104,0.809999999999993,58.0112152252049));
#3487=CARTESIAN_POINT('Ctrl Pts',(43.9225955024987,0.809999999999993,58.1443755991892));
#3488=CARTESIAN_POINT('Ctrl Pts',(44.0803936591915,0.809999999999993,58.3272932672578));
#3489=CARTESIAN_POINT('Ctrl Pts',(44.1967145926303,0.809999999999993,58.5460956282591));
#3490=CARTESIAN_POINT('Ctrl Pts',(44.2702510329157,0.809999999999993,58.782231522471));
#3491=CARTESIAN_POINT('Ctrl Pts',(44.3029136051161,0.809999999999993,59.0162959469742));
#3492=CARTESIAN_POINT('Ctrl Pts',(44.299176292491,0.809999999999993,59.231156423749));
#3493=CARTESIAN_POINT('Ctrl Pts',(44.2652686976504,0.809999999999993,59.4154324895063));
#3494=CARTESIAN_POINT('Ctrl Pts',(44.2084497795906,0.809999999999993,59.5666795126899));
#3495=CARTESIAN_POINT('Ctrl Pts',(44.1362129708284,0.809999999999993,59.6951266283313));
#3496=CARTESIAN_POINT('Ctrl Pts',(44.0563408915993,0.809999999999993,59.8184086826743));
#3497=CARTESIAN_POINT('Ctrl Pts',(43.9770649681601,0.809999999999993,59.9554006000399));
#3498=CARTESIAN_POINT('Ctrl Pts',(43.9070924095169,0.809999999999993,60.1209033575538));
#3499=CARTESIAN_POINT('Ctrl Pts',(43.8559169508282,0.809999999999993,60.3187231968048));
#3500=CARTESIAN_POINT('Ctrl Pts',(43.8331848139743,0.809999999999993,60.539952142336));
#3501=CARTESIAN_POINT('Ctrl Pts',(43.8468235919567,0.809999999999993,60.7681173176485));
#3502=CARTESIAN_POINT('Ctrl Pts',(43.9014478704126,0.809999999999993,60.9826409201725));
#3503=CARTESIAN_POINT('Ctrl Pts',(43.9967089100102,0.809999999999993,61.1629288321833));
#3504=CARTESIAN_POINT('Ctrl Pts',(44.1255197430193,0.809999999999993,61.2923024154545));
#3505=CARTESIAN_POINT('Ctrl Pts',(44.2727283748685,0.809999999999993,61.361676058513));
#3506=CARTESIAN_POINT('Ctrl Pts',(44.4196387145442,0.809999999999993,61.3683258561407));
#3507=CARTESIAN_POINT('Ctrl Pts',(44.548199423953,0.809999999999993,61.3150114570134));
#3508=CARTESIAN_POINT('Ctrl Pts',(44.6451992278932,0.809999999999993,61.2089614905391));
#3509=CARTESIAN_POINT('Ctrl Pts',(44.7067810545216,0.809999999999993,61.0609508082547));
#3510=CARTESIAN_POINT('Ctrl Pts',(44.7361636694678,0.809999999999993,60.8836592537073));
#3511=CARTESIAN_POINT('Ctrl Pts',(44.7408395648231,0.809999999999993,60.6899444471777));
#3512=CARTESIAN_POINT('Ctrl Pts',(44.7300909988513,0.809999999999993,60.4912450623113));
#3513=CARTESIAN_POINT('Ctrl Pts',(44.7120931891408,0.809999999999993,60.2956963713657));
#3514=CARTESIAN_POINT('Ctrl Pts',(44.6920990072355,0.809999999999993,60.107107036683));
#3515=CARTESIAN_POINT('Ctrl Pts',(44.6733642813862,0.809999999999993,59.926186644953));
#3516=CARTESIAN_POINT('Ctrl Pts',(44.6575589410001,0.809999999999993,59.75135112828));
#3517=CARTESIAN_POINT('Ctrl Pts',(44.6453789886191,0.809999999999993,59.5796822749017));
#3518=CARTESIAN_POINT('Ctrl Pts',(44.6370721454029,0.809999999999993,59.4078421154749));
#3519=CARTESIAN_POINT('Ctrl Pts',(44.6329927652204,0.809999999999993,59.2329286237916));
#3520=CARTESIAN_POINT('Ctrl Pts',(44.6340641567293,0.809999999999993,59.0530335258898));
#3521=CARTESIAN_POINT('Ctrl Pts',(44.6423197750052,0.809999999999993,58.8679114976806));
#3522=CARTESIAN_POINT('Ctrl Pts',(44.6612941246307,0.809999999999993,58.6794994136372));
#3523=CARTESIAN_POINT('Ctrl Pts',(44.6967676743192,0.809999999999993,58.4927608274629));
#3524=CARTESIAN_POINT('Ctrl Pts',(44.7563608554339,0.809999999999993,58.3154938331794));
#3525=CARTESIAN_POINT('Ctrl Pts',(44.8473970680522,0.809999999999993,58.156563341388));
#3526=CARTESIAN_POINT('Ctrl Pts',(44.9750627473151,0.809999999999993,58.0244334577842));
#3527=CARTESIAN_POINT('Ctrl Pts',(45.1406768724478,0.809999999999993,57.9257289298375));
#3528=CARTESIAN_POINT('Ctrl Pts',(45.33934301581,0.809999999999993,57.8634154378001));
#3529=CARTESIAN_POINT('Ctrl Pts',(45.5601040564052,0.809999999999993,57.8365944387285));
#3530=CARTESIAN_POINT('Ctrl Pts',(45.7885885339841,0.809999999999993,57.8419183240928));
#3531=CARTESIAN_POINT('Ctrl Pts',(46.0089855827229,0.809999999999993,57.8745652093287));
#3532=CARTESIAN_POINT('Ctrl Pts',(46.2062603378062,0.809999999999993,57.9293770926101));
#3533=CARTESIAN_POINT('Ctrl Pts',(46.3683400754602,0.809999999999993,58.0019599990543));
#3534=CARTESIAN_POINT('Ctrl Pts',(46.4836092269754,0.809999999999993,58.0864114948412));
#3535=CARTESIAN_POINT('Ctrl Pts',(46.541598593988,0.809999999999993,58.1633691584339));
#3536=CARTESIAN_POINT('Ctrl Pts',(46.5658178457563,0.809999999999993,58.2254465602542));
#3537=CARTESIAN_POINT('Ctrl Pts',(46.5737092829086,0.809999999999993,58.267648832738));
#3538=CARTESIAN_POINT('Ctrl Pts',(46.5756961440421,0.809999999999993,58.2870055359929));
#3539=CARTESIAN_POINT('',(46.575696144042,1.30999999999999,58.2870055359929));
#3540=CARTESIAN_POINT('Ctrl Pts',(41.1240488895454,1.30999999999999,60.1342173211889));
#3541=CARTESIAN_POINT('Ctrl Pts',(41.1240488895454,0.809999999999993,60.1342173211889));
#3542=CARTESIAN_POINT('Ctrl Pts',(41.1055686069503,1.30999999999999,60.133734497094));
#3543=CARTESIAN_POINT('Ctrl Pts',(41.1055686069503,0.809999999999993,60.133734497094));
#3544=CARTESIAN_POINT('Ctrl Pts',(41.0727440654525,1.30999999999999,60.1355541170738));
#3545=CARTESIAN_POINT('Ctrl Pts',(41.0727440654525,0.809999999999993,60.1355541170738));
#3546=CARTESIAN_POINT('Ctrl Pts',(41.0359141905628,1.30999999999999,60.1466380968097));
#3547=CARTESIAN_POINT('Ctrl Pts',(41.0359141905628,0.809999999999993,60.1466380968097));
#3548=CARTESIAN_POINT('Ctrl Pts',(41.0116763672271,1.30999999999999,60.1781670097288));
#3549=CARTESIAN_POINT('Ctrl Pts',(41.0116763672271,0.809999999999993,60.1781670097288));
#3550=CARTESIAN_POINT('Ctrl Pts',(41.0212381198301,1.30999999999999,60.2440132088346));
#3551=CARTESIAN_POINT('Ctrl Pts',(41.0212381198301,0.809999999999993,60.2440132088346));
#3552=CARTESIAN_POINT('Ctrl Pts',(41.0656127745386,1.30999999999999,60.3317382300523));
#3553=CARTESIAN_POINT('Ctrl Pts',(41.0656127745386,0.809999999999993,60.3317382300523));
#3554=CARTESIAN_POINT('Ctrl Pts',(41.1339475060199,1.30999999999999,60.4315452135105));
#3555=CARTESIAN_POINT('Ctrl Pts',(41.1339475060199,0.809999999999993,60.4315452135105));
#3556=CARTESIAN_POINT('Ctrl Pts',(41.2126210756294,1.30999999999999,60.5321726255245));
#3557=CARTESIAN_POINT('Ctrl Pts',(41.2126210756294,0.809999999999993,60.5321726255245));
#3558=CARTESIAN_POINT('Ctrl Pts',(41.2889118200268,1.30999999999999,60.6253486868874));
#3559=CARTESIAN_POINT('Ctrl Pts',(41.2889118200268,0.809999999999993,60.6253486868874));
#3560=CARTESIAN_POINT('Ctrl Pts',(41.3546327083717,1.30999999999999,60.7102801872377));
#3561=CARTESIAN_POINT('Ctrl Pts',(41.3546327083717,0.809999999999993,60.7102801872377));
#3562=CARTESIAN_POINT('Ctrl Pts',(41.4059741100171,1.30999999999999,60.7921919255422));
#3563=CARTESIAN_POINT('Ctrl Pts',(41.4059741100171,0.809999999999993,60.7921919255422));
#3564=CARTESIAN_POINT('Ctrl Pts',(41.4408923235061,1.30999999999999,60.8690125555664));
#3565=CARTESIAN_POINT('Ctrl Pts',(41.4408923235061,0.809999999999993,60.8690125555664));
#3566=CARTESIAN_POINT('Ctrl Pts',(41.4645593358508,1.30999999999999,60.9369958245931));
#3567=CARTESIAN_POINT('Ctrl Pts',(41.4645593358508,0.809999999999993,60.9369958245931));
#3568=CARTESIAN_POINT('Ctrl Pts',(41.4787589252848,1.30999999999999,60.9854854146572));
#3569=CARTESIAN_POINT('Ctrl Pts',(41.4787589252848,0.809999999999993,60.9854854146572));
#3570=CARTESIAN_POINT('Ctrl Pts',(41.4844742381219,1.30999999999999,61.006453084839));
#3571=CARTESIAN_POINT('Ctrl Pts',(41.4844742381219,0.809999999999993,61.006453084839));
#3572=CARTESIAN_POINT('',(41.1240488895454,0.809999999999993,60.1342173211889));
#3573=CARTESIAN_POINT('',(41.1240488895454,1.30999999999999,60.1342173211889));
#3574=CARTESIAN_POINT('Ctrl Pts',(41.1240488895454,0.809999999999993,60.1342173211889));
#3575=CARTESIAN_POINT('Ctrl Pts',(41.1055686069503,0.809999999999993,60.133734497094));
#3576=CARTESIAN_POINT('Ctrl Pts',(41.0727440654525,0.809999999999993,60.1355541170738));
#3577=CARTESIAN_POINT('Ctrl Pts',(41.0359141905628,0.809999999999993,60.1466380968097));
#3578=CARTESIAN_POINT('Ctrl Pts',(41.0116763672271,0.809999999999993,60.1781670097288));
#3579=CARTESIAN_POINT('Ctrl Pts',(41.0212381198301,0.809999999999993,60.2440132088346));
#3580=CARTESIAN_POINT('Ctrl Pts',(41.0656127745386,0.809999999999993,60.3317382300523));
#3581=CARTESIAN_POINT('Ctrl Pts',(41.1339475060199,0.809999999999993,60.4315452135105));
#3582=CARTESIAN_POINT('Ctrl Pts',(41.2126210756294,0.809999999999993,60.5321726255245));
#3583=CARTESIAN_POINT('Ctrl Pts',(41.2889118200268,0.809999999999993,60.6253486868874));
#3584=CARTESIAN_POINT('Ctrl Pts',(41.3546327083717,0.809999999999993,60.7102801872377));
#3585=CARTESIAN_POINT('Ctrl Pts',(41.4059741100171,0.809999999999993,60.7921919255422));
#3586=CARTESIAN_POINT('Ctrl Pts',(41.4408923235061,0.809999999999993,60.8690125555664));
#3587=CARTESIAN_POINT('Ctrl Pts',(41.4645593358508,0.809999999999993,60.9369958245931));
#3588=CARTESIAN_POINT('Ctrl Pts',(41.4787589252848,0.809999999999993,60.9854854146572));
#3589=CARTESIAN_POINT('Ctrl Pts',(41.4844742381219,0.809999999999993,61.006453084839));
#3590=CARTESIAN_POINT('Ctrl Pts',(36.506557793577,1.30999999999999,61.9835696223803));
#3591=CARTESIAN_POINT('Ctrl Pts',(36.506557793577,0.809999999999993,61.9835696223803));
#3592=CARTESIAN_POINT('Ctrl Pts',(36.5005083064382,1.30999999999999,61.9581204800646));
#3593=CARTESIAN_POINT('Ctrl Pts',(36.5005083064382,0.809999999999993,61.9581204800646));
#3594=CARTESIAN_POINT('Ctrl Pts',(36.4899638917311,1.30999999999999,61.9043711274351));
#3595=CARTESIAN_POINT('Ctrl Pts',(36.4899638917311,0.809999999999993,61.9043711274351));
#3596=CARTESIAN_POINT('Ctrl Pts',(36.4788108843149,1.30999999999999,61.815194102501));
#3597=CARTESIAN_POINT('Ctrl Pts',(36.4788108843149,0.809999999999993,61.815194102501));
#3598=CARTESIAN_POINT('Ctrl Pts',(36.4732848869109,1.30999999999999,61.679152613056));
#3599=CARTESIAN_POINT('Ctrl Pts',(36.4732848869109,0.809999999999993,61.679152613056));
#3600=CARTESIAN_POINT('Ctrl Pts',(36.4817228868925,1.30999999999999,61.4815041927745));
#3601=CARTESIAN_POINT('Ctrl Pts',(36.4817228868925,0.809999999999993,61.4815041927745));
#3602=CARTESIAN_POINT('Ctrl Pts',(36.5046566996186,1.30999999999999,61.2594503285363));
#3603=CARTESIAN_POINT('Ctrl Pts',(36.5046566996186,0.809999999999993,61.2594503285363));
#3604=CARTESIAN_POINT('Ctrl Pts',(36.5402325049771,1.30999999999999,61.0196915147942));
#3605=CARTESIAN_POINT('Ctrl Pts',(36.5402325049771,0.809999999999993,61.0196915147942));
#3606=CARTESIAN_POINT('Ctrl Pts',(36.5852758035795,1.30999999999999,60.7735029215734));
#3607=CARTESIAN_POINT('Ctrl Pts',(36.5852758035795,0.809999999999993,60.7735029215734));
#3608=CARTESIAN_POINT('Ctrl Pts',(36.6364052588712,1.30999999999999,60.5332900121842));
#3609=CARTESIAN_POINT('Ctrl Pts',(36.6364052588712,0.809999999999993,60.5332900121842));
#3610=CARTESIAN_POINT('Ctrl Pts',(36.6911610874734,1.30999999999999,60.3090548396205));
#3611=CARTESIAN_POINT('Ctrl Pts',(36.6911610874734,0.809999999999993,60.3090548396205));
#3612=CARTESIAN_POINT('Ctrl Pts',(36.748990599953,1.30999999999999,60.1054119067798));
#3613=CARTESIAN_POINT('Ctrl Pts',(36.748990599953,0.809999999999993,60.1054119067798));
#3614=CARTESIAN_POINT('Ctrl Pts',(36.8126461480689,1.30999999999999,59.9170548246056));
#3615=CARTESIAN_POINT('Ctrl Pts',(36.8126461480689,0.809999999999993,59.9170548246056));
#3616=CARTESIAN_POINT('Ctrl Pts',(36.8880167292598,1.30999999999999,59.7301423186927));
#3617=CARTESIAN_POINT('Ctrl Pts',(36.8880167292598,0.809999999999993,59.7301423186927));
#3618=CARTESIAN_POINT('Ctrl Pts',(36.9825859747918,1.30999999999999,59.5289979777106));
#3619=CARTESIAN_POINT('Ctrl Pts',(36.9825859747918,0.809999999999993,59.5289979777106));
#3620=CARTESIAN_POINT('Ctrl Pts',(37.1043163575614,1.30999999999999,59.3010029479969));
#3621=CARTESIAN_POINT('Ctrl Pts',(37.1043163575614,0.809999999999993,59.3010029479969));
#3622=CARTESIAN_POINT('Ctrl Pts',(37.2602983209798,1.30999999999999,59.042888208424));
#3623=CARTESIAN_POINT('Ctrl Pts',(37.2602983209798,0.809999999999993,59.042888208424));
#3624=CARTESIAN_POINT('Ctrl Pts',(37.4556802556965,1.30999999999999,58.7645288518889));
#3625=CARTESIAN_POINT('Ctrl Pts',(37.4556802556965,0.809999999999993,58.7645288518889));
#3626=CARTESIAN_POINT('Ctrl Pts',(37.6933859325205,1.30999999999999,58.4839242436272));
#3627=CARTESIAN_POINT('Ctrl Pts',(37.6933859325205,0.809999999999993,58.4839242436272));
#3628=CARTESIAN_POINT('Ctrl Pts',(37.973722675195,1.30999999999999,58.2236197836922));
#3629=CARTESIAN_POINT('Ctrl Pts',(37.973722675195,0.809999999999993,58.2236197836922));
#3630=CARTESIAN_POINT('Ctrl Pts',(38.2939571166773,1.30999999999999,58.006454627335));
#3631=CARTESIAN_POINT('Ctrl Pts',(38.2939571166773,0.809999999999993,58.006454627335));
#3632=CARTESIAN_POINT('Ctrl Pts',(38.6479806980512,1.30999999999999,57.8519622030891));
#3633=CARTESIAN_POINT('Ctrl Pts',(38.6479806980512,0.809999999999993,57.8519622030891));
#3634=CARTESIAN_POINT('Ctrl Pts',(39.0256350341735,1.30999999999999,57.7715806365502));
#3635=CARTESIAN_POINT('Ctrl Pts',(39.0256350341735,0.809999999999993,57.7715806365502));
#3636=CARTESIAN_POINT('Ctrl Pts',(39.4132584529499,1.30999999999999,57.7679839890568));
#3637=CARTESIAN_POINT('Ctrl Pts',(39.4132584529499,0.809999999999993,57.7679839890568));
#3638=CARTESIAN_POINT('Ctrl Pts',(39.7953041752754,1.30999999999999,57.8379086577863));
#3639=CARTESIAN_POINT('Ctrl Pts',(39.7953041752754,0.809999999999993,57.8379086577863));
#3640=CARTESIAN_POINT('Ctrl Pts',(40.1556133966651,1.30999999999999,57.9739102250269));
#3641=CARTESIAN_POINT('Ctrl Pts',(40.1556133966651,0.809999999999993,57.9739102250269));
#3642=CARTESIAN_POINT('Ctrl Pts',(40.478876713371,1.30999999999999,58.1665651272049));
#3643=CARTESIAN_POINT('Ctrl Pts',(40.478876713371,0.809999999999993,58.1665651272049));
#3644=CARTESIAN_POINT('Ctrl Pts',(40.7518963775892,1.30999999999999,58.4063114740052));
#3645=CARTESIAN_POINT('Ctrl Pts',(40.7518963775892,0.809999999999993,58.4063114740052));
#3646=CARTESIAN_POINT('Ctrl Pts',(40.9652736913016,1.30999999999999,58.6857696085769));
#3647=CARTESIAN_POINT('Ctrl Pts',(40.9652736913016,0.809999999999993,58.6857696085769));
#3648=CARTESIAN_POINT('Ctrl Pts',(41.1132256614829,1.30999999999999,59.0000032427839));
#3649=CARTESIAN_POINT('Ctrl Pts',(41.1132256614829,0.809999999999993,59.0000032427839));
#3650=CARTESIAN_POINT('Ctrl Pts',(41.1925803284891,1.30999999999999,59.3458828683743));
#3651=CARTESIAN_POINT('Ctrl Pts',(41.1925803284891,0.809999999999993,59.3458828683743));
#3652=CARTESIAN_POINT('Ctrl Pts',(41.2001697030496,1.30999999999999,59.6465690970341));
#3653=CARTESIAN_POINT('Ctrl Pts',(41.2001697030496,0.809999999999993,59.6465690970341));
#3654=CARTESIAN_POINT('Ctrl Pts',(41.1743438196789,1.30999999999999,59.8852730403394));
#3655=CARTESIAN_POINT('Ctrl Pts',(41.1743438196789,0.809999999999993,59.8852730403394));
#3656=CARTESIAN_POINT('Ctrl Pts',(41.1431442628625,1.30999999999999,60.0502606347365));
#3657=CARTESIAN_POINT('Ctrl Pts',(41.1431442628625,0.809999999999993,60.0502606347365));
#3658=CARTESIAN_POINT('Ctrl Pts',(41.1240488895454,1.30999999999999,60.1342173211889));
#3659=CARTESIAN_POINT('Ctrl Pts',(41.1240488895454,0.809999999999993,60.1342173211889));
#3660=CARTESIAN_POINT('',(36.506557793577,0.809999999999993,61.9835696223803));
#3661=CARTESIAN_POINT('',(36.506557793577,1.30999999999999,61.9835696223803));
#3662=CARTESIAN_POINT('Ctrl Pts',(36.506557793577,0.809999999999993,61.9835696223803));
#3663=CARTESIAN_POINT('Ctrl Pts',(36.5005083064382,0.809999999999993,61.9581204800646));
#3664=CARTESIAN_POINT('Ctrl Pts',(36.4899638917311,0.809999999999993,61.9043711274351));
#3665=CARTESIAN_POINT('Ctrl Pts',(36.4788108843149,0.809999999999993,61.815194102501));
#3666=CARTESIAN_POINT('Ctrl Pts',(36.4732848869109,0.809999999999993,61.679152613056));
#3667=CARTESIAN_POINT('Ctrl Pts',(36.4817228868925,0.809999999999993,61.4815041927745));
#3668=CARTESIAN_POINT('Ctrl Pts',(36.5046566996186,0.809999999999993,61.2594503285363));
#3669=CARTESIAN_POINT('Ctrl Pts',(36.5402325049771,0.809999999999993,61.0196915147942));
#3670=CARTESIAN_POINT('Ctrl Pts',(36.5852758035795,0.809999999999993,60.7735029215734));
#3671=CARTESIAN_POINT('Ctrl Pts',(36.6364052588712,0.809999999999993,60.5332900121842));
#3672=CARTESIAN_POINT('Ctrl Pts',(36.6911610874734,0.809999999999993,60.3090548396205));
#3673=CARTESIAN_POINT('Ctrl Pts',(36.748990599953,0.809999999999993,60.1054119067798));
#3674=CARTESIAN_POINT('Ctrl Pts',(36.8126461480689,0.809999999999993,59.9170548246056));
#3675=CARTESIAN_POINT('Ctrl Pts',(36.8880167292598,0.809999999999993,59.7301423186927));
#3676=CARTESIAN_POINT('Ctrl Pts',(36.9825859747918,0.809999999999993,59.5289979777106));
#3677=CARTESIAN_POINT('Ctrl Pts',(37.1043163575614,0.809999999999993,59.3010029479969));
#3678=CARTESIAN_POINT('Ctrl Pts',(37.2602983209798,0.809999999999993,59.042888208424));
#3679=CARTESIAN_POINT('Ctrl Pts',(37.4556802556965,0.809999999999993,58.7645288518889));
#3680=CARTESIAN_POINT('Ctrl Pts',(37.6933859325205,0.809999999999993,58.4839242436272));
#3681=CARTESIAN_POINT('Ctrl Pts',(37.973722675195,0.809999999999993,58.2236197836922));
#3682=CARTESIAN_POINT('Ctrl Pts',(38.2939571166773,0.809999999999993,58.006454627335));
#3683=CARTESIAN_POINT('Ctrl Pts',(38.6479806980512,0.809999999999993,57.8519622030891));
#3684=CARTESIAN_POINT('Ctrl Pts',(39.0256350341735,0.809999999999993,57.7715806365502));
#3685=CARTESIAN_POINT('Ctrl Pts',(39.4132584529499,0.809999999999993,57.7679839890568));
#3686=CARTESIAN_POINT('Ctrl Pts',(39.7953041752754,0.809999999999993,57.8379086577863));
#3687=CARTESIAN_POINT('Ctrl Pts',(40.1556133966651,0.809999999999993,57.9739102250269));
#3688=CARTESIAN_POINT('Ctrl Pts',(40.478876713371,0.809999999999993,58.1665651272049));
#3689=CARTESIAN_POINT('Ctrl Pts',(40.7518963775892,0.809999999999993,58.4063114740052));
#3690=CARTESIAN_POINT('Ctrl Pts',(40.9652736913016,0.809999999999993,58.6857696085769));
#3691=CARTESIAN_POINT('Ctrl Pts',(41.1132256614829,0.809999999999993,59.0000032427839));
#3692=CARTESIAN_POINT('Ctrl Pts',(41.1925803284891,0.809999999999993,59.3458828683743));
#3693=CARTESIAN_POINT('Ctrl Pts',(41.2001697030496,0.809999999999993,59.6465690970341));
#3694=CARTESIAN_POINT('Ctrl Pts',(41.1743438196789,0.809999999999993,59.8852730403394));
#3695=CARTESIAN_POINT('Ctrl Pts',(41.1431442628625,0.809999999999993,60.0502606347365));
#3696=CARTESIAN_POINT('Ctrl Pts',(41.1240488895454,0.809999999999993,60.1342173211889));
#3697=CARTESIAN_POINT('Ctrl Pts',(33.9975639072472,1.30999999999999,59.6630447603758));
#3698=CARTESIAN_POINT('Ctrl Pts',(33.9975639072472,0.809999999999993,59.6630447603758));
#3699=CARTESIAN_POINT('Ctrl Pts',(33.9873545053881,1.30999999999999,59.7020300733201));
#3700=CARTESIAN_POINT('Ctrl Pts',(33.9873545053881,0.809999999999993,59.7020300733201));
#3701=CARTESIAN_POINT('Ctrl Pts',(33.9677651026248,1.30999999999999,59.7802305765964));
#3702=CARTESIAN_POINT('Ctrl Pts',(33.9677651026248,0.809999999999993,59.7802305765964));
#3703=CARTESIAN_POINT('Ctrl Pts',(33.9408691958974,1.30999999999999,59.8982209757854));
#3704=CARTESIAN_POINT('Ctrl Pts',(33.9408691958974,0.809999999999993,59.8982209757854));
#3705=CARTESIAN_POINT('Ctrl Pts',(33.9099934389431,1.30999999999999,60.0569231897748));
#3706=CARTESIAN_POINT('Ctrl Pts',(33.9099934389431,0.809999999999993,60.0569231897748));
#3707=CARTESIAN_POINT('Ctrl Pts',(33.8797919754765,1.30999999999999,60.2575725008439));
#3708=CARTESIAN_POINT('Ctrl Pts',(33.8797919754765,0.809999999999993,60.2575725008439));
#3709=CARTESIAN_POINT('Ctrl Pts',(33.8581457952077,1.30999999999999,60.4603720300509));
#3710=CARTESIAN_POINT('Ctrl Pts',(33.8581457952077,0.809999999999993,60.4603720300509));
#3711=CARTESIAN_POINT('Ctrl Pts',(33.8453082737958,1.30999999999999,60.6650624954125));
#3712=CARTESIAN_POINT('Ctrl Pts',(33.8453082737958,0.809999999999993,60.6650624954125));
#3713=CARTESIAN_POINT('Ctrl Pts',(33.8416413642324,1.30999999999999,60.8711848594093));
#3714=CARTESIAN_POINT('Ctrl Pts',(33.8416413642324,0.809999999999993,60.8711848594093));
#3715=CARTESIAN_POINT('Ctrl Pts',(33.847620846835,1.30999999999999,61.0780480950361));
#3716=CARTESIAN_POINT('Ctrl Pts',(33.847620846835,0.809999999999993,61.0780480950361));
#3717=CARTESIAN_POINT('Ctrl Pts',(33.8638799163041,1.30999999999999,61.2845880673072));
#3718=CARTESIAN_POINT('Ctrl Pts',(33.8638799163041,0.809999999999993,61.2845880673072));
#3719=CARTESIAN_POINT('Ctrl Pts',(33.8913083698978,1.30999999999999,61.4890731961182));
#3720=CARTESIAN_POINT('Ctrl Pts',(33.8913083698978,0.809999999999993,61.4890731961182));
#3721=CARTESIAN_POINT('Ctrl Pts',(33.9311319386654,1.30999999999999,61.6888553955691));
#3722=CARTESIAN_POINT('Ctrl Pts',(33.9311319386654,0.809999999999993,61.6888553955691));
#3723=CARTESIAN_POINT('Ctrl Pts',(33.9850118533074,1.30999999999999,61.8800724156406));
#3724=CARTESIAN_POINT('Ctrl Pts',(33.9850118533074,0.809999999999993,61.8800724156406));
#3725=CARTESIAN_POINT('Ctrl Pts',(34.0551078891121,1.30999999999999,62.0574194212104));
#3726=CARTESIAN_POINT('Ctrl Pts',(34.0551078891121,0.809999999999993,62.0574194212104));
#3727=CARTESIAN_POINT('Ctrl Pts',(34.1442327384375,1.30999999999999,62.2137329934397));
#3728=CARTESIAN_POINT('Ctrl Pts',(34.1442327384375,0.809999999999993,62.2137329934397));
#3729=CARTESIAN_POINT('Ctrl Pts',(34.2551586133265,1.30999999999999,62.3412610367493));
#3730=CARTESIAN_POINT('Ctrl Pts',(34.2551586133265,0.809999999999993,62.3412610367493));
#3731=CARTESIAN_POINT('Ctrl Pts',(34.3898139183608,1.30999999999999,62.4331515818778));
#3732=CARTESIAN_POINT('Ctrl Pts',(34.3898139183608,0.809999999999993,62.4331515818778));
#3733=CARTESIAN_POINT('Ctrl Pts',(34.5484819711411,1.30999999999999,62.4849179493744));
#3734=CARTESIAN_POINT('Ctrl Pts',(34.5484819711411,0.809999999999993,62.4849179493744));
#3735=CARTESIAN_POINT('Ctrl Pts',(34.72904591546,1.30999999999999,62.4958355342577));
#3736=CARTESIAN_POINT('Ctrl Pts',(34.72904591546,0.809999999999993,62.4958355342577));
#3737=CARTESIAN_POINT('Ctrl Pts',(34.9260251913793,1.30999999999999,62.4706684609445));
#3738=CARTESIAN_POINT('Ctrl Pts',(34.9260251913793,0.809999999999993,62.4706684609445));
#3739=CARTESIAN_POINT('Ctrl Pts',(35.1316412414535,1.30999999999999,62.418147400189));
#3740=CARTESIAN_POINT('Ctrl Pts',(35.1316412414535,0.809999999999993,62.418147400189));
#3741=CARTESIAN_POINT('Ctrl Pts',(35.3371089023802,1.30999999999999,62.3490817072305));
#3742=CARTESIAN_POINT('Ctrl Pts',(35.3371089023802,0.809999999999993,62.3490817072305));
#3743=CARTESIAN_POINT('Ctrl Pts',(35.5338818652642,1.30999999999999,62.2745645030394));
#3744=CARTESIAN_POINT('Ctrl Pts',(35.5338818652642,0.809999999999993,62.2745645030394));
#3745=CARTESIAN_POINT('Ctrl Pts',(35.7148116851194,1.30999999999999,62.2042888001605));
#3746=CARTESIAN_POINT('Ctrl Pts',(35.7148116851194,0.809999999999993,62.2042888001605));
#3747=CARTESIAN_POINT('Ctrl Pts',(35.8756057085822,1.30999999999999,62.1444730808721));
#3748=CARTESIAN_POINT('Ctrl Pts',(35.8756057085822,0.809999999999993,62.1444730808721));
#3749=CARTESIAN_POINT('Ctrl Pts',(36.0153176056364,1.30999999999999,62.0970851357142));
#3750=CARTESIAN_POINT('Ctrl Pts',(36.0153176056364,0.809999999999993,62.0970851357142));
#3751=CARTESIAN_POINT('Ctrl Pts',(36.1350869667243,1.30999999999999,62.0614187459459));
#3752=CARTESIAN_POINT('Ctrl Pts',(36.1350869667243,0.809999999999993,62.0614187459459));
#3753=CARTESIAN_POINT('Ctrl Pts',(36.2372581801007,1.30999999999999,62.0351607962313));
#3754=CARTESIAN_POINT('Ctrl Pts',(36.2372581801007,0.809999999999993,62.0351607962313));
#3755=CARTESIAN_POINT('Ctrl Pts',(36.3244259591068,1.30999999999999,62.0155686340849));
#3756=CARTESIAN_POINT('Ctrl Pts',(36.3244259591068,0.809999999999993,62.0155686340849));
#3757=CARTESIAN_POINT('Ctrl Pts',(36.398359497706,1.30999999999999,62.0007878504066));
#3758=CARTESIAN_POINT('Ctrl Pts',(36.398359497706,0.809999999999993,62.0007878504066));
#3759=CARTESIAN_POINT('Ctrl Pts',(36.4476307453928,1.30999999999999,61.9921025070175));
#3760=CARTESIAN_POINT('Ctrl Pts',(36.4476307453928,0.809999999999993,61.9921025070175));
#3761=CARTESIAN_POINT('Ctrl Pts',(36.4791892230395,1.30999999999999,61.9872069418377));
#3762=CARTESIAN_POINT('Ctrl Pts',(36.4791892230395,0.809999999999993,61.9872069418377));
#3763=CARTESIAN_POINT('Ctrl Pts',(36.4978339480173,1.30999999999999,61.9846622629918));
#3764=CARTESIAN_POINT('Ctrl Pts',(36.4978339480173,0.809999999999993,61.9846622629918));
#3765=CARTESIAN_POINT('Ctrl Pts',(36.506557793577,1.30999999999999,61.9835696223803));
#3766=CARTESIAN_POINT('Ctrl Pts',(36.506557793577,0.809999999999993,61.9835696223803));
#3767=CARTESIAN_POINT('',(33.9975639072472,0.809999999999993,59.6630447603758));
#3768=CARTESIAN_POINT('',(33.9975639072472,1.30999999999999,59.6630447603758));
#3769=CARTESIAN_POINT('Ctrl Pts',(33.9975639072472,0.809999999999993,59.6630447603758));
#3770=CARTESIAN_POINT('Ctrl Pts',(33.9873545053881,0.809999999999993,59.7020300733201));
#3771=CARTESIAN_POINT('Ctrl Pts',(33.9677651026248,0.809999999999993,59.7802305765964));
#3772=CARTESIAN_POINT('Ctrl Pts',(33.9408691958974,0.809999999999993,59.8982209757854));
#3773=CARTESIAN_POINT('Ctrl Pts',(33.9099934389431,0.809999999999993,60.0569231897748));
#3774=CARTESIAN_POINT('Ctrl Pts',(33.8797919754765,0.809999999999993,60.2575725008439));
#3775=CARTESIAN_POINT('Ctrl Pts',(33.8581457952077,0.809999999999993,60.4603720300509));
#3776=CARTESIAN_POINT('Ctrl Pts',(33.8453082737958,0.809999999999993,60.6650624954125));
#3777=CARTESIAN_POINT('Ctrl Pts',(33.8416413642324,0.809999999999993,60.8711848594093));
#3778=CARTESIAN_POINT('Ctrl Pts',(33.847620846835,0.809999999999993,61.0780480950361));
#3779=CARTESIAN_POINT('Ctrl Pts',(33.8638799163041,0.809999999999993,61.2845880673072));
#3780=CARTESIAN_POINT('Ctrl Pts',(33.8913083698978,0.809999999999993,61.4890731961182));
#3781=CARTESIAN_POINT('Ctrl Pts',(33.9311319386654,0.809999999999993,61.6888553955691));
#3782=CARTESIAN_POINT('Ctrl Pts',(33.9850118533074,0.809999999999993,61.8800724156406));
#3783=CARTESIAN_POINT('Ctrl Pts',(34.0551078891121,0.809999999999993,62.0574194212104));
#3784=CARTESIAN_POINT('Ctrl Pts',(34.1442327384375,0.809999999999993,62.2137329934397));
#3785=CARTESIAN_POINT('Ctrl Pts',(34.2551586133265,0.809999999999993,62.3412610367493));
#3786=CARTESIAN_POINT('Ctrl Pts',(34.3898139183608,0.809999999999993,62.4331515818778));
#3787=CARTESIAN_POINT('Ctrl Pts',(34.5484819711411,0.809999999999993,62.4849179493744));
#3788=CARTESIAN_POINT('Ctrl Pts',(34.72904591546,0.809999999999993,62.4958355342577));
#3789=CARTESIAN_POINT('Ctrl Pts',(34.9260251913793,0.809999999999993,62.4706684609445));
#3790=CARTESIAN_POINT('Ctrl Pts',(35.1316412414535,0.809999999999993,62.418147400189));
#3791=CARTESIAN_POINT('Ctrl Pts',(35.3371089023802,0.809999999999993,62.3490817072305));
#3792=CARTESIAN_POINT('Ctrl Pts',(35.5338818652642,0.809999999999993,62.2745645030394));
#3793=CARTESIAN_POINT('Ctrl Pts',(35.7148116851194,0.809999999999993,62.2042888001605));
#3794=CARTESIAN_POINT('Ctrl Pts',(35.8756057085822,0.809999999999993,62.1444730808721));
#3795=CARTESIAN_POINT('Ctrl Pts',(36.0153176056364,0.809999999999993,62.0970851357142));
#3796=CARTESIAN_POINT('Ctrl Pts',(36.1350869667243,0.809999999999993,62.0614187459459));
#3797=CARTESIAN_POINT('Ctrl Pts',(36.2372581801007,0.809999999999993,62.0351607962313));
#3798=CARTESIAN_POINT('Ctrl Pts',(36.3244259591068,0.809999999999993,62.0155686340849));
#3799=CARTESIAN_POINT('Ctrl Pts',(36.398359497706,0.809999999999993,62.0007878504066));
#3800=CARTESIAN_POINT('Ctrl Pts',(36.4476307453928,0.809999999999993,61.9921025070175));
#3801=CARTESIAN_POINT('Ctrl Pts',(36.4791892230395,0.809999999999993,61.9872069418377));
#3802=CARTESIAN_POINT('Ctrl Pts',(36.4978339480173,0.809999999999993,61.9846622629918));
#3803=CARTESIAN_POINT('Ctrl Pts',(36.506557793577,0.809999999999993,61.9835696223803));
#3804=CARTESIAN_POINT('Ctrl Pts',(32.0657564079135,1.30999999999999,58.3084236480381));
#3805=CARTESIAN_POINT('Ctrl Pts',(32.0657564079135,0.809999999999993,58.3084236480381));
#3806=CARTESIAN_POINT('Ctrl Pts',(32.0571397659235,1.30999999999999,58.2821443943054));
#3807=CARTESIAN_POINT('Ctrl Pts',(32.0571397659235,0.809999999999993,58.2821443943054));
#3808=CARTESIAN_POINT('Ctrl Pts',(32.044294078448,1.30999999999999,58.2308097353187));
#3809=CARTESIAN_POINT('Ctrl Pts',(32.044294078448,0.809999999999993,58.2308097353187));
#3810=CARTESIAN_POINT('Ctrl Pts',(32.0381886837448,1.30999999999999,58.1574793667157));
#3811=CARTESIAN_POINT('Ctrl Pts',(32.0381886837448,0.809999999999993,58.1574793667157));
#3812=CARTESIAN_POINT('Ctrl Pts',(32.0564191015901,1.30999999999999,58.0670614340669));
#3813=CARTESIAN_POINT('Ctrl Pts',(32.0564191015901,0.809999999999993,58.0670614340669));
#3814=CARTESIAN_POINT('Ctrl Pts',(32.1227225975925,1.30999999999999,57.9662667504862));
#3815=CARTESIAN_POINT('Ctrl Pts',(32.1227225975925,0.809999999999993,57.9662667504862));
#3816=CARTESIAN_POINT('Ctrl Pts',(32.2306895918819,1.30999999999999,57.8774559821836));
#3817=CARTESIAN_POINT('Ctrl Pts',(32.2306895918819,0.809999999999993,57.8774559821836));
#3818=CARTESIAN_POINT('Ctrl Pts',(32.376334803834,1.30999999999999,57.8000581016253));
#3819=CARTESIAN_POINT('Ctrl Pts',(32.376334803834,0.809999999999993,57.8000581016253));
#3820=CARTESIAN_POINT('Ctrl Pts',(32.5524210920275,1.30999999999999,57.7329731945599));
#3821=CARTESIAN_POINT('Ctrl Pts',(32.5524210920275,0.809999999999993,57.7329731945599));
#3822=CARTESIAN_POINT('Ctrl Pts',(32.7486669311147,1.30999999999999,57.6746572857324));
#3823=CARTESIAN_POINT('Ctrl Pts',(32.7486669311147,0.809999999999993,57.6746572857324));
#3824=CARTESIAN_POINT('Ctrl Pts',(32.9535306738967,1.30999999999999,57.6235499341233));
#3825=CARTESIAN_POINT('Ctrl Pts',(32.9535306738967,0.809999999999993,57.6235499341233));
#3826=CARTESIAN_POINT('Ctrl Pts',(33.1555380195308,1.30999999999999,57.5784006740301));
#3827=CARTESIAN_POINT('Ctrl Pts',(33.1555380195308,0.809999999999993,57.5784006740301));
#3828=CARTESIAN_POINT('Ctrl Pts',(33.3448613891606,1.30999999999999,57.5386579132101));
#3829=CARTESIAN_POINT('Ctrl Pts',(33.3448613891606,0.809999999999993,57.5386579132101));
#3830=CARTESIAN_POINT('Ctrl Pts',(33.5146353826999,1.30999999999999,57.5047846664427));
#3831=CARTESIAN_POINT('Ctrl Pts',(33.5146353826999,0.809999999999993,57.5047846664427));
#3832=CARTESIAN_POINT('Ctrl Pts',(33.6628330603648,1.30999999999999,57.47873928427));
#3833=CARTESIAN_POINT('Ctrl Pts',(33.6628330603648,0.809999999999993,57.47873928427));
#3834=CARTESIAN_POINT('Ctrl Pts',(33.7911976143203,1.30999999999999,57.4635721750733));
#3835=CARTESIAN_POINT('Ctrl Pts',(33.7911976143203,0.809999999999993,57.4635721750733));
#3836=CARTESIAN_POINT('Ctrl Pts',(33.9032342155689,1.30999999999999,57.4627380221891));
#3837=CARTESIAN_POINT('Ctrl Pts',(33.9032342155689,0.809999999999993,57.4627380221891));
#3838=CARTESIAN_POINT('Ctrl Pts',(34.0025451898787,1.30999999999999,57.4795071422044));
#3839=CARTESIAN_POINT('Ctrl Pts',(34.0025451898787,0.809999999999993,57.4795071422044));
#3840=CARTESIAN_POINT('Ctrl Pts',(34.0910038467247,1.30999999999999,57.5163260843134));
#3841=CARTESIAN_POINT('Ctrl Pts',(34.0910038467247,0.809999999999993,57.5163260843134));
#3842=CARTESIAN_POINT('Ctrl Pts',(34.1670625058913,1.30999999999999,57.5742089942267));
#3843=CARTESIAN_POINT('Ctrl Pts',(34.1670625058913,0.809999999999993,57.5742089942267));
#3844=CARTESIAN_POINT('Ctrl Pts',(34.2273566334606,1.30999999999999,57.6530354010844));
#3845=CARTESIAN_POINT('Ctrl Pts',(34.2273566334606,0.809999999999993,57.6530354010844));
#3846=CARTESIAN_POINT('Ctrl Pts',(34.2682987382462,1.30999999999999,57.7518248130052));
#3847=CARTESIAN_POINT('Ctrl Pts',(34.2682987382462,0.809999999999993,57.7518248130052));
#3848=CARTESIAN_POINT('Ctrl Pts',(34.2875604593936,1.30999999999999,57.8690037150055));
#3849=CARTESIAN_POINT('Ctrl Pts',(34.2875604593936,0.809999999999993,57.8690037150055));
#3850=CARTESIAN_POINT('Ctrl Pts',(34.2859004941988,1.30999999999999,58.0026781527754));
#3851=CARTESIAN_POINT('Ctrl Pts',(34.2859004941988,0.809999999999993,58.0026781527754));
#3852=CARTESIAN_POINT('Ctrl Pts',(34.2666263716351,1.30999999999999,58.1508012630319));
#3853=CARTESIAN_POINT('Ctrl Pts',(34.2666263716351,0.809999999999993,58.1508012630319));
#3854=CARTESIAN_POINT('Ctrl Pts',(34.234522545981,1.30999999999999,58.3113108047073));
#3855=CARTESIAN_POINT('Ctrl Pts',(34.234522545981,0.809999999999993,58.3113108047073));
#3856=CARTESIAN_POINT('Ctrl Pts',(34.1949543379426,1.30999999999999,58.4822776514155));
#3857=CARTESIAN_POINT('Ctrl Pts',(34.1949543379426,0.809999999999993,58.4822776514155));
#3858=CARTESIAN_POINT('Ctrl Pts',(34.152960330881,1.30999999999999,58.662038189035));
#3859=CARTESIAN_POINT('Ctrl Pts',(34.152960330881,0.809999999999993,58.662038189035));
#3860=CARTESIAN_POINT('Ctrl Pts',(34.1122146752031,1.30999999999999,58.8493571556858));
#3861=CARTESIAN_POINT('Ctrl Pts',(34.1122146752031,0.809999999999993,58.8493571556858));
#3862=CARTESIAN_POINT('Ctrl Pts',(34.075090317797,1.30999999999999,59.0433917300592));
#3863=CARTESIAN_POINT('Ctrl Pts',(34.075090317797,0.809999999999993,59.0433917300592));
#3864=CARTESIAN_POINT('Ctrl Pts',(34.0429927254308,1.30999999999999,59.2436087639048));
#3865=CARTESIAN_POINT('Ctrl Pts',(34.0429927254308,0.809999999999993,59.2436087639048));
#3866=CARTESIAN_POINT('Ctrl Pts',(34.0218724048602,1.30999999999999,59.4084969247234));
#3867=CARTESIAN_POINT('Ctrl Pts',(34.0218724048602,0.809999999999993,59.4084969247234));
#3868=CARTESIAN_POINT('Ctrl Pts',(34.0086874928924,1.30999999999999,59.5347619637154));
#3869=CARTESIAN_POINT('Ctrl Pts',(34.0086874928924,0.809999999999993,59.5347619637154));
#3870=CARTESIAN_POINT('Ctrl Pts',(34.0010754485537,1.30999999999999,59.6200916613293));
#3871=CARTESIAN_POINT('Ctrl Pts',(34.0010754485537,0.809999999999993,59.6200916613293));
#3872=CARTESIAN_POINT('Ctrl Pts',(33.9975639072472,1.30999999999999,59.6630447603758));
#3873=CARTESIAN_POINT('Ctrl Pts',(33.9975639072472,0.809999999999993,59.6630447603758));
#3874=CARTESIAN_POINT('',(32.0657564079135,0.809999999999993,58.3084236480381));
#3875=CARTESIAN_POINT('',(32.0657564079135,1.30999999999999,58.3084236480381));
#3876=CARTESIAN_POINT('Ctrl Pts',(32.0657564079135,0.809999999999993,58.3084236480381));
#3877=CARTESIAN_POINT('Ctrl Pts',(32.0571397659235,0.809999999999993,58.2821443943054));
#3878=CARTESIAN_POINT('Ctrl Pts',(32.044294078448,0.809999999999993,58.2308097353187));
#3879=CARTESIAN_POINT('Ctrl Pts',(32.0381886837448,0.809999999999993,58.1574793667157));
#3880=CARTESIAN_POINT('Ctrl Pts',(32.0564191015901,0.809999999999993,58.0670614340669));
#3881=CARTESIAN_POINT('Ctrl Pts',(32.1227225975925,0.809999999999993,57.9662667504862));
#3882=CARTESIAN_POINT('Ctrl Pts',(32.2306895918819,0.809999999999993,57.8774559821836));
#3883=CARTESIAN_POINT('Ctrl Pts',(32.376334803834,0.809999999999993,57.8000581016253));
#3884=CARTESIAN_POINT('Ctrl Pts',(32.5524210920275,0.809999999999993,57.7329731945599));
#3885=CARTESIAN_POINT('Ctrl Pts',(32.7486669311147,0.809999999999993,57.6746572857324));
#3886=CARTESIAN_POINT('Ctrl Pts',(32.9535306738967,0.809999999999993,57.6235499341233));
#3887=CARTESIAN_POINT('Ctrl Pts',(33.1555380195308,0.809999999999993,57.5784006740301));
#3888=CARTESIAN_POINT('Ctrl Pts',(33.3448613891606,0.809999999999993,57.5386579132101));
#3889=CARTESIAN_POINT('Ctrl Pts',(33.5146353826999,0.809999999999993,57.5047846664427));
#3890=CARTESIAN_POINT('Ctrl Pts',(33.6628330603648,0.809999999999993,57.47873928427));
#3891=CARTESIAN_POINT('Ctrl Pts',(33.7911976143203,0.809999999999993,57.4635721750733));
#3892=CARTESIAN_POINT('Ctrl Pts',(33.9032342155689,0.809999999999993,57.4627380221891));
#3893=CARTESIAN_POINT('Ctrl Pts',(34.0025451898787,0.809999999999993,57.4795071422044));
#3894=CARTESIAN_POINT('Ctrl Pts',(34.0910038467247,0.809999999999993,57.5163260843134));
#3895=CARTESIAN_POINT('Ctrl Pts',(34.1670625058913,0.809999999999993,57.5742089942267));
#3896=CARTESIAN_POINT('Ctrl Pts',(34.2273566334606,0.809999999999993,57.6530354010844));
#3897=CARTESIAN_POINT('Ctrl Pts',(34.2682987382462,0.809999999999993,57.7518248130052));
#3898=CARTESIAN_POINT('Ctrl Pts',(34.2875604593936,0.809999999999993,57.8690037150055));
#3899=CARTESIAN_POINT('Ctrl Pts',(34.2859004941988,0.809999999999993,58.0026781527754));
#3900=CARTESIAN_POINT('Ctrl Pts',(34.2666263716351,0.809999999999993,58.1508012630319));
#3901=CARTESIAN_POINT('Ctrl Pts',(34.234522545981,0.809999999999993,58.3113108047073));
#3902=CARTESIAN_POINT('Ctrl Pts',(34.1949543379426,0.809999999999993,58.4822776514155));
#3903=CARTESIAN_POINT('Ctrl Pts',(34.152960330881,0.809999999999993,58.662038189035));
#3904=CARTESIAN_POINT('Ctrl Pts',(34.1122146752031,0.809999999999993,58.8493571556858));
#3905=CARTESIAN_POINT('Ctrl Pts',(34.075090317797,0.809999999999993,59.0433917300592));
#3906=CARTESIAN_POINT('Ctrl Pts',(34.0429927254308,0.809999999999993,59.2436087639048));
#3907=CARTESIAN_POINT('Ctrl Pts',(34.0218724048602,0.809999999999993,59.4084969247234));
#3908=CARTESIAN_POINT('Ctrl Pts',(34.0086874928924,0.809999999999993,59.5347619637154));
#3909=CARTESIAN_POINT('Ctrl Pts',(34.0010754485537,0.809999999999993,59.6200916613293));
#3910=CARTESIAN_POINT('Ctrl Pts',(33.9975639072472,0.809999999999993,59.6630447603758));
#3911=CARTESIAN_POINT('Ctrl Pts',(37.3585000286563,1.30999999999999,64.0895486033916));
#3912=CARTESIAN_POINT('Ctrl Pts',(37.3585000286563,0.809999999999993,64.0895486033916));
#3913=CARTESIAN_POINT('Ctrl Pts',(37.3300458112161,1.30999999999999,64.0360942148052));
#3914=CARTESIAN_POINT('Ctrl Pts',(37.3300458112161,0.809999999999993,64.0360942148052));
#3915=CARTESIAN_POINT('Ctrl Pts',(37.2749941703018,1.30999999999999,63.9349951288654));
#3916=CARTESIAN_POINT('Ctrl Pts',(37.2749941703018,0.809999999999993,63.9349951288654));
#3917=CARTESIAN_POINT('Ctrl Pts',(37.1979872275015,1.30999999999999,63.8007756971113));
#3918=CARTESIAN_POINT('Ctrl Pts',(37.1979872275015,0.809999999999993,63.8007756971113));
#3919=CARTESIAN_POINT('Ctrl Pts',(37.1064561957734,1.30999999999999,63.6566895457331));
#3920=CARTESIAN_POINT('Ctrl Pts',(37.1064561957734,0.809999999999993,63.6566895457331));
#3921=CARTESIAN_POINT('Ctrl Pts',(37.0103254241753,1.30999999999999,63.5342486197004));
#3922=CARTESIAN_POINT('Ctrl Pts',(37.0103254241753,0.809999999999993,63.5342486197004));
#3923=CARTESIAN_POINT('Ctrl Pts',(36.9315291767141,1.30999999999999,63.4679303750906));
#3924=CARTESIAN_POINT('Ctrl Pts',(36.9315291767141,0.809999999999993,63.4679303750906));
#3925=CARTESIAN_POINT('Ctrl Pts',(36.8681699865925,1.30999999999999,63.4545604230258));
#3926=CARTESIAN_POINT('Ctrl Pts',(36.8681699865925,0.809999999999993,63.4545604230258));
#3927=CARTESIAN_POINT('Ctrl Pts',(36.8169613823099,1.30999999999999,63.4886573776711));
#3928=CARTESIAN_POINT('Ctrl Pts',(36.8169613823099,0.809999999999993,63.4886573776711));
#3929=CARTESIAN_POINT('Ctrl Pts',(36.7732337112903,1.30999999999999,63.5621629247874));
#3930=CARTESIAN_POINT('Ctrl Pts',(36.7732337112903,0.809999999999993,63.5621629247874));
#3931=CARTESIAN_POINT('Ctrl Pts',(36.7319436807724,1.30999999999999,63.6651483904342));
#3932=CARTESIAN_POINT('Ctrl Pts',(36.7319436807724,0.809999999999993,63.6651483904342));
#3933=CARTESIAN_POINT('Ctrl Pts',(36.6885344249419,1.30999999999999,63.7863066938002));
#3934=CARTESIAN_POINT('Ctrl Pts',(36.6885344249419,0.809999999999993,63.7863066938002));
#3935=CARTESIAN_POINT('Ctrl Pts',(36.6397241686379,1.30999999999999,63.9135717971135));
#3936=CARTESIAN_POINT('Ctrl Pts',(36.6397241686379,0.809999999999993,63.9135717971135));
#3937=CARTESIAN_POINT('Ctrl Pts',(36.5820520370586,1.30999999999999,64.0354080655353));
#3938=CARTESIAN_POINT('Ctrl Pts',(36.5820520370586,0.809999999999993,64.0354080655353));
#3939=CARTESIAN_POINT('Ctrl Pts',(36.5106174293705,1.30999999999999,64.1420769873075));
#3940=CARTESIAN_POINT('Ctrl Pts',(36.5106174293705,0.809999999999993,64.1420769873075));
#3941=CARTESIAN_POINT('Ctrl Pts',(36.4176566626385,1.30999999999999,64.226902992717));
#3942=CARTESIAN_POINT('Ctrl Pts',(36.4176566626385,0.809999999999993,64.226902992717));
#3943=CARTESIAN_POINT('Ctrl Pts',(36.2913917409959,1.30999999999999,64.2875667969351));
#3944=CARTESIAN_POINT('Ctrl Pts',(36.2913917409959,0.809999999999993,64.2875667969351));
#3945=CARTESIAN_POINT('Ctrl Pts',(36.1195923418978,1.30999999999999,64.3252528163152));
#3946=CARTESIAN_POINT('Ctrl Pts',(36.1195923418978,0.809999999999993,64.3252528163152));
#3947=CARTESIAN_POINT('Ctrl Pts',(35.8940084443235,1.30999999999999,64.3441424118155));
#3948=CARTESIAN_POINT('Ctrl Pts',(35.8940084443235,0.809999999999993,64.3441424118155));
#3949=CARTESIAN_POINT('Ctrl Pts',(35.6126468123778,1.30999999999999,64.3501742422339));
#3950=CARTESIAN_POINT('Ctrl Pts',(35.6126468123778,0.809999999999993,64.3501742422339));
#3951=CARTESIAN_POINT('Ctrl Pts',(35.2871975298542,1.30999999999999,64.3515228830433));
#3952=CARTESIAN_POINT('Ctrl Pts',(35.2871975298542,0.809999999999993,64.3515228830433));
#3953=CARTESIAN_POINT('Ctrl Pts',(34.9368661449459,1.30999999999999,64.3545545396074));
#3954=CARTESIAN_POINT('Ctrl Pts',(34.9368661449459,0.809999999999993,64.3545545396074));
#3955=CARTESIAN_POINT('Ctrl Pts',(34.576240437962,1.30999999999999,64.3607226996774));
#3956=CARTESIAN_POINT('Ctrl Pts',(34.576240437962,0.809999999999993,64.3607226996774));
#3957=CARTESIAN_POINT('Ctrl Pts',(34.2192131077712,1.30999999999999,64.3687824066381));
#3958=CARTESIAN_POINT('Ctrl Pts',(34.2192131077712,0.809999999999993,64.3687824066381));
#3959=CARTESIAN_POINT('Ctrl Pts',(33.8770770601713,1.30999999999999,64.3750720825698));
#3960=CARTESIAN_POINT('Ctrl Pts',(33.8770770601713,0.809999999999993,64.3750720825698));
#3961=CARTESIAN_POINT('Ctrl Pts',(33.5590862533263,1.30999999999999,64.3746019061403));
#3962=CARTESIAN_POINT('Ctrl Pts',(33.5590862533263,0.809999999999993,64.3746019061403));
#3963=CARTESIAN_POINT('Ctrl Pts',(33.2719354214074,1.30999999999999,64.3618041138335));
#3964=CARTESIAN_POINT('Ctrl Pts',(33.2719354214074,0.809999999999993,64.3618041138335));
#3965=CARTESIAN_POINT('Ctrl Pts',(33.0197400551109,1.30999999999999,64.3313999818298));
#3966=CARTESIAN_POINT('Ctrl Pts',(33.0197400551109,0.809999999999993,64.3313999818298));
#3967=CARTESIAN_POINT('Ctrl Pts',(32.8037000174429,1.30999999999999,64.2792826349551));
#3968=CARTESIAN_POINT('Ctrl Pts',(32.8037000174429,0.809999999999993,64.2792826349551));
#3969=CARTESIAN_POINT('Ctrl Pts',(32.6221908408793,1.30999999999999,64.203188292));
#3970=CARTESIAN_POINT('Ctrl Pts',(32.6221908408793,0.809999999999993,64.203188292));
#3971=CARTESIAN_POINT('Ctrl Pts',(32.4719238202895,1.30999999999999,64.1025523262183));
#3972=CARTESIAN_POINT('Ctrl Pts',(32.4719238202895,0.809999999999993,64.1025523262183));
#3973=CARTESIAN_POINT('Ctrl Pts',(32.3489596614432,1.30999999999999,63.9785216644852));
#3974=CARTESIAN_POINT('Ctrl Pts',(32.3489596614432,0.809999999999993,63.9785216644852));
#3975=CARTESIAN_POINT('Ctrl Pts',(32.2497225029218,1.30999999999999,63.833880330306));
#3976=CARTESIAN_POINT('Ctrl Pts',(32.2497225029218,0.809999999999993,63.833880330306));
#3977=CARTESIAN_POINT('Ctrl Pts',(32.1721414680249,1.30999999999999,63.6730829770485));
#3978=CARTESIAN_POINT('Ctrl Pts',(32.1721414680249,0.809999999999993,63.6730829770485));
#3979=CARTESIAN_POINT('Ctrl Pts',(32.116357530353,1.30999999999999,63.5020460570565));
#3980=CARTESIAN_POINT('Ctrl Pts',(32.116357530353,0.809999999999993,63.5020460570565));
#3981=CARTESIAN_POINT('Ctrl Pts',(32.0833617469064,1.30999999999999,63.326914682123));
#3982=CARTESIAN_POINT('Ctrl Pts',(32.0833617469064,0.809999999999993,63.326914682123));
#3983=CARTESIAN_POINT('Ctrl Pts',(32.0738493928466,1.30999999999999,63.1528969129876));
#3984=CARTESIAN_POINT('Ctrl Pts',(32.0738493928466,0.809999999999993,63.1528969129876));
#3985=CARTESIAN_POINT('Ctrl Pts',(32.0871190942766,1.30999999999999,62.9832120449363));
#3986=CARTESIAN_POINT('Ctrl Pts',(32.0871190942766,0.809999999999993,62.9832120449363));
#3987=CARTESIAN_POINT('Ctrl Pts',(32.1196422222569,1.30999999999999,62.8176504645838));
#3988=CARTESIAN_POINT('Ctrl Pts',(32.1196422222569,0.809999999999993,62.8176504645838));
#3989=CARTESIAN_POINT('Ctrl Pts',(32.1648229213189,1.30999999999999,62.6524445842354));
#3990=CARTESIAN_POINT('Ctrl Pts',(32.1648229213189,0.809999999999993,62.6524445842354));
#3991=CARTESIAN_POINT('Ctrl Pts',(32.2148176282135,1.30999999999999,62.4823698965481));
#3992=CARTESIAN_POINT('Ctrl Pts',(32.2148176282135,0.809999999999993,62.4823698965481));
#3993=CARTESIAN_POINT('Ctrl Pts',(32.2619594005038,1.30999999999999,62.3024343460595));
#3994=CARTESIAN_POINT('Ctrl Pts',(32.2619594005038,0.809999999999993,62.3024343460595));
#3995=CARTESIAN_POINT('Ctrl Pts',(32.3001832874407,1.30999999999999,62.1095297349972));
#3996=CARTESIAN_POINT('Ctrl Pts',(32.3001832874407,0.809999999999993,62.1095297349972));
#3997=CARTESIAN_POINT('Ctrl Pts',(32.3268359314256,1.30999999999999,61.9045955904556));
#3998=CARTESIAN_POINT('Ctrl Pts',(32.3268359314256,0.809999999999993,61.9045955904556));
#3999=CARTESIAN_POINT('Ctrl Pts',(32.3428620151066,1.30999999999999,61.6926812492485));
#4000=CARTESIAN_POINT('Ctrl Pts',(32.3428620151066,0.809999999999993,61.6926812492485));
#4001=CARTESIAN_POINT('Ctrl Pts',(32.3511439080526,1.30999999999999,61.4806301447242));
#4002=CARTESIAN_POINT('Ctrl Pts',(32.3511439080526,0.809999999999993,61.4806301447242));
#4003=CARTESIAN_POINT('Ctrl Pts',(32.3553197903089,1.30999999999999,61.2753749889634));
#4004=CARTESIAN_POINT('Ctrl Pts',(32.3553197903089,0.809999999999993,61.2753749889634));
#4005=CARTESIAN_POINT('Ctrl Pts',(32.3584389889272,1.30999999999999,61.0820312153198));
#4006=CARTESIAN_POINT('Ctrl Pts',(32.3584389889272,0.809999999999993,61.0820312153198));
#4007=CARTESIAN_POINT('Ctrl Pts',(32.3616159143074,1.30999999999999,60.9019656843437));
#4008=CARTESIAN_POINT('Ctrl Pts',(32.3616159143074,0.809999999999993,60.9019656843437));
#4009=CARTESIAN_POINT('Ctrl Pts',(32.3628840052939,1.30999999999999,60.7311801505112));
#4010=CARTESIAN_POINT('Ctrl Pts',(32.3628840052939,0.809999999999993,60.7311801505112));
#4011=CARTESIAN_POINT('Ctrl Pts',(32.3586382597408,1.30999999999999,60.5626586489981));
#4012=CARTESIAN_POINT('Ctrl Pts',(32.3586382597408,0.809999999999993,60.5626586489981));
#4013=CARTESIAN_POINT('Ctrl Pts',(32.3449107788604,1.30999999999999,60.3884605968133));
#4014=CARTESIAN_POINT('Ctrl Pts',(32.3449107788604,0.809999999999993,60.3884605968133));
#4015=CARTESIAN_POINT('Ctrl Pts',(32.3186502243964,1.30999999999999,60.2018165209952));
#4016=CARTESIAN_POINT('Ctrl Pts',(32.3186502243964,0.809999999999993,60.2018165209952));
#4017=CARTESIAN_POINT('Ctrl Pts',(32.2791381148929,1.30999999999999,59.9994383869999));
#4018=CARTESIAN_POINT('Ctrl Pts',(32.2791381148929,0.809999999999993,59.9994383869999));
#4019=CARTESIAN_POINT('Ctrl Pts',(32.2289319043026,1.30999999999999,59.7830898458689));
#4020=CARTESIAN_POINT('Ctrl Pts',(32.2289319043026,0.809999999999993,59.7830898458689));
#4021=CARTESIAN_POINT('Ctrl Pts',(32.1727204651856,1.30999999999999,59.5578985749023));
#4022=CARTESIAN_POINT('Ctrl Pts',(32.1727204651856,0.809999999999993,59.5578985749023));
#4023=CARTESIAN_POINT('Ctrl Pts',(32.1165028971744,1.30999999999999,59.3311706470991));
#4024=CARTESIAN_POINT('Ctrl Pts',(32.1165028971744,0.809999999999993,59.3311706470991));
#4025=CARTESIAN_POINT('Ctrl Pts',(32.0666107275408,1.30999999999999,59.1109668327167));
#4026=CARTESIAN_POINT('Ctrl Pts',(32.0666107275408,0.809999999999993,59.1109668327167));
#4027=CARTESIAN_POINT('Ctrl Pts',(32.0288746338477,1.30999999999999,58.9048903378068));
#4028=CARTESIAN_POINT('Ctrl Pts',(32.0288746338477,0.809999999999993,58.9048903378068));
#4029=CARTESIAN_POINT('Ctrl Pts',(32.0075392303921,1.30999999999999,58.7185172560751));
#4030=CARTESIAN_POINT('Ctrl Pts',(32.0075392303921,0.809999999999993,58.7185172560751));
#4031=CARTESIAN_POINT('Ctrl Pts',(32.0050454515418,1.30999999999999,58.5550488445249));
#4032=CARTESIAN_POINT('Ctrl Pts',(32.0050454515418,0.809999999999993,58.5550488445249));
#4033=CARTESIAN_POINT('Ctrl Pts',(32.019106143582,1.30999999999999,58.4438899531567));
#4034=CARTESIAN_POINT('Ctrl Pts',(32.019106143582,0.809999999999993,58.4438899531567));
#4035=CARTESIAN_POINT('Ctrl Pts',(32.0388537874096,1.30999999999999,58.3717796333451));
#4036=CARTESIAN_POINT('Ctrl Pts',(32.0388537874096,0.809999999999993,58.3717796333451));
#4037=CARTESIAN_POINT('Ctrl Pts',(32.0561074609711,1.30999999999999,58.32870859117));
#4038=CARTESIAN_POINT('Ctrl Pts',(32.0561074609711,0.809999999999993,58.32870859117));
#4039=CARTESIAN_POINT('Ctrl Pts',(32.0657564079135,1.30999999999999,58.3084236480381));
#4040=CARTESIAN_POINT('Ctrl Pts',(32.0657564079135,0.809999999999993,58.3084236480381));
#4041=CARTESIAN_POINT('',(37.3585000286563,0.809999999999993,64.0895486033916));
#4042=CARTESIAN_POINT('',(37.3585000286563,1.30999999999999,64.0895486033916));
#4043=CARTESIAN_POINT('Ctrl Pts',(37.3585000286563,0.809999999999993,64.0895486033916));
#4044=CARTESIAN_POINT('Ctrl Pts',(37.3300458112161,0.809999999999993,64.0360942148052));
#4045=CARTESIAN_POINT('Ctrl Pts',(37.2749941703018,0.809999999999993,63.9349951288654));
#4046=CARTESIAN_POINT('Ctrl Pts',(37.1979872275015,0.809999999999993,63.8007756971113));
#4047=CARTESIAN_POINT('Ctrl Pts',(37.1064561957734,0.809999999999993,63.6566895457331));
#4048=CARTESIAN_POINT('Ctrl Pts',(37.0103254241753,0.809999999999993,63.5342486197004));
#4049=CARTESIAN_POINT('Ctrl Pts',(36.9315291767141,0.809999999999993,63.4679303750906));
#4050=CARTESIAN_POINT('Ctrl Pts',(36.8681699865925,0.809999999999993,63.4545604230258));
#4051=CARTESIAN_POINT('Ctrl Pts',(36.8169613823099,0.809999999999993,63.4886573776711));
#4052=CARTESIAN_POINT('Ctrl Pts',(36.7732337112903,0.809999999999993,63.5621629247874));
#4053=CARTESIAN_POINT('Ctrl Pts',(36.7319436807724,0.809999999999993,63.6651483904342));
#4054=CARTESIAN_POINT('Ctrl Pts',(36.6885344249419,0.809999999999993,63.7863066938002));
#4055=CARTESIAN_POINT('Ctrl Pts',(36.6397241686379,0.809999999999993,63.9135717971135));
#4056=CARTESIAN_POINT('Ctrl Pts',(36.5820520370586,0.809999999999993,64.0354080655353));
#4057=CARTESIAN_POINT('Ctrl Pts',(36.5106174293705,0.809999999999993,64.1420769873075));
#4058=CARTESIAN_POINT('Ctrl Pts',(36.4176566626385,0.809999999999993,64.226902992717));
#4059=CARTESIAN_POINT('Ctrl Pts',(36.2913917409959,0.809999999999993,64.2875667969351));
#4060=CARTESIAN_POINT('Ctrl Pts',(36.1195923418978,0.809999999999993,64.3252528163152));
#4061=CARTESIAN_POINT('Ctrl Pts',(35.8940084443235,0.809999999999993,64.3441424118155));
#4062=CARTESIAN_POINT('Ctrl Pts',(35.6126468123778,0.809999999999993,64.3501742422339));
#4063=CARTESIAN_POINT('Ctrl Pts',(35.2871975298542,0.809999999999993,64.3515228830433));
#4064=CARTESIAN_POINT('Ctrl Pts',(34.9368661449459,0.809999999999993,64.3545545396074));
#4065=CARTESIAN_POINT('Ctrl Pts',(34.576240437962,0.809999999999993,64.3607226996774));
#4066=CARTESIAN_POINT('Ctrl Pts',(34.2192131077712,0.809999999999993,64.3687824066381));
#4067=CARTESIAN_POINT('Ctrl Pts',(33.8770770601713,0.809999999999993,64.3750720825698));
#4068=CARTESIAN_POINT('Ctrl Pts',(33.5590862533263,0.809999999999993,64.3746019061403));
#4069=CARTESIAN_POINT('Ctrl Pts',(33.2719354214074,0.809999999999993,64.3618041138335));
#4070=CARTESIAN_POINT('Ctrl Pts',(33.0197400551109,0.809999999999993,64.3313999818298));
#4071=CARTESIAN_POINT('Ctrl Pts',(32.8037000174429,0.809999999999993,64.2792826349551));
#4072=CARTESIAN_POINT('Ctrl Pts',(32.6221908408793,0.809999999999993,64.203188292));
#4073=CARTESIAN_POINT('Ctrl Pts',(32.4719238202895,0.809999999999993,64.1025523262183));
#4074=CARTESIAN_POINT('Ctrl Pts',(32.3489596614432,0.809999999999993,63.9785216644852));
#4075=CARTESIAN_POINT('Ctrl Pts',(32.2497225029218,0.809999999999993,63.833880330306));
#4076=CARTESIAN_POINT('Ctrl Pts',(32.1721414680249,0.809999999999993,63.6730829770485));
#4077=CARTESIAN_POINT('Ctrl Pts',(32.116357530353,0.809999999999993,63.5020460570565));
#4078=CARTESIAN_POINT('Ctrl Pts',(32.0833617469064,0.809999999999993,63.326914682123));
#4079=CARTESIAN_POINT('Ctrl Pts',(32.0738493928466,0.809999999999993,63.1528969129876));
#4080=CARTESIAN_POINT('Ctrl Pts',(32.0871190942766,0.809999999999993,62.9832120449363));
#4081=CARTESIAN_POINT('Ctrl Pts',(32.1196422222569,0.809999999999993,62.8176504645838));
#4082=CARTESIAN_POINT('Ctrl Pts',(32.1648229213189,0.809999999999993,62.6524445842354));
#4083=CARTESIAN_POINT('Ctrl Pts',(32.2148176282135,0.809999999999993,62.4823698965481));
#4084=CARTESIAN_POINT('Ctrl Pts',(32.2619594005038,0.809999999999993,62.3024343460595));
#4085=CARTESIAN_POINT('Ctrl Pts',(32.3001832874407,0.809999999999993,62.1095297349972));
#4086=CARTESIAN_POINT('Ctrl Pts',(32.3268359314256,0.809999999999993,61.9045955904556));
#4087=CARTESIAN_POINT('Ctrl Pts',(32.3428620151066,0.809999999999993,61.6926812492485));
#4088=CARTESIAN_POINT('Ctrl Pts',(32.3511439080526,0.809999999999993,61.4806301447242));
#4089=CARTESIAN_POINT('Ctrl Pts',(32.3553197903089,0.809999999999993,61.2753749889634));
#4090=CARTESIAN_POINT('Ctrl Pts',(32.3584389889272,0.809999999999993,61.0820312153198));
#4091=CARTESIAN_POINT('Ctrl Pts',(32.3616159143074,0.809999999999993,60.9019656843437));
#4092=CARTESIAN_POINT('Ctrl Pts',(32.3628840052939,0.809999999999993,60.7311801505112));
#4093=CARTESIAN_POINT('Ctrl Pts',(32.3586382597408,0.809999999999993,60.5626586489981));
#4094=CARTESIAN_POINT('Ctrl Pts',(32.3449107788604,0.809999999999993,60.3884605968133));
#4095=CARTESIAN_POINT('Ctrl Pts',(32.3186502243964,0.809999999999993,60.2018165209952));
#4096=CARTESIAN_POINT('Ctrl Pts',(32.2791381148929,0.809999999999993,59.9994383869999));
#4097=CARTESIAN_POINT('Ctrl Pts',(32.2289319043026,0.809999999999993,59.7830898458689));
#4098=CARTESIAN_POINT('Ctrl Pts',(32.1727204651856,0.809999999999993,59.5578985749023));
#4099=CARTESIAN_POINT('Ctrl Pts',(32.1165028971744,0.809999999999993,59.3311706470991));
#4100=CARTESIAN_POINT('Ctrl Pts',(32.0666107275408,0.809999999999993,59.1109668327167));
#4101=CARTESIAN_POINT('Ctrl Pts',(32.0288746338477,0.809999999999993,58.9048903378068));
#4102=CARTESIAN_POINT('Ctrl Pts',(32.0075392303921,0.809999999999993,58.7185172560751));
#4103=CARTESIAN_POINT('Ctrl Pts',(32.0050454515418,0.809999999999993,58.5550488445249));
#4104=CARTESIAN_POINT('Ctrl Pts',(32.019106143582,0.809999999999993,58.4438899531567));
#4105=CARTESIAN_POINT('Ctrl Pts',(32.0388537874096,0.809999999999993,58.3717796333451));
#4106=CARTESIAN_POINT('Ctrl Pts',(32.0561074609711,0.809999999999993,58.32870859117));
#4107=CARTESIAN_POINT('Ctrl Pts',(32.0657564079135,0.809999999999993,58.3084236480381));
#4108=CARTESIAN_POINT('Ctrl Pts',(41.5297249263308,1.30999999999999,62.0628027940665));
#4109=CARTESIAN_POINT('Ctrl Pts',(41.5297249263308,0.809999999999993,62.0628027940665));
#4110=CARTESIAN_POINT('Ctrl Pts',(41.520471497808,1.30999999999999,62.1259614212564));
#4111=CARTESIAN_POINT('Ctrl Pts',(41.520471497808,0.809999999999993,62.1259614212564));
#4112=CARTESIAN_POINT('Ctrl Pts',(41.4978164991357,1.30999999999999,62.2561481243365));
#4113=CARTESIAN_POINT('Ctrl Pts',(41.4978164991357,0.809999999999993,62.2561481243365));
#4114=CARTESIAN_POINT('Ctrl Pts',(41.4509335465595,1.30999999999999,62.4580037784396));
#4115=CARTESIAN_POINT('Ctrl Pts',(41.4509335465595,0.809999999999993,62.4580037784396));
#4116=CARTESIAN_POINT('Ctrl Pts',(41.3597672113119,1.30999999999999,62.7343186963011));
#4117=CARTESIAN_POINT('Ctrl Pts',(41.3597672113119,0.809999999999993,62.7343186963011));
#4118=CARTESIAN_POINT('Ctrl Pts',(41.1955372740919,1.30999999999999,63.0790842294469));
#4119=CARTESIAN_POINT('Ctrl Pts',(41.1955372740919,0.809999999999993,63.0790842294469));
#4120=CARTESIAN_POINT('Ctrl Pts',(40.9817959411694,1.30999999999999,63.4129994886931));
#4121=CARTESIAN_POINT('Ctrl Pts',(40.9817959411694,0.809999999999993,63.4129994886931));
#4122=CARTESIAN_POINT('Ctrl Pts',(40.7245745155094,1.30999999999999,63.7237403389675));
#4123=CARTESIAN_POINT('Ctrl Pts',(40.7245745155094,0.809999999999993,63.7237403389675));
#4124=CARTESIAN_POINT('Ctrl Pts',(40.4313539681411,1.30999999999999,64.0017446232472));
#4125=CARTESIAN_POINT('Ctrl Pts',(40.4313539681411,0.809999999999993,64.0017446232472));
#4126=CARTESIAN_POINT('Ctrl Pts',(40.110844968587,1.30999999999999,64.2386100475787));
#4127=CARTESIAN_POINT('Ctrl Pts',(40.110844968587,0.809999999999993,64.2386100475787));
#4128=CARTESIAN_POINT('Ctrl Pts',(39.7719766032376,1.30999999999999,64.4272567210003));
#4129=CARTESIAN_POINT('Ctrl Pts',(39.7719766032376,0.809999999999993,64.4272567210003));
#4130=CARTESIAN_POINT('Ctrl Pts',(39.4229593130904,1.30999999999999,64.5620560668482));
#4131=CARTESIAN_POINT('Ctrl Pts',(39.4229593130904,0.809999999999993,64.5620560668482));
#4132=CARTESIAN_POINT('Ctrl Pts',(39.0701281483799,1.30999999999999,64.6390714456782));
#4133=CARTESIAN_POINT('Ctrl Pts',(39.0701281483799,0.809999999999993,64.6390714456782));
#4134=CARTESIAN_POINT('Ctrl Pts',(38.7178860956876,1.30999999999999,64.6558660401999));
#4135=CARTESIAN_POINT('Ctrl Pts',(38.7178860956876,0.809999999999993,64.6558660401999));
#4136=CARTESIAN_POINT('Ctrl Pts',(38.3691495945267,1.30999999999999,64.6111230512377));
#4137=CARTESIAN_POINT('Ctrl Pts',(38.3691495945267,0.809999999999993,64.6111230512377));
#4138=CARTESIAN_POINT('Ctrl Pts',(38.0256229340581,1.30999999999999,64.5043462282908));
#4139=CARTESIAN_POINT('Ctrl Pts',(38.0256229340581,0.809999999999993,64.5043462282908));
#4140=CARTESIAN_POINT('Ctrl Pts',(37.7556313625271,1.30999999999999,64.3693070707414));
#4141=CARTESIAN_POINT('Ctrl Pts',(37.7556313625271,0.809999999999993,64.3693070707414));
#4142=CARTESIAN_POINT('Ctrl Pts',(37.5559672364598,1.30999999999999,64.240221734681));
#4143=CARTESIAN_POINT('Ctrl Pts',(37.5559672364598,0.809999999999993,64.240221734681));
#4144=CARTESIAN_POINT('Ctrl Pts',(37.4241132035949,1.30999999999999,64.141828960579));
#4145=CARTESIAN_POINT('Ctrl Pts',(37.4241132035949,0.809999999999993,64.141828960579));
#4146=CARTESIAN_POINT('Ctrl Pts',(37.3585000286563,1.30999999999999,64.0895486033916));
#4147=CARTESIAN_POINT('Ctrl Pts',(37.3585000286563,0.809999999999993,64.0895486033916));
#4148=CARTESIAN_POINT('',(41.52972492634,0.809999999999993,62.0628027940679));
#4149=CARTESIAN_POINT('',(41.52972492634,1.30999999999999,62.0628027940679));
#4150=CARTESIAN_POINT('Ctrl Pts',(41.5297249263308,0.809999999999993,62.0628027940665));
#4151=CARTESIAN_POINT('Ctrl Pts',(41.520471497808,0.809999999999993,62.1259614212564));
#4152=CARTESIAN_POINT('Ctrl Pts',(41.4978164991357,0.809999999999993,62.2561481243365));
#4153=CARTESIAN_POINT('Ctrl Pts',(41.4509335465595,0.809999999999993,62.4580037784396));
#4154=CARTESIAN_POINT('Ctrl Pts',(41.3597672113119,0.809999999999993,62.7343186963011));
#4155=CARTESIAN_POINT('Ctrl Pts',(41.1955372740919,0.809999999999993,63.0790842294469));
#4156=CARTESIAN_POINT('Ctrl Pts',(40.9817959411694,0.809999999999993,63.4129994886931));
#4157=CARTESIAN_POINT('Ctrl Pts',(40.7245745155094,0.809999999999993,63.7237403389675));
#4158=CARTESIAN_POINT('Ctrl Pts',(40.4313539681411,0.809999999999993,64.0017446232472));
#4159=CARTESIAN_POINT('Ctrl Pts',(40.110844968587,0.809999999999993,64.2386100475787));
#4160=CARTESIAN_POINT('Ctrl Pts',(39.7719766032376,0.809999999999993,64.4272567210003));
#4161=CARTESIAN_POINT('Ctrl Pts',(39.4229593130904,0.809999999999993,64.5620560668482));
#4162=CARTESIAN_POINT('Ctrl Pts',(39.0701281483799,0.809999999999993,64.6390714456782));
#4163=CARTESIAN_POINT('Ctrl Pts',(38.7178860956876,0.809999999999993,64.6558660401999));
#4164=CARTESIAN_POINT('Ctrl Pts',(38.3691495945267,0.809999999999993,64.6111230512377));
#4165=CARTESIAN_POINT('Ctrl Pts',(38.0256229340581,0.809999999999993,64.5043462282908));
#4166=CARTESIAN_POINT('Ctrl Pts',(37.7556313625271,0.809999999999993,64.3693070707414));
#4167=CARTESIAN_POINT('Ctrl Pts',(37.5559672364598,0.809999999999993,64.240221734681));
#4168=CARTESIAN_POINT('Ctrl Pts',(37.4241132035949,0.809999999999993,64.141828960579));
#4169=CARTESIAN_POINT('Ctrl Pts',(37.3585000286563,0.809999999999993,64.0895486033916));
#4170=CARTESIAN_POINT('Ctrl Pts',(46.9703241398589,1.30999999999999,59.3876313961232));
#4171=CARTESIAN_POINT('Ctrl Pts',(46.9703241398589,0.809999999999993,59.3876313961232));
#4172=CARTESIAN_POINT('Ctrl Pts',(46.9692309185129,1.30999999999999,59.4217482654157));
#4173=CARTESIAN_POINT('Ctrl Pts',(46.9692309185129,0.809999999999993,59.4217482654157));
#4174=CARTESIAN_POINT('Ctrl Pts',(46.9673307243707,1.30999999999999,59.4890226156461));
#4175=CARTESIAN_POINT('Ctrl Pts',(46.9673307243707,0.809999999999993,59.4890226156461));
#4176=CARTESIAN_POINT('Ctrl Pts',(46.9653392180239,1.30999999999999,59.5870557582713));
#4177=CARTESIAN_POINT('Ctrl Pts',(46.9653392180239,0.809999999999993,59.5870557582713));
#4178=CARTESIAN_POINT('Ctrl Pts',(46.9644022257191,1.30999999999999,59.7120079823975));
#4179=CARTESIAN_POINT('Ctrl Pts',(46.9644022257191,0.809999999999993,59.7120079823975));
#4180=CARTESIAN_POINT('Ctrl Pts',(46.9659231837214,1.30999999999999,59.8593907949088));
#4181=CARTESIAN_POINT('Ctrl Pts',(46.9659231837214,0.809999999999993,59.8593907949088));
#4182=CARTESIAN_POINT('Ctrl Pts',(46.9696032484099,1.30999999999999,60.0004113989068));
#4183=CARTESIAN_POINT('Ctrl Pts',(46.9696032484099,0.809999999999993,60.0004113989068));
#4184=CARTESIAN_POINT('Ctrl Pts',(46.9743780691599,1.30999999999999,60.1399303968332));
#4185=CARTESIAN_POINT('Ctrl Pts',(46.9743780691599,0.809999999999993,60.1399303968332));
#4186=CARTESIAN_POINT('Ctrl Pts',(46.9784342861605,1.30999999999999,60.286249800502));
#4187=CARTESIAN_POINT('Ctrl Pts',(46.9784342861605,0.809999999999993,60.286249800502));
#4188=CARTESIAN_POINT('Ctrl Pts',(46.9795624709179,1.30999999999999,60.448870861647));
#4189=CARTESIAN_POINT('Ctrl Pts',(46.9795624709179,0.809999999999993,60.448870861647));
#4190=CARTESIAN_POINT('Ctrl Pts',(46.9755960050997,1.30999999999999,60.6357094949075));
#4191=CARTESIAN_POINT('Ctrl Pts',(46.9755960050997,0.809999999999993,60.6357094949075));
#4192=CARTESIAN_POINT('Ctrl Pts',(46.9647772385427,1.30999999999999,60.8508339695647));
#4193=CARTESIAN_POINT('Ctrl Pts',(46.9647772385427,0.809999999999993,60.8508339695647));
#4194=CARTESIAN_POINT('Ctrl Pts',(46.9462570699037,1.30999999999999,61.0911687048738));
#4195=CARTESIAN_POINT('Ctrl Pts',(46.9462570699037,0.809999999999993,61.0911687048738));
#4196=CARTESIAN_POINT('Ctrl Pts',(46.92007564842,1.30999999999999,61.3472856655737));
#4197=CARTESIAN_POINT('Ctrl Pts',(46.92007564842,0.809999999999993,61.3472856655737));
#4198=CARTESIAN_POINT('Ctrl Pts',(46.8868079120591,1.30999999999999,61.6068353512219));
#4199=CARTESIAN_POINT('Ctrl Pts',(46.8868079120591,0.809999999999993,61.6068353512219));
#4200=CARTESIAN_POINT('Ctrl Pts',(46.8473091205666,1.30999999999999,61.8572128925633));
#4201=CARTESIAN_POINT('Ctrl Pts',(46.8473091205666,0.809999999999993,61.8572128925633));
#4202=CARTESIAN_POINT('Ctrl Pts',(46.8024239869362,1.30999999999999,62.0884657646602));
#4203=CARTESIAN_POINT('Ctrl Pts',(46.8024239869362,0.809999999999993,62.0884657646602));
#4204=CARTESIAN_POINT('Ctrl Pts',(46.7527031014468,1.30999999999999,62.2962705841174));
#4205=CARTESIAN_POINT('Ctrl Pts',(46.7527031014468,0.809999999999993,62.2962705841174));
#4206=CARTESIAN_POINT('Ctrl Pts',(46.6981408769827,1.30999999999999,62.4844163535337));
#4207=CARTESIAN_POINT('Ctrl Pts',(46.6981408769827,0.809999999999993,62.4844163535337));
#4208=CARTESIAN_POINT('Ctrl Pts',(46.6382445670225,1.30999999999999,62.6613401955571));
#4209=CARTESIAN_POINT('Ctrl Pts',(46.6382445670225,0.809999999999993,62.6613401955571));
#4210=CARTESIAN_POINT('Ctrl Pts',(46.5720759802648,1.30999999999999,62.8370069446407));
#4211=CARTESIAN_POINT('Ctrl Pts',(46.5720759802648,0.809999999999993,62.8370069446407));
#4212=CARTESIAN_POINT('Ctrl Pts',(46.4983046293785,1.30999999999999,63.0198863703108));
#4213=CARTESIAN_POINT('Ctrl Pts',(46.4983046293785,0.809999999999993,63.0198863703108));
#4214=CARTESIAN_POINT('Ctrl Pts',(46.4152501582893,1.30999999999999,63.2133623910109));
#4215=CARTESIAN_POINT('Ctrl Pts',(46.4152501582893,0.809999999999993,63.2133623910109));
#4216=CARTESIAN_POINT('Ctrl Pts',(46.3209449313735,1.30999999999999,63.4140917057955));
#4217=CARTESIAN_POINT('Ctrl Pts',(46.3209449313735,0.809999999999993,63.4140917057955));
#4218=CARTESIAN_POINT('Ctrl Pts',(46.2132430697766,1.30999999999999,63.6148692888669));
#4219=CARTESIAN_POINT('Ctrl Pts',(46.2132430697766,0.809999999999993,63.6148692888669));
#4220=CARTESIAN_POINT('Ctrl Pts',(46.0899154481252,1.30999999999999,63.806619013648));
#4221=CARTESIAN_POINT('Ctrl Pts',(46.0899154481252,0.809999999999993,63.806619013648));
#4222=CARTESIAN_POINT('Ctrl Pts',(45.9487602466518,1.30999999999999,63.9806345957722));
#4223=CARTESIAN_POINT('Ctrl Pts',(45.9487602466518,0.809999999999993,63.9806345957722));
#4224=CARTESIAN_POINT('Ctrl Pts',(45.7876838327885,1.30999999999999,64.1309291283612));
#4225=CARTESIAN_POINT('Ctrl Pts',(45.7876838327885,0.809999999999993,64.1309291283612));
#4226=CARTESIAN_POINT('Ctrl Pts',(45.604866977814,1.30999999999999,64.255883847439));
#4227=CARTESIAN_POINT('Ctrl Pts',(45.604866977814,0.809999999999993,64.255883847439));
#4228=CARTESIAN_POINT('Ctrl Pts',(45.3992802874179,1.30999999999999,64.3567346036714));
#4229=CARTESIAN_POINT('Ctrl Pts',(45.3992802874179,0.809999999999993,64.3567346036714));
#4230=CARTESIAN_POINT('Ctrl Pts',(45.1711443197056,1.30999999999999,64.436546447093));
#4231=CARTESIAN_POINT('Ctrl Pts',(45.1711443197056,0.809999999999993,64.436546447093));
#4232=CARTESIAN_POINT('Ctrl Pts',(44.9224270106945,1.30999999999999,64.4989939622119));
#4233=CARTESIAN_POINT('Ctrl Pts',(44.9224270106945,0.809999999999993,64.4989939622119));
#4234=CARTESIAN_POINT('Ctrl Pts',(44.6573023841396,1.30999999999999,64.5472497963434));
#4235=CARTESIAN_POINT('Ctrl Pts',(44.6573023841396,0.809999999999993,64.5472497963434));
#4236=CARTESIAN_POINT('Ctrl Pts',(44.3827075779653,1.30999999999999,64.582766885098));
#4237=CARTESIAN_POINT('Ctrl Pts',(44.3827075779653,0.809999999999993,64.582766885098));
#4238=CARTESIAN_POINT('Ctrl Pts',(44.1071511298616,1.30999999999999,64.6055078054822));
#4239=CARTESIAN_POINT('Ctrl Pts',(44.1071511298616,0.809999999999993,64.6055078054822));
#4240=CARTESIAN_POINT('Ctrl Pts',(43.839439190596,1.30999999999999,64.6142496605447));
#4241=CARTESIAN_POINT('Ctrl Pts',(43.839439190596,0.809999999999993,64.6142496605447));
#4242=CARTESIAN_POINT('Ctrl Pts',(43.5874043882615,1.30999999999999,64.6068556240685));
#4243=CARTESIAN_POINT('Ctrl Pts',(43.5874043882615,0.809999999999993,64.6068556240685));
#4244=CARTESIAN_POINT('Ctrl Pts',(43.3566970497806,1.30999999999999,64.5805656507569));
#4245=CARTESIAN_POINT('Ctrl Pts',(43.3566970497806,0.809999999999993,64.5805656507569));
#4246=CARTESIAN_POINT('Ctrl Pts',(43.1493887624486,1.30999999999999,64.532259677378));
#4247=CARTESIAN_POINT('Ctrl Pts',(43.1493887624486,0.809999999999993,64.532259677378));
#4248=CARTESIAN_POINT('Ctrl Pts',(42.9631101853696,1.30999999999999,64.4587837355371));
#4249=CARTESIAN_POINT('Ctrl Pts',(42.9631101853696,0.809999999999993,64.4587837355371));
#4250=CARTESIAN_POINT('Ctrl Pts',(42.7929440817593,1.30999999999999,64.3575521821985));
#4251=CARTESIAN_POINT('Ctrl Pts',(42.7929440817593,0.809999999999993,64.3575521821985));
#4252=CARTESIAN_POINT('Ctrl Pts',(42.6330117379937,1.30999999999999,64.2271450518125));
#4253=CARTESIAN_POINT('Ctrl Pts',(42.6330117379937,0.809999999999993,64.2271450518125));
#4254=CARTESIAN_POINT('Ctrl Pts',(42.4780740313029,1.30999999999999,64.0678530204153));
#4255=CARTESIAN_POINT('Ctrl Pts',(42.4780740313029,0.809999999999993,64.0678530204153));
#4256=CARTESIAN_POINT('Ctrl Pts',(42.3253631406475,1.30999999999999,63.8823865683132));
#4257=CARTESIAN_POINT('Ctrl Pts',(42.3253631406475,0.809999999999993,63.8823865683132));
#4258=CARTESIAN_POINT('Ctrl Pts',(42.1755504831493,1.30999999999999,63.6760764149421));
#4259=CARTESIAN_POINT('Ctrl Pts',(42.1755504831493,0.809999999999993,63.6760764149421));
#4260=CARTESIAN_POINT('Ctrl Pts',(42.0315342294618,1.30999999999999,63.4558134742998));
#4261=CARTESIAN_POINT('Ctrl Pts',(42.0315342294618,0.809999999999993,63.4558134742998));
#4262=CARTESIAN_POINT('Ctrl Pts',(41.8976747141845,1.30999999999999,63.229254935126));
#4263=CARTESIAN_POINT('Ctrl Pts',(41.8976747141845,0.809999999999993,63.229254935126));
#4264=CARTESIAN_POINT('Ctrl Pts',(41.7788271228966,1.30999999999999,63.0038960549819));
#4265=CARTESIAN_POINT('Ctrl Pts',(41.7788271228966,0.809999999999993,63.0038960549819));
#4266=CARTESIAN_POINT('Ctrl Pts',(41.679529685594,1.30999999999999,62.7862729843964));
#4267=CARTESIAN_POINT('Ctrl Pts',(41.679529685594,0.809999999999993,62.7862729843964));
#4268=CARTESIAN_POINT('Ctrl Pts',(41.6029535603494,1.30999999999999,62.5809208377087));
#4269=CARTESIAN_POINT('Ctrl Pts',(41.6029535603494,0.809999999999993,62.5809208377087));
#4270=CARTESIAN_POINT('Ctrl Pts',(41.5509076756099,1.30999999999999,62.3904753086569));
#4271=CARTESIAN_POINT('Ctrl Pts',(41.5509076756099,0.809999999999993,62.3904753086569));
#4272=CARTESIAN_POINT('Ctrl Pts',(41.5296025092141,1.30999999999999,62.2510941595531));
#4273=CARTESIAN_POINT('Ctrl Pts',(41.5296025092141,0.809999999999993,62.2510941595531));
#4274=CARTESIAN_POINT('Ctrl Pts',(41.5251743694272,1.30999999999999,62.1540403367206));
#4275=CARTESIAN_POINT('Ctrl Pts',(41.5251743694272,0.809999999999993,62.1540403367206));
#4276=CARTESIAN_POINT('Ctrl Pts',(41.5273529725434,1.30999999999999,62.0926613905952));
#4277=CARTESIAN_POINT('Ctrl Pts',(41.5273529725434,0.809999999999993,62.0926613905952));
#4278=CARTESIAN_POINT('Ctrl Pts',(41.52972492634,1.30999999999999,62.0628027940679));
#4279=CARTESIAN_POINT('Ctrl Pts',(41.52972492634,0.809999999999993,62.0628027940679));
#4280=CARTESIAN_POINT('',(46.9703241398589,0.809999999999993,59.3876313961232));
#4281=CARTESIAN_POINT('',(46.9703241398589,1.30999999999999,59.3876313961232));
#4282=CARTESIAN_POINT('Ctrl Pts',(46.9703241398589,0.809999999999993,59.3876313961232));
#4283=CARTESIAN_POINT('Ctrl Pts',(46.9692309185129,0.809999999999993,59.4217482654157));
#4284=CARTESIAN_POINT('Ctrl Pts',(46.9673307243707,0.809999999999993,59.4890226156461));
#4285=CARTESIAN_POINT('Ctrl Pts',(46.9653392180239,0.809999999999993,59.5870557582713));
#4286=CARTESIAN_POINT('Ctrl Pts',(46.9644022257191,0.809999999999993,59.7120079823975));
#4287=CARTESIAN_POINT('Ctrl Pts',(46.9659231837214,0.809999999999993,59.8593907949088));
#4288=CARTESIAN_POINT('Ctrl Pts',(46.9696032484099,0.809999999999993,60.0004113989068));
#4289=CARTESIAN_POINT('Ctrl Pts',(46.9743780691599,0.809999999999993,60.1399303968332));
#4290=CARTESIAN_POINT('Ctrl Pts',(46.9784342861605,0.809999999999993,60.286249800502));
#4291=CARTESIAN_POINT('Ctrl Pts',(46.9795624709179,0.809999999999993,60.448870861647));
#4292=CARTESIAN_POINT('Ctrl Pts',(46.9755960050997,0.809999999999993,60.6357094949075));
#4293=CARTESIAN_POINT('Ctrl Pts',(46.9647772385427,0.809999999999993,60.8508339695647));
#4294=CARTESIAN_POINT('Ctrl Pts',(46.9462570699037,0.809999999999993,61.0911687048738));
#4295=CARTESIAN_POINT('Ctrl Pts',(46.92007564842,0.809999999999993,61.3472856655737));
#4296=CARTESIAN_POINT('Ctrl Pts',(46.8868079120591,0.809999999999993,61.6068353512219));
#4297=CARTESIAN_POINT('Ctrl Pts',(46.8473091205666,0.809999999999993,61.8572128925633));
#4298=CARTESIAN_POINT('Ctrl Pts',(46.8024239869362,0.809999999999993,62.0884657646602));
#4299=CARTESIAN_POINT('Ctrl Pts',(46.7527031014468,0.809999999999993,62.2962705841174));
#4300=CARTESIAN_POINT('Ctrl Pts',(46.6981408769827,0.809999999999993,62.4844163535337));
#4301=CARTESIAN_POINT('Ctrl Pts',(46.6382445670225,0.809999999999993,62.6613401955571));
#4302=CARTESIAN_POINT('Ctrl Pts',(46.5720759802648,0.809999999999993,62.8370069446407));
#4303=CARTESIAN_POINT('Ctrl Pts',(46.4983046293785,0.809999999999993,63.0198863703108));
#4304=CARTESIAN_POINT('Ctrl Pts',(46.4152501582893,0.809999999999993,63.2133623910109));
#4305=CARTESIAN_POINT('Ctrl Pts',(46.3209449313735,0.809999999999993,63.4140917057955));
#4306=CARTESIAN_POINT('Ctrl Pts',(46.2132430697766,0.809999999999993,63.6148692888669));
#4307=CARTESIAN_POINT('Ctrl Pts',(46.0899154481252,0.809999999999993,63.806619013648));
#4308=CARTESIAN_POINT('Ctrl Pts',(45.9487602466518,0.809999999999993,63.9806345957722));
#4309=CARTESIAN_POINT('Ctrl Pts',(45.7876838327885,0.809999999999993,64.1309291283612));
#4310=CARTESIAN_POINT('Ctrl Pts',(45.604866977814,0.809999999999993,64.255883847439));
#4311=CARTESIAN_POINT('Ctrl Pts',(45.3992802874179,0.809999999999993,64.3567346036714));
#4312=CARTESIAN_POINT('Ctrl Pts',(45.1711443197056,0.809999999999993,64.436546447093));
#4313=CARTESIAN_POINT('Ctrl Pts',(44.9224270106945,0.809999999999993,64.4989939622119));
#4314=CARTESIAN_POINT('Ctrl Pts',(44.6573023841396,0.809999999999993,64.5472497963434));
#4315=CARTESIAN_POINT('Ctrl Pts',(44.3827075779653,0.809999999999993,64.582766885098));
#4316=CARTESIAN_POINT('Ctrl Pts',(44.1071511298616,0.809999999999993,64.6055078054822));
#4317=CARTESIAN_POINT('Ctrl Pts',(43.839439190596,0.809999999999993,64.6142496605447));
#4318=CARTESIAN_POINT('Ctrl Pts',(43.5874043882615,0.809999999999993,64.6068556240685));
#4319=CARTESIAN_POINT('Ctrl Pts',(43.3566970497806,0.809999999999993,64.5805656507569));
#4320=CARTESIAN_POINT('Ctrl Pts',(43.1493887624486,0.809999999999993,64.532259677378));
#4321=CARTESIAN_POINT('Ctrl Pts',(42.9631101853696,0.809999999999993,64.4587837355371));
#4322=CARTESIAN_POINT('Ctrl Pts',(42.7929440817593,0.809999999999993,64.3575521821985));
#4323=CARTESIAN_POINT('Ctrl Pts',(42.6330117379937,0.809999999999993,64.2271450518125));
#4324=CARTESIAN_POINT('Ctrl Pts',(42.4780740313029,0.809999999999993,64.0678530204153));
#4325=CARTESIAN_POINT('Ctrl Pts',(42.3253631406475,0.809999999999993,63.8823865683132));
#4326=CARTESIAN_POINT('Ctrl Pts',(42.1755504831493,0.809999999999993,63.6760764149421));
#4327=CARTESIAN_POINT('Ctrl Pts',(42.0315342294618,0.809999999999993,63.4558134742998));
#4328=CARTESIAN_POINT('Ctrl Pts',(41.8976747141845,0.809999999999993,63.229254935126));
#4329=CARTESIAN_POINT('Ctrl Pts',(41.7788271228966,0.809999999999993,63.0038960549819));
#4330=CARTESIAN_POINT('Ctrl Pts',(41.679529685594,0.809999999999993,62.7862729843964));
#4331=CARTESIAN_POINT('Ctrl Pts',(41.6029535603494,0.809999999999993,62.5809208377087));
#4332=CARTESIAN_POINT('Ctrl Pts',(41.5509076756099,0.809999999999993,62.3904753086569));
#4333=CARTESIAN_POINT('Ctrl Pts',(41.5296025092141,0.809999999999993,62.2510941595531));
#4334=CARTESIAN_POINT('Ctrl Pts',(41.5251743694272,0.809999999999993,62.1540403367206));
#4335=CARTESIAN_POINT('Ctrl Pts',(41.5273529725434,0.809999999999993,62.0926613905952));
#4336=CARTESIAN_POINT('Ctrl Pts',(41.52972492634,0.809999999999993,62.0628027940679));
#4337=CARTESIAN_POINT('Ctrl Pts',(48.0293194226748,1.30999999999999,59.26080561375));
#4338=CARTESIAN_POINT('Ctrl Pts',(48.0293194226748,0.809999999999993,59.26080561375));
#4339=CARTESIAN_POINT('Ctrl Pts',(47.9997898647915,1.30999999999999,59.2669802984597));
#4340=CARTESIAN_POINT('Ctrl Pts',(47.9997898647915,0.809999999999993,59.2669802984597));
#4341=CARTESIAN_POINT('Ctrl Pts',(47.9414480574692,1.30999999999999,59.2790171172095));
#4342=CARTESIAN_POINT('Ctrl Pts',(47.9414480574692,0.809999999999993,59.2790171172095));
#4343=CARTESIAN_POINT('Ctrl Pts',(47.8560871565575,1.30999999999999,59.2961347435476));
#4344=CARTESIAN_POINT('Ctrl Pts',(47.8560871565575,0.809999999999993,59.2961347435476));
#4345=CARTESIAN_POINT('Ctrl Pts',(47.7466480416662,1.30999999999999,59.317051756771));
#4346=CARTESIAN_POINT('Ctrl Pts',(47.7466480416662,0.809999999999993,59.317051756771));
#4347=CARTESIAN_POINT('Ctrl Pts',(47.6176467635477,1.30999999999999,59.3398003915541));
#4348=CARTESIAN_POINT('Ctrl Pts',(47.6176467635477,0.809999999999993,59.3398003915541));
#4349=CARTESIAN_POINT('Ctrl Pts',(47.4971785995343,1.30999999999999,59.3588309179783));
#4350=CARTESIAN_POINT('Ctrl Pts',(47.4971785995343,0.809999999999993,59.3588309179783));
#4351=CARTESIAN_POINT('Ctrl Pts',(47.3860026491721,1.30999999999999,59.3738125758654));
#4352=CARTESIAN_POINT('Ctrl Pts',(47.3860026491721,0.809999999999993,59.3738125758654));
#4353=CARTESIAN_POINT('Ctrl Pts',(47.2846412842728,1.30999999999999,59.3845177537057));
#4354=CARTESIAN_POINT('Ctrl Pts',(47.2846412842728,0.809999999999993,59.3845177537057));
#4355=CARTESIAN_POINT('Ctrl Pts',(47.1928594126223,1.30999999999999,59.3910488875287));
#4356=CARTESIAN_POINT('Ctrl Pts',(47.1928594126223,0.809999999999993,59.3910488875287));
#4357=CARTESIAN_POINT('Ctrl Pts',(47.1099964305781,1.30999999999999,59.3936938201884));
#4358=CARTESIAN_POINT('Ctrl Pts',(47.1099964305781,0.809999999999993,59.3936938201884));
#4359=CARTESIAN_POINT('Ctrl Pts',(47.0502877320487,1.30999999999999,59.3929419474256));
#4360=CARTESIAN_POINT('Ctrl Pts',(47.0502877320487,0.809999999999993,59.3929419474256));
#4361=CARTESIAN_POINT('Ctrl Pts',(47.0089777498881,1.30999999999999,59.3908653983273));
#4362=CARTESIAN_POINT('Ctrl Pts',(47.0089777498881,0.809999999999993,59.3908653983273));
#4363=CARTESIAN_POINT('Ctrl Pts',(46.9829556884363,1.30999999999999,59.3888196306077));
#4364=CARTESIAN_POINT('Ctrl Pts',(46.9829556884363,0.809999999999993,59.3888196306077));
#4365=CARTESIAN_POINT('Ctrl Pts',(46.9703241398589,1.30999999999999,59.3876313961232));
#4366=CARTESIAN_POINT('Ctrl Pts',(46.9703241398589,0.809999999999993,59.3876313961232));
#4367=CARTESIAN_POINT('',(48.0293194226748,0.809999999999993,59.26080561375));
#4368=CARTESIAN_POINT('',(48.0293194226748,1.30999999999999,59.26080561375));
#4369=CARTESIAN_POINT('Ctrl Pts',(48.0293194226748,0.809999999999993,59.26080561375));
#4370=CARTESIAN_POINT('Ctrl Pts',(47.9997898647915,0.809999999999993,59.2669802984597));
#4371=CARTESIAN_POINT('Ctrl Pts',(47.9414480574692,0.809999999999993,59.2790171172095));
#4372=CARTESIAN_POINT('Ctrl Pts',(47.8560871565575,0.809999999999993,59.2961347435476));
#4373=CARTESIAN_POINT('Ctrl Pts',(47.7466480416662,0.809999999999993,59.317051756771));
#4374=CARTESIAN_POINT('Ctrl Pts',(47.6176467635477,0.809999999999993,59.3398003915541));
#4375=CARTESIAN_POINT('Ctrl Pts',(47.4971785995343,0.809999999999993,59.3588309179783));
#4376=CARTESIAN_POINT('Ctrl Pts',(47.3860026491721,0.809999999999993,59.3738125758654));
#4377=CARTESIAN_POINT('Ctrl Pts',(47.2846412842728,0.809999999999993,59.3845177537057));
#4378=CARTESIAN_POINT('Ctrl Pts',(47.1928594126223,0.809999999999993,59.3910488875287));
#4379=CARTESIAN_POINT('Ctrl Pts',(47.1099964305781,0.809999999999993,59.3936938201884));
#4380=CARTESIAN_POINT('Ctrl Pts',(47.0502877320487,0.809999999999993,59.3929419474256));
#4381=CARTESIAN_POINT('Ctrl Pts',(47.0089777498881,0.809999999999993,59.3908653983273));
#4382=CARTESIAN_POINT('Ctrl Pts',(46.9829556884363,0.809999999999993,59.3888196306077));
#4383=CARTESIAN_POINT('Ctrl Pts',(46.9703241398589,0.809999999999993,59.3876313961232));
#4384=CARTESIAN_POINT('Ctrl Pts',(47.3698253543343,1.30999999999999,64.4987104257616));
#4385=CARTESIAN_POINT('Ctrl Pts',(47.3698253543343,0.809999999999993,64.4987104257616));
#4386=CARTESIAN_POINT('Ctrl Pts',(47.3565835226554,1.30999999999999,64.4934093197649));
#4387=CARTESIAN_POINT('Ctrl Pts',(47.3565835226554,0.809999999999993,64.4934093197649));
#4388=CARTESIAN_POINT('Ctrl Pts',(47.3303476949408,1.30999999999999,64.4801242187775));
#4389=CARTESIAN_POINT('Ctrl Pts',(47.3303476949408,0.809999999999993,64.4801242187775));
#4390=CARTESIAN_POINT('Ctrl Pts',(47.2917374635204,1.30999999999999,64.4521479059579));
#4391=CARTESIAN_POINT('Ctrl Pts',(47.2917374635204,0.809999999999993,64.4521479059579));
#4392=CARTESIAN_POINT('Ctrl Pts',(47.2417468311015,1.30999999999999,64.3987196262833));
#4393=CARTESIAN_POINT('Ctrl Pts',(47.2417468311015,0.809999999999993,64.3987196262833));
#4394=CARTESIAN_POINT('Ctrl Pts',(47.1822429342085,1.30999999999999,64.3055025475487));
#4395=CARTESIAN_POINT('Ctrl Pts',(47.1822429342085,0.809999999999993,64.3055025475487));
#4396=CARTESIAN_POINT('Ctrl Pts',(47.1272030110955,1.30999999999999,64.1874893886138));
#4397=CARTESIAN_POINT('Ctrl Pts',(47.1272030110955,0.809999999999993,64.1874893886138));
#4398=CARTESIAN_POINT('Ctrl Pts',(47.079574113877,1.30999999999999,64.0481883854217));
#4399=CARTESIAN_POINT('Ctrl Pts',(47.079574113877,0.809999999999993,64.0481883854217));
#4400=CARTESIAN_POINT('Ctrl Pts',(47.0442648524449,1.30999999999999,63.893675582414));
#4401=CARTESIAN_POINT('Ctrl Pts',(47.0442648524449,0.809999999999993,63.893675582414));
#4402=CARTESIAN_POINT('Ctrl Pts',(47.0268750987344,1.30999999999999,63.7311581668816));
#4403=CARTESIAN_POINT('Ctrl Pts',(47.0268750987344,0.809999999999993,63.7311581668816));
#4404=CARTESIAN_POINT('Ctrl Pts',(47.0323693265659,1.30999999999999,63.5674851475807));
#4405=CARTESIAN_POINT('Ctrl Pts',(47.0323693265659,0.809999999999993,63.5674851475807));
#4406=CARTESIAN_POINT('Ctrl Pts',(47.0638660875682,1.30999999999999,63.407783699405));
#4407=CARTESIAN_POINT('Ctrl Pts',(47.0638660875682,0.809999999999993,63.407783699405));
#4408=CARTESIAN_POINT('Ctrl Pts',(47.1211259238705,1.30999999999999,63.253789683978));
#4409=CARTESIAN_POINT('Ctrl Pts',(47.1211259238705,0.809999999999993,63.253789683978));
#4410=CARTESIAN_POINT('Ctrl Pts',(47.1998907797964,1.30999999999999,63.1030591338712));
#4411=CARTESIAN_POINT('Ctrl Pts',(47.1998907797964,0.809999999999993,63.1030591338712));
#4412=CARTESIAN_POINT('Ctrl Pts',(47.2935855465046,1.30999999999999,62.9506241543883));
#4413=CARTESIAN_POINT('Ctrl Pts',(47.2935855465046,0.809999999999993,62.9506241543883));
#4414=CARTESIAN_POINT('Ctrl Pts',(47.3945969288849,1.30999999999999,62.7902057230001));
#4415=CARTESIAN_POINT('Ctrl Pts',(47.3945969288849,0.809999999999993,62.7902057230001));
#4416=CARTESIAN_POINT('Ctrl Pts',(47.4956426740502,1.30999999999999,62.6155424135691));
#4417=CARTESIAN_POINT('Ctrl Pts',(47.4956426740502,0.809999999999993,62.6155424135691));
#4418=CARTESIAN_POINT('Ctrl Pts',(47.5912476696902,1.30999999999999,62.4217790574612));
#4419=CARTESIAN_POINT('Ctrl Pts',(47.5912476696902,0.809999999999993,62.4217790574612));
#4420=CARTESIAN_POINT('Ctrl Pts',(47.6787244770384,1.30999999999999,62.2064958215983));
#4421=CARTESIAN_POINT('Ctrl Pts',(47.6787244770384,0.809999999999993,62.2064958215983));
#4422=CARTESIAN_POINT('Ctrl Pts',(47.7572920133067,1.30999999999999,61.9693473125996));
#4423=CARTESIAN_POINT('Ctrl Pts',(47.7572920133067,0.809999999999993,61.9693473125996));
#4424=CARTESIAN_POINT('Ctrl Pts',(47.8275169308144,1.30999999999999,61.7119468046846));
#4425=CARTESIAN_POINT('Ctrl Pts',(47.8275169308144,0.809999999999993,61.7119468046846));
#4426=CARTESIAN_POINT('Ctrl Pts',(47.8906355684438,1.30999999999999,61.4376765198632));
#4427=CARTESIAN_POINT('Ctrl Pts',(47.8906355684438,0.809999999999993,61.4376765198632));
#4428=CARTESIAN_POINT('Ctrl Pts',(47.9479484330486,1.30999999999999,61.1515415082156));
#4429=CARTESIAN_POINT('Ctrl Pts',(47.9479484330486,0.809999999999993,61.1515415082156));
#4430=CARTESIAN_POINT('Ctrl Pts',(48.0001561543432,1.30999999999999,60.8600372402879));
#4431=CARTESIAN_POINT('Ctrl Pts',(48.0001561543432,0.809999999999993,60.8600372402879));
#4432=CARTESIAN_POINT('Ctrl Pts',(48.0468085406009,1.30999999999999,60.5709807523603));
#4433=CARTESIAN_POINT('Ctrl Pts',(48.0468085406009,0.809999999999993,60.5709807523603));
#4434=CARTESIAN_POINT('Ctrl Pts',(48.0866598578918,1.30999999999999,60.2928877901309));
#4435=CARTESIAN_POINT('Ctrl Pts',(48.0866598578918,0.809999999999993,60.2928877901309));
#4436=CARTESIAN_POINT('Ctrl Pts',(48.1179428419485,1.30999999999999,60.0343925008216));
#4437=CARTESIAN_POINT('Ctrl Pts',(48.1179428419485,0.809999999999993,60.0343925008216));
#4438=CARTESIAN_POINT('Ctrl Pts',(48.1386686267694,1.30999999999999,59.803656215493));
#4439=CARTESIAN_POINT('Ctrl Pts',(48.1386686267694,0.809999999999993,59.803656215493));
#4440=CARTESIAN_POINT('Ctrl Pts',(48.1469195549383,1.30999999999999,59.607763067558));
#4441=CARTESIAN_POINT('Ctrl Pts',(48.1469195549383,0.809999999999993,59.607763067558));
#4442=CARTESIAN_POINT('Ctrl Pts',(48.1411364701125,1.30999999999999,59.4521364959722));
#4443=CARTESIAN_POINT('Ctrl Pts',(48.1411364701125,0.809999999999993,59.4521364959722));
#4444=CARTESIAN_POINT('Ctrl Pts',(48.1204418253546,1.30999999999999,59.3398532912312));
#4445=CARTESIAN_POINT('Ctrl Pts',(48.1204418253546,0.809999999999993,59.3398532912312));
#4446=CARTESIAN_POINT('Ctrl Pts',(48.0916625899882,1.30999999999999,59.2857667620678));
#4447=CARTESIAN_POINT('Ctrl Pts',(48.0916625899882,0.809999999999993,59.2857667620678));
#4448=CARTESIAN_POINT('Ctrl Pts',(48.0631718514968,1.30999999999999,59.2654329818411));
#4449=CARTESIAN_POINT('Ctrl Pts',(48.0631718514968,0.809999999999993,59.2654329818411));
#4450=CARTESIAN_POINT('Ctrl Pts',(48.0411142062115,1.30999999999999,59.2608522121275));
#4451=CARTESIAN_POINT('Ctrl Pts',(48.0411142062115,0.809999999999993,59.2608522121275));
#4452=CARTESIAN_POINT('Ctrl Pts',(48.0293194226748,1.30999999999999,59.26080561375));
#4453=CARTESIAN_POINT('Ctrl Pts',(48.0293194226748,0.809999999999993,59.26080561375));
#4454=CARTESIAN_POINT('',(47.3698253543343,0.809999999999993,64.4987104257616));
#4455=CARTESIAN_POINT('',(47.3698253543343,1.30999999999999,64.4987104257616));
#4456=CARTESIAN_POINT('Ctrl Pts',(47.3698253543343,0.809999999999993,64.4987104257616));
#4457=CARTESIAN_POINT('Ctrl Pts',(47.3565835226554,0.809999999999993,64.4934093197649));
#4458=CARTESIAN_POINT('Ctrl Pts',(47.3303476949408,0.809999999999993,64.4801242187775));
#4459=CARTESIAN_POINT('Ctrl Pts',(47.2917374635204,0.809999999999993,64.4521479059579));
#4460=CARTESIAN_POINT('Ctrl Pts',(47.2417468311015,0.809999999999993,64.3987196262833));
#4461=CARTESIAN_POINT('Ctrl Pts',(47.1822429342085,0.809999999999993,64.3055025475487));
#4462=CARTESIAN_POINT('Ctrl Pts',(47.1272030110955,0.809999999999993,64.1874893886138));
#4463=CARTESIAN_POINT('Ctrl Pts',(47.079574113877,0.809999999999993,64.0481883854217));
#4464=CARTESIAN_POINT('Ctrl Pts',(47.0442648524449,0.809999999999993,63.893675582414));
#4465=CARTESIAN_POINT('Ctrl Pts',(47.0268750987344,0.809999999999993,63.7311581668816));
#4466=CARTESIAN_POINT('Ctrl Pts',(47.0323693265659,0.809999999999993,63.5674851475807));
#4467=CARTESIAN_POINT('Ctrl Pts',(47.0638660875682,0.809999999999993,63.407783699405));
#4468=CARTESIAN_POINT('Ctrl Pts',(47.1211259238705,0.809999999999993,63.253789683978));
#4469=CARTESIAN_POINT('Ctrl Pts',(47.1998907797964,0.809999999999993,63.1030591338712));
#4470=CARTESIAN_POINT('Ctrl Pts',(47.2935855465046,0.809999999999993,62.9506241543883));
#4471=CARTESIAN_POINT('Ctrl Pts',(47.3945969288849,0.809999999999993,62.7902057230001));
#4472=CARTESIAN_POINT('Ctrl Pts',(47.4956426740502,0.809999999999993,62.6155424135691));
#4473=CARTESIAN_POINT('Ctrl Pts',(47.5912476696902,0.809999999999993,62.4217790574612));
#4474=CARTESIAN_POINT('Ctrl Pts',(47.6787244770384,0.809999999999993,62.2064958215983));
#4475=CARTESIAN_POINT('Ctrl Pts',(47.7572920133067,0.809999999999993,61.9693473125996));
#4476=CARTESIAN_POINT('Ctrl Pts',(47.8275169308144,0.809999999999993,61.7119468046846));
#4477=CARTESIAN_POINT('Ctrl Pts',(47.8906355684438,0.809999999999993,61.4376765198632));
#4478=CARTESIAN_POINT('Ctrl Pts',(47.9479484330486,0.809999999999993,61.1515415082156));
#4479=CARTESIAN_POINT('Ctrl Pts',(48.0001561543432,0.809999999999993,60.8600372402879));
#4480=CARTESIAN_POINT('Ctrl Pts',(48.0468085406009,0.809999999999993,60.5709807523603));
#4481=CARTESIAN_POINT('Ctrl Pts',(48.0866598578918,0.809999999999993,60.2928877901309));
#4482=CARTESIAN_POINT('Ctrl Pts',(48.1179428419485,0.809999999999993,60.0343925008216));
#4483=CARTESIAN_POINT('Ctrl Pts',(48.1386686267694,0.809999999999993,59.803656215493));
#4484=CARTESIAN_POINT('Ctrl Pts',(48.1469195549383,0.809999999999993,59.607763067558));
#4485=CARTESIAN_POINT('Ctrl Pts',(48.1411364701125,0.809999999999993,59.4521364959722));
#4486=CARTESIAN_POINT('Ctrl Pts',(48.1204418253546,0.809999999999993,59.3398532912312));
#4487=CARTESIAN_POINT('Ctrl Pts',(48.0916625899882,0.809999999999993,59.2857667620678));
#4488=CARTESIAN_POINT('Ctrl Pts',(48.0631718514968,0.809999999999993,59.2654329818411));
#4489=CARTESIAN_POINT('Ctrl Pts',(48.0411142062115,0.809999999999993,59.2608522121275));
#4490=CARTESIAN_POINT('Ctrl Pts',(48.0293194226748,0.809999999999993,59.26080561375));
#4491=CARTESIAN_POINT('Ctrl Pts',(49.4814746308474,1.30999999999999,59.1973927225635));
#4492=CARTESIAN_POINT('Ctrl Pts',(49.4814746308474,0.809999999999993,59.1973927225635));
#4493=CARTESIAN_POINT('Ctrl Pts',(49.4681947260834,1.30999999999999,59.2002714299267));
#4494=CARTESIAN_POINT('Ctrl Pts',(49.4681947260834,0.809999999999993,59.2002714299267));
#4495=CARTESIAN_POINT('Ctrl Pts',(49.4427638211438,1.30999999999999,59.2062957599484));
#4496=CARTESIAN_POINT('Ctrl Pts',(49.4427638211438,0.809999999999993,59.2062957599484));
#4497=CARTESIAN_POINT('Ctrl Pts',(49.4080044744798,1.30999999999999,59.2161347274451));
#4498=CARTESIAN_POINT('Ctrl Pts',(49.4080044744798,0.809999999999993,59.2161347274451));
#4499=CARTESIAN_POINT('Ctrl Pts',(49.3684391284985,1.30999999999999,59.2308454214605));
#4500=CARTESIAN_POINT('Ctrl Pts',(49.3684391284985,0.809999999999993,59.2308454214605));
#4501=CARTESIAN_POINT('Ctrl Pts',(49.3305879430576,1.30999999999999,59.2538844312734));
#4502=CARTESIAN_POINT('Ctrl Pts',(49.3305879430576,0.809999999999993,59.2538844312734));
#4503=CARTESIAN_POINT('Ctrl Pts',(49.3051178227554,1.30999999999999,59.2872691822499));
#4504=CARTESIAN_POINT('Ctrl Pts',(49.3051178227554,0.809999999999993,59.2872691822499));
#4505=CARTESIAN_POINT('Ctrl Pts',(49.2936115319324,1.30999999999999,59.3429685323538));
#4506=CARTESIAN_POINT('Ctrl Pts',(49.2936115319324,0.809999999999993,59.3429685323538));
#4507=CARTESIAN_POINT('Ctrl Pts',(49.2976259160517,1.30999999999999,59.4348176413886));
#4508=CARTESIAN_POINT('Ctrl Pts',(49.2976259160517,0.809999999999993,59.4348176413886));
#4509=CARTESIAN_POINT('Ctrl Pts',(49.3178090614104,1.30999999999999,59.5736498324053));
#4510=CARTESIAN_POINT('Ctrl Pts',(49.3178090614104,0.809999999999993,59.5736498324053));
#4511=CARTESIAN_POINT('Ctrl Pts',(49.3527707270628,1.30999999999999,59.7613737053671));
#4512=CARTESIAN_POINT('Ctrl Pts',(49.3527707270628,0.809999999999993,59.7613737053671));
#4513=CARTESIAN_POINT('Ctrl Pts',(49.39899649177,1.30999999999999,59.9898722290327));
#4514=CARTESIAN_POINT('Ctrl Pts',(49.39899649177,0.809999999999993,59.9898722290327));
#4515=CARTESIAN_POINT('Ctrl Pts',(49.4519858200237,1.30999999999999,60.2456123332845));
#4516=CARTESIAN_POINT('Ctrl Pts',(49.4519858200237,0.809999999999993,60.2456123332845));
#4517=CARTESIAN_POINT('Ctrl Pts',(49.5070643232356,1.30999999999999,60.5127252623104));
#4518=CARTESIAN_POINT('Ctrl Pts',(49.5070643232356,0.809999999999993,60.5127252623104));
#4519=CARTESIAN_POINT('Ctrl Pts',(49.5603184624154,1.30999999999999,60.7766654555575));
#4520=CARTESIAN_POINT('Ctrl Pts',(49.5603184624154,0.809999999999993,60.7766654555575));
#4521=CARTESIAN_POINT('Ctrl Pts',(49.6094968494024,1.30999999999999,61.0276755071497));
#4522=CARTESIAN_POINT('Ctrl Pts',(49.6094968494024,0.809999999999993,61.0276755071497));
#4523=CARTESIAN_POINT('Ctrl Pts',(49.6548862654268,1.30999999999999,61.2642014861756));
#4524=CARTESIAN_POINT('Ctrl Pts',(49.6548862654268,0.809999999999993,61.2642014861756));
#4525=CARTESIAN_POINT('Ctrl Pts',(49.6982825579209,1.30999999999999,61.4902972543645));
#4526=CARTESIAN_POINT('Ctrl Pts',(49.6982825579209,0.809999999999993,61.4902972543645));
#4527=CARTESIAN_POINT('Ctrl Pts',(49.7420519301287,1.30999999999999,61.7132976485792));
#4528=CARTESIAN_POINT('Ctrl Pts',(49.7420519301287,0.809999999999993,61.7132976485792));
#4529=CARTESIAN_POINT('Ctrl Pts',(49.788117199098,1.30999999999999,61.9413202009055));
#4530=CARTESIAN_POINT('Ctrl Pts',(49.788117199098,0.809999999999993,61.9413202009055));
#4531=CARTESIAN_POINT('Ctrl Pts',(49.8370793235726,1.30999999999999,62.1810592159844));
#4532=CARTESIAN_POINT('Ctrl Pts',(49.8370793235726,0.809999999999993,62.1810592159844));
#4533=CARTESIAN_POINT('Ctrl Pts',(49.88701647087,1.30999999999999,62.4349286480511));
#4534=CARTESIAN_POINT('Ctrl Pts',(49.88701647087,0.809999999999993,62.4349286480511));
#4535=CARTESIAN_POINT('Ctrl Pts',(49.9334781164977,1.30999999999999,62.7006204559911));
#4536=CARTESIAN_POINT('Ctrl Pts',(49.9334781164977,0.809999999999993,62.7006204559911));
#4537=CARTESIAN_POINT('Ctrl Pts',(49.9705233664428,1.30999999999999,62.9727618627555));
#4538=CARTESIAN_POINT('Ctrl Pts',(49.9705233664428,0.809999999999993,62.9727618627555));
#4539=CARTESIAN_POINT('Ctrl Pts',(49.9914439846662,1.30999999999999,63.243947407993));
#4540=CARTESIAN_POINT('Ctrl Pts',(49.9914439846662,0.809999999999993,63.243947407993));
#4541=CARTESIAN_POINT('Ctrl Pts',(49.9896415042089,1.30999999999999,63.5060503528637));
#4542=CARTESIAN_POINT('Ctrl Pts',(49.9896415042089,0.809999999999993,63.5060503528637));
#4543=CARTESIAN_POINT('Ctrl Pts',(49.9593710048234,1.30999999999999,63.7513221526456));
#4544=CARTESIAN_POINT('Ctrl Pts',(49.9593710048234,0.809999999999993,63.7513221526456));
#4545=CARTESIAN_POINT('Ctrl Pts',(49.8967218858202,1.30999999999999,63.9738027398942));
#4546=CARTESIAN_POINT('Ctrl Pts',(49.8967218858202,0.809999999999993,63.9738027398942));
#4547=CARTESIAN_POINT('Ctrl Pts',(49.7995491833942,1.30999999999999,64.1693972024737));
#4548=CARTESIAN_POINT('Ctrl Pts',(49.7995491833942,0.809999999999993,64.1693972024737));
#4549=CARTESIAN_POINT('Ctrl Pts',(49.6669730007521,1.30999999999999,64.3354051209153));
#4550=CARTESIAN_POINT('Ctrl Pts',(49.6669730007521,0.809999999999993,64.3354051209153));
#4551=CARTESIAN_POINT('Ctrl Pts',(49.4990176299441,1.30999999999999,64.4702288365963));
#4552=CARTESIAN_POINT('Ctrl Pts',(49.4990176299441,0.809999999999993,64.4702288365963));
#4553=CARTESIAN_POINT('Ctrl Pts',(49.2962233039715,1.30999999999999,64.5730317866232));
#4554=CARTESIAN_POINT('Ctrl Pts',(49.2962233039715,0.809999999999993,64.5730317866232));
#4555=CARTESIAN_POINT('Ctrl Pts',(49.0592256648942,1.30999999999999,64.6433911109342));
#4556=CARTESIAN_POINT('Ctrl Pts',(49.0592256648942,0.809999999999993,64.6433911109342));
#4557=CARTESIAN_POINT('Ctrl Pts',(48.7885772816598,1.30999999999999,64.6811129153863));
#4558=CARTESIAN_POINT('Ctrl Pts',(48.7885772816598,0.809999999999993,64.6811129153863));
#4559=CARTESIAN_POINT('Ctrl Pts',(48.4847703886765,1.30999999999999,64.6861907153819));
#4560=CARTESIAN_POINT('Ctrl Pts',(48.4847703886765,0.809999999999993,64.6861907153819));
#4561=CARTESIAN_POINT('Ctrl Pts',(48.1482041570549,1.30999999999999,64.6587262130793));
#4562=CARTESIAN_POINT('Ctrl Pts',(48.1482041570549,0.809999999999993,64.6587262130793));
#4563=CARTESIAN_POINT('Ctrl Pts',(47.85298348312,1.30999999999999,64.6108414234285));
#4564=CARTESIAN_POINT('Ctrl Pts',(47.85298348312,0.809999999999993,64.6108414234285));
#4565=CARTESIAN_POINT('Ctrl Pts',(47.6170447935301,1.30999999999999,64.5604130448622));
#4566=CARTESIAN_POINT('Ctrl Pts',(47.6170447935301,0.809999999999993,64.5604130448622));
#4567=CARTESIAN_POINT('Ctrl Pts',(47.4533061923186,1.30999999999999,64.5203517035245));
#4568=CARTESIAN_POINT('Ctrl Pts',(47.4533061923186,0.809999999999993,64.5203517035245));
#4569=CARTESIAN_POINT('Ctrl Pts',(47.3698253543343,1.30999999999999,64.4987104257616));
#4570=CARTESIAN_POINT('Ctrl Pts',(47.3698253543343,0.809999999999993,64.4987104257616));
#4571=CARTESIAN_POINT('',(49.4814746308474,0.809999999999993,59.1973927225635));
#4572=CARTESIAN_POINT('',(49.4814746308474,1.30999999999999,59.1973927225635));
#4573=CARTESIAN_POINT('Ctrl Pts',(49.4814746308474,0.809999999999993,59.1973927225635));
#4574=CARTESIAN_POINT('Ctrl Pts',(49.4681947260834,0.809999999999993,59.2002714299267));
#4575=CARTESIAN_POINT('Ctrl Pts',(49.4427638211438,0.809999999999993,59.2062957599484));
#4576=CARTESIAN_POINT('Ctrl Pts',(49.4080044744798,0.809999999999993,59.2161347274451));
#4577=CARTESIAN_POINT('Ctrl Pts',(49.3684391284985,0.809999999999993,59.2308454214605));
#4578=CARTESIAN_POINT('Ctrl Pts',(49.3305879430576,0.809999999999993,59.2538844312734));
#4579=CARTESIAN_POINT('Ctrl Pts',(49.3051178227554,0.809999999999993,59.2872691822499));
#4580=CARTESIAN_POINT('Ctrl Pts',(49.2936115319324,0.809999999999993,59.3429685323538));
#4581=CARTESIAN_POINT('Ctrl Pts',(49.2976259160517,0.809999999999993,59.4348176413886));
#4582=CARTESIAN_POINT('Ctrl Pts',(49.3178090614104,0.809999999999993,59.5736498324053));
#4583=CARTESIAN_POINT('Ctrl Pts',(49.3527707270628,0.809999999999993,59.7613737053671));
#4584=CARTESIAN_POINT('Ctrl Pts',(49.39899649177,0.809999999999993,59.9898722290327));
#4585=CARTESIAN_POINT('Ctrl Pts',(49.4519858200237,0.809999999999993,60.2456123332845));
#4586=CARTESIAN_POINT('Ctrl Pts',(49.5070643232356,0.809999999999993,60.5127252623104));
#4587=CARTESIAN_POINT('Ctrl Pts',(49.5603184624154,0.809999999999993,60.7766654555575));
#4588=CARTESIAN_POINT('Ctrl Pts',(49.6094968494024,0.809999999999993,61.0276755071497));
#4589=CARTESIAN_POINT('Ctrl Pts',(49.6548862654268,0.809999999999993,61.2642014861756));
#4590=CARTESIAN_POINT('Ctrl Pts',(49.6982825579209,0.809999999999993,61.4902972543645));
#4591=CARTESIAN_POINT('Ctrl Pts',(49.7420519301287,0.809999999999993,61.7132976485792));
#4592=CARTESIAN_POINT('Ctrl Pts',(49.788117199098,0.809999999999993,61.9413202009055));
#4593=CARTESIAN_POINT('Ctrl Pts',(49.8370793235726,0.809999999999993,62.1810592159844));
#4594=CARTESIAN_POINT('Ctrl Pts',(49.88701647087,0.809999999999993,62.4349286480511));
#4595=CARTESIAN_POINT('Ctrl Pts',(49.9334781164977,0.809999999999993,62.7006204559911));
#4596=CARTESIAN_POINT('Ctrl Pts',(49.9705233664428,0.809999999999993,62.9727618627555));
#4597=CARTESIAN_POINT('Ctrl Pts',(49.9914439846662,0.809999999999993,63.243947407993));
#4598=CARTESIAN_POINT('Ctrl Pts',(49.9896415042089,0.809999999999993,63.5060503528637));
#4599=CARTESIAN_POINT('Ctrl Pts',(49.9593710048234,0.809999999999993,63.7513221526456));
#4600=CARTESIAN_POINT('Ctrl Pts',(49.8967218858202,0.809999999999993,63.9738027398942));
#4601=CARTESIAN_POINT('Ctrl Pts',(49.7995491833942,0.809999999999993,64.1693972024737));
#4602=CARTESIAN_POINT('Ctrl Pts',(49.6669730007521,0.809999999999993,64.3354051209153));
#4603=CARTESIAN_POINT('Ctrl Pts',(49.4990176299441,0.809999999999993,64.4702288365963));
#4604=CARTESIAN_POINT('Ctrl Pts',(49.2962233039715,0.809999999999993,64.5730317866232));
#4605=CARTESIAN_POINT('Ctrl Pts',(49.0592256648942,0.809999999999993,64.6433911109342));
#4606=CARTESIAN_POINT('Ctrl Pts',(48.7885772816598,0.809999999999993,64.6811129153863));
#4607=CARTESIAN_POINT('Ctrl Pts',(48.4847703886765,0.809999999999993,64.6861907153819));
#4608=CARTESIAN_POINT('Ctrl Pts',(48.1482041570549,0.809999999999993,64.6587262130793));
#4609=CARTESIAN_POINT('Ctrl Pts',(47.85298348312,0.809999999999993,64.6108414234285));
#4610=CARTESIAN_POINT('Ctrl Pts',(47.6170447935301,0.809999999999993,64.5604130448622));
#4611=CARTESIAN_POINT('Ctrl Pts',(47.4533061923186,0.809999999999993,64.5203517035245));
#4612=CARTESIAN_POINT('Ctrl Pts',(47.3698253543343,0.809999999999993,64.4987104257616));
#4613=CARTESIAN_POINT('Ctrl Pts',(46.575696144042,1.30999999999999,58.2870055359929));
#4614=CARTESIAN_POINT('Ctrl Pts',(46.575696144042,0.809999999999993,58.2870055359929));
#4615=CARTESIAN_POINT('Ctrl Pts',(46.5735148024472,1.30999999999999,58.2494346436343));
#4616=CARTESIAN_POINT('Ctrl Pts',(46.5735148024472,0.809999999999993,58.2494346436343));
#4617=CARTESIAN_POINT('Ctrl Pts',(46.57126703442,1.30999999999999,58.1711772487028));
#4618=CARTESIAN_POINT('Ctrl Pts',(46.57126703442,0.809999999999993,58.1711772487028));
#4619=CARTESIAN_POINT('Ctrl Pts',(46.5755313058563,1.30999999999999,58.0560730061669));
#4620=CARTESIAN_POINT('Ctrl Pts',(46.5755313058563,0.809999999999993,58.0560730061669));
#4621=CARTESIAN_POINT('Ctrl Pts',(46.5971219529566,1.30999999999999,57.9104446091989));
#4622=CARTESIAN_POINT('Ctrl Pts',(46.5971219529566,0.809999999999993,57.9104446091989));
#4623=CARTESIAN_POINT('Ctrl Pts',(46.6510522853783,1.30999999999999,57.7435008791408));
#4624=CARTESIAN_POINT('Ctrl Pts',(46.6510522853783,0.809999999999993,57.7435008791408));
#4625=CARTESIAN_POINT('Ctrl Pts',(46.7340015620366,1.30999999999999,57.5910949999525));
#4626=CARTESIAN_POINT('Ctrl Pts',(46.7340015620366,0.809999999999993,57.5910949999525));
#4627=CARTESIAN_POINT('Ctrl Pts',(46.8440430573932,1.30999999999999,57.4593074399908));
#4628=CARTESIAN_POINT('Ctrl Pts',(46.8440430573932,0.809999999999993,57.4593074399908));
#4629=CARTESIAN_POINT('Ctrl Pts',(46.9797383278556,1.30999999999999,57.3522546469391));
#4630=CARTESIAN_POINT('Ctrl Pts',(46.9797383278556,0.809999999999993,57.3522546469391));
#4631=CARTESIAN_POINT('Ctrl Pts',(47.1390665453034,1.30999999999999,57.2746031115276));
#4632=CARTESIAN_POINT('Ctrl Pts',(47.1390665453034,0.809999999999993,57.2746031115276));
#4633=CARTESIAN_POINT('Ctrl Pts',(47.3196128756629,1.30999999999999,57.2299347341303));
#4634=CARTESIAN_POINT('Ctrl Pts',(47.3196128756629,0.809999999999993,57.2299347341303));
#4635=CARTESIAN_POINT('Ctrl Pts',(47.5187262461428,1.30999999999999,57.2194349069467));
#4636=CARTESIAN_POINT('Ctrl Pts',(47.5187262461428,0.809999999999993,57.2194349069467));
#4637=CARTESIAN_POINT('Ctrl Pts',(47.7336819957586,1.30999999999999,57.2400381393185));
#4638=CARTESIAN_POINT('Ctrl Pts',(47.7336819957586,0.809999999999993,57.2400381393185));
#4639=CARTESIAN_POINT('Ctrl Pts',(47.9618588132231,1.30999999999999,57.2849744440937));
#4640=CARTESIAN_POINT('Ctrl Pts',(47.9618588132231,0.809999999999993,57.2849744440937));
#4641=CARTESIAN_POINT('Ctrl Pts',(48.2009219215686,1.30999999999999,57.3452839435868));
#4642=CARTESIAN_POINT('Ctrl Pts',(48.2009219215686,0.809999999999993,57.3452839435868));
#4643=CARTESIAN_POINT('Ctrl Pts',(48.4490105214665,1.30999999999999,57.4110093892163));
#4644=CARTESIAN_POINT('Ctrl Pts',(48.4490105214665,0.809999999999993,57.4110093892163));
#4645=CARTESIAN_POINT('Ctrl Pts',(48.7049092527711,1.30999999999999,57.4725021641027));
#4646=CARTESIAN_POINT('Ctrl Pts',(48.7049092527711,0.809999999999993,57.4725021641027));
#4647=CARTESIAN_POINT('Ctrl Pts',(48.9682692645236,1.30999999999999,57.5217083511986));
#4648=CARTESIAN_POINT('Ctrl Pts',(48.9682692645236,0.809999999999993,57.5217083511986));
#4649=CARTESIAN_POINT('Ctrl Pts',(49.2391713930924,1.30999999999999,57.5528842030185));
#4650=CARTESIAN_POINT('Ctrl Pts',(49.2391713930924,0.809999999999993,57.5528842030185));
#4651=CARTESIAN_POINT('Ctrl Pts',(49.5176391748442,1.30999999999999,57.5632097562592));
#4652=CARTESIAN_POINT('Ctrl Pts',(49.5176391748442,0.809999999999993,57.5632097562592));
#4653=CARTESIAN_POINT('Ctrl Pts',(49.8031552273605,1.30999999999999,57.5535477639242));
#4654=CARTESIAN_POINT('Ctrl Pts',(49.8031552273605,0.809999999999993,57.5535477639242));
#4655=CARTESIAN_POINT('Ctrl Pts',(50.0942052685151,1.30999999999999,57.5289565331642));
#4656=CARTESIAN_POINT('Ctrl Pts',(50.0942052685151,0.809999999999993,57.5289565331642));
#4657=CARTESIAN_POINT('Ctrl Pts',(50.3877238872686,1.30999999999999,57.499850205932));
#4658=CARTESIAN_POINT('Ctrl Pts',(50.3877238872686,0.809999999999993,57.499850205932));
#4659=CARTESIAN_POINT('Ctrl Pts',(50.6789488758387,1.30999999999999,57.4805401862167));
#4660=CARTESIAN_POINT('Ctrl Pts',(50.6789488758387,0.809999999999993,57.4805401862167));
#4661=CARTESIAN_POINT('Ctrl Pts',(50.9615455496878,1.30999999999999,57.4861531256775));
#4662=CARTESIAN_POINT('Ctrl Pts',(50.9615455496878,0.809999999999993,57.4861531256775));
#4663=CARTESIAN_POINT('Ctrl Pts',(51.2276282794502,1.30999999999999,57.5299560929047));
#4664=CARTESIAN_POINT('Ctrl Pts',(51.2276282794502,0.809999999999993,57.5299560929047));
#4665=CARTESIAN_POINT('Ctrl Pts',(51.4678462139556,1.30999999999999,57.620697290846));
#4666=CARTESIAN_POINT('Ctrl Pts',(51.4678462139556,0.809999999999993,57.620697290846));
#4667=CARTESIAN_POINT('Ctrl Pts',(51.6713640316055,1.30999999999999,57.7594565591525));
#4668=CARTESIAN_POINT('Ctrl Pts',(51.6713640316055,0.809999999999993,57.7594565591525));
#4669=CARTESIAN_POINT('Ctrl Pts',(51.8261013528819,1.30999999999999,57.9380935956113));
#4670=CARTESIAN_POINT('Ctrl Pts',(51.8261013528819,0.809999999999993,57.9380935956113));
#4671=CARTESIAN_POINT('Ctrl Pts',(51.9197449936018,1.30999999999999,58.1429142276763));
#4672=CARTESIAN_POINT('Ctrl Pts',(51.9197449936018,0.809999999999993,58.1429142276763));
#4673=CARTESIAN_POINT('Ctrl Pts',(51.9406724990233,1.30999999999999,58.3575116032751));
#4674=CARTESIAN_POINT('Ctrl Pts',(51.9406724990233,0.809999999999993,58.3575116032751));
#4675=CARTESIAN_POINT('Ctrl Pts',(51.8788381945977,1.30999999999999,58.5657079345871));
#4676=CARTESIAN_POINT('Ctrl Pts',(51.8788381945977,0.809999999999993,58.5657079345871));
#4677=CARTESIAN_POINT('Ctrl Pts',(51.7268957443583,1.30999999999999,58.754954952601));
#4678=CARTESIAN_POINT('Ctrl Pts',(51.7268957443583,0.809999999999993,58.754954952601));
#4679=CARTESIAN_POINT('Ctrl Pts',(51.4800650913385,1.30999999999999,58.9166391732301));
#4680=CARTESIAN_POINT('Ctrl Pts',(51.4800650913385,0.809999999999993,58.9166391732301));
#4681=CARTESIAN_POINT('Ctrl Pts',(51.1355007587823,1.30999999999999,59.0451084567682));
#4682=CARTESIAN_POINT('Ctrl Pts',(51.1355007587823,0.809999999999993,59.0451084567682));
#4683=CARTESIAN_POINT('Ctrl Pts',(50.6918434879307,1.30999999999999,59.1371355319117));
#4684=CARTESIAN_POINT('Ctrl Pts',(50.6918434879307,0.809999999999993,59.1371355319117));
#4685=CARTESIAN_POINT('Ctrl Pts',(50.2573414028983,1.30999999999999,59.1804008691144));
#4686=CARTESIAN_POINT('Ctrl Pts',(50.2573414028983,0.809999999999993,59.1804008691144));
#4687=CARTESIAN_POINT('Ctrl Pts',(49.8867673458374,1.30999999999999,59.1955973663796));
#4688=CARTESIAN_POINT('Ctrl Pts',(49.8867673458374,0.809999999999993,59.1955973663796));
#4689=CARTESIAN_POINT('Ctrl Pts',(49.6198787391458,1.30999999999999,59.1980705628111));
#4690=CARTESIAN_POINT('Ctrl Pts',(49.6198787391458,0.809999999999993,59.1980705628111));
#4691=CARTESIAN_POINT('Ctrl Pts',(49.4814746308474,1.30999999999999,59.1973927225635));
#4692=CARTESIAN_POINT('Ctrl Pts',(49.4814746308474,0.809999999999993,59.1973927225635));
#4693=CARTESIAN_POINT('Ctrl Pts',(46.575696144042,0.809999999999993,58.2870055359929));
#4694=CARTESIAN_POINT('Ctrl Pts',(46.5735148024472,0.809999999999993,58.2494346436344));
#4695=CARTESIAN_POINT('Ctrl Pts',(46.57126703442,0.809999999999993,58.1711772487028));
#4696=CARTESIAN_POINT('Ctrl Pts',(46.5755313058563,0.809999999999993,58.0560730061669));
#4697=CARTESIAN_POINT('Ctrl Pts',(46.5971219529566,0.809999999999993,57.9104446091989));
#4698=CARTESIAN_POINT('Ctrl Pts',(46.6510522853783,0.809999999999993,57.7435008791408));
#4699=CARTESIAN_POINT('Ctrl Pts',(46.7340015620366,0.809999999999993,57.5910949999525));
#4700=CARTESIAN_POINT('Ctrl Pts',(46.8440430573932,0.809999999999993,57.4593074399908));
#4701=CARTESIAN_POINT('Ctrl Pts',(46.9797383278556,0.809999999999993,57.3522546469391));
#4702=CARTESIAN_POINT('Ctrl Pts',(47.1390665453034,0.809999999999993,57.2746031115276));
#4703=CARTESIAN_POINT('Ctrl Pts',(47.3196128756629,0.809999999999993,57.2299347341303));
#4704=CARTESIAN_POINT('Ctrl Pts',(47.5187262461428,0.809999999999993,57.2194349069467));
#4705=CARTESIAN_POINT('Ctrl Pts',(47.7336819957586,0.809999999999993,57.2400381393185));
#4706=CARTESIAN_POINT('Ctrl Pts',(47.9618588132231,0.809999999999993,57.2849744440937));
#4707=CARTESIAN_POINT('Ctrl Pts',(48.2009219215686,0.809999999999993,57.3452839435868));
#4708=CARTESIAN_POINT('Ctrl Pts',(48.4490105214665,0.809999999999993,57.4110093892163));
#4709=CARTESIAN_POINT('Ctrl Pts',(48.7049092527711,0.809999999999993,57.4725021641027));
#4710=CARTESIAN_POINT('Ctrl Pts',(48.9682692645236,0.809999999999993,57.5217083511986));
#4711=CARTESIAN_POINT('Ctrl Pts',(49.2391713930924,0.809999999999993,57.5528842030185));
#4712=CARTESIAN_POINT('Ctrl Pts',(49.5176391748442,0.809999999999993,57.5632097562592));
#4713=CARTESIAN_POINT('Ctrl Pts',(49.8031552273605,0.809999999999993,57.5535477639242));
#4714=CARTESIAN_POINT('Ctrl Pts',(50.0942052685151,0.809999999999993,57.5289565331642));
#4715=CARTESIAN_POINT('Ctrl Pts',(50.3877238872686,0.809999999999993,57.499850205932));
#4716=CARTESIAN_POINT('Ctrl Pts',(50.6789488758387,0.809999999999993,57.4805401862167));
#4717=CARTESIAN_POINT('Ctrl Pts',(50.9615455496878,0.809999999999993,57.4861531256775));
#4718=CARTESIAN_POINT('Ctrl Pts',(51.2276282794502,0.809999999999993,57.5299560929047));
#4719=CARTESIAN_POINT('Ctrl Pts',(51.4678462139556,0.809999999999993,57.620697290846));
#4720=CARTESIAN_POINT('Ctrl Pts',(51.6713640316055,0.809999999999993,57.7594565591525));
#4721=CARTESIAN_POINT('Ctrl Pts',(51.8261013528819,0.809999999999993,57.9380935956113));
#4722=CARTESIAN_POINT('Ctrl Pts',(51.9197449936018,0.809999999999993,58.1429142276763));
#4723=CARTESIAN_POINT('Ctrl Pts',(51.9406724990233,0.809999999999993,58.3575116032751));
#4724=CARTESIAN_POINT('Ctrl Pts',(51.8788381945977,0.809999999999993,58.5657079345871));
#4725=CARTESIAN_POINT('Ctrl Pts',(51.7268957443583,0.809999999999993,58.754954952601));
#4726=CARTESIAN_POINT('Ctrl Pts',(51.4800650913385,0.809999999999993,58.9166391732301));
#4727=CARTESIAN_POINT('Ctrl Pts',(51.1355007587823,0.809999999999993,59.0451084567682));
#4728=CARTESIAN_POINT('Ctrl Pts',(50.6918434879307,0.809999999999993,59.1371355319117));
#4729=CARTESIAN_POINT('Ctrl Pts',(50.2573414028983,0.809999999999993,59.1804008691144));
#4730=CARTESIAN_POINT('Ctrl Pts',(49.8867673458374,0.809999999999993,59.1955973663796));
#4731=CARTESIAN_POINT('Ctrl Pts',(49.6198787391458,0.809999999999993,59.1980705628111));
#4732=CARTESIAN_POINT('Ctrl Pts',(49.4814746308474,0.809999999999993,59.1973927225635));
#4733=CARTESIAN_POINT('Origin',(41.9728589752826,0.809999999999993,60.9528128111643));
#4734=CARTESIAN_POINT('Ctrl Pts',(24.9143822719208,1.30999999999999,59.7603068116006));
#4735=CARTESIAN_POINT('Ctrl Pts',(24.9143822719208,0.809999999999993,59.7603068116006));
#4736=CARTESIAN_POINT('Ctrl Pts',(24.9132304288876,1.30999999999999,59.7600507213015));
#4737=CARTESIAN_POINT('Ctrl Pts',(24.9132304288876,0.809999999999993,59.7600507213015));
#4738=CARTESIAN_POINT('Ctrl Pts',(24.9101314962488,1.30999999999999,59.7615726793067));
#4739=CARTESIAN_POINT('Ctrl Pts',(24.9101314962488,0.809999999999993,59.7615726793067));
#4740=CARTESIAN_POINT('Ctrl Pts',(24.9030972428862,1.30999999999999,59.7699581358458));
#4741=CARTESIAN_POINT('Ctrl Pts',(24.9030972428862,0.809999999999993,59.7699581358458));
#4742=CARTESIAN_POINT('Ctrl Pts',(24.8889280445435,1.30999999999999,59.7933926934774));
#4743=CARTESIAN_POINT('Ctrl Pts',(24.8889280445435,0.809999999999993,59.7933926934774));
#4744=CARTESIAN_POINT('Ctrl Pts',(24.8633836433937,1.30999999999999,59.843121408995));
#4745=CARTESIAN_POINT('Ctrl Pts',(24.8633836433937,0.809999999999993,59.843121408995));
#4746=CARTESIAN_POINT('Ctrl Pts',(24.8306815192899,1.30999999999999,59.9127877395828));
#4747=CARTESIAN_POINT('Ctrl Pts',(24.8306815192899,0.809999999999993,59.9127877395828));
#4748=CARTESIAN_POINT('Ctrl Pts',(24.7923053908008,1.30999999999999,60.0010152412562));
#4749=CARTESIAN_POINT('Ctrl Pts',(24.7923053908008,0.809999999999993,60.0010152412562));
#4750=CARTESIAN_POINT('Ctrl Pts',(24.7509750183315,1.30999999999999,60.1050304494231));
#4751=CARTESIAN_POINT('Ctrl Pts',(24.7509750183315,0.809999999999993,60.1050304494231));
#4752=CARTESIAN_POINT('Ctrl Pts',(24.7106915487013,1.30999999999999,60.2205010517524));
#4753=CARTESIAN_POINT('Ctrl Pts',(24.7106915487013,0.809999999999993,60.2205010517524));
#4754=CARTESIAN_POINT('Ctrl Pts',(24.6759283779809,1.30999999999999,60.3421776521048));
#4755=CARTESIAN_POINT('Ctrl Pts',(24.6759283779809,0.809999999999993,60.3421776521048));
#4756=CARTESIAN_POINT('Ctrl Pts',(24.651024822558,1.30999999999999,60.4643350057444));
#4757=CARTESIAN_POINT('Ctrl Pts',(24.651024822558,0.809999999999993,60.4643350057444));
#4758=CARTESIAN_POINT('Ctrl Pts',(24.6394581608012,1.30999999999999,60.5812909417074));
#4759=CARTESIAN_POINT('Ctrl Pts',(24.6394581608012,0.809999999999993,60.5812909417074));
#4760=CARTESIAN_POINT('Ctrl Pts',(24.6432317534498,1.30999999999999,60.6878501539156));
#4761=CARTESIAN_POINT('Ctrl Pts',(24.6432317534498,0.809999999999993,60.6878501539156));
#4762=CARTESIAN_POINT('Ctrl Pts',(24.6619609798792,1.30999999999999,60.7798861940165));
#4763=CARTESIAN_POINT('Ctrl Pts',(24.6619609798792,0.809999999999993,60.7798861940165));
#4764=CARTESIAN_POINT('Ctrl Pts',(24.6932604781752,1.30999999999999,60.8543429532001));
#4765=CARTESIAN_POINT('Ctrl Pts',(24.6932604781752,0.809999999999993,60.8543429532001));
#4766=CARTESIAN_POINT('Ctrl Pts',(24.733623479866,1.30999999999999,60.9090180274584));
#4767=CARTESIAN_POINT('Ctrl Pts',(24.733623479866,0.809999999999993,60.9090180274584));
#4768=CARTESIAN_POINT('Ctrl Pts',(24.7791312210466,1.30999999999999,60.9424515296593));
#4769=CARTESIAN_POINT('Ctrl Pts',(24.7791312210466,0.809999999999993,60.9424515296593));
#4770=CARTESIAN_POINT('Ctrl Pts',(24.8261580401225,1.30999999999999,60.9537980858995));
#4771=CARTESIAN_POINT('Ctrl Pts',(24.8261580401225,0.809999999999993,60.9537980858995));
#4772=CARTESIAN_POINT('Ctrl Pts',(24.8722088343564,1.30999999999999,60.9427593915653));
#4773=CARTESIAN_POINT('Ctrl Pts',(24.8722088343564,0.809999999999993,60.9427593915653));
#4774=CARTESIAN_POINT('Ctrl Pts',(24.915873268505,1.30999999999999,60.9094091367259));
#4775=CARTESIAN_POINT('Ctrl Pts',(24.915873268505,0.809999999999993,60.9094091367259));
#4776=CARTESIAN_POINT('Ctrl Pts',(24.9483492768466,1.30999999999999,60.8650805350542));
#4777=CARTESIAN_POINT('Ctrl Pts',(24.9483492768466,0.809999999999993,60.8650805350542));
#4778=CARTESIAN_POINT('Ctrl Pts',(24.971237783083,1.30999999999999,60.8220269588587));
#4779=CARTESIAN_POINT('Ctrl Pts',(24.971237783083,0.809999999999993,60.8220269588587));
#4780=CARTESIAN_POINT('Ctrl Pts',(24.9858464877851,1.30999999999999,60.7889835649642));
#4781=CARTESIAN_POINT('Ctrl Pts',(24.9858464877851,0.809999999999993,60.7889835649642));
#4782=CARTESIAN_POINT('Ctrl Pts',(24.9929882819485,1.30999999999999,60.771376615583));
#4783=CARTESIAN_POINT('Ctrl Pts',(24.9929882819485,0.809999999999993,60.771376615583));
#4784=CARTESIAN_POINT('',(24.9143822719208,1.30999999999999,59.7603068116006));
#4785=CARTESIAN_POINT('',(24.9929882819485,1.30999999999999,60.771376615583));
#4786=CARTESIAN_POINT('Ctrl Pts',(24.9143822719208,1.30999999999999,59.7603068116006));
#4787=CARTESIAN_POINT('Ctrl Pts',(24.9132304288876,1.30999999999999,59.7600507213015));
#4788=CARTESIAN_POINT('Ctrl Pts',(24.9101314962488,1.30999999999999,59.7615726793067));
#4789=CARTESIAN_POINT('Ctrl Pts',(24.9030972428862,1.30999999999999,59.7699581358458));
#4790=CARTESIAN_POINT('Ctrl Pts',(24.8889280445435,1.30999999999999,59.7933926934774));
#4791=CARTESIAN_POINT('Ctrl Pts',(24.8633836433937,1.30999999999999,59.843121408995));
#4792=CARTESIAN_POINT('Ctrl Pts',(24.8306815192899,1.30999999999999,59.9127877395828));
#4793=CARTESIAN_POINT('Ctrl Pts',(24.7923053908008,1.30999999999999,60.0010152412562));
#4794=CARTESIAN_POINT('Ctrl Pts',(24.7509750183315,1.30999999999999,60.1050304494231));
#4795=CARTESIAN_POINT('Ctrl Pts',(24.7106915487013,1.30999999999999,60.2205010517524));
#4796=CARTESIAN_POINT('Ctrl Pts',(24.6759283779809,1.30999999999999,60.3421776521048));
#4797=CARTESIAN_POINT('Ctrl Pts',(24.651024822558,1.30999999999999,60.4643350057444));
#4798=CARTESIAN_POINT('Ctrl Pts',(24.6394581608012,1.30999999999999,60.5812909417074));
#4799=CARTESIAN_POINT('Ctrl Pts',(24.6432317534498,1.30999999999999,60.6878501539156));
#4800=CARTESIAN_POINT('Ctrl Pts',(24.6619609798792,1.30999999999999,60.7798861940165));
#4801=CARTESIAN_POINT('Ctrl Pts',(24.6932604781752,1.30999999999999,60.8543429532001));
#4802=CARTESIAN_POINT('Ctrl Pts',(24.733623479866,1.30999999999999,60.9090180274584));
#4803=CARTESIAN_POINT('Ctrl Pts',(24.7791312210466,1.30999999999999,60.9424515296593));
#4804=CARTESIAN_POINT('Ctrl Pts',(24.8261580401225,1.30999999999999,60.9537980858995));
#4805=CARTESIAN_POINT('Ctrl Pts',(24.8722088343564,1.30999999999999,60.9427593915653));
#4806=CARTESIAN_POINT('Ctrl Pts',(24.915873268505,1.30999999999999,60.9094091367259));
#4807=CARTESIAN_POINT('Ctrl Pts',(24.9483492768466,1.30999999999999,60.8650805350542));
#4808=CARTESIAN_POINT('Ctrl Pts',(24.971237783083,1.30999999999999,60.8220269588587));
#4809=CARTESIAN_POINT('Ctrl Pts',(24.9858464877851,1.30999999999999,60.7889835649642));
#4810=CARTESIAN_POINT('Ctrl Pts',(24.9929882819485,1.30999999999999,60.771376615583));
#4811=CARTESIAN_POINT('',(24.9143822719208,0.809999999999993,59.7603068116006));
#4812=CARTESIAN_POINT('',(24.9143822719208,1.30999999999999,59.7603068116006));
#4813=CARTESIAN_POINT('',(24.9929882819485,0.809999999999993,60.771376615583));
#4814=CARTESIAN_POINT('Ctrl Pts',(24.9143822719208,0.809999999999993,59.7603068116006));
#4815=CARTESIAN_POINT('Ctrl Pts',(24.9132304288876,0.809999999999993,59.7600507213015));
#4816=CARTESIAN_POINT('Ctrl Pts',(24.9101314962488,0.809999999999993,59.7615726793067));
#4817=CARTESIAN_POINT('Ctrl Pts',(24.9030972428862,0.809999999999993,59.7699581358458));
#4818=CARTESIAN_POINT('Ctrl Pts',(24.8889280445435,0.809999999999993,59.7933926934774));
#4819=CARTESIAN_POINT('Ctrl Pts',(24.8633836433937,0.809999999999993,59.843121408995));
#4820=CARTESIAN_POINT('Ctrl Pts',(24.8306815192899,0.809999999999993,59.9127877395828));
#4821=CARTESIAN_POINT('Ctrl Pts',(24.7923053908008,0.809999999999993,60.0010152412562));
#4822=CARTESIAN_POINT('Ctrl Pts',(24.7509750183315,0.809999999999993,60.1050304494231));
#4823=CARTESIAN_POINT('Ctrl Pts',(24.7106915487013,0.809999999999993,60.2205010517524));
#4824=CARTESIAN_POINT('Ctrl Pts',(24.6759283779809,0.809999999999993,60.3421776521048));
#4825=CARTESIAN_POINT('Ctrl Pts',(24.651024822558,0.809999999999993,60.4643350057444));
#4826=CARTESIAN_POINT('Ctrl Pts',(24.6394581608012,0.809999999999993,60.5812909417074));
#4827=CARTESIAN_POINT('Ctrl Pts',(24.6432317534498,0.809999999999993,60.6878501539156));
#4828=CARTESIAN_POINT('Ctrl Pts',(24.6619609798792,0.809999999999993,60.7798861940165));
#4829=CARTESIAN_POINT('Ctrl Pts',(24.6932604781752,0.809999999999993,60.8543429532001));
#4830=CARTESIAN_POINT('Ctrl Pts',(24.733623479866,0.809999999999993,60.9090180274584));
#4831=CARTESIAN_POINT('Ctrl Pts',(24.7791312210466,0.809999999999993,60.9424515296593));
#4832=CARTESIAN_POINT('Ctrl Pts',(24.8261580401225,0.809999999999993,60.9537980858995));
#4833=CARTESIAN_POINT('Ctrl Pts',(24.8722088343564,0.809999999999993,60.9427593915653));
#4834=CARTESIAN_POINT('Ctrl Pts',(24.915873268505,0.809999999999993,60.9094091367259));
#4835=CARTESIAN_POINT('Ctrl Pts',(24.9483492768466,0.809999999999993,60.8650805350542));
#4836=CARTESIAN_POINT('Ctrl Pts',(24.971237783083,0.809999999999993,60.8220269588587));
#4837=CARTESIAN_POINT('Ctrl Pts',(24.9858464877851,0.809999999999993,60.7889835649642));
#4838=CARTESIAN_POINT('Ctrl Pts',(24.9929882819485,0.809999999999993,60.771376615583));
#4839=CARTESIAN_POINT('',(24.9929882819485,1.30999999999999,60.771376615583));
#4840=CARTESIAN_POINT('Ctrl Pts',(24.9929882819485,1.30999999999999,60.771376615583));
#4841=CARTESIAN_POINT('Ctrl Pts',(24.9929882819485,0.809999999999993,60.771376615583));
#4842=CARTESIAN_POINT('Ctrl Pts',(24.9926040088776,1.30999999999999,60.7500740937059));
#4843=CARTESIAN_POINT('Ctrl Pts',(24.9926040088776,0.809999999999993,60.7500740937059));
#4844=CARTESIAN_POINT('Ctrl Pts',(24.9917319213136,1.30999999999999,60.707563288765));
#4845=CARTESIAN_POINT('Ctrl Pts',(24.9917319213136,0.809999999999993,60.707563288765));
#4846=CARTESIAN_POINT('Ctrl Pts',(24.9901131761664,1.30999999999999,60.644079788269));
#4847=CARTESIAN_POINT('Ctrl Pts',(24.9901131761664,0.809999999999993,60.644079788269));
#4848=CARTESIAN_POINT('Ctrl Pts',(24.987323310857,1.30999999999999,60.5600099192441));
#4849=CARTESIAN_POINT('Ctrl Pts',(24.987323310857,0.809999999999993,60.5600099192441));
#4850=CARTESIAN_POINT('Ctrl Pts',(24.9827118125874,1.30999999999999,60.4559457496029));
#4851=CARTESIAN_POINT('Ctrl Pts',(24.9827118125874,0.809999999999993,60.4559457496029));
#4852=CARTESIAN_POINT('Ctrl Pts',(24.9768750320193,1.30999999999999,60.352996777593));
#4853=CARTESIAN_POINT('Ctrl Pts',(24.9768750320193,0.809999999999993,60.352996777593));
#4854=CARTESIAN_POINT('Ctrl Pts',(24.9697119549103,1.30999999999999,60.2512549418946));
#4855=CARTESIAN_POINT('Ctrl Pts',(24.9697119549103,0.809999999999993,60.2512549418946));
#4856=CARTESIAN_POINT('Ctrl Pts',(24.9611655832742,1.30999999999999,60.1507721195425));
#4857=CARTESIAN_POINT('Ctrl Pts',(24.9611655832742,0.809999999999993,60.1507721195425));
#4858=CARTESIAN_POINT('Ctrl Pts',(24.9512883314446,1.30999999999999,60.0515006053284));
#4859=CARTESIAN_POINT('Ctrl Pts',(24.9512883314446,0.809999999999993,60.0515006053284));
#4860=CARTESIAN_POINT('Ctrl Pts',(24.940179662697,1.30999999999999,59.9533498721835));
#4861=CARTESIAN_POINT('Ctrl Pts',(24.940179662697,0.809999999999993,59.9533498721835));
#4862=CARTESIAN_POINT('Ctrl Pts',(24.9303879282244,1.30999999999999,59.8756527940195));
#4863=CARTESIAN_POINT('Ctrl Pts',(24.9303879282244,0.809999999999993,59.8756527940195));
#4864=CARTESIAN_POINT('Ctrl Pts',(24.9225674525958,1.30999999999999,59.8178138336321));
#4865=CARTESIAN_POINT('Ctrl Pts',(24.9225674525958,0.809999999999993,59.8178138336321));
#4866=CARTESIAN_POINT('Ctrl Pts',(24.9171454001123,1.30999999999999,59.779444205022));
#4867=CARTESIAN_POINT('Ctrl Pts',(24.9171454001123,0.809999999999993,59.779444205022));
#4868=CARTESIAN_POINT('Ctrl Pts',(24.9143822719208,1.30999999999999,59.7603068116006));
#4869=CARTESIAN_POINT('Ctrl Pts',(24.9143822719208,0.809999999999993,59.7603068116006));
#4870=CARTESIAN_POINT('Ctrl Pts',(24.9929882819485,1.30999999999999,60.771376615583));
#4871=CARTESIAN_POINT('Ctrl Pts',(24.9926040088776,1.30999999999999,60.7500740937059));
#4872=CARTESIAN_POINT('Ctrl Pts',(24.9917319213136,1.30999999999999,60.707563288765));
#4873=CARTESIAN_POINT('Ctrl Pts',(24.9901131761664,1.30999999999999,60.644079788269));
#4874=CARTESIAN_POINT('Ctrl Pts',(24.987323310857,1.30999999999999,60.5600099192441));
#4875=CARTESIAN_POINT('Ctrl Pts',(24.9827118125874,1.30999999999999,60.4559457496029));
#4876=CARTESIAN_POINT('Ctrl Pts',(24.9768750320193,1.30999999999999,60.352996777593));
#4877=CARTESIAN_POINT('Ctrl Pts',(24.9697119549103,1.30999999999999,60.2512549418946));
#4878=CARTESIAN_POINT('Ctrl Pts',(24.9611655832742,1.30999999999999,60.1507721195425));
#4879=CARTESIAN_POINT('Ctrl Pts',(24.9512883314446,1.30999999999999,60.0515006053284));
#4880=CARTESIAN_POINT('Ctrl Pts',(24.940179662697,1.30999999999999,59.9533498721835));
#4881=CARTESIAN_POINT('Ctrl Pts',(24.9303879282244,1.30999999999999,59.8756527940195));
#4882=CARTESIAN_POINT('Ctrl Pts',(24.9225674525958,1.30999999999999,59.8178138336321));
#4883=CARTESIAN_POINT('Ctrl Pts',(24.9171454001123,1.30999999999999,59.779444205022));
#4884=CARTESIAN_POINT('Ctrl Pts',(24.9143822719208,1.30999999999999,59.7603068116006));
#4885=CARTESIAN_POINT('Ctrl Pts',(24.9929882819485,0.809999999999993,60.771376615583));
#4886=CARTESIAN_POINT('Ctrl Pts',(24.9926040088776,0.809999999999993,60.7500740937059));
#4887=CARTESIAN_POINT('Ctrl Pts',(24.9917319213136,0.809999999999993,60.707563288765));
#4888=CARTESIAN_POINT('Ctrl Pts',(24.9901131761664,0.809999999999993,60.644079788269));
#4889=CARTESIAN_POINT('Ctrl Pts',(24.987323310857,0.809999999999993,60.5600099192441));
#4890=CARTESIAN_POINT('Ctrl Pts',(24.9827118125874,0.809999999999993,60.4559457496029));
#4891=CARTESIAN_POINT('Ctrl Pts',(24.9768750320193,0.809999999999993,60.352996777593));
#4892=CARTESIAN_POINT('Ctrl Pts',(24.9697119549103,0.809999999999993,60.2512549418946));
#4893=CARTESIAN_POINT('Ctrl Pts',(24.9611655832742,0.809999999999993,60.1507721195425));
#4894=CARTESIAN_POINT('Ctrl Pts',(24.9512883314446,0.809999999999993,60.0515006053284));
#4895=CARTESIAN_POINT('Ctrl Pts',(24.940179662697,0.809999999999993,59.9533498721835));
#4896=CARTESIAN_POINT('Ctrl Pts',(24.9303879282244,0.809999999999993,59.8756527940195));
#4897=CARTESIAN_POINT('Ctrl Pts',(24.9225674525958,0.809999999999993,59.8178138336321));
#4898=CARTESIAN_POINT('Ctrl Pts',(24.9171454001123,0.809999999999993,59.779444205022));
#4899=CARTESIAN_POINT('Ctrl Pts',(24.9143822719208,0.809999999999993,59.7603068116006));
#4900=CARTESIAN_POINT('Ctrl Pts',(24.0488464070535,1.30999999999999,64.9303286552725));
#4901=CARTESIAN_POINT('Ctrl Pts',(24.0488464070535,0.809999999999993,64.9303286552725));
#4902=CARTESIAN_POINT('Ctrl Pts',(24.0210576670823,1.30999999999999,64.975521936327));
#4903=CARTESIAN_POINT('Ctrl Pts',(24.0210576670823,0.809999999999993,64.975521936327));
#4904=CARTESIAN_POINT('Ctrl Pts',(23.9616630899746,1.30999999999999,65.058945393517));
#4905=CARTESIAN_POINT('Ctrl Pts',(23.9616630899746,0.809999999999993,65.058945393517));
#4906=CARTESIAN_POINT('Ctrl Pts',(23.8611194381055,1.30999999999999,65.1631909719927));
#4907=CARTESIAN_POINT('Ctrl Pts',(23.8611194381055,0.809999999999993,65.1631909719927));
#4908=CARTESIAN_POINT('Ctrl Pts',(23.7041386245011,1.30999999999999,65.2603658612003));
#4909=CARTESIAN_POINT('Ctrl Pts',(23.7041386245011,0.809999999999993,65.2603658612003));
#4910=CARTESIAN_POINT('Ctrl Pts',(23.4709625935715,1.30999999999999,65.3127433547457));
#4911=CARTESIAN_POINT('Ctrl Pts',(23.4709625935715,0.809999999999993,65.3127433547457));
#4912=CARTESIAN_POINT('Ctrl Pts',(23.204918815137,1.30999999999999,65.2983311562042));
#4913=CARTESIAN_POINT('Ctrl Pts',(23.204918815137,0.809999999999993,65.2983311562042));
#4914=CARTESIAN_POINT('Ctrl Pts',(22.9142217161445,1.30999999999999,65.2219812710783));
#4915=CARTESIAN_POINT('Ctrl Pts',(22.9142217161445,0.809999999999993,65.2219812710783));
#4916=CARTESIAN_POINT('Ctrl Pts',(22.6130663944987,1.30999999999999,65.0922793275902));
#4917=CARTESIAN_POINT('Ctrl Pts',(22.6130663944987,0.809999999999993,65.0922793275902));
#4918=CARTESIAN_POINT('Ctrl Pts',(22.3218852464539,1.30999999999999,64.9217838258674));
#4919=CARTESIAN_POINT('Ctrl Pts',(22.3218852464539,0.809999999999993,64.9217838258674));
#4920=CARTESIAN_POINT('Ctrl Pts',(22.0632316347252,1.30999999999999,64.7246711963153));
#4921=CARTESIAN_POINT('Ctrl Pts',(22.0632316347252,0.809999999999993,64.7246711963153));
#4922=CARTESIAN_POINT('Ctrl Pts',(21.8585484624734,1.30999999999999,64.5149067209823));
#4923=CARTESIAN_POINT('Ctrl Pts',(21.8585484624734,0.809999999999993,64.5149067209823));
#4924=CARTESIAN_POINT('Ctrl Pts',(21.7244494087234,1.30999999999999,64.3041373294445));
#4925=CARTESIAN_POINT('Ctrl Pts',(21.7244494087234,0.809999999999993,64.3041373294445));
#4926=CARTESIAN_POINT('Ctrl Pts',(21.669499731153,1.30999999999999,64.0998666412617));
#4927=CARTESIAN_POINT('Ctrl Pts',(21.669499731153,0.809999999999993,64.0998666412617));
#4928=CARTESIAN_POINT('Ctrl Pts',(21.6899318416543,1.30999999999999,63.9030486269945));
#4929=CARTESIAN_POINT('Ctrl Pts',(21.6899318416543,0.809999999999993,63.9030486269945));
#4930=CARTESIAN_POINT('Ctrl Pts',(21.7724689829154,1.30999999999999,63.7095632284494));
#4931=CARTESIAN_POINT('Ctrl Pts',(21.7724689829154,0.809999999999993,63.7095632284494));
#4932=CARTESIAN_POINT('Ctrl Pts',(21.8988307928144,1.30999999999999,63.5126112626564));
#4933=CARTESIAN_POINT('Ctrl Pts',(21.8988307928144,0.809999999999993,63.5126112626564));
#4934=CARTESIAN_POINT('Ctrl Pts',(22.0493944840045,1.30999999999999,63.3046501911898));
#4935=CARTESIAN_POINT('Ctrl Pts',(22.0493944840045,0.809999999999993,63.3046501911898));
#4936=CARTESIAN_POINT('Ctrl Pts',(22.2077555588777,1.30999999999999,63.0798226116932));
#4937=CARTESIAN_POINT('Ctrl Pts',(22.2077555588777,0.809999999999993,63.0798226116932));
#4938=CARTESIAN_POINT('Ctrl Pts',(22.3629664996116,1.30999999999999,62.8351162041511));
#4939=CARTESIAN_POINT('Ctrl Pts',(22.3629664996116,0.809999999999993,62.8351162041511));
#4940=CARTESIAN_POINT('Ctrl Pts',(22.5081806650601,1.30999999999999,62.569556061174));
#4941=CARTESIAN_POINT('Ctrl Pts',(22.5081806650601,0.809999999999993,62.569556061174));
#4942=CARTESIAN_POINT('Ctrl Pts',(22.6401360702655,1.30999999999999,62.2838602882131));
#4943=CARTESIAN_POINT('Ctrl Pts',(22.6401360702655,0.809999999999993,62.2838602882131));
#4944=CARTESIAN_POINT('Ctrl Pts',(22.7583143093786,1.30999999999999,61.9799096786238));
#4945=CARTESIAN_POINT('Ctrl Pts',(22.7583143093786,0.809999999999993,61.9799096786238));
#4946=CARTESIAN_POINT('Ctrl Pts',(22.8642607847028,1.30999999999999,61.660324322029));
#4947=CARTESIAN_POINT('Ctrl Pts',(22.8642607847028,0.809999999999993,61.660324322029));
#4948=CARTESIAN_POINT('Ctrl Pts',(22.9608240845697,1.30999999999999,61.3279460022909));
#4949=CARTESIAN_POINT('Ctrl Pts',(22.9608240845697,0.809999999999993,61.3279460022909));
#4950=CARTESIAN_POINT('Ctrl Pts',(23.0516255523535,1.30999999999999,60.985833206275));
#4951=CARTESIAN_POINT('Ctrl Pts',(23.0516255523535,0.809999999999993,60.985833206275));
#4952=CARTESIAN_POINT('Ctrl Pts',(23.1405521652784,1.30999999999999,60.637353497888));
#4953=CARTESIAN_POINT('Ctrl Pts',(23.1405521652784,0.809999999999993,60.637353497888));
#4954=CARTESIAN_POINT('Ctrl Pts',(23.2312587480043,1.30999999999999,60.2862385957433));
#4955=CARTESIAN_POINT('Ctrl Pts',(23.2312587480043,0.809999999999993,60.2862385957433));
#4956=CARTESIAN_POINT('Ctrl Pts',(23.3266338869003,1.30999999999999,59.9366704949973));
#4957=CARTESIAN_POINT('Ctrl Pts',(23.3266338869003,0.809999999999993,59.9366704949973));
#4958=CARTESIAN_POINT('Ctrl Pts',(23.4283535957841,1.30999999999999,59.593325216924));
#4959=CARTESIAN_POINT('Ctrl Pts',(23.4283535957841,0.809999999999993,59.593325216924));
#4960=CARTESIAN_POINT('Ctrl Pts',(23.5362068267016,1.30999999999999,59.2615140596113));
#4961=CARTESIAN_POINT('Ctrl Pts',(23.5362068267016,0.809999999999993,59.2615140596113));
#4962=CARTESIAN_POINT('Ctrl Pts',(23.6482620857756,1.30999999999999,58.9469722030473));
#4963=CARTESIAN_POINT('Ctrl Pts',(23.6482620857756,0.809999999999993,58.9469722030473));
#4964=CARTESIAN_POINT('Ctrl Pts',(23.7618306262197,1.30999999999999,58.6553118334024));
#4965=CARTESIAN_POINT('Ctrl Pts',(23.7618306262197,0.809999999999993,58.6553118334024));
#4966=CARTESIAN_POINT('Ctrl Pts',(23.8741917223653,1.30999999999999,58.3915760970733));
#4967=CARTESIAN_POINT('Ctrl Pts',(23.8741917223653,0.809999999999993,58.3915760970733));
#4968=CARTESIAN_POINT('Ctrl Pts',(23.9834447840378,1.30999999999999,58.1597280818997));
#4969=CARTESIAN_POINT('Ctrl Pts',(23.9834447840378,0.809999999999993,58.1597280818997));
#4970=CARTESIAN_POINT('Ctrl Pts',(24.0892382279935,1.30999999999999,57.9622091793708));
#4971=CARTESIAN_POINT('Ctrl Pts',(24.0892382279935,0.809999999999993,57.9622091793708));
#4972=CARTESIAN_POINT('Ctrl Pts',(24.1937453283867,1.30999999999999,57.799334580376));
#4973=CARTESIAN_POINT('Ctrl Pts',(24.1937453283867,0.809999999999993,57.799334580376));
#4974=CARTESIAN_POINT('Ctrl Pts',(24.3008993056199,1.30999999999999,57.6698377537032));
#4975=CARTESIAN_POINT('Ctrl Pts',(24.3008993056199,0.809999999999993,57.6698377537032));
#4976=CARTESIAN_POINT('Ctrl Pts',(24.4152369280071,1.30999999999999,57.5716697205192));
#4977=CARTESIAN_POINT('Ctrl Pts',(24.4152369280071,0.809999999999993,57.5716697205192));
#4978=CARTESIAN_POINT('Ctrl Pts',(24.5409565789938,1.30999999999999,57.5026584449046));
#4979=CARTESIAN_POINT('Ctrl Pts',(24.5409565789938,0.809999999999993,57.5026584449046));
#4980=CARTESIAN_POINT('Ctrl Pts',(24.6806964073248,1.30999999999999,57.4613373251269));
#4981=CARTESIAN_POINT('Ctrl Pts',(24.6806964073248,0.809999999999993,57.4613373251269));
#4982=CARTESIAN_POINT('Ctrl Pts',(24.8046937979132,1.30999999999999,57.4498180947256));
#4983=CARTESIAN_POINT('Ctrl Pts',(24.8046937979132,0.809999999999993,57.4498180947256));
#4984=CARTESIAN_POINT('Ctrl Pts',(24.9047354932873,1.30999999999999,57.4531496704787));
#4985=CARTESIAN_POINT('Ctrl Pts',(24.9047354932873,0.809999999999993,57.4531496704787));
#4986=CARTESIAN_POINT('Ctrl Pts',(24.9745564317197,1.30999999999999,57.460686262974));
#4987=CARTESIAN_POINT('Ctrl Pts',(24.9745564317197,0.809999999999993,57.460686262974));
#4988=CARTESIAN_POINT('Ctrl Pts',(25.0102485688366,1.30999999999999,57.4657834154121));
#4989=CARTESIAN_POINT('Ctrl Pts',(25.0102485688366,0.809999999999993,57.4657834154121));
#4990=CARTESIAN_POINT('',(24.0488464070535,0.809999999999993,64.9303286552725));
#4991=CARTESIAN_POINT('',(24.0488464070535,1.30999999999999,64.9303286552725));
#4992=CARTESIAN_POINT('',(25.0102485688366,0.809999999999993,57.4657834154121));
#4993=CARTESIAN_POINT('Ctrl Pts',(24.0488464070535,0.809999999999993,64.9303286552725));
#4994=CARTESIAN_POINT('Ctrl Pts',(24.0210576670823,0.809999999999993,64.975521936327));
#4995=CARTESIAN_POINT('Ctrl Pts',(23.9616630899746,0.809999999999993,65.058945393517));
#4996=CARTESIAN_POINT('Ctrl Pts',(23.8611194381055,0.809999999999993,65.1631909719927));
#4997=CARTESIAN_POINT('Ctrl Pts',(23.7041386245011,0.809999999999993,65.2603658612003));
#4998=CARTESIAN_POINT('Ctrl Pts',(23.4709625935715,0.809999999999993,65.3127433547457));
#4999=CARTESIAN_POINT('Ctrl Pts',(23.204918815137,0.809999999999993,65.2983311562042));
#5000=CARTESIAN_POINT('Ctrl Pts',(22.9142217161445,0.809999999999993,65.2219812710783));
#5001=CARTESIAN_POINT('Ctrl Pts',(22.6130663944987,0.809999999999993,65.0922793275902));
#5002=CARTESIAN_POINT('Ctrl Pts',(22.3218852464539,0.809999999999993,64.9217838258674));
#5003=CARTESIAN_POINT('Ctrl Pts',(22.0632316347252,0.809999999999993,64.7246711963153));
#5004=CARTESIAN_POINT('Ctrl Pts',(21.8585484624734,0.809999999999993,64.5149067209823));
#5005=CARTESIAN_POINT('Ctrl Pts',(21.7244494087234,0.809999999999993,64.3041373294445));
#5006=CARTESIAN_POINT('Ctrl Pts',(21.669499731153,0.809999999999993,64.0998666412617));
#5007=CARTESIAN_POINT('Ctrl Pts',(21.6899318416543,0.809999999999993,63.9030486269945));
#5008=CARTESIAN_POINT('Ctrl Pts',(21.7724689829154,0.809999999999993,63.7095632284494));
#5009=CARTESIAN_POINT('Ctrl Pts',(21.8988307928144,0.809999999999993,63.5126112626564));
#5010=CARTESIAN_POINT('Ctrl Pts',(22.0493944840045,0.809999999999993,63.3046501911898));
#5011=CARTESIAN_POINT('Ctrl Pts',(22.2077555588777,0.809999999999993,63.0798226116932));
#5012=CARTESIAN_POINT('Ctrl Pts',(22.3629664996116,0.809999999999993,62.8351162041511));
#5013=CARTESIAN_POINT('Ctrl Pts',(22.5081806650601,0.809999999999993,62.569556061174));
#5014=CARTESIAN_POINT('Ctrl Pts',(22.6401360702655,0.809999999999993,62.2838602882131));
#5015=CARTESIAN_POINT('Ctrl Pts',(22.7583143093786,0.809999999999993,61.9799096786238));
#5016=CARTESIAN_POINT('Ctrl Pts',(22.8642607847028,0.809999999999993,61.660324322029));
#5017=CARTESIAN_POINT('Ctrl Pts',(22.9608240845697,0.809999999999993,61.3279460022909));
#5018=CARTESIAN_POINT('Ctrl Pts',(23.0516255523535,0.809999999999993,60.985833206275));
#5019=CARTESIAN_POINT('Ctrl Pts',(23.1405521652784,0.809999999999993,60.637353497888));
#5020=CARTESIAN_POINT('Ctrl Pts',(23.2312587480043,0.809999999999993,60.2862385957433));
#5021=CARTESIAN_POINT('Ctrl Pts',(23.3266338869003,0.809999999999993,59.9366704949973));
#5022=CARTESIAN_POINT('Ctrl Pts',(23.4283535957841,0.809999999999993,59.593325216924));
#5023=CARTESIAN_POINT('Ctrl Pts',(23.5362068267016,0.809999999999993,59.2615140596113));
#5024=CARTESIAN_POINT('Ctrl Pts',(23.6482620857756,0.809999999999993,58.9469722030473));
#5025=CARTESIAN_POINT('Ctrl Pts',(23.7618306262197,0.809999999999993,58.6553118334024));
#5026=CARTESIAN_POINT('Ctrl Pts',(23.8741917223653,0.809999999999993,58.3915760970733));
#5027=CARTESIAN_POINT('Ctrl Pts',(23.9834447840378,0.809999999999993,58.1597280818997));
#5028=CARTESIAN_POINT('Ctrl Pts',(24.0892382279935,0.809999999999993,57.9622091793708));
#5029=CARTESIAN_POINT('Ctrl Pts',(24.1937453283867,0.809999999999993,57.799334580376));
#5030=CARTESIAN_POINT('Ctrl Pts',(24.3008993056199,0.809999999999993,57.6698377537032));
#5031=CARTESIAN_POINT('Ctrl Pts',(24.4152369280071,0.809999999999993,57.5716697205192));
#5032=CARTESIAN_POINT('Ctrl Pts',(24.5409565789938,0.809999999999993,57.5026584449046));
#5033=CARTESIAN_POINT('Ctrl Pts',(24.6806964073248,0.809999999999993,57.4613373251269));
#5034=CARTESIAN_POINT('Ctrl Pts',(24.8046937979132,0.809999999999993,57.4498180947256));
#5035=CARTESIAN_POINT('Ctrl Pts',(24.9047354932873,0.809999999999993,57.4531496704787));
#5036=CARTESIAN_POINT('Ctrl Pts',(24.9745564317197,0.809999999999993,57.460686262974));
#5037=CARTESIAN_POINT('Ctrl Pts',(25.0102485688366,0.809999999999993,57.4657834154121));
#5038=CARTESIAN_POINT('',(25.0102485688366,1.30999999999999,57.4657834154121));
#5039=CARTESIAN_POINT('Ctrl Pts',(24.5178230713379,1.30999999999999,62.0695710031375));
#5040=CARTESIAN_POINT('Ctrl Pts',(24.5178230713379,0.809999999999993,62.0695710031375));
#5041=CARTESIAN_POINT('Ctrl Pts',(24.5067889265745,1.30999999999999,62.1389882867046));
#5042=CARTESIAN_POINT('Ctrl Pts',(24.5067889265745,0.809999999999993,62.1389882867046));
#5043=CARTESIAN_POINT('Ctrl Pts',(24.4848625302256,1.30999999999999,62.2767764455978));
#5044=CARTESIAN_POINT('Ctrl Pts',(24.4848625302256,0.809999999999993,62.2767764455978));
#5045=CARTESIAN_POINT('Ctrl Pts',(24.4523985916445,1.30999999999999,62.4803196331932));
#5046=CARTESIAN_POINT('Ctrl Pts',(24.4523985916445,0.809999999999993,62.4803196331932));
#5047=CARTESIAN_POINT('Ctrl Pts',(24.4099788618022,1.30999999999999,62.7453276572586));
#5048=CARTESIAN_POINT('Ctrl Pts',(24.4099788618022,0.809999999999993,62.7453276572586));
#5049=CARTESIAN_POINT('Ctrl Pts',(24.3584969068501,1.30999999999999,63.0652108071613));
#5050=CARTESIAN_POINT('Ctrl Pts',(24.3584969068501,0.809999999999993,63.0652108071613));
#5051=CARTESIAN_POINT('Ctrl Pts',(24.3087039686901,1.30999999999999,63.3726381003937));
#5052=CARTESIAN_POINT('Ctrl Pts',(24.3087039686901,0.809999999999993,63.3726381003937));
#5053=CARTESIAN_POINT('Ctrl Pts',(24.2607516530446,1.30999999999999,63.6664915024156));
#5054=CARTESIAN_POINT('Ctrl Pts',(24.2607516530446,0.809999999999993,63.6664915024156));
#5055=CARTESIAN_POINT('Ctrl Pts',(24.2147462418286,1.30999999999999,63.9459872245447));
#5056=CARTESIAN_POINT('Ctrl Pts',(24.2147462418286,0.809999999999993,63.9459872245447));
#5057=CARTESIAN_POINT('Ctrl Pts',(24.1706446133333,1.30999999999999,64.2114432730352));
#5058=CARTESIAN_POINT('Ctrl Pts',(24.1706446133333,0.809999999999993,64.2114432730352));
#5059=CARTESIAN_POINT('Ctrl Pts',(24.1283168827085,1.30999999999999,64.4638174993314));
#5060=CARTESIAN_POINT('Ctrl Pts',(24.1283168827085,0.809999999999993,64.4638174993314));
#5061=CARTESIAN_POINT('Ctrl Pts',(24.0957644569862,1.30999999999999,64.6560579075314));
#5062=CARTESIAN_POINT('Ctrl Pts',(24.0957644569862,0.809999999999993,64.6560579075314));
#5063=CARTESIAN_POINT('Ctrl Pts',(24.0720410793516,1.30999999999999,64.7951427817754));
#5064=CARTESIAN_POINT('Ctrl Pts',(24.0720410793516,0.809999999999993,64.7951427817754));
#5065=CARTESIAN_POINT('Ctrl Pts',(24.0565276116817,1.30999999999999,64.8856380302202));
#5066=CARTESIAN_POINT('Ctrl Pts',(24.0565276116817,0.809999999999993,64.8856380302202));
#5067=CARTESIAN_POINT('Ctrl Pts',(24.0488464070535,1.30999999999999,64.9303286552725));
#5068=CARTESIAN_POINT('Ctrl Pts',(24.0488464070535,0.809999999999993,64.9303286552725));
#5069=CARTESIAN_POINT('',(24.5178230713379,0.809999999999993,62.0695710031375));
#5070=CARTESIAN_POINT('',(24.5178230713379,1.30999999999999,62.0695710031375));
#5071=CARTESIAN_POINT('Ctrl Pts',(24.5178230713379,0.809999999999993,62.0695710031375));
#5072=CARTESIAN_POINT('Ctrl Pts',(24.5067889265745,0.809999999999993,62.1389882867046));
#5073=CARTESIAN_POINT('Ctrl Pts',(24.4848625302256,0.809999999999993,62.2767764455978));
#5074=CARTESIAN_POINT('Ctrl Pts',(24.4523985916445,0.809999999999993,62.4803196331932));
#5075=CARTESIAN_POINT('Ctrl Pts',(24.4099788618022,0.809999999999993,62.7453276572586));
#5076=CARTESIAN_POINT('Ctrl Pts',(24.3584969068501,0.809999999999993,63.0652108071613));
#5077=CARTESIAN_POINT('Ctrl Pts',(24.3087039686901,0.809999999999993,63.3726381003937));
#5078=CARTESIAN_POINT('Ctrl Pts',(24.2607516530446,0.809999999999993,63.6664915024156));
#5079=CARTESIAN_POINT('Ctrl Pts',(24.2147462418286,0.809999999999993,63.9459872245447));
#5080=CARTESIAN_POINT('Ctrl Pts',(24.1706446133333,0.809999999999993,64.2114432730352));
#5081=CARTESIAN_POINT('Ctrl Pts',(24.1283168827085,0.809999999999993,64.4638174993314));
#5082=CARTESIAN_POINT('Ctrl Pts',(24.0957644569862,0.809999999999993,64.6560579075314));
#5083=CARTESIAN_POINT('Ctrl Pts',(24.0720410793516,0.809999999999993,64.7951427817754));
#5084=CARTESIAN_POINT('Ctrl Pts',(24.0565276116817,0.809999999999993,64.8856380302202));
#5085=CARTESIAN_POINT('Ctrl Pts',(24.0488464070535,0.809999999999993,64.9303286552725));
#5086=CARTESIAN_POINT('Ctrl Pts',(24.8617392918132,1.30999999999999,61.9760028393245));
#5087=CARTESIAN_POINT('Ctrl Pts',(24.8617392918132,0.809999999999993,61.9760028393245));
#5088=CARTESIAN_POINT('Ctrl Pts',(24.8486532627521,1.30999999999999,61.9742755684389));
#5089=CARTESIAN_POINT('Ctrl Pts',(24.8486532627521,0.809999999999993,61.9742755684389));
#5090=CARTESIAN_POINT('Ctrl Pts',(24.8230180839581,1.30999999999999,61.9711322580177));
#5091=CARTESIAN_POINT('Ctrl Pts',(24.8230180839581,0.809999999999993,61.9711322580177));
#5092=CARTESIAN_POINT('Ctrl Pts',(24.7861758806682,1.30999999999999,61.9673509440692));
#5093=CARTESIAN_POINT('Ctrl Pts',(24.7861758806682,0.809999999999993,61.9673509440692));
#5094=CARTESIAN_POINT('Ctrl Pts',(24.7403276984837,1.30999999999999,61.9642075825812));
#5095=CARTESIAN_POINT('Ctrl Pts',(24.7403276984837,0.809999999999993,61.9642075825812));
#5096=CARTESIAN_POINT('Ctrl Pts',(24.6888503640508,1.30999999999999,61.9636597350729));
#5097=CARTESIAN_POINT('Ctrl Pts',(24.6888503640508,0.809999999999993,61.9636597350729));
#5098=CARTESIAN_POINT('Ctrl Pts',(24.6437445449802,1.30999999999999,61.9668054835321));
#5099=CARTESIAN_POINT('Ctrl Pts',(24.6437445449802,0.809999999999993,61.9668054835321));
#5100=CARTESIAN_POINT('Ctrl Pts',(24.6055579038008,1.30999999999999,61.9739623103717));
#5101=CARTESIAN_POINT('Ctrl Pts',(24.6055579038008,0.809999999999993,61.9739623103717));
#5102=CARTESIAN_POINT('Ctrl Pts',(24.5746383649528,1.30999999999999,61.9853319089402));
#5103=CARTESIAN_POINT('Ctrl Pts',(24.5746383649528,0.809999999999993,61.9853319089402));
#5104=CARTESIAN_POINT('Ctrl Pts',(24.550763851401,1.30999999999999,62.0007855401806));
#5105=CARTESIAN_POINT('Ctrl Pts',(24.550763851401,0.809999999999993,62.0007855401806));
#5106=CARTESIAN_POINT('Ctrl Pts',(24.5334294757122,1.30999999999999,62.0200305185821));
#5107=CARTESIAN_POINT('Ctrl Pts',(24.5334294757122,0.809999999999993,62.0200305185821));
#5108=CARTESIAN_POINT('Ctrl Pts',(24.5243785165199,1.30999999999999,62.0382186718582));
#5109=CARTESIAN_POINT('Ctrl Pts',(24.5243785165199,0.809999999999993,62.0382186718582));
#5110=CARTESIAN_POINT('Ctrl Pts',(24.520129400902,1.30999999999999,62.0533317166202));
#5111=CARTESIAN_POINT('Ctrl Pts',(24.520129400902,0.809999999999993,62.0533317166202));
#5112=CARTESIAN_POINT('Ctrl Pts',(24.5184068184625,1.30999999999999,62.0640506452637));
#5113=CARTESIAN_POINT('Ctrl Pts',(24.5184068184625,0.809999999999993,62.0640506452637));
#5114=CARTESIAN_POINT('Ctrl Pts',(24.5178230713379,1.30999999999999,62.0695710031375));
#5115=CARTESIAN_POINT('Ctrl Pts',(24.5178230713379,0.809999999999993,62.0695710031375));
#5116=CARTESIAN_POINT('',(24.8617392918132,0.809999999999993,61.9760028393245));
#5117=CARTESIAN_POINT('',(24.8617392918132,1.30999999999999,61.9760028393245));
#5118=CARTESIAN_POINT('Ctrl Pts',(24.8617392918132,0.809999999999993,61.9760028393245));
#5119=CARTESIAN_POINT('Ctrl Pts',(24.8486532627521,0.809999999999993,61.9742755684389));
#5120=CARTESIAN_POINT('Ctrl Pts',(24.8230180839581,0.809999999999993,61.9711322580177));
#5121=CARTESIAN_POINT('Ctrl Pts',(24.7861758806682,0.809999999999993,61.9673509440692));
#5122=CARTESIAN_POINT('Ctrl Pts',(24.7403276984837,0.809999999999993,61.9642075825812));
#5123=CARTESIAN_POINT('Ctrl Pts',(24.6888503640508,0.809999999999993,61.9636597350729));
#5124=CARTESIAN_POINT('Ctrl Pts',(24.6437445449802,0.809999999999993,61.9668054835321));
#5125=CARTESIAN_POINT('Ctrl Pts',(24.6055579038008,0.809999999999993,61.9739623103717));
#5126=CARTESIAN_POINT('Ctrl Pts',(24.5746383649528,0.809999999999993,61.9853319089402));
#5127=CARTESIAN_POINT('Ctrl Pts',(24.550763851401,0.809999999999993,62.0007855401806));
#5128=CARTESIAN_POINT('Ctrl Pts',(24.5334294757122,0.809999999999993,62.0200305185821));
#5129=CARTESIAN_POINT('Ctrl Pts',(24.5243785165199,0.809999999999993,62.0382186718582));
#5130=CARTESIAN_POINT('Ctrl Pts',(24.520129400902,0.809999999999993,62.0533317166202));
#5131=CARTESIAN_POINT('Ctrl Pts',(24.5184068184625,0.809999999999993,62.0640506452637));
#5132=CARTESIAN_POINT('Ctrl Pts',(24.5178230713379,0.809999999999993,62.0695710031375));
#5133=CARTESIAN_POINT('Ctrl Pts',(27.5349062782344,1.30999999999999,64.1955985478936));
#5134=CARTESIAN_POINT('Ctrl Pts',(27.5349062782344,0.809999999999993,64.1955985478936));
#5135=CARTESIAN_POINT('Ctrl Pts',(27.5324461995574,1.30999999999999,64.2108904314801));
#5136=CARTESIAN_POINT('Ctrl Pts',(27.5324461995574,0.809999999999993,64.2108904314801));
#5137=CARTESIAN_POINT('Ctrl Pts',(27.5236573526479,1.30999999999999,64.2420995752277));
#5138=CARTESIAN_POINT('Ctrl Pts',(27.5236573526479,0.809999999999993,64.2420995752277));
#5139=CARTESIAN_POINT('Ctrl Pts',(27.4988676704018,1.30999999999999,64.2907896889915));
#5140=CARTESIAN_POINT('Ctrl Pts',(27.4988676704018,0.809999999999993,64.2907896889915));
#5141=CARTESIAN_POINT('Ctrl Pts',(27.4425628710713,1.30999999999999,64.3594671128911));
#5142=CARTESIAN_POINT('Ctrl Pts',(27.4425628710713,0.809999999999993,64.3594671128911));
#5143=CARTESIAN_POINT('Ctrl Pts',(27.3338650658577,1.30999999999999,64.4511224169542));
#5144=CARTESIAN_POINT('Ctrl Pts',(27.3338650658577,0.809999999999993,64.4511224169542));
#5145=CARTESIAN_POINT('Ctrl Pts',(27.188645178907,1.30999999999999,64.5471104379585));
#5146=CARTESIAN_POINT('Ctrl Pts',(27.188645178907,0.809999999999993,64.5471104379585));
#5147=CARTESIAN_POINT('Ctrl Pts',(27.0107306568799,1.30999999999999,64.644495755896));
#5148=CARTESIAN_POINT('Ctrl Pts',(27.0107306568799,0.809999999999993,64.644495755896));
#5149=CARTESIAN_POINT('Ctrl Pts',(26.8070577874869,1.30999999999999,64.7381391961345));
#5150=CARTESIAN_POINT('Ctrl Pts',(26.8070577874869,0.809999999999993,64.7381391961345));
#5151=CARTESIAN_POINT('Ctrl Pts',(26.5871676392865,1.30999999999999,64.8211819598147));
#5152=CARTESIAN_POINT('Ctrl Pts',(26.5871676392865,0.809999999999993,64.8211819598147));
#5153=CARTESIAN_POINT('Ctrl Pts',(26.36165370675,1.30999999999999,64.886347321783));
#5154=CARTESIAN_POINT('Ctrl Pts',(26.36165370675,0.809999999999993,64.886347321783));
#5155=CARTESIAN_POINT('Ctrl Pts',(26.1409398819187,1.30999999999999,64.926991069678));
#5156=CARTESIAN_POINT('Ctrl Pts',(26.1409398819187,0.809999999999993,64.926991069678));
#5157=CARTESIAN_POINT('Ctrl Pts',(25.9339161443397,1.30999999999999,64.9382710003815));
#5158=CARTESIAN_POINT('Ctrl Pts',(25.9339161443397,0.809999999999993,64.9382710003815));
#5159=CARTESIAN_POINT('Ctrl Pts',(25.7466479054064,1.30999999999999,64.91825944295));
#5160=CARTESIAN_POINT('Ctrl Pts',(25.7466479054064,0.809999999999993,64.91825944295));
#5161=CARTESIAN_POINT('Ctrl Pts',(25.5809724065735,1.30999999999999,64.869167737314));
#5162=CARTESIAN_POINT('Ctrl Pts',(25.5809724065735,0.809999999999993,64.869167737314));
#5163=CARTESIAN_POINT('Ctrl Pts',(25.4357893530582,1.30999999999999,64.7957642592056));
#5164=CARTESIAN_POINT('Ctrl Pts',(25.4357893530582,0.809999999999993,64.7957642592056));
#5165=CARTESIAN_POINT('Ctrl Pts',(25.3084288603571,1.30999999999999,64.7037001795289));
#5166=CARTESIAN_POINT('Ctrl Pts',(25.3084288603571,0.809999999999993,64.7037001795289));
#5167=CARTESIAN_POINT('Ctrl Pts',(25.1959330126573,1.30999999999999,64.5979422894832));
#5168=CARTESIAN_POINT('Ctrl Pts',(25.1959330126573,0.809999999999993,64.5979422894832));
#5169=CARTESIAN_POINT('Ctrl Pts',(25.0964564494343,1.30999999999999,64.4810286128252));
#5170=CARTESIAN_POINT('Ctrl Pts',(25.0964564494343,0.809999999999993,64.4810286128252));
#5171=CARTESIAN_POINT('Ctrl Pts',(25.0103506103081,1.30999999999999,64.351780584282));
#5172=CARTESIAN_POINT('Ctrl Pts',(25.0103506103081,0.809999999999993,64.351780584282));
#5173=CARTESIAN_POINT('Ctrl Pts',(24.9391084541588,1.30999999999999,64.2071319515771));
#5174=CARTESIAN_POINT('Ctrl Pts',(24.9391084541588,0.809999999999993,64.2071319515771));
#5175=CARTESIAN_POINT('Ctrl Pts',(24.8845026799584,1.30999999999999,64.043683886511));
#5176=CARTESIAN_POINT('Ctrl Pts',(24.8845026799584,0.809999999999993,64.043683886511));
#5177=CARTESIAN_POINT('Ctrl Pts',(24.847714189891,1.30999999999999,63.8592471684356));
#5178=CARTESIAN_POINT('Ctrl Pts',(24.847714189891,0.809999999999993,63.8592471684356));
#5179=CARTESIAN_POINT('Ctrl Pts',(24.8283075097814,1.30999999999999,63.6546731851069));
#5180=CARTESIAN_POINT('Ctrl Pts',(24.8283075097814,0.809999999999993,63.6546731851069));
#5181=CARTESIAN_POINT('Ctrl Pts',(24.823754064099,1.30999999999999,63.4346861301451));
#5182=CARTESIAN_POINT('Ctrl Pts',(24.823754064099,0.809999999999993,63.4346861301451));
#5183=CARTESIAN_POINT('Ctrl Pts',(24.830264051983,1.30999999999999,63.2063453967177));
#5184=CARTESIAN_POINT('Ctrl Pts',(24.830264051983,0.809999999999993,63.2063453967177));
#5185=CARTESIAN_POINT('Ctrl Pts',(24.8433313474927,1.30999999999999,62.9780262495315));
#5186=CARTESIAN_POINT('Ctrl Pts',(24.8433313474927,0.809999999999993,62.9780262495315));
#5187=CARTESIAN_POINT('Ctrl Pts',(24.858404905915,1.30999999999999,62.7581678480404));
#5188=CARTESIAN_POINT('Ctrl Pts',(24.858404905915,0.809999999999993,62.7581678480404));
#5189=CARTESIAN_POINT('Ctrl Pts',(24.8714532252524,1.30999999999999,62.5542180799334));
#5190=CARTESIAN_POINT('Ctrl Pts',(24.8714532252524,0.809999999999993,62.5542180799334));
#5191=CARTESIAN_POINT('Ctrl Pts',(24.8797028952439,1.30999999999999,62.3712478517737));
#5192=CARTESIAN_POINT('Ctrl Pts',(24.8797028952439,0.809999999999993,62.3712478517737));
#5193=CARTESIAN_POINT('Ctrl Pts',(24.8815655340006,1.30999999999999,62.2121031230289));
#5194=CARTESIAN_POINT('Ctrl Pts',(24.8815655340006,0.809999999999993,62.2121031230289));
#5195=CARTESIAN_POINT('Ctrl Pts',(24.8773266856598,1.30999999999999,62.1049171419921));
#5196=CARTESIAN_POINT('Ctrl Pts',(24.8773266856598,0.809999999999993,62.1049171419921));
#5197=CARTESIAN_POINT('Ctrl Pts',(24.8708235453326,1.30999999999999,62.0360044400308));
#5198=CARTESIAN_POINT('Ctrl Pts',(24.8708235453326,0.809999999999993,62.0360044400308));
#5199=CARTESIAN_POINT('Ctrl Pts',(24.865013187804,1.30999999999999,61.9951547132087));
#5200=CARTESIAN_POINT('Ctrl Pts',(24.865013187804,0.809999999999993,61.9951547132087));
#5201=CARTESIAN_POINT('Ctrl Pts',(24.8617392918132,1.30999999999999,61.9760028393245));
#5202=CARTESIAN_POINT('Ctrl Pts',(24.8617392918132,0.809999999999993,61.9760028393245));
#5203=CARTESIAN_POINT('',(27.5349062782344,0.809999999999993,64.1955985478936));
#5204=CARTESIAN_POINT('',(27.5349062782344,1.30999999999999,64.1955985478936));
#5205=CARTESIAN_POINT('Ctrl Pts',(27.5349062782344,0.809999999999993,64.1955985478936));
#5206=CARTESIAN_POINT('Ctrl Pts',(27.5324461995574,0.809999999999993,64.2108904314801));
#5207=CARTESIAN_POINT('Ctrl Pts',(27.5236573526479,0.809999999999993,64.2420995752277));
#5208=CARTESIAN_POINT('Ctrl Pts',(27.4988676704018,0.809999999999993,64.2907896889915));
#5209=CARTESIAN_POINT('Ctrl Pts',(27.4425628710713,0.809999999999993,64.3594671128911));
#5210=CARTESIAN_POINT('Ctrl Pts',(27.3338650658577,0.809999999999993,64.4511224169542));
#5211=CARTESIAN_POINT('Ctrl Pts',(27.188645178907,0.809999999999993,64.5471104379585));
#5212=CARTESIAN_POINT('Ctrl Pts',(27.0107306568799,0.809999999999993,64.644495755896));
#5213=CARTESIAN_POINT('Ctrl Pts',(26.8070577874869,0.809999999999993,64.7381391961345));
#5214=CARTESIAN_POINT('Ctrl Pts',(26.5871676392865,0.809999999999993,64.8211819598147));
#5215=CARTESIAN_POINT('Ctrl Pts',(26.36165370675,0.809999999999993,64.886347321783));
#5216=CARTESIAN_POINT('Ctrl Pts',(26.1409398819187,0.809999999999993,64.926991069678));
#5217=CARTESIAN_POINT('Ctrl Pts',(25.9339161443397,0.809999999999993,64.9382710003815));
#5218=CARTESIAN_POINT('Ctrl Pts',(25.7466479054064,0.809999999999993,64.91825944295));
#5219=CARTESIAN_POINT('Ctrl Pts',(25.5809724065735,0.809999999999993,64.869167737314));
#5220=CARTESIAN_POINT('Ctrl Pts',(25.4357893530582,0.809999999999993,64.7957642592056));
#5221=CARTESIAN_POINT('Ctrl Pts',(25.3084288603571,0.809999999999993,64.7037001795289));
#5222=CARTESIAN_POINT('Ctrl Pts',(25.1959330126573,0.809999999999993,64.5979422894832));
#5223=CARTESIAN_POINT('Ctrl Pts',(25.0964564494343,0.809999999999993,64.4810286128252));
#5224=CARTESIAN_POINT('Ctrl Pts',(25.0103506103081,0.809999999999993,64.351780584282));
#5225=CARTESIAN_POINT('Ctrl Pts',(24.9391084541588,0.809999999999993,64.2071319515771));
#5226=CARTESIAN_POINT('Ctrl Pts',(24.8845026799584,0.809999999999993,64.043683886511));
#5227=CARTESIAN_POINT('Ctrl Pts',(24.847714189891,0.809999999999993,63.8592471684356));
#5228=CARTESIAN_POINT('Ctrl Pts',(24.8283075097814,0.809999999999993,63.6546731851069));
#5229=CARTESIAN_POINT('Ctrl Pts',(24.823754064099,0.809999999999993,63.4346861301451));
#5230=CARTESIAN_POINT('Ctrl Pts',(24.830264051983,0.809999999999993,63.2063453967177));
#5231=CARTESIAN_POINT('Ctrl Pts',(24.8433313474927,0.809999999999993,62.9780262495315));
#5232=CARTESIAN_POINT('Ctrl Pts',(24.858404905915,0.809999999999993,62.7581678480404));
#5233=CARTESIAN_POINT('Ctrl Pts',(24.8714532252524,0.809999999999993,62.5542180799334));
#5234=CARTESIAN_POINT('Ctrl Pts',(24.8797028952439,0.809999999999993,62.3712478517737));
#5235=CARTESIAN_POINT('Ctrl Pts',(24.8815655340006,0.809999999999993,62.2121031230289));
#5236=CARTESIAN_POINT('Ctrl Pts',(24.8773266856598,0.809999999999993,62.1049171419921));
#5237=CARTESIAN_POINT('Ctrl Pts',(24.8708235453326,0.809999999999993,62.0360044400308));
#5238=CARTESIAN_POINT('Ctrl Pts',(24.865013187804,0.809999999999993,61.9951547132087));
#5239=CARTESIAN_POINT('Ctrl Pts',(24.8617392918132,0.809999999999993,61.9760028393245));
#5240=CARTESIAN_POINT('Ctrl Pts',(28.9949869597066,1.30999999999999,64.3495792193336));
#5241=CARTESIAN_POINT('Ctrl Pts',(28.9949869597066,0.809999999999993,64.3495792193336));
#5242=CARTESIAN_POINT('Ctrl Pts',(28.9538900114047,1.30999999999999,64.3503493936504));
#5243=CARTESIAN_POINT('Ctrl Pts',(28.9538900114047,0.809999999999993,64.3503493936504));
#5244=CARTESIAN_POINT('Ctrl Pts',(28.8727141444999,1.30999999999999,64.3515602687241));
#5245=CARTESIAN_POINT('Ctrl Pts',(28.8727141444999,0.809999999999993,64.3515602687241));
#5246=CARTESIAN_POINT('Ctrl Pts',(28.7540042580154,1.30999999999999,64.3523882173647));
#5247=CARTESIAN_POINT('Ctrl Pts',(28.7540042580154,0.809999999999993,64.3523882173647));
#5248=CARTESIAN_POINT('Ctrl Pts',(28.6019342377377,1.30999999999999,64.3514824096214));
#5249=CARTESIAN_POINT('Ctrl Pts',(28.6019342377377,0.809999999999993,64.3514824096214));
#5250=CARTESIAN_POINT('Ctrl Pts',(28.4229169809664,1.30999999999999,64.3467673853149));
#5251=CARTESIAN_POINT('Ctrl Pts',(28.4229169809664,0.809999999999993,64.3467673853149));
#5252=CARTESIAN_POINT('Ctrl Pts',(28.2560263532481,1.30999999999999,64.3381277175077));
#5253=CARTESIAN_POINT('Ctrl Pts',(28.2560263532481,0.809999999999993,64.3381277175077));
#5254=CARTESIAN_POINT('Ctrl Pts',(28.1023619464386,1.30999999999999,64.3252075359892));
#5255=CARTESIAN_POINT('Ctrl Pts',(28.1023619464386,0.809999999999993,64.3252075359892));
#5256=CARTESIAN_POINT('Ctrl Pts',(27.9627101948197,1.30999999999999,64.3077523203824));
#5257=CARTESIAN_POINT('Ctrl Pts',(27.9627101948197,0.809999999999993,64.3077523203824));
#5258=CARTESIAN_POINT('Ctrl Pts',(27.8367899554509,1.30999999999999,64.2858530593533));
#5259=CARTESIAN_POINT('Ctrl Pts',(27.8367899554509,0.809999999999993,64.2858530593533));
#5260=CARTESIAN_POINT('Ctrl Pts',(27.7236760761509,1.30999999999999,64.2598091677237));
#5261=CARTESIAN_POINT('Ctrl Pts',(27.7236760761509,0.809999999999993,64.2598091677237));
#5262=CARTESIAN_POINT('Ctrl Pts',(27.6426464650418,1.30999999999999,64.2359119516484));
#5263=CARTESIAN_POINT('Ctrl Pts',(27.6426464650418,0.809999999999993,64.2359119516484));
#5264=CARTESIAN_POINT('Ctrl Pts',(27.5868663714465,1.30999999999999,64.2163733992847));
#5265=CARTESIAN_POINT('Ctrl Pts',(27.5868663714465,0.809999999999993,64.2163733992847));
#5266=CARTESIAN_POINT('Ctrl Pts',(27.5518625014958,1.30999999999999,64.2026412405551));
#5267=CARTESIAN_POINT('Ctrl Pts',(27.5518625014958,0.809999999999993,64.2026412405551));
#5268=CARTESIAN_POINT('Ctrl Pts',(27.5349062782344,1.30999999999999,64.1955985478936));
#5269=CARTESIAN_POINT('Ctrl Pts',(27.5349062782344,0.809999999999993,64.1955985478936));
#5270=CARTESIAN_POINT('',(28.9949869597066,0.809999999999993,64.3495792193336));
#5271=CARTESIAN_POINT('',(28.9949869597066,1.30999999999999,64.3495792193336));
#5272=CARTESIAN_POINT('Ctrl Pts',(28.9949869597066,0.809999999999993,64.3495792193336));
#5273=CARTESIAN_POINT('Ctrl Pts',(28.9538900114047,0.809999999999993,64.3503493936504));
#5274=CARTESIAN_POINT('Ctrl Pts',(28.8727141444999,0.809999999999993,64.3515602687241));
#5275=CARTESIAN_POINT('Ctrl Pts',(28.7540042580154,0.809999999999993,64.3523882173647));
#5276=CARTESIAN_POINT('Ctrl Pts',(28.6019342377377,0.809999999999993,64.3514824096214));
#5277=CARTESIAN_POINT('Ctrl Pts',(28.4229169809664,0.809999999999993,64.3467673853149));
#5278=CARTESIAN_POINT('Ctrl Pts',(28.2560263532481,0.809999999999993,64.3381277175077));
#5279=CARTESIAN_POINT('Ctrl Pts',(28.1023619464386,0.809999999999993,64.3252075359892));
#5280=CARTESIAN_POINT('Ctrl Pts',(27.9627101948197,0.809999999999993,64.3077523203824));
#5281=CARTESIAN_POINT('Ctrl Pts',(27.8367899554509,0.809999999999993,64.2858530593533));
#5282=CARTESIAN_POINT('Ctrl Pts',(27.7236760761509,0.809999999999993,64.2598091677237));
#5283=CARTESIAN_POINT('Ctrl Pts',(27.6426464650418,0.809999999999993,64.2359119516484));
#5284=CARTESIAN_POINT('Ctrl Pts',(27.5868663714465,0.809999999999993,64.2163733992847));
#5285=CARTESIAN_POINT('Ctrl Pts',(27.5518625014958,0.809999999999993,64.2026412405551));
#5286=CARTESIAN_POINT('Ctrl Pts',(27.5349062782344,0.809999999999993,64.1955985478936));
#5287=CARTESIAN_POINT('Origin',(31.1264858988793,1.30999999999999,64.3240766567091));
#5288=CARTESIAN_POINT('',(31.1264858988793,0.809999999999993,64.3240766567091));
#5289=CARTESIAN_POINT('',(31.1264858988793,1.30999999999999,64.3240766567091));
#5290=CARTESIAN_POINT('',(28.9949869597066,0.809999999999993,64.3495792193336));
#5291=CARTESIAN_POINT('Ctrl Pts',(26.6735524714987,1.30999999999999,62.8089908771593));
#5292=CARTESIAN_POINT('Ctrl Pts',(26.6735524714987,0.809999999999993,62.8089908771593));
#5293=CARTESIAN_POINT('Ctrl Pts',(26.7048297529775,1.30999999999999,62.8715565702162));
#5294=CARTESIAN_POINT('Ctrl Pts',(26.7048297529775,0.809999999999993,62.8715565702162));
#5295=CARTESIAN_POINT('Ctrl Pts',(26.7647654577142,1.30999999999999,62.9895298847878));
#5296=CARTESIAN_POINT('Ctrl Pts',(26.7647654577142,0.809999999999993,62.9895298847878));
#5297=CARTESIAN_POINT('Ctrl Pts',(26.8468124545361,1.30999999999999,63.1450156583953));
#5298=CARTESIAN_POINT('Ctrl Pts',(26.8468124545361,0.809999999999993,63.1450156583953));
#5299=CARTESIAN_POINT('Ctrl Pts',(26.9404930907364,1.30999999999999,63.3093757063758));
#5300=CARTESIAN_POINT('Ctrl Pts',(26.9404930907364,0.809999999999993,63.3093757063758));
#5301=CARTESIAN_POINT('Ctrl Pts',(27.0317707859879,1.30999999999999,63.4437329393312));
#5302=CARTESIAN_POINT('Ctrl Pts',(27.0317707859879,0.809999999999993,63.4437329393312));
#5303=CARTESIAN_POINT('Ctrl Pts',(27.0983518714131,1.30999999999999,63.5085458570942));
#5304=CARTESIAN_POINT('Ctrl Pts',(27.0983518714131,0.809999999999993,63.5085458570942));
#5305=CARTESIAN_POINT('Ctrl Pts',(27.142509767201,1.30999999999999,63.5069602130998));
#5306=CARTESIAN_POINT('Ctrl Pts',(27.142509767201,0.809999999999993,63.5069602130998));
#5307=CARTESIAN_POINT('Ctrl Pts',(27.1680397809521,1.30999999999999,63.4442489725278));
#5308=CARTESIAN_POINT('Ctrl Pts',(27.1680397809521,0.809999999999993,63.4442489725278));
#5309=CARTESIAN_POINT('Ctrl Pts',(27.1806759815991,1.30999999999999,63.3283891504493));
#5310=CARTESIAN_POINT('Ctrl Pts',(27.1806759815991,0.809999999999993,63.3283891504493));
#5311=CARTESIAN_POINT('Ctrl Pts',(27.1870699315018,1.30999999999999,63.1691914243269));
#5312=CARTESIAN_POINT('Ctrl Pts',(27.1870699315018,0.809999999999993,63.1691914243269));
#5313=CARTESIAN_POINT('Ctrl Pts',(27.193666604052,1.30999999999999,62.9773528247312));
#5314=CARTESIAN_POINT('Ctrl Pts',(27.193666604052,0.809999999999993,62.9773528247312));
#5315=CARTESIAN_POINT('Ctrl Pts',(27.2057123954095,1.30999999999999,62.7635826259986));
#5316=CARTESIAN_POINT('Ctrl Pts',(27.2057123954095,0.809999999999993,62.7635826259986));
#5317=CARTESIAN_POINT('Ctrl Pts',(27.2259815265099,1.30999999999999,62.5375916238145));
#5318=CARTESIAN_POINT('Ctrl Pts',(27.2259815265099,0.809999999999993,62.5375916238145));
#5319=CARTESIAN_POINT('Ctrl Pts',(27.254461344094,1.30999999999999,62.3075339395759));
#5320=CARTESIAN_POINT('Ctrl Pts',(27.254461344094,0.809999999999993,62.3075339395759));
#5321=CARTESIAN_POINT('Ctrl Pts',(27.2892041996334,1.30999999999999,62.079994718558));
#5322=CARTESIAN_POINT('Ctrl Pts',(27.2892041996334,0.809999999999993,62.079994718558));
#5323=CARTESIAN_POINT('Ctrl Pts',(27.3268795073171,1.30999999999999,61.8598390838279));
#5324=CARTESIAN_POINT('Ctrl Pts',(27.3268795073171,0.809999999999993,61.8598390838279));
#5325=CARTESIAN_POINT('Ctrl Pts',(27.3634488023688,1.30999999999999,61.6501138249007));
#5326=CARTESIAN_POINT('Ctrl Pts',(27.3634488023688,0.809999999999993,61.6501138249007));
#5327=CARTESIAN_POINT('Ctrl Pts',(27.3947828339542,1.30999999999999,61.451931622217));
#5328=CARTESIAN_POINT('Ctrl Pts',(27.3947828339542,0.809999999999993,61.451931622217));
#5329=CARTESIAN_POINT('Ctrl Pts',(27.4173148047278,1.30999999999999,61.2643470748789));
#5330=CARTESIAN_POINT('Ctrl Pts',(27.4173148047278,0.809999999999993,61.2643470748789));
#5331=CARTESIAN_POINT('Ctrl Pts',(27.4286461626001,1.30999999999999,61.0842772008199));
#5332=CARTESIAN_POINT('Ctrl Pts',(27.4286461626001,0.809999999999993,61.0842772008199));
#5333=CARTESIAN_POINT('Ctrl Pts',(27.4274634705665,1.30999999999999,60.9074306257261));
#5334=CARTESIAN_POINT('Ctrl Pts',(27.4274634705665,0.809999999999993,60.9074306257261));
#5335=CARTESIAN_POINT('Ctrl Pts',(27.4134836175586,1.30999999999999,60.7291664050337));
#5336=CARTESIAN_POINT('Ctrl Pts',(27.4134836175586,0.809999999999993,60.7291664050337));
#5337=CARTESIAN_POINT('Ctrl Pts',(27.3873949963521,1.30999999999999,60.545421952284));
#5338=CARTESIAN_POINT('Ctrl Pts',(27.3873949963521,0.809999999999993,60.545421952284));
#5339=CARTESIAN_POINT('Ctrl Pts',(27.3507873759894,1.30999999999999,60.3535139447819));
#5340=CARTESIAN_POINT('Ctrl Pts',(27.3507873759894,0.809999999999993,60.3535139447819));
#5341=CARTESIAN_POINT('Ctrl Pts',(27.3061210252947,1.30999999999999,60.1532378756992));
#5342=CARTESIAN_POINT('Ctrl Pts',(27.3061210252947,0.809999999999993,60.1532378756992));
#5343=CARTESIAN_POINT('Ctrl Pts',(27.2565333393005,1.30999999999999,59.9467954575238));
#5344=CARTESIAN_POINT('Ctrl Pts',(27.2565333393005,0.809999999999993,59.9467954575238));
#5345=CARTESIAN_POINT('Ctrl Pts',(27.2055113298813,1.30999999999999,59.7377913612551));
#5346=CARTESIAN_POINT('Ctrl Pts',(27.2055113298813,0.809999999999993,59.7377913612551));
#5347=CARTESIAN_POINT('Ctrl Pts',(27.1566112342277,1.30999999999999,59.5305168793807));
#5348=CARTESIAN_POINT('Ctrl Pts',(27.1566112342277,0.809999999999993,59.5305168793807));
#5349=CARTESIAN_POINT('Ctrl Pts',(27.113140866923,1.30999999999999,59.329076164485));
#5350=CARTESIAN_POINT('Ctrl Pts',(27.113140866923,0.809999999999993,59.329076164485));
#5351=CARTESIAN_POINT('Ctrl Pts',(27.0778994423446,1.30999999999999,59.1366724791895));
#5352=CARTESIAN_POINT('Ctrl Pts',(27.0778994423446,0.809999999999993,59.1366724791895));
#5353=CARTESIAN_POINT('Ctrl Pts',(27.0527902016008,1.30999999999999,58.9545977623561));
#5354=CARTESIAN_POINT('Ctrl Pts',(27.0527902016008,0.809999999999993,58.9545977623561));
#5355=CARTESIAN_POINT('Ctrl Pts',(27.0388741881968,1.30999999999999,58.7822123405729));
#5356=CARTESIAN_POINT('Ctrl Pts',(27.0388741881968,0.809999999999993,58.7822123405729));
#5357=CARTESIAN_POINT('Ctrl Pts',(27.0369024406614,1.30999999999999,58.6180066829615));
#5358=CARTESIAN_POINT('Ctrl Pts',(27.0369024406614,0.809999999999993,58.6180066829615));
#5359=CARTESIAN_POINT('Ctrl Pts',(27.0477505042022,1.30999999999999,58.4604177977697));
#5360=CARTESIAN_POINT('Ctrl Pts',(27.0477505042022,0.809999999999993,58.4604177977697));
#5361=CARTESIAN_POINT('Ctrl Pts',(27.0728330450014,1.30999999999999,58.308664157639));
#5362=CARTESIAN_POINT('Ctrl Pts',(27.0728330450014,0.809999999999993,58.308664157639));
#5363=CARTESIAN_POINT('Ctrl Pts',(27.1146697174984,1.30999999999999,58.163766933309));
#5364=CARTESIAN_POINT('Ctrl Pts',(27.1146697174984,0.809999999999993,58.163766933309));
#5365=CARTESIAN_POINT('Ctrl Pts',(27.176924866943,1.30999999999999,58.0288630465359));
#5366=CARTESIAN_POINT('Ctrl Pts',(27.176924866943,0.809999999999993,58.0288630465359));
#5367=CARTESIAN_POINT('Ctrl Pts',(27.263228122332,1.30999999999999,57.9078446053625));
#5368=CARTESIAN_POINT('Ctrl Pts',(27.263228122332,0.809999999999993,57.9078446053625));
#5369=CARTESIAN_POINT('Ctrl Pts',(27.3761848684624,1.30999999999999,57.8042709450541));
#5370=CARTESIAN_POINT('Ctrl Pts',(27.3761848684624,0.809999999999993,57.8042709450541));
#5371=CARTESIAN_POINT('Ctrl Pts',(27.5164215900907,1.30999999999999,57.720301563787));
#5372=CARTESIAN_POINT('Ctrl Pts',(27.5164215900907,0.809999999999993,57.720301563787));
#5373=CARTESIAN_POINT('Ctrl Pts',(27.68133784897,1.30999999999999,57.655295579517));
#5374=CARTESIAN_POINT('Ctrl Pts',(27.68133784897,0.809999999999993,57.655295579517));
#5375=CARTESIAN_POINT('Ctrl Pts',(27.8654408228852,1.30999999999999,57.606254073323));
#5376=CARTESIAN_POINT('Ctrl Pts',(27.8654408228852,0.809999999999993,57.606254073323));
#5377=CARTESIAN_POINT('Ctrl Pts',(28.0614482070509,1.30999999999999,57.5691573433897));
#5378=CARTESIAN_POINT('Ctrl Pts',(28.0614482070509,0.809999999999993,57.5691573433897));
#5379=CARTESIAN_POINT('Ctrl Pts',(28.2611511429665,1.30999999999999,57.5400288487031));
#5380=CARTESIAN_POINT('Ctrl Pts',(28.2611511429665,0.809999999999993,57.5400288487031));
#5381=CARTESIAN_POINT('Ctrl Pts',(28.4563656905569,1.30999999999999,57.5160875146666));
#5382=CARTESIAN_POINT('Ctrl Pts',(28.4563656905569,0.809999999999993,57.5160875146666));
#5383=CARTESIAN_POINT('Ctrl Pts',(28.6398710063164,1.30999999999999,57.4969217752745));
#5384=CARTESIAN_POINT('Ctrl Pts',(28.6398710063164,0.809999999999993,57.4969217752745));
#5385=CARTESIAN_POINT('Ctrl Pts',(28.8062828271452,1.30999999999999,57.4854885181014));
#5386=CARTESIAN_POINT('Ctrl Pts',(28.8062828271452,0.809999999999993,57.4854885181014));
#5387=CARTESIAN_POINT('Ctrl Pts',(28.9518036281633,1.30999999999999,57.4866119496482));
#5388=CARTESIAN_POINT('Ctrl Pts',(28.9518036281633,0.809999999999993,57.4866119496482));
#5389=CARTESIAN_POINT('Ctrl Pts',(29.0740415740014,1.30999999999999,57.5055836530157));
#5390=CARTESIAN_POINT('Ctrl Pts',(29.0740415740014,0.809999999999993,57.5055836530157));
#5391=CARTESIAN_POINT('Ctrl Pts',(29.171812830826,1.30999999999999,57.5468404859442));
#5392=CARTESIAN_POINT('Ctrl Pts',(29.171812830826,0.809999999999993,57.5468404859442));
#5393=CARTESIAN_POINT('Ctrl Pts',(29.2449307254603,1.30999999999999,57.6123324228631));
#5394=CARTESIAN_POINT('Ctrl Pts',(29.2449307254603,0.809999999999993,57.6123324228631));
#5395=CARTESIAN_POINT('Ctrl Pts',(29.2940774550421,1.30999999999999,57.7010103932938));
#5396=CARTESIAN_POINT('Ctrl Pts',(29.2940774550421,0.809999999999993,57.7010103932938));
#5397=CARTESIAN_POINT('Ctrl Pts',(29.3208195966882,1.30999999999999,57.8100007316175));
#5398=CARTESIAN_POINT('Ctrl Pts',(29.3208195966882,0.809999999999993,57.8100007316175));
#5399=CARTESIAN_POINT('Ctrl Pts',(29.3275723947988,1.30999999999999,57.9353503566112));
#5400=CARTESIAN_POINT('Ctrl Pts',(29.3275723947988,0.809999999999993,57.9353503566112));
#5401=CARTESIAN_POINT('Ctrl Pts',(29.3176259866451,1.30999999999999,58.0729983494003));
#5402=CARTESIAN_POINT('Ctrl Pts',(29.3176259866451,0.809999999999993,58.0729983494003));
#5403=CARTESIAN_POINT('Ctrl Pts',(29.2947919452492,1.30999999999999,58.2192139656877));
#5404=CARTESIAN_POINT('Ctrl Pts',(29.2947919452492,0.809999999999993,58.2192139656877));
#5405=CARTESIAN_POINT('Ctrl Pts',(29.2629629240798,1.30999999999999,58.3709876087033));
#5406=CARTESIAN_POINT('Ctrl Pts',(29.2629629240798,0.809999999999993,58.3709876087033));
#5407=CARTESIAN_POINT('Ctrl Pts',(29.2257242743087,1.30999999999999,58.5264015910001));
#5408=CARTESIAN_POINT('Ctrl Pts',(29.2257242743087,0.809999999999993,58.5264015910001));
#5409=CARTESIAN_POINT('Ctrl Pts',(29.1858927011412,1.30999999999999,58.6850892098479));
#5410=CARTESIAN_POINT('Ctrl Pts',(29.1858927011412,0.809999999999993,58.6850892098479));
#5411=CARTESIAN_POINT('Ctrl Pts',(29.145244479087,1.30999999999999,58.8484107338533));
#5412=CARTESIAN_POINT('Ctrl Pts',(29.145244479087,0.809999999999993,58.8484107338533));
#5413=CARTESIAN_POINT('Ctrl Pts',(29.1048643911669,1.30999999999999,59.018659385872));
#5414=CARTESIAN_POINT('Ctrl Pts',(29.1048643911669,0.809999999999993,59.018659385872));
#5415=CARTESIAN_POINT('Ctrl Pts',(29.0653895576381,1.30999999999999,59.1984351401845));
#5416=CARTESIAN_POINT('Ctrl Pts',(29.0653895576381,0.809999999999993,59.1984351401845));
#5417=CARTESIAN_POINT('Ctrl Pts',(29.0272998807492,1.30999999999999,59.3899390592212));
#5418=CARTESIAN_POINT('Ctrl Pts',(29.0272998807492,0.809999999999993,59.3899390592212));
#5419=CARTESIAN_POINT('Ctrl Pts',(28.9911754410933,1.30999999999999,59.594333224678));
#5420=CARTESIAN_POINT('Ctrl Pts',(28.9911754410933,0.809999999999993,59.594333224678));
#5421=CARTESIAN_POINT('Ctrl Pts',(28.958002795926,1.30999999999999,59.8109873253713));
#5422=CARTESIAN_POINT('Ctrl Pts',(28.958002795926,0.809999999999993,59.8109873253713));
#5423=CARTESIAN_POINT('Ctrl Pts',(28.9290532571817,1.30999999999999,60.0377620769105));
#5424=CARTESIAN_POINT('Ctrl Pts',(28.9290532571817,0.809999999999993,60.0377620769105));
#5425=CARTESIAN_POINT('Ctrl Pts',(28.9057035107758,1.30999999999999,60.271430025712));
#5426=CARTESIAN_POINT('Ctrl Pts',(28.9057035107758,0.809999999999993,60.271430025712));
#5427=CARTESIAN_POINT('Ctrl Pts',(28.8892806103396,1.30999999999999,60.5080440647872));
#5428=CARTESIAN_POINT('Ctrl Pts',(28.8892806103396,0.809999999999993,60.5080440647872));
#5429=CARTESIAN_POINT('Ctrl Pts',(28.8808877266455,1.30999999999999,60.7433346094193));
#5430=CARTESIAN_POINT('Ctrl Pts',(28.8808877266455,0.809999999999993,60.7433346094193));
#5431=CARTESIAN_POINT('Ctrl Pts',(28.8812588942896,1.30999999999999,60.9730776538331));
#5432=CARTESIAN_POINT('Ctrl Pts',(28.8812588942896,0.809999999999993,60.9730776538331));
#5433=CARTESIAN_POINT('Ctrl Pts',(28.8905506846749,1.30999999999999,61.1935152900574));
#5434=CARTESIAN_POINT('Ctrl Pts',(28.8905506846749,0.809999999999993,61.1935152900574));
#5435=CARTESIAN_POINT('Ctrl Pts',(28.908326101805,1.30999999999999,61.4016239207378));
#5436=CARTESIAN_POINT('Ctrl Pts',(28.908326101805,0.809999999999993,61.4016239207378));
#5437=CARTESIAN_POINT('Ctrl Pts',(28.9340194486907,1.30999999999999,61.595022352847));
#5438=CARTESIAN_POINT('Ctrl Pts',(28.9340194486907,0.809999999999993,61.595022352847));
#5439=CARTESIAN_POINT('Ctrl Pts',(28.967287567074,1.30999999999999,61.7719474188084));
#5440=CARTESIAN_POINT('Ctrl Pts',(28.967287567074,0.809999999999993,61.7719474188084));
#5441=CARTESIAN_POINT('Ctrl Pts',(29.0084472892699,1.30999999999999,61.9312096478885));
#5442=CARTESIAN_POINT('Ctrl Pts',(29.0084472892699,0.809999999999993,61.9312096478885));
#5443=CARTESIAN_POINT('Ctrl Pts',(29.0587818302076,1.30999999999999,62.0721427963437));
#5444=CARTESIAN_POINT('Ctrl Pts',(29.0587818302076,0.809999999999993,62.0721427963437));
#5445=CARTESIAN_POINT('Ctrl Pts',(29.1211415635102,1.30999999999999,62.1945942279724));
#5446=CARTESIAN_POINT('Ctrl Pts',(29.1211415635102,0.809999999999993,62.1945942279724));
#5447=CARTESIAN_POINT('Ctrl Pts',(29.1993159888221,1.30999999999999,62.2987178724454));
#5448=CARTESIAN_POINT('Ctrl Pts',(29.1993159888221,0.809999999999993,62.2987178724454));
#5449=CARTESIAN_POINT('Ctrl Pts',(29.2965020516261,1.30999999999999,62.3846027830416));
#5450=CARTESIAN_POINT('Ctrl Pts',(29.2965020516261,0.809999999999993,62.3846027830416));
#5451=CARTESIAN_POINT('Ctrl Pts',(29.4141761818171,1.30999999999999,62.4519981592717));
#5452=CARTESIAN_POINT('Ctrl Pts',(29.4141761818171,0.809999999999993,62.4519981592717));
#5453=CARTESIAN_POINT('Ctrl Pts',(29.5504919223577,1.30999999999999,62.4998906685106));
#5454=CARTESIAN_POINT('Ctrl Pts',(29.5504919223577,0.809999999999993,62.4998906685106));
#5455=CARTESIAN_POINT('Ctrl Pts',(29.6998606111826,1.30999999999999,62.5264891338294));
#5456=CARTESIAN_POINT('Ctrl Pts',(29.6998606111826,0.809999999999993,62.5264891338294));
#5457=CARTESIAN_POINT('Ctrl Pts',(29.8552056627084,1.30999999999999,62.5301500660446));
#5458=CARTESIAN_POINT('Ctrl Pts',(29.8552056627084,0.809999999999993,62.5301500660446));
#5459=CARTESIAN_POINT('Ctrl Pts',(30.0098125105409,1.30999999999999,62.5101615107815));
#5460=CARTESIAN_POINT('Ctrl Pts',(30.0098125105409,0.809999999999993,62.5101615107815));
#5461=CARTESIAN_POINT('Ctrl Pts',(30.1591040979687,1.30999999999999,62.4674986574262));
#5462=CARTESIAN_POINT('Ctrl Pts',(30.1591040979687,0.809999999999993,62.4674986574262));
#5463=CARTESIAN_POINT('Ctrl Pts',(30.303033704478,1.30999999999999,62.4058041958224));
#5464=CARTESIAN_POINT('Ctrl Pts',(30.303033704478,0.809999999999993,62.4058041958224));
#5465=CARTESIAN_POINT('Ctrl Pts',(30.4452661538487,1.30999999999999,62.3311949089124));
#5466=CARTESIAN_POINT('Ctrl Pts',(30.4452661538487,0.809999999999993,62.3311949089124));
#5467=CARTESIAN_POINT('Ctrl Pts',(30.5907487440907,1.30999999999999,62.2514502914941));
#5468=CARTESIAN_POINT('Ctrl Pts',(30.5907487440907,0.809999999999993,62.2514502914941));
#5469=CARTESIAN_POINT('Ctrl Pts',(30.7436694460613,1.30999999999999,62.1754021675959));
#5470=CARTESIAN_POINT('Ctrl Pts',(30.7436694460613,0.809999999999993,62.1754021675959));
#5471=CARTESIAN_POINT('Ctrl Pts',(30.9055181476075,1.30999999999999,62.1122276691097));
#5472=CARTESIAN_POINT('Ctrl Pts',(30.9055181476075,0.809999999999993,62.1122276691097));
#5473=CARTESIAN_POINT('Ctrl Pts',(31.072440494798,1.30999999999999,62.0708186546237));
#5474=CARTESIAN_POINT('Ctrl Pts',(31.072440494798,0.809999999999993,62.0708186546237));
#5475=CARTESIAN_POINT('Ctrl Pts',(31.2361606542595,1.30999999999999,62.0589527989573));
#5476=CARTESIAN_POINT('Ctrl Pts',(31.2361606542595,0.809999999999993,62.0589527989573));
#5477=CARTESIAN_POINT('Ctrl Pts',(31.386857575855,1.30999999999999,62.0823899786303));
#5478=CARTESIAN_POINT('Ctrl Pts',(31.386857575855,0.809999999999993,62.0823899786303));
#5479=CARTESIAN_POINT('Ctrl Pts',(31.5154852637974,1.30999999999999,62.1439583046399));
#5480=CARTESIAN_POINT('Ctrl Pts',(31.5154852637974,0.809999999999993,62.1439583046399));
#5481=CARTESIAN_POINT('Ctrl Pts',(31.616208767684,1.30999999999999,62.2427138147157));
#5482=CARTESIAN_POINT('Ctrl Pts',(31.616208767684,0.809999999999993,62.2427138147157));
#5483=CARTESIAN_POINT('Ctrl Pts',(31.6890982783466,1.30999999999999,62.3728773189996));
#5484=CARTESIAN_POINT('Ctrl Pts',(31.6890982783466,0.809999999999993,62.3728773189996));
#5485=CARTESIAN_POINT('Ctrl Pts',(31.738444994594,1.30999999999999,62.5255216773708));
#5486=CARTESIAN_POINT('Ctrl Pts',(31.738444994594,0.809999999999993,62.5255216773708));
#5487=CARTESIAN_POINT('Ctrl Pts',(31.7705502151382,1.30999999999999,62.6905866634108));
#5488=CARTESIAN_POINT('Ctrl Pts',(31.7705502151382,0.809999999999993,62.6905866634108));
#5489=CARTESIAN_POINT('Ctrl Pts',(31.7917609716768,1.30999999999999,62.8587190672648));
#5490=CARTESIAN_POINT('Ctrl Pts',(31.7917609716768,0.809999999999993,62.8587190672648));
#5491=CARTESIAN_POINT('Ctrl Pts',(31.8062739979872,1.30999999999999,63.0233174709135));
#5492=CARTESIAN_POINT('Ctrl Pts',(31.8062739979872,0.809999999999993,63.0233174709135));
#5493=CARTESIAN_POINT('Ctrl Pts',(31.8144095972792,1.30999999999999,63.1821110607776));
#5494=CARTESIAN_POINT('Ctrl Pts',(31.8144095972792,0.809999999999993,63.1821110607776));
#5495=CARTESIAN_POINT('Ctrl Pts',(31.8141164134445,1.30999999999999,63.3354475597966));
#5496=CARTESIAN_POINT('Ctrl Pts',(31.8141164134445,0.809999999999993,63.3354475597966));
#5497=CARTESIAN_POINT('Ctrl Pts',(31.8022031436474,1.30999999999999,63.4848527005851));
#5498=CARTESIAN_POINT('Ctrl Pts',(31.8022031436474,0.809999999999993,63.4848527005851));
#5499=CARTESIAN_POINT('Ctrl Pts',(31.7755975212999,1.30999999999999,63.6315820185096));
#5500=CARTESIAN_POINT('Ctrl Pts',(31.7755975212999,0.809999999999993,63.6315820185096));
#5501=CARTESIAN_POINT('Ctrl Pts',(31.7327737807259,1.30999999999999,63.7749508552197));
#5502=CARTESIAN_POINT('Ctrl Pts',(31.7327737807259,0.809999999999993,63.7749508552197));
#5503=CARTESIAN_POINT('Ctrl Pts',(31.6745330449622,1.30999999999999,63.9114773089642));
#5504=CARTESIAN_POINT('Ctrl Pts',(31.6745330449622,0.809999999999993,63.9114773089642));
#5505=CARTESIAN_POINT('Ctrl Pts',(31.6030094324684,1.30999999999999,64.0362329275288));
#5506=CARTESIAN_POINT('Ctrl Pts',(31.6030094324684,0.809999999999993,64.0362329275288));
#5507=CARTESIAN_POINT('Ctrl Pts',(31.5209864107615,1.30999999999999,64.143814118854));
#5508=CARTESIAN_POINT('Ctrl Pts',(31.5209864107615,0.809999999999993,64.143814118854));
#5509=CARTESIAN_POINT('Ctrl Pts',(31.4311395347722,1.30999999999999,64.2293896381293));
#5510=CARTESIAN_POINT('Ctrl Pts',(31.4311395347722,0.809999999999993,64.2293896381293));
#5511=CARTESIAN_POINT('Ctrl Pts',(31.3351857124334,1.30999999999999,64.2899045449176));
#5512=CARTESIAN_POINT('Ctrl Pts',(31.3351857124334,0.809999999999993,64.2899045449176));
#5513=CARTESIAN_POINT('Ctrl Pts',(31.2542005036878,1.30999999999999,64.317089403082));
#5514=CARTESIAN_POINT('Ctrl Pts',(31.2542005036878,0.809999999999993,64.317089403082));
#5515=CARTESIAN_POINT('Ctrl Pts',(31.1912166310817,1.30999999999999,64.3253126321387));
#5516=CARTESIAN_POINT('Ctrl Pts',(31.1912166310817,0.809999999999993,64.3253126321387));
#5517=CARTESIAN_POINT('Ctrl Pts',(31.1482291575379,1.30999999999999,64.3253895545669));
#5518=CARTESIAN_POINT('Ctrl Pts',(31.1482291575379,0.809999999999993,64.3253895545669));
#5519=CARTESIAN_POINT('Ctrl Pts',(31.1264858988793,1.30999999999999,64.3240766567091));
#5520=CARTESIAN_POINT('Ctrl Pts',(31.1264858988793,0.809999999999993,64.3240766567091));
#5521=CARTESIAN_POINT('',(26.6735524714987,0.809999999999993,62.8089908771593));
#5522=CARTESIAN_POINT('',(26.6735524714987,1.30999999999999,62.8089908771593));
#5523=CARTESIAN_POINT('Ctrl Pts',(26.6735524714987,0.809999999999993,62.8089908771593));
#5524=CARTESIAN_POINT('Ctrl Pts',(26.7048297529775,0.809999999999993,62.8715565702162));
#5525=CARTESIAN_POINT('Ctrl Pts',(26.7647654577142,0.809999999999993,62.9895298847878));
#5526=CARTESIAN_POINT('Ctrl Pts',(26.8468124545361,0.809999999999993,63.1450156583953));
#5527=CARTESIAN_POINT('Ctrl Pts',(26.9404930907364,0.809999999999993,63.3093757063758));
#5528=CARTESIAN_POINT('Ctrl Pts',(27.0317707859879,0.809999999999993,63.4437329393312));
#5529=CARTESIAN_POINT('Ctrl Pts',(27.0983518714131,0.809999999999993,63.5085458570942));
#5530=CARTESIAN_POINT('Ctrl Pts',(27.142509767201,0.809999999999993,63.5069602130998));
#5531=CARTESIAN_POINT('Ctrl Pts',(27.1680397809521,0.809999999999993,63.4442489725278));
#5532=CARTESIAN_POINT('Ctrl Pts',(27.1806759815991,0.809999999999993,63.3283891504493));
#5533=CARTESIAN_POINT('Ctrl Pts',(27.1870699315018,0.809999999999993,63.1691914243269));
#5534=CARTESIAN_POINT('Ctrl Pts',(27.193666604052,0.809999999999993,62.9773528247312));
#5535=CARTESIAN_POINT('Ctrl Pts',(27.2057123954095,0.809999999999993,62.7635826259986));
#5536=CARTESIAN_POINT('Ctrl Pts',(27.2259815265099,0.809999999999993,62.5375916238145));
#5537=CARTESIAN_POINT('Ctrl Pts',(27.254461344094,0.809999999999993,62.3075339395759));
#5538=CARTESIAN_POINT('Ctrl Pts',(27.2892041996334,0.809999999999993,62.079994718558));
#5539=CARTESIAN_POINT('Ctrl Pts',(27.3268795073171,0.809999999999993,61.8598390838279));
#5540=CARTESIAN_POINT('Ctrl Pts',(27.3634488023688,0.809999999999993,61.6501138249007));
#5541=CARTESIAN_POINT('Ctrl Pts',(27.3947828339542,0.809999999999993,61.451931622217));
#5542=CARTESIAN_POINT('Ctrl Pts',(27.4173148047278,0.809999999999993,61.2643470748789));
#5543=CARTESIAN_POINT('Ctrl Pts',(27.4286461626001,0.809999999999993,61.0842772008199));
#5544=CARTESIAN_POINT('Ctrl Pts',(27.4274634705665,0.809999999999993,60.9074306257261));
#5545=CARTESIAN_POINT('Ctrl Pts',(27.4134836175586,0.809999999999993,60.7291664050337));
#5546=CARTESIAN_POINT('Ctrl Pts',(27.3873949963521,0.809999999999993,60.545421952284));
#5547=CARTESIAN_POINT('Ctrl Pts',(27.3507873759894,0.809999999999993,60.3535139447819));
#5548=CARTESIAN_POINT('Ctrl Pts',(27.3061210252947,0.809999999999993,60.1532378756992));
#5549=CARTESIAN_POINT('Ctrl Pts',(27.2565333393005,0.809999999999993,59.9467954575238));
#5550=CARTESIAN_POINT('Ctrl Pts',(27.2055113298813,0.809999999999993,59.7377913612551));
#5551=CARTESIAN_POINT('Ctrl Pts',(27.1566112342277,0.809999999999993,59.5305168793807));
#5552=CARTESIAN_POINT('Ctrl Pts',(27.113140866923,0.809999999999993,59.329076164485));
#5553=CARTESIAN_POINT('Ctrl Pts',(27.0778994423446,0.809999999999993,59.1366724791895));
#5554=CARTESIAN_POINT('Ctrl Pts',(27.0527902016008,0.809999999999993,58.9545977623561));
#5555=CARTESIAN_POINT('Ctrl Pts',(27.0388741881968,0.809999999999993,58.7822123405729));
#5556=CARTESIAN_POINT('Ctrl Pts',(27.0369024406614,0.809999999999993,58.6180066829615));
#5557=CARTESIAN_POINT('Ctrl Pts',(27.0477505042022,0.809999999999993,58.4604177977697));
#5558=CARTESIAN_POINT('Ctrl Pts',(27.0728330450014,0.809999999999993,58.308664157639));
#5559=CARTESIAN_POINT('Ctrl Pts',(27.1146697174984,0.809999999999993,58.163766933309));
#5560=CARTESIAN_POINT('Ctrl Pts',(27.176924866943,0.809999999999993,58.0288630465359));
#5561=CARTESIAN_POINT('Ctrl Pts',(27.263228122332,0.809999999999993,57.9078446053625));
#5562=CARTESIAN_POINT('Ctrl Pts',(27.3761848684624,0.809999999999993,57.8042709450541));
#5563=CARTESIAN_POINT('Ctrl Pts',(27.5164215900907,0.809999999999993,57.720301563787));
#5564=CARTESIAN_POINT('Ctrl Pts',(27.68133784897,0.809999999999993,57.655295579517));
#5565=CARTESIAN_POINT('Ctrl Pts',(27.8654408228852,0.809999999999993,57.606254073323));
#5566=CARTESIAN_POINT('Ctrl Pts',(28.0614482070509,0.809999999999993,57.5691573433897));
#5567=CARTESIAN_POINT('Ctrl Pts',(28.2611511429665,0.809999999999993,57.5400288487031));
#5568=CARTESIAN_POINT('Ctrl Pts',(28.4563656905569,0.809999999999993,57.5160875146666));
#5569=CARTESIAN_POINT('Ctrl Pts',(28.6398710063164,0.809999999999993,57.4969217752745));
#5570=CARTESIAN_POINT('Ctrl Pts',(28.8062828271452,0.809999999999993,57.4854885181014));
#5571=CARTESIAN_POINT('Ctrl Pts',(28.9518036281633,0.809999999999993,57.4866119496482));
#5572=CARTESIAN_POINT('Ctrl Pts',(29.0740415740014,0.809999999999993,57.5055836530157));
#5573=CARTESIAN_POINT('Ctrl Pts',(29.171812830826,0.809999999999993,57.5468404859442));
#5574=CARTESIAN_POINT('Ctrl Pts',(29.2449307254603,0.809999999999993,57.6123324228631));
#5575=CARTESIAN_POINT('Ctrl Pts',(29.2940774550421,0.809999999999993,57.7010103932938));
#5576=CARTESIAN_POINT('Ctrl Pts',(29.3208195966882,0.809999999999993,57.8100007316175));
#5577=CARTESIAN_POINT('Ctrl Pts',(29.3275723947988,0.809999999999993,57.9353503566112));
#5578=CARTESIAN_POINT('Ctrl Pts',(29.3176259866451,0.809999999999993,58.0729983494003));
#5579=CARTESIAN_POINT('Ctrl Pts',(29.2947919452492,0.809999999999993,58.2192139656877));
#5580=CARTESIAN_POINT('Ctrl Pts',(29.2629629240798,0.809999999999993,58.3709876087033));
#5581=CARTESIAN_POINT('Ctrl Pts',(29.2257242743087,0.809999999999993,58.5264015910001));
#5582=CARTESIAN_POINT('Ctrl Pts',(29.1858927011412,0.809999999999993,58.6850892098479));
#5583=CARTESIAN_POINT('Ctrl Pts',(29.145244479087,0.809999999999993,58.8484107338533));
#5584=CARTESIAN_POINT('Ctrl Pts',(29.1048643911669,0.809999999999993,59.018659385872));
#5585=CARTESIAN_POINT('Ctrl Pts',(29.0653895576381,0.809999999999993,59.1984351401845));
#5586=CARTESIAN_POINT('Ctrl Pts',(29.0272998807492,0.809999999999993,59.3899390592212));
#5587=CARTESIAN_POINT('Ctrl Pts',(28.9911754410933,0.809999999999993,59.594333224678));
#5588=CARTESIAN_POINT('Ctrl Pts',(28.958002795926,0.809999999999993,59.8109873253713));
#5589=CARTESIAN_POINT('Ctrl Pts',(28.9290532571817,0.809999999999993,60.0377620769105));
#5590=CARTESIAN_POINT('Ctrl Pts',(28.9057035107758,0.809999999999993,60.271430025712));
#5591=CARTESIAN_POINT('Ctrl Pts',(28.8892806103396,0.809999999999993,60.5080440647872));
#5592=CARTESIAN_POINT('Ctrl Pts',(28.8808877266455,0.809999999999993,60.7433346094193));
#5593=CARTESIAN_POINT('Ctrl Pts',(28.8812588942896,0.809999999999993,60.9730776538331));
#5594=CARTESIAN_POINT('Ctrl Pts',(28.8905506846749,0.809999999999993,61.1935152900574));
#5595=CARTESIAN_POINT('Ctrl Pts',(28.908326101805,0.809999999999993,61.4016239207378));
#5596=CARTESIAN_POINT('Ctrl Pts',(28.9340194486907,0.809999999999993,61.595022352847));
#5597=CARTESIAN_POINT('Ctrl Pts',(28.967287567074,0.809999999999993,61.7719474188084));
#5598=CARTESIAN_POINT('Ctrl Pts',(29.0084472892699,0.809999999999993,61.9312096478885));
#5599=CARTESIAN_POINT('Ctrl Pts',(29.0587818302076,0.809999999999993,62.0721427963437));
#5600=CARTESIAN_POINT('Ctrl Pts',(29.1211415635102,0.809999999999993,62.1945942279724));
#5601=CARTESIAN_POINT('Ctrl Pts',(29.1993159888221,0.809999999999993,62.2987178724454));
#5602=CARTESIAN_POINT('Ctrl Pts',(29.2965020516261,0.809999999999993,62.3846027830416));
#5603=CARTESIAN_POINT('Ctrl Pts',(29.4141761818171,0.809999999999993,62.4519981592717));
#5604=CARTESIAN_POINT('Ctrl Pts',(29.5504919223577,0.809999999999993,62.4998906685106));
#5605=CARTESIAN_POINT('Ctrl Pts',(29.6998606111826,0.809999999999993,62.5264891338294));
#5606=CARTESIAN_POINT('Ctrl Pts',(29.8552056627084,0.809999999999993,62.5301500660446));
#5607=CARTESIAN_POINT('Ctrl Pts',(30.0098125105409,0.809999999999993,62.5101615107815));
#5608=CARTESIAN_POINT('Ctrl Pts',(30.1591040979687,0.809999999999993,62.4674986574262));
#5609=CARTESIAN_POINT('Ctrl Pts',(30.303033704478,0.809999999999993,62.4058041958224));
#5610=CARTESIAN_POINT('Ctrl Pts',(30.4452661538487,0.809999999999993,62.3311949089124));
#5611=CARTESIAN_POINT('Ctrl Pts',(30.5907487440907,0.809999999999993,62.2514502914941));
#5612=CARTESIAN_POINT('Ctrl Pts',(30.7436694460613,0.809999999999993,62.1754021675959));
#5613=CARTESIAN_POINT('Ctrl Pts',(30.9055181476075,0.809999999999993,62.1122276691097));
#5614=CARTESIAN_POINT('Ctrl Pts',(31.072440494798,0.809999999999993,62.0708186546237));
#5615=CARTESIAN_POINT('Ctrl Pts',(31.2361606542595,0.809999999999993,62.0589527989573));
#5616=CARTESIAN_POINT('Ctrl Pts',(31.386857575855,0.809999999999993,62.0823899786303));
#5617=CARTESIAN_POINT('Ctrl Pts',(31.5154852637974,0.809999999999993,62.1439583046399));
#5618=CARTESIAN_POINT('Ctrl Pts',(31.616208767684,0.809999999999993,62.2427138147157));
#5619=CARTESIAN_POINT('Ctrl Pts',(31.6890982783466,0.809999999999993,62.3728773189996));
#5620=CARTESIAN_POINT('Ctrl Pts',(31.738444994594,0.809999999999993,62.5255216773708));
#5621=CARTESIAN_POINT('Ctrl Pts',(31.7705502151382,0.809999999999993,62.6905866634108));
#5622=CARTESIAN_POINT('Ctrl Pts',(31.7917609716768,0.809999999999993,62.8587190672648));
#5623=CARTESIAN_POINT('Ctrl Pts',(31.8062739979872,0.809999999999993,63.0233174709135));
#5624=CARTESIAN_POINT('Ctrl Pts',(31.8144095972792,0.809999999999993,63.1821110607776));
#5625=CARTESIAN_POINT('Ctrl Pts',(31.8141164134445,0.809999999999993,63.3354475597966));
#5626=CARTESIAN_POINT('Ctrl Pts',(31.8022031436474,0.809999999999993,63.4848527005851));
#5627=CARTESIAN_POINT('Ctrl Pts',(31.7755975212999,0.809999999999993,63.6315820185096));
#5628=CARTESIAN_POINT('Ctrl Pts',(31.7327737807259,0.809999999999993,63.7749508552197));
#5629=CARTESIAN_POINT('Ctrl Pts',(31.6745330449622,0.809999999999993,63.9114773089642));
#5630=CARTESIAN_POINT('Ctrl Pts',(31.6030094324684,0.809999999999993,64.0362329275288));
#5631=CARTESIAN_POINT('Ctrl Pts',(31.5209864107615,0.809999999999993,64.143814118854));
#5632=CARTESIAN_POINT('Ctrl Pts',(31.4311395347722,0.809999999999993,64.2293896381293));
#5633=CARTESIAN_POINT('Ctrl Pts',(31.3351857124334,0.809999999999993,64.2899045449176));
#5634=CARTESIAN_POINT('Ctrl Pts',(31.2542005036878,0.809999999999993,64.317089403082));
#5635=CARTESIAN_POINT('Ctrl Pts',(31.1912166310817,0.809999999999993,64.3253126321387));
#5636=CARTESIAN_POINT('Ctrl Pts',(31.1482291575379,0.809999999999993,64.3253895545669));
#5637=CARTESIAN_POINT('Ctrl Pts',(31.1264858988793,0.809999999999993,64.3240766567091));
#5638=CARTESIAN_POINT('Ctrl Pts',(25.0102485688366,1.30999999999999,57.4657834154121));
#5639=CARTESIAN_POINT('Ctrl Pts',(25.0102485688366,0.809999999999993,57.4657834154121));
#5640=CARTESIAN_POINT('Ctrl Pts',(25.0042619073068,1.30999999999999,57.4586733077037));
#5641=CARTESIAN_POINT('Ctrl Pts',(25.0042619073068,0.809999999999993,57.4586733077037));
#5642=CARTESIAN_POINT('Ctrl Pts',(24.9967260244387,1.30999999999999,57.4475050416488));
#5643=CARTESIAN_POINT('Ctrl Pts',(24.9967260244387,0.809999999999993,57.4475050416488));
#5644=CARTESIAN_POINT('Ctrl Pts',(24.9987329218619,1.30999999999999,57.4399076094431));
#5645=CARTESIAN_POINT('Ctrl Pts',(24.9987329218619,0.809999999999993,57.4399076094431));
#5646=CARTESIAN_POINT('Ctrl Pts',(25.0280923357963,1.30999999999999,57.4481284476224));
#5647=CARTESIAN_POINT('Ctrl Pts',(25.0280923357963,0.809999999999993,57.4481284476224));
#5648=CARTESIAN_POINT('Ctrl Pts',(25.1077691381271,1.30999999999999,57.4883525420944));
#5649=CARTESIAN_POINT('Ctrl Pts',(25.1077691381271,0.809999999999993,57.4883525420944));
#5650=CARTESIAN_POINT('Ctrl Pts',(25.225700887934,1.30999999999999,57.556418178414));
#5651=CARTESIAN_POINT('Ctrl Pts',(25.225700887934,0.809999999999993,57.556418178414));
#5652=CARTESIAN_POINT('Ctrl Pts',(25.3715247144318,1.30999999999999,57.6475582231947));
#5653=CARTESIAN_POINT('Ctrl Pts',(25.3715247144318,0.809999999999993,57.6475582231947));
#5654=CARTESIAN_POINT('Ctrl Pts',(25.5308407862956,1.30999999999999,57.7553608078686));
#5655=CARTESIAN_POINT('Ctrl Pts',(25.5308407862956,0.809999999999993,57.7553608078686));
#5656=CARTESIAN_POINT('Ctrl Pts',(25.6882933820985,1.30999999999999,57.8735867639142));
#5657=CARTESIAN_POINT('Ctrl Pts',(25.6882933820985,0.809999999999993,57.8735867639142));
#5658=CARTESIAN_POINT('Ctrl Pts',(25.8302388823654,1.30999999999999,57.9977865791594));
#5659=CARTESIAN_POINT('Ctrl Pts',(25.8302388823654,0.809999999999993,57.9977865791594));
#5660=CARTESIAN_POINT('Ctrl Pts',(25.9474072189651,1.30999999999999,58.1268612732989));
#5661=CARTESIAN_POINT('Ctrl Pts',(25.9474072189651,0.809999999999993,58.1268612732989));
#5662=CARTESIAN_POINT('Ctrl Pts',(26.0380826579414,1.30999999999999,58.2650538237192));
#5663=CARTESIAN_POINT('Ctrl Pts',(26.0380826579414,0.809999999999993,58.2650538237192));
#5664=CARTESIAN_POINT('Ctrl Pts',(26.1063205368277,1.30999999999999,58.4199959814456));
#5665=CARTESIAN_POINT('Ctrl Pts',(26.1063205368277,0.809999999999993,58.4199959814456));
#5666=CARTESIAN_POINT('Ctrl Pts',(26.1593584247613,1.30999999999999,58.6001199685054));
#5667=CARTESIAN_POINT('Ctrl Pts',(26.1593584247613,0.809999999999993,58.6001199685054));
#5668=CARTESIAN_POINT('Ctrl Pts',(26.2053101228947,1.30999999999999,58.8122572772026));
#5669=CARTESIAN_POINT('Ctrl Pts',(26.2053101228947,0.809999999999993,58.8122572772026));
#5670=CARTESIAN_POINT('Ctrl Pts',(26.2508323434407,1.30999999999999,59.059245962208));
#5671=CARTESIAN_POINT('Ctrl Pts',(26.2508323434407,0.809999999999993,59.059245962208));
#5672=CARTESIAN_POINT('Ctrl Pts',(26.2985955977195,1.30999999999999,59.3372365347008));
#5673=CARTESIAN_POINT('Ctrl Pts',(26.2985955977195,0.809999999999993,59.3372365347008));
#5674=CARTESIAN_POINT('Ctrl Pts',(26.3481045678065,1.30999999999999,59.6373791205208));
#5675=CARTESIAN_POINT('Ctrl Pts',(26.3481045678065,0.809999999999993,59.6373791205208));
#5676=CARTESIAN_POINT('Ctrl Pts',(26.3968245517075,1.30999999999999,59.9479033903385));
#5677=CARTESIAN_POINT('Ctrl Pts',(26.3968245517075,0.809999999999993,59.9479033903385));
#5678=CARTESIAN_POINT('Ctrl Pts',(26.4411615756872,1.30999999999999,60.2559900863587));
#5679=CARTESIAN_POINT('Ctrl Pts',(26.4411615756872,0.809999999999993,60.2559900863587));
#5680=CARTESIAN_POINT('Ctrl Pts',(26.4775345826821,1.30999999999999,60.5497963018484));
#5681=CARTESIAN_POINT('Ctrl Pts',(26.4775345826821,0.809999999999993,60.5497963018484));
#5682=CARTESIAN_POINT('Ctrl Pts',(26.5033118738988,1.30999999999999,60.8202285175326));
#5683=CARTESIAN_POINT('Ctrl Pts',(26.5033118738988,0.809999999999993,60.8202285175326));
#5684=CARTESIAN_POINT('Ctrl Pts',(26.5180443172999,1.30999999999999,61.063306189856));
#5685=CARTESIAN_POINT('Ctrl Pts',(26.5180443172999,0.809999999999993,61.063306189856));
#5686=CARTESIAN_POINT('Ctrl Pts',(26.5237356563286,1.30999999999999,61.2806100977148));
#5687=CARTESIAN_POINT('Ctrl Pts',(26.5237356563286,0.809999999999993,61.2806100977148));
#5688=CARTESIAN_POINT('Ctrl Pts',(26.5238696283808,1.30999999999999,61.4772519500583));
#5689=CARTESIAN_POINT('Ctrl Pts',(26.5238696283808,0.809999999999993,61.4772519500583));
#5690=CARTESIAN_POINT('Ctrl Pts',(26.5227541572646,1.30999999999999,61.6604818557085));
#5691=CARTESIAN_POINT('Ctrl Pts',(26.5227541572646,0.809999999999993,61.6604818557085));
#5692=CARTESIAN_POINT('Ctrl Pts',(26.5247615073625,1.30999999999999,61.8380919335371));
#5693=CARTESIAN_POINT('Ctrl Pts',(26.5247615073625,0.809999999999993,61.8380919335371));
#5694=CARTESIAN_POINT('Ctrl Pts',(26.5335794405292,1.30999999999999,62.0168460826668));
#5695=CARTESIAN_POINT('Ctrl Pts',(26.5335794405292,0.809999999999993,62.0168460826668));
#5696=CARTESIAN_POINT('Ctrl Pts',(26.551559493454,1.30999999999999,62.2011067570561));
#5697=CARTESIAN_POINT('Ctrl Pts',(26.551559493454,0.809999999999993,62.2011067570561));
#5698=CARTESIAN_POINT('Ctrl Pts',(26.5800683997015,1.30999999999999,62.3934637529096));
#5699=CARTESIAN_POINT('Ctrl Pts',(26.5800683997015,0.809999999999993,62.3934637529096));
#5700=CARTESIAN_POINT('Ctrl Pts',(26.6118014676231,1.30999999999999,62.5548185199739));
#5701=CARTESIAN_POINT('Ctrl Pts',(26.6118014676231,0.809999999999993,62.5548185199739));
#5702=CARTESIAN_POINT('Ctrl Pts',(26.6406984199696,1.30999999999999,62.6802074137455));
#5703=CARTESIAN_POINT('Ctrl Pts',(26.6406984199696,0.809999999999993,62.6802074137455));
#5704=CARTESIAN_POINT('Ctrl Pts',(26.6622242508088,1.30999999999999,62.7657397566581));
#5705=CARTESIAN_POINT('Ctrl Pts',(26.6622242508088,0.809999999999993,62.7657397566581));
#5706=CARTESIAN_POINT('Ctrl Pts',(26.6735524714987,1.30999999999999,62.8089908771593));
#5707=CARTESIAN_POINT('Ctrl Pts',(26.6735524714987,0.809999999999993,62.8089908771593));
#5708=CARTESIAN_POINT('Ctrl Pts',(25.0102485688366,0.809999999999993,57.4657834154121));
#5709=CARTESIAN_POINT('Ctrl Pts',(25.0042619073068,0.809999999999993,57.4586733077037));
#5710=CARTESIAN_POINT('Ctrl Pts',(24.9967260244387,0.809999999999993,57.4475050416488));
#5711=CARTESIAN_POINT('Ctrl Pts',(24.9987329218619,0.809999999999993,57.4399076094431));
#5712=CARTESIAN_POINT('Ctrl Pts',(25.0280923357963,0.809999999999993,57.4481284476224));
#5713=CARTESIAN_POINT('Ctrl Pts',(25.1077691381271,0.809999999999993,57.4883525420944));
#5714=CARTESIAN_POINT('Ctrl Pts',(25.225700887934,0.809999999999993,57.556418178414));
#5715=CARTESIAN_POINT('Ctrl Pts',(25.3715247144318,0.809999999999993,57.6475582231947));
#5716=CARTESIAN_POINT('Ctrl Pts',(25.5308407862956,0.809999999999993,57.7553608078686));
#5717=CARTESIAN_POINT('Ctrl Pts',(25.6882933820985,0.809999999999993,57.8735867639142));
#5718=CARTESIAN_POINT('Ctrl Pts',(25.8302388823654,0.809999999999993,57.9977865791594));
#5719=CARTESIAN_POINT('Ctrl Pts',(25.9474072189651,0.809999999999993,58.1268612732989));
#5720=CARTESIAN_POINT('Ctrl Pts',(26.0380826579414,0.809999999999993,58.2650538237192));
#5721=CARTESIAN_POINT('Ctrl Pts',(26.1063205368277,0.809999999999993,58.4199959814456));
#5722=CARTESIAN_POINT('Ctrl Pts',(26.1593584247613,0.809999999999993,58.6001199685054));
#5723=CARTESIAN_POINT('Ctrl Pts',(26.2053101228947,0.809999999999993,58.8122572772026));
#5724=CARTESIAN_POINT('Ctrl Pts',(26.2508323434407,0.809999999999993,59.059245962208));
#5725=CARTESIAN_POINT('Ctrl Pts',(26.2985955977195,0.809999999999993,59.3372365347008));
#5726=CARTESIAN_POINT('Ctrl Pts',(26.3481045678065,0.809999999999993,59.6373791205208));
#5727=CARTESIAN_POINT('Ctrl Pts',(26.3968245517075,0.809999999999993,59.9479033903385));
#5728=CARTESIAN_POINT('Ctrl Pts',(26.4411615756872,0.809999999999993,60.2559900863587));
#5729=CARTESIAN_POINT('Ctrl Pts',(26.4775345826821,0.809999999999993,60.5497963018484));
#5730=CARTESIAN_POINT('Ctrl Pts',(26.5033118738988,0.809999999999993,60.8202285175326));
#5731=CARTESIAN_POINT('Ctrl Pts',(26.5180443172999,0.809999999999993,61.063306189856));
#5732=CARTESIAN_POINT('Ctrl Pts',(26.5237356563286,0.809999999999993,61.2806100977148));
#5733=CARTESIAN_POINT('Ctrl Pts',(26.5238696283808,0.809999999999993,61.4772519500583));
#5734=CARTESIAN_POINT('Ctrl Pts',(26.5227541572646,0.809999999999993,61.6604818557085));
#5735=CARTESIAN_POINT('Ctrl Pts',(26.5247615073625,0.809999999999993,61.8380919335371));
#5736=CARTESIAN_POINT('Ctrl Pts',(26.5335794405292,0.809999999999993,62.0168460826668));
#5737=CARTESIAN_POINT('Ctrl Pts',(26.551559493454,0.809999999999993,62.2011067570561));
#5738=CARTESIAN_POINT('Ctrl Pts',(26.5800683997015,0.809999999999993,62.3934637529096));
#5739=CARTESIAN_POINT('Ctrl Pts',(26.6118014676231,0.809999999999993,62.5548185199739));
#5740=CARTESIAN_POINT('Ctrl Pts',(26.6406984199696,0.809999999999993,62.6802074137455));
#5741=CARTESIAN_POINT('Ctrl Pts',(26.6622242508088,0.809999999999993,62.7657397566581));
#5742=CARTESIAN_POINT('Ctrl Pts',(26.6735524714987,0.809999999999993,62.8089908771593));
#5743=CARTESIAN_POINT('Origin',(26.7419546642161,0.809999999999993,61.3763254820944));
#5744=CARTESIAN_POINT('Ctrl Pts',(20.7337062511254,1.30999999999999,59.5952095985453));
#5745=CARTESIAN_POINT('Ctrl Pts',(20.7337062511254,0.809999999999993,59.5952095985453));
#5746=CARTESIAN_POINT('Ctrl Pts',(20.7019388275121,1.30999999999999,59.5918026332723));
#5747=CARTESIAN_POINT('Ctrl Pts',(20.7019388275121,0.809999999999993,59.5918026332723));
#5748=CARTESIAN_POINT('Ctrl Pts',(20.6400195877298,1.30999999999999,59.5884412563625));
#5749=CARTESIAN_POINT('Ctrl Pts',(20.6400195877298,0.809999999999993,59.5884412563625));
#5750=CARTESIAN_POINT('Ctrl Pts',(20.5519875703534,1.30999999999999,59.5937576756573));
#5751=CARTESIAN_POINT('Ctrl Pts',(20.5519875703534,0.809999999999993,59.5937576756573));
#5752=CARTESIAN_POINT('Ctrl Pts',(20.4448699708419,1.30999999999999,59.6216738057687));
#5753=CARTESIAN_POINT('Ctrl Pts',(20.4448699708419,0.809999999999993,59.6216738057687));
#5754=CARTESIAN_POINT('Ctrl Pts',(20.3315343687337,1.30999999999999,59.6906701681816));
#5755=CARTESIAN_POINT('Ctrl Pts',(20.3315343687337,0.809999999999993,59.6906701681816));
#5756=CARTESIAN_POINT('Ctrl Pts',(20.2435070167727,1.30999999999999,59.7906186098852));
#5757=CARTESIAN_POINT('Ctrl Pts',(20.2435070167727,0.809999999999993,59.7906186098852));
#5758=CARTESIAN_POINT('Ctrl Pts',(20.1860571172741,1.30999999999999,59.9145593930734));
#5759=CARTESIAN_POINT('Ctrl Pts',(20.1860571172741,0.809999999999993,59.9145593930734));
#5760=CARTESIAN_POINT('Ctrl Pts',(20.1642026007527,1.30999999999999,60.0495398104226));
#5761=CARTESIAN_POINT('Ctrl Pts',(20.1642026007527,0.809999999999993,60.0495398104226));
#5762=CARTESIAN_POINT('Ctrl Pts',(20.1819759885132,1.30999999999999,60.1775605472874));
#5763=CARTESIAN_POINT('Ctrl Pts',(20.1819759885132,0.809999999999993,60.1775605472874));
#5764=CARTESIAN_POINT('Ctrl Pts',(20.2416993822094,1.30999999999999,60.2803966107537));
#5765=CARTESIAN_POINT('Ctrl Pts',(20.2416993822094,0.809999999999993,60.2803966107537));
#5766=CARTESIAN_POINT('Ctrl Pts',(20.3432979594718,1.30999999999999,60.3432450601483));
#5767=CARTESIAN_POINT('Ctrl Pts',(20.3432979594718,0.809999999999993,60.3432450601483));
#5768=CARTESIAN_POINT('Ctrl Pts',(20.4834763351147,1.30999999999999,60.3592445855532));
#5769=CARTESIAN_POINT('Ctrl Pts',(20.4834763351147,0.809999999999993,60.3592445855532));
#5770=CARTESIAN_POINT('Ctrl Pts',(20.6552631172115,1.30999999999999,60.332513662468));
#5771=CARTESIAN_POINT('Ctrl Pts',(20.6552631172115,0.809999999999993,60.332513662468));
#5772=CARTESIAN_POINT('Ctrl Pts',(20.8495292209876,1.30999999999999,60.2744190650884));
#5773=CARTESIAN_POINT('Ctrl Pts',(20.8495292209876,0.809999999999993,60.2744190650884));
#5774=CARTESIAN_POINT('Ctrl Pts',(21.0562122269867,1.30999999999999,60.2007727961682));
#5775=CARTESIAN_POINT('Ctrl Pts',(21.0562122269867,0.809999999999993,60.2007727961682));
#5776=CARTESIAN_POINT('Ctrl Pts',(21.2657102415954,1.30999999999999,60.1285868153431));
#5777=CARTESIAN_POINT('Ctrl Pts',(21.2657102415954,0.809999999999993,60.1285868153431));
#5778=CARTESIAN_POINT('Ctrl Pts',(21.4700590158082,1.30999999999999,60.073274593265));
#5779=CARTESIAN_POINT('Ctrl Pts',(21.4700590158082,0.809999999999993,60.073274593265));
#5780=CARTESIAN_POINT('Ctrl Pts',(21.6645696045282,1.30999999999999,60.045032811235));
#5781=CARTESIAN_POINT('Ctrl Pts',(21.6645696045282,0.809999999999993,60.045032811235));
#5782=CARTESIAN_POINT('Ctrl Pts',(21.8474914541343,1.30999999999999,60.0486482546178));
#5783=CARTESIAN_POINT('Ctrl Pts',(21.8474914541343,0.809999999999993,60.0486482546178));
#5784=CARTESIAN_POINT('Ctrl Pts',(22.0186331152796,1.30999999999999,60.0851172683529));
#5785=CARTESIAN_POINT('Ctrl Pts',(22.0186331152796,0.809999999999993,60.0851172683529));
#5786=CARTESIAN_POINT('Ctrl Pts',(22.1782797447966,1.30999999999999,60.1527152043993));
#5787=CARTESIAN_POINT('Ctrl Pts',(22.1782797447966,0.809999999999993,60.1527152043993));
#5788=CARTESIAN_POINT('Ctrl Pts',(22.3260659367721,1.30999999999999,60.2482165041341));
#5789=CARTESIAN_POINT('Ctrl Pts',(22.3260659367721,0.809999999999993,60.2482165041341));
#5790=CARTESIAN_POINT('Ctrl Pts',(22.4596900740719,1.30999999999999,60.3681879529253));
#5791=CARTESIAN_POINT('Ctrl Pts',(22.4596900740719,0.809999999999993,60.3681879529253));
#5792=CARTESIAN_POINT('Ctrl Pts',(22.5742499305565,1.30999999999999,60.5097779769866));
#5793=CARTESIAN_POINT('Ctrl Pts',(22.5742499305565,0.809999999999993,60.5097779769866));
#5794=CARTESIAN_POINT('Ctrl Pts',(22.6635549481616,1.30999999999999,60.6698302675193));
#5795=CARTESIAN_POINT('Ctrl Pts',(22.6635549481616,0.809999999999993,60.6698302675193));
#5796=CARTESIAN_POINT('Ctrl Pts',(22.7210810110018,1.30999999999999,60.8443032191559));
#5797=CARTESIAN_POINT('Ctrl Pts',(22.7210810110018,0.809999999999993,60.8443032191559));
#5798=CARTESIAN_POINT('Ctrl Pts',(22.7410754310222,1.30999999999999,61.0275434864716));
#5799=CARTESIAN_POINT('Ctrl Pts',(22.7410754310222,0.809999999999993,61.0275434864716));
#5800=CARTESIAN_POINT('Ctrl Pts',(22.7195786367739,1.30999999999999,61.2116623895388));
#5801=CARTESIAN_POINT('Ctrl Pts',(22.7195786367739,0.809999999999993,61.2116623895388));
#5802=CARTESIAN_POINT('Ctrl Pts',(22.6555535739058,1.30999999999999,61.3857304980546));
#5803=CARTESIAN_POINT('Ctrl Pts',(22.6555535739058,0.809999999999993,61.3857304980546));
#5804=CARTESIAN_POINT('Ctrl Pts',(22.5506190049706,1.30999999999999,61.5376347084344));
#5805=CARTESIAN_POINT('Ctrl Pts',(22.5506190049706,0.809999999999993,61.5376347084344));
#5806=CARTESIAN_POINT('Ctrl Pts',(22.4087038891707,1.30999999999999,61.6560448430359));
#5807=CARTESIAN_POINT('Ctrl Pts',(22.4087038891707,0.809999999999993,61.6560448430359));
#5808=CARTESIAN_POINT('Ctrl Pts',(22.235752211025,1.30999999999999,61.7324439227441));
#5809=CARTESIAN_POINT('Ctrl Pts',(22.235752211025,0.809999999999993,61.7324439227441));
#5810=CARTESIAN_POINT('Ctrl Pts',(22.0393968068927,1.30999999999999,61.7629141171809));
#5811=CARTESIAN_POINT('Ctrl Pts',(22.0393968068927,0.809999999999993,61.7629141171809));
#5812=CARTESIAN_POINT('Ctrl Pts',(21.8287110600969,1.30999999999999,61.7506291563804));
#5813=CARTESIAN_POINT('Ctrl Pts',(21.8287110600969,0.809999999999993,61.7506291563804));
#5814=CARTESIAN_POINT('Ctrl Pts',(21.6136403370845,1.30999999999999,61.7049408644527));
#5815=CARTESIAN_POINT('Ctrl Pts',(21.6136403370845,0.809999999999993,61.7049408644527));
#5816=CARTESIAN_POINT('Ctrl Pts',(21.4042856835842,1.30999999999999,61.6389087544016));
#5817=CARTESIAN_POINT('Ctrl Pts',(21.4042856835842,0.809999999999993,61.6389087544016));
#5818=CARTESIAN_POINT('Ctrl Pts',(21.2102441693575,1.30999999999999,61.567363795662));
#5819=CARTESIAN_POINT('Ctrl Pts',(21.2102441693575,0.809999999999993,61.567363795662));
#5820=CARTESIAN_POINT('Ctrl Pts',(21.0399064347161,1.30999999999999,61.5047195400329));
#5821=CARTESIAN_POINT('Ctrl Pts',(21.0399064347161,0.809999999999993,61.5047195400329));
#5822=CARTESIAN_POINT('Ctrl Pts',(20.8998088789443,1.30999999999999,61.4629922516552));
#5823=CARTESIAN_POINT('Ctrl Pts',(20.8998088789443,0.809999999999993,61.4629922516552));
#5824=CARTESIAN_POINT('Ctrl Pts',(20.7938430803758,1.30999999999999,61.4494594326636));
#5825=CARTESIAN_POINT('Ctrl Pts',(20.7938430803758,0.809999999999993,61.4494594326636));
#5826=CARTESIAN_POINT('Ctrl Pts',(20.7378454262498,1.30999999999999,61.4639954226099));
#5827=CARTESIAN_POINT('Ctrl Pts',(20.7378454262498,0.809999999999993,61.4639954226099));
#5828=CARTESIAN_POINT('Ctrl Pts',(20.7122780952959,1.30999999999999,61.4896670913896));
#5829=CARTESIAN_POINT('Ctrl Pts',(20.7122780952959,0.809999999999993,61.4896670913896));
#5830=CARTESIAN_POINT('Ctrl Pts',(20.7025279977596,1.30999999999999,61.5133382063807));
#5831=CARTESIAN_POINT('Ctrl Pts',(20.7025279977596,0.809999999999993,61.5133382063807));
#5832=CARTESIAN_POINT('Ctrl Pts',(20.6994766699985,1.30999999999999,61.5268129860999));
#5833=CARTESIAN_POINT('Ctrl Pts',(20.6994766699985,0.809999999999993,61.5268129860999));
#5834=CARTESIAN_POINT('',(20.7337062511254,0.809999999999993,59.5952095985453));
#5835=CARTESIAN_POINT('',(20.7337062511254,1.30999999999999,59.5952095985453));
#5836=CARTESIAN_POINT('',(20.6994766699985,0.809999999999993,61.5268129860999));
#5837=CARTESIAN_POINT('Ctrl Pts',(20.7337062511254,0.809999999999993,59.5952095985453));
#5838=CARTESIAN_POINT('Ctrl Pts',(20.7019388275121,0.809999999999993,59.5918026332723));
#5839=CARTESIAN_POINT('Ctrl Pts',(20.6400195877298,0.809999999999993,59.5884412563625));
#5840=CARTESIAN_POINT('Ctrl Pts',(20.5519875703534,0.809999999999993,59.5937576756573));
#5841=CARTESIAN_POINT('Ctrl Pts',(20.4448699708419,0.809999999999993,59.6216738057687));
#5842=CARTESIAN_POINT('Ctrl Pts',(20.3315343687337,0.809999999999993,59.6906701681816));
#5843=CARTESIAN_POINT('Ctrl Pts',(20.2435070167727,0.809999999999993,59.7906186098852));
#5844=CARTESIAN_POINT('Ctrl Pts',(20.1860571172741,0.809999999999993,59.9145593930734));
#5845=CARTESIAN_POINT('Ctrl Pts',(20.1642026007527,0.809999999999993,60.0495398104226));
#5846=CARTESIAN_POINT('Ctrl Pts',(20.1819759885132,0.809999999999993,60.1775605472874));
#5847=CARTESIAN_POINT('Ctrl Pts',(20.2416993822094,0.809999999999993,60.2803966107537));
#5848=CARTESIAN_POINT('Ctrl Pts',(20.3432979594718,0.809999999999993,60.3432450601483));
#5849=CARTESIAN_POINT('Ctrl Pts',(20.4834763351147,0.809999999999993,60.3592445855532));
#5850=CARTESIAN_POINT('Ctrl Pts',(20.6552631172115,0.809999999999993,60.332513662468));
#5851=CARTESIAN_POINT('Ctrl Pts',(20.8495292209876,0.809999999999993,60.2744190650884));
#5852=CARTESIAN_POINT('Ctrl Pts',(21.0562122269867,0.809999999999993,60.2007727961682));
#5853=CARTESIAN_POINT('Ctrl Pts',(21.2657102415954,0.809999999999993,60.1285868153431));
#5854=CARTESIAN_POINT('Ctrl Pts',(21.4700590158082,0.809999999999993,60.073274593265));
#5855=CARTESIAN_POINT('Ctrl Pts',(21.6645696045282,0.809999999999993,60.045032811235));
#5856=CARTESIAN_POINT('Ctrl Pts',(21.8474914541343,0.809999999999993,60.0486482546178));
#5857=CARTESIAN_POINT('Ctrl Pts',(22.0186331152796,0.809999999999993,60.0851172683529));
#5858=CARTESIAN_POINT('Ctrl Pts',(22.1782797447966,0.809999999999993,60.1527152043993));
#5859=CARTESIAN_POINT('Ctrl Pts',(22.3260659367721,0.809999999999993,60.2482165041341));
#5860=CARTESIAN_POINT('Ctrl Pts',(22.4596900740719,0.809999999999993,60.3681879529253));
#5861=CARTESIAN_POINT('Ctrl Pts',(22.5742499305565,0.809999999999993,60.5097779769866));
#5862=CARTESIAN_POINT('Ctrl Pts',(22.6635549481616,0.809999999999993,60.6698302675193));
#5863=CARTESIAN_POINT('Ctrl Pts',(22.7210810110018,0.809999999999993,60.8443032191559));
#5864=CARTESIAN_POINT('Ctrl Pts',(22.7410754310222,0.809999999999993,61.0275434864716));
#5865=CARTESIAN_POINT('Ctrl Pts',(22.7195786367739,0.809999999999993,61.2116623895388));
#5866=CARTESIAN_POINT('Ctrl Pts',(22.6555535739058,0.809999999999993,61.3857304980546));
#5867=CARTESIAN_POINT('Ctrl Pts',(22.5506190049706,0.809999999999993,61.5376347084344));
#5868=CARTESIAN_POINT('Ctrl Pts',(22.4087038891707,0.809999999999993,61.6560448430359));
#5869=CARTESIAN_POINT('Ctrl Pts',(22.235752211025,0.809999999999993,61.7324439227441));
#5870=CARTESIAN_POINT('Ctrl Pts',(22.0393968068927,0.809999999999993,61.7629141171809));
#5871=CARTESIAN_POINT('Ctrl Pts',(21.8287110600969,0.809999999999993,61.7506291563804));
#5872=CARTESIAN_POINT('Ctrl Pts',(21.6136403370845,0.809999999999993,61.7049408644527));
#5873=CARTESIAN_POINT('Ctrl Pts',(21.4042856835842,0.809999999999993,61.6389087544016));
#5874=CARTESIAN_POINT('Ctrl Pts',(21.2102441693575,0.809999999999993,61.567363795662));
#5875=CARTESIAN_POINT('Ctrl Pts',(21.0399064347161,0.809999999999993,61.5047195400329));
#5876=CARTESIAN_POINT('Ctrl Pts',(20.8998088789443,0.809999999999993,61.4629922516552));
#5877=CARTESIAN_POINT('Ctrl Pts',(20.7938430803758,0.809999999999993,61.4494594326636));
#5878=CARTESIAN_POINT('Ctrl Pts',(20.7378454262498,0.809999999999993,61.4639954226099));
#5879=CARTESIAN_POINT('Ctrl Pts',(20.7122780952959,0.809999999999993,61.4896670913896));
#5880=CARTESIAN_POINT('Ctrl Pts',(20.7025279977596,0.809999999999993,61.5133382063807));
#5881=CARTESIAN_POINT('Ctrl Pts',(20.6994766699985,0.809999999999993,61.5268129860999));
#5882=CARTESIAN_POINT('',(20.6994766699985,1.30999999999999,61.5268129860999));
#5883=CARTESIAN_POINT('Ctrl Pts',(18.9776112350091,1.30999999999999,62.696247420849));
#5884=CARTESIAN_POINT('Ctrl Pts',(18.9776112350091,0.809999999999993,62.696247420849));
#5885=CARTESIAN_POINT('Ctrl Pts',(18.9806211506166,1.30999999999999,62.6537454925654));
#5886=CARTESIAN_POINT('Ctrl Pts',(18.9806211506166,0.809999999999993,62.6537454925654));
#5887=CARTESIAN_POINT('Ctrl Pts',(18.9863484786083,1.30999999999999,62.5677610268249));
#5888=CARTESIAN_POINT('Ctrl Pts',(18.9863484786083,0.809999999999993,62.5677610268249));
#5889=CARTESIAN_POINT('Ctrl Pts',(18.9940620185623,1.30999999999999,62.4358424477789));
#5890=CARTESIAN_POINT('Ctrl Pts',(18.9940620185623,0.809999999999993,62.4358424477789));
#5891=CARTESIAN_POINT('Ctrl Pts',(19.0025899240511,1.30999999999999,62.2540629742108));
#5892=CARTESIAN_POINT('Ctrl Pts',(19.0025899240511,0.809999999999993,62.2540629742108));
#5893=CARTESIAN_POINT('Ctrl Pts',(19.0102282298406,1.30999999999999,62.0171431386374));
#5894=CARTESIAN_POINT('Ctrl Pts',(19.0102282298406,0.809999999999993,62.0171431386374));
#5895=CARTESIAN_POINT('Ctrl Pts',(19.0145689915711,1.30999999999999,61.7709380296694));
#5896=CARTESIAN_POINT('Ctrl Pts',(19.0145689915711,0.809999999999993,61.7709380296694));
#5897=CARTESIAN_POINT('Ctrl Pts',(19.0150867803239,1.30999999999999,61.5162900680488));
#5898=CARTESIAN_POINT('Ctrl Pts',(19.0150867803239,0.809999999999993,61.5162900680488));
#5899=CARTESIAN_POINT('Ctrl Pts',(19.0108778257203,1.30999999999999,61.2546716829287));
#5900=CARTESIAN_POINT('Ctrl Pts',(19.0108778257203,0.809999999999993,61.2546716829287));
#5901=CARTESIAN_POINT('Ctrl Pts',(19.0007126681432,1.30999999999999,60.9882166437339));
#5902=CARTESIAN_POINT('Ctrl Pts',(19.0007126681432,0.809999999999993,60.9882166437339));
#5903=CARTESIAN_POINT('Ctrl Pts',(18.9836518881008,1.30999999999999,60.7192334529857));
#5904=CARTESIAN_POINT('Ctrl Pts',(18.9836518881008,0.809999999999993,60.7192334529857));
#5905=CARTESIAN_POINT('Ctrl Pts',(18.9595734013742,1.30999999999999,60.4498012334663));
#5906=CARTESIAN_POINT('Ctrl Pts',(18.9595734013742,0.809999999999993,60.4498012334663));
#5907=CARTESIAN_POINT('Ctrl Pts',(18.9297221300306,1.30999999999999,60.1813475614181));
#5908=CARTESIAN_POINT('Ctrl Pts',(18.9297221300306,0.809999999999993,60.1813475614181));
#5909=CARTESIAN_POINT('Ctrl Pts',(18.8972896058652,1.30999999999999,59.9141978613249));
#5910=CARTESIAN_POINT('Ctrl Pts',(18.8972896058652,0.809999999999993,59.9141978613249));
#5911=CARTESIAN_POINT('Ctrl Pts',(18.8678863875614,1.30999999999999,59.6472328527465));
#5912=CARTESIAN_POINT('Ctrl Pts',(18.8678863875614,0.809999999999993,59.6472328527465));
#5913=CARTESIAN_POINT('Ctrl Pts',(18.8486811601179,1.30999999999999,59.3788879057128));
#5914=CARTESIAN_POINT('Ctrl Pts',(18.8486811601179,0.809999999999993,59.3788879057128));
#5915=CARTESIAN_POINT('Ctrl Pts',(18.8476442456784,1.30999999999999,59.1080396673914));
#5916=CARTESIAN_POINT('Ctrl Pts',(18.8476442456784,0.809999999999993,59.1080396673914));
#5917=CARTESIAN_POINT('Ctrl Pts',(18.8727483029569,1.30999999999999,58.8349635045967));
#5918=CARTESIAN_POINT('Ctrl Pts',(18.8727483029569,0.809999999999993,58.8349635045967));
#5919=CARTESIAN_POINT('Ctrl Pts',(18.9312013296395,1.30999999999999,58.5622021290204));
#5920=CARTESIAN_POINT('Ctrl Pts',(18.9312013296395,0.809999999999993,58.5622021290204));
#5921=CARTESIAN_POINT('Ctrl Pts',(19.0286253332738,1.30999999999999,58.2956457586723));
#5922=CARTESIAN_POINT('Ctrl Pts',(19.0286253332738,0.809999999999993,58.2956457586723));
#5923=CARTESIAN_POINT('Ctrl Pts',(19.1687614908085,1.30999999999999,58.0434238653927));
#5924=CARTESIAN_POINT('Ctrl Pts',(19.1687614908085,0.809999999999993,58.0434238653927));
#5925=CARTESIAN_POINT('Ctrl Pts',(19.353244617183,1.30999999999999,57.8145782686454));
#5926=CARTESIAN_POINT('Ctrl Pts',(19.353244617183,0.809999999999993,57.8145782686454));
#5927=CARTESIAN_POINT('Ctrl Pts',(19.581317428531,1.30999999999999,57.6177590447513));
#5928=CARTESIAN_POINT('Ctrl Pts',(19.581317428531,0.809999999999993,57.6177590447513));
#5929=CARTESIAN_POINT('Ctrl Pts',(19.8496219325474,1.30999999999999,57.4600422321777));
#5930=CARTESIAN_POINT('Ctrl Pts',(19.8496219325474,0.809999999999993,57.4600422321777));
#5931=CARTESIAN_POINT('Ctrl Pts',(20.1517946727047,1.30999999999999,57.3453620526545));
#5932=CARTESIAN_POINT('Ctrl Pts',(20.1517946727047,0.809999999999993,57.3453620526545));
#5933=CARTESIAN_POINT('Ctrl Pts',(20.4787692522264,1.30999999999999,57.2744654791848));
#5934=CARTESIAN_POINT('Ctrl Pts',(20.4787692522264,0.809999999999993,57.2744654791848));
#5935=CARTESIAN_POINT('Ctrl Pts',(20.8196870058786,1.30999999999999,57.2462009693489));
#5936=CARTESIAN_POINT('Ctrl Pts',(20.8196870058786,0.809999999999993,57.2462009693489));
#5937=CARTESIAN_POINT('Ctrl Pts',(21.16262020358,1.30999999999999,57.258384585937));
#5938=CARTESIAN_POINT('Ctrl Pts',(21.16262020358,0.809999999999993,57.258384585937));
#5939=CARTESIAN_POINT('Ctrl Pts',(21.4953862529761,1.30999999999999,57.3089145957093));
#5940=CARTESIAN_POINT('Ctrl Pts',(21.4953862529761,0.809999999999993,57.3089145957093));
#5941=CARTESIAN_POINT('Ctrl Pts',(21.8062765338313,1.30999999999999,57.3965885782945));
#5942=CARTESIAN_POINT('Ctrl Pts',(21.8062765338313,0.809999999999993,57.3965885782945));
#5943=CARTESIAN_POINT('Ctrl Pts',(22.0849345555504,1.30999999999999,57.5225210104273));
#5944=CARTESIAN_POINT('Ctrl Pts',(22.0849345555504,0.809999999999993,57.5225210104273));
#5945=CARTESIAN_POINT('Ctrl Pts',(22.3226596411112,1.30999999999999,57.6891446766829));
#5946=CARTESIAN_POINT('Ctrl Pts',(22.3226596411112,0.809999999999993,57.6891446766829));
#5947=CARTESIAN_POINT('Ctrl Pts',(22.5123565372458,1.30999999999999,57.8977634302833));
#5948=CARTESIAN_POINT('Ctrl Pts',(22.5123565372458,0.809999999999993,57.8977634302833));
#5949=CARTESIAN_POINT('Ctrl Pts',(22.6485903159822,1.30999999999999,58.1464036833279));
#5950=CARTESIAN_POINT('Ctrl Pts',(22.6485903159822,0.809999999999993,58.1464036833279));
#5951=CARTESIAN_POINT('Ctrl Pts',(22.727621667596,1.30999999999999,58.4278236272103));
#5952=CARTESIAN_POINT('Ctrl Pts',(22.727621667596,0.809999999999993,58.4278236272103));
#5953=CARTESIAN_POINT('Ctrl Pts',(22.7474197186987,1.30999999999999,58.7267379678863));
#5954=CARTESIAN_POINT('Ctrl Pts',(22.7474197186987,0.809999999999993,58.7267379678863));
#5955=CARTESIAN_POINT('Ctrl Pts',(22.7078159841128,1.30999999999999,59.0196106724044));
#5956=CARTESIAN_POINT('Ctrl Pts',(22.7078159841128,0.809999999999993,59.0196106724044));
#5957=CARTESIAN_POINT('Ctrl Pts',(22.6109698697011,1.30999999999999,59.2806383757611));
#5958=CARTESIAN_POINT('Ctrl Pts',(22.6109698697011,0.809999999999993,59.2806383757611));
#5959=CARTESIAN_POINT('Ctrl Pts',(22.4618315524426,1.30999999999999,59.4867237302969));
#5960=CARTESIAN_POINT('Ctrl Pts',(22.4618315524426,0.809999999999993,59.4867237302969));
#5961=CARTESIAN_POINT('Ctrl Pts',(22.2685114091087,1.30999999999999,59.6224169540681));
#5962=CARTESIAN_POINT('Ctrl Pts',(22.2685114091087,0.809999999999993,59.6224169540681));
#5963=CARTESIAN_POINT('Ctrl Pts',(22.0429534204945,1.30999999999999,59.6859352678221));
#5964=CARTESIAN_POINT('Ctrl Pts',(22.0429534204945,0.809999999999993,59.6859352678221));
#5965=CARTESIAN_POINT('Ctrl Pts',(21.800696459281,1.30999999999999,59.691449911318));
#5966=CARTESIAN_POINT('Ctrl Pts',(21.800696459281,0.809999999999993,59.691449911318));
#5967=CARTESIAN_POINT('Ctrl Pts',(21.558297081446,1.30999999999999,59.6613753416795));
#5968=CARTESIAN_POINT('Ctrl Pts',(21.558297081446,0.809999999999993,59.6613753416795));
#5969=CARTESIAN_POINT('Ctrl Pts',(21.3310550107984,1.30999999999999,59.6202247266147));
#5970=CARTESIAN_POINT('Ctrl Pts',(21.3310550107984,0.809999999999993,59.6202247266147));
#5971=CARTESIAN_POINT('Ctrl Pts',(21.1309071736409,1.30999999999999,59.5885596341492));
#5972=CARTESIAN_POINT('Ctrl Pts',(21.1309071736409,0.809999999999993,59.5885596341492));
#5973=CARTESIAN_POINT('Ctrl Pts',(20.9635183944821,1.30999999999999,59.5751521603128));
#5974=CARTESIAN_POINT('Ctrl Pts',(20.9635183944821,0.809999999999993,59.5751521603128));
#5975=CARTESIAN_POINT('Ctrl Pts',(20.8560911814777,1.30999999999999,59.5777626573284));
#5976=CARTESIAN_POINT('Ctrl Pts',(20.8560911814777,0.809999999999993,59.5777626573284));
#5977=CARTESIAN_POINT('Ctrl Pts',(20.7896020443691,1.30999999999999,59.5849019926255));
#5978=CARTESIAN_POINT('Ctrl Pts',(20.7896020443691,0.809999999999993,59.5849019926255));
#5979=CARTESIAN_POINT('Ctrl Pts',(20.7513291515552,1.30999999999999,59.5914716479929));
#5980=CARTESIAN_POINT('Ctrl Pts',(20.7513291515552,0.809999999999993,59.5914716479929));
#5981=CARTESIAN_POINT('Ctrl Pts',(20.7337062511254,1.30999999999999,59.5952095985453));
#5982=CARTESIAN_POINT('Ctrl Pts',(20.7337062511254,0.809999999999993,59.5952095985453));
#5983=CARTESIAN_POINT('',(18.9776112350091,0.809999999999993,62.696247420849));
#5984=CARTESIAN_POINT('',(18.9776112350091,1.30999999999999,62.696247420849));
#5985=CARTESIAN_POINT('Ctrl Pts',(18.9776112350091,0.809999999999993,62.696247420849));
#5986=CARTESIAN_POINT('Ctrl Pts',(18.9806211506166,0.809999999999993,62.6537454925654));
#5987=CARTESIAN_POINT('Ctrl Pts',(18.9863484786083,0.809999999999993,62.5677610268249));
#5988=CARTESIAN_POINT('Ctrl Pts',(18.9940620185623,0.809999999999993,62.4358424477789));
#5989=CARTESIAN_POINT('Ctrl Pts',(19.0025899240511,0.809999999999993,62.2540629742108));
#5990=CARTESIAN_POINT('Ctrl Pts',(19.0102282298406,0.809999999999993,62.0171431386374));
#5991=CARTESIAN_POINT('Ctrl Pts',(19.0145689915711,0.809999999999993,61.7709380296694));
#5992=CARTESIAN_POINT('Ctrl Pts',(19.0150867803239,0.809999999999993,61.5162900680488));
#5993=CARTESIAN_POINT('Ctrl Pts',(19.0108778257203,0.809999999999993,61.2546716829287));
#5994=CARTESIAN_POINT('Ctrl Pts',(19.0007126681432,0.809999999999993,60.9882166437339));
#5995=CARTESIAN_POINT('Ctrl Pts',(18.9836518881008,0.809999999999993,60.7192334529857));
#5996=CARTESIAN_POINT('Ctrl Pts',(18.9595734013742,0.809999999999993,60.4498012334663));
#5997=CARTESIAN_POINT('Ctrl Pts',(18.9297221300306,0.809999999999993,60.1813475614181));
#5998=CARTESIAN_POINT('Ctrl Pts',(18.8972896058652,0.809999999999993,59.9141978613249));
#5999=CARTESIAN_POINT('Ctrl Pts',(18.8678863875614,0.809999999999993,59.6472328527465));
#6000=CARTESIAN_POINT('Ctrl Pts',(18.8486811601179,0.809999999999993,59.3788879057128));
#6001=CARTESIAN_POINT('Ctrl Pts',(18.8476442456784,0.809999999999993,59.1080396673914));
#6002=CARTESIAN_POINT('Ctrl Pts',(18.8727483029569,0.809999999999993,58.8349635045967));
#6003=CARTESIAN_POINT('Ctrl Pts',(18.9312013296395,0.809999999999993,58.5622021290204));
#6004=CARTESIAN_POINT('Ctrl Pts',(19.0286253332738,0.809999999999993,58.2956457586723));
#6005=CARTESIAN_POINT('Ctrl Pts',(19.1687614908085,0.809999999999993,58.0434238653927));
#6006=CARTESIAN_POINT('Ctrl Pts',(19.353244617183,0.809999999999993,57.8145782686454));
#6007=CARTESIAN_POINT('Ctrl Pts',(19.581317428531,0.809999999999993,57.6177590447513));
#6008=CARTESIAN_POINT('Ctrl Pts',(19.8496219325474,0.809999999999993,57.4600422321777));
#6009=CARTESIAN_POINT('Ctrl Pts',(20.1517946727047,0.809999999999993,57.3453620526545));
#6010=CARTESIAN_POINT('Ctrl Pts',(20.4787692522264,0.809999999999993,57.2744654791848));
#6011=CARTESIAN_POINT('Ctrl Pts',(20.8196870058786,0.809999999999993,57.2462009693489));
#6012=CARTESIAN_POINT('Ctrl Pts',(21.16262020358,0.809999999999993,57.258384585937));
#6013=CARTESIAN_POINT('Ctrl Pts',(21.4953862529761,0.809999999999993,57.3089145957093));
#6014=CARTESIAN_POINT('Ctrl Pts',(21.8062765338313,0.809999999999993,57.3965885782945));
#6015=CARTESIAN_POINT('Ctrl Pts',(22.0849345555504,0.809999999999993,57.5225210104273));
#6016=CARTESIAN_POINT('Ctrl Pts',(22.3226596411112,0.809999999999993,57.6891446766829));
#6017=CARTESIAN_POINT('Ctrl Pts',(22.5123565372458,0.809999999999993,57.8977634302833));
#6018=CARTESIAN_POINT('Ctrl Pts',(22.6485903159822,0.809999999999993,58.1464036833279));
#6019=CARTESIAN_POINT('Ctrl Pts',(22.727621667596,0.809999999999993,58.4278236272103));
#6020=CARTESIAN_POINT('Ctrl Pts',(22.7474197186987,0.809999999999993,58.7267379678863));
#6021=CARTESIAN_POINT('Ctrl Pts',(22.7078159841128,0.809999999999993,59.0196106724044));
#6022=CARTESIAN_POINT('Ctrl Pts',(22.6109698697011,0.809999999999993,59.2806383757611));
#6023=CARTESIAN_POINT('Ctrl Pts',(22.4618315524426,0.809999999999993,59.4867237302969));
#6024=CARTESIAN_POINT('Ctrl Pts',(22.2685114091087,0.809999999999993,59.6224169540681));
#6025=CARTESIAN_POINT('Ctrl Pts',(22.0429534204945,0.809999999999993,59.6859352678221));
#6026=CARTESIAN_POINT('Ctrl Pts',(21.800696459281,0.809999999999993,59.691449911318));
#6027=CARTESIAN_POINT('Ctrl Pts',(21.558297081446,0.809999999999993,59.6613753416795));
#6028=CARTESIAN_POINT('Ctrl Pts',(21.3310550107984,0.809999999999993,59.6202247266147));
#6029=CARTESIAN_POINT('Ctrl Pts',(21.1309071736409,0.809999999999993,59.5885596341492));
#6030=CARTESIAN_POINT('Ctrl Pts',(20.9635183944821,0.809999999999993,59.5751521603128));
#6031=CARTESIAN_POINT('Ctrl Pts',(20.8560911814777,0.809999999999993,59.5777626573284));
#6032=CARTESIAN_POINT('Ctrl Pts',(20.7896020443691,0.809999999999993,59.5849019926255));
#6033=CARTESIAN_POINT('Ctrl Pts',(20.7513291515552,0.809999999999993,59.5914716479929));
#6034=CARTESIAN_POINT('Ctrl Pts',(20.7337062511254,0.809999999999993,59.5952095985453));
#6035=CARTESIAN_POINT('Ctrl Pts',(20.6994766699985,1.30999999999999,61.5268129860999));
#6036=CARTESIAN_POINT('Ctrl Pts',(20.6994766699985,0.809999999999993,61.5268129860999));
#6037=CARTESIAN_POINT('Ctrl Pts',(20.6964926266248,1.30999999999999,61.5315021971157));
#6038=CARTESIAN_POINT('Ctrl Pts',(20.6964926266248,0.809999999999993,61.5315021971157));
#6039=CARTESIAN_POINT('Ctrl Pts',(20.6904752524374,1.30999999999999,61.5435451805978));
#6040=CARTESIAN_POINT('Ctrl Pts',(20.6904752524374,0.809999999999993,61.5435451805978));
#6041=CARTESIAN_POINT('Ctrl Pts',(20.6812988138956,1.30999999999999,61.5696009668309));
#6042=CARTESIAN_POINT('Ctrl Pts',(20.6812988138956,0.809999999999993,61.5696009668309));
#6043=CARTESIAN_POINT('Ctrl Pts',(20.6706972982043,1.30999999999999,61.6212941027734));
#6044=CARTESIAN_POINT('Ctrl Pts',(20.6706972982043,0.809999999999993,61.6212941027734));
#6045=CARTESIAN_POINT('Ctrl Pts',(20.669615508363,1.30999999999999,61.7178474757819));
#6046=CARTESIAN_POINT('Ctrl Pts',(20.669615508363,0.809999999999993,61.7178474757819));
#6047=CARTESIAN_POINT('Ctrl Pts',(20.690355273395,1.30999999999999,61.8482927549085));
#6048=CARTESIAN_POINT('Ctrl Pts',(20.690355273395,0.809999999999993,61.8482927549085));
#6049=CARTESIAN_POINT('Ctrl Pts',(20.7371000366811,1.30999999999999,62.0086737556029));
#6050=CARTESIAN_POINT('Ctrl Pts',(20.7371000366811,0.809999999999993,62.0086737556029));
#6051=CARTESIAN_POINT('Ctrl Pts',(20.8075706164325,1.30999999999999,62.1893040974995));
#6052=CARTESIAN_POINT('Ctrl Pts',(20.8075706164325,0.809999999999993,62.1893040974995));
#6053=CARTESIAN_POINT('Ctrl Pts',(20.8957475484061,1.30999999999999,62.3783672024154));
#6054=CARTESIAN_POINT('Ctrl Pts',(20.8957475484061,0.809999999999993,62.3783672024154));
#6055=CARTESIAN_POINT('Ctrl Pts',(20.9935945059391,1.30999999999999,62.5646830178562));
#6056=CARTESIAN_POINT('Ctrl Pts',(20.9935945059391,0.809999999999993,62.5646830178562));
#6057=CARTESIAN_POINT('Ctrl Pts',(21.092989803736,1.30999999999999,62.7404675921846));
#6058=CARTESIAN_POINT('Ctrl Pts',(21.092989803736,0.809999999999993,62.7404675921846));
#6059=CARTESIAN_POINT('Ctrl Pts',(21.1880287793688,1.30999999999999,62.9049793944054));
#6060=CARTESIAN_POINT('Ctrl Pts',(21.1880287793688,0.809999999999993,62.9049793944054));
#6061=CARTESIAN_POINT('Ctrl Pts',(21.2748618881124,1.30999999999999,63.0634916898569));
#6062=CARTESIAN_POINT('Ctrl Pts',(21.2748618881124,0.809999999999993,63.0634916898569));
#6063=CARTESIAN_POINT('Ctrl Pts',(21.3501950016903,1.30999999999999,63.2237851605067));
#6064=CARTESIAN_POINT('Ctrl Pts',(21.3501950016903,0.809999999999993,63.2237851605067));
#6065=CARTESIAN_POINT('Ctrl Pts',(21.4101375473026,1.30999999999999,63.3933194973015));
#6066=CARTESIAN_POINT('Ctrl Pts',(21.4101375473026,0.809999999999993,63.3933194973015));
#6067=CARTESIAN_POINT('Ctrl Pts',(21.4490784438595,1.30999999999999,63.5763786168182));
#6068=CARTESIAN_POINT('Ctrl Pts',(21.4490784438595,0.809999999999993,63.5763786168182));
#6069=CARTESIAN_POINT('Ctrl Pts',(21.4581006734764,1.30999999999999,63.7705636055764));
#6070=CARTESIAN_POINT('Ctrl Pts',(21.4581006734764,0.809999999999993,63.7705636055764));
#6071=CARTESIAN_POINT('Ctrl Pts',(21.4266342280768,1.30999999999999,63.9680352408438));
#6072=CARTESIAN_POINT('Ctrl Pts',(21.4266342280768,0.809999999999993,63.9680352408438));
#6073=CARTESIAN_POINT('Ctrl Pts',(21.3449971769854,1.30999999999999,64.1580986536218));
#6074=CARTESIAN_POINT('Ctrl Pts',(21.3449971769854,0.809999999999993,64.1580986536218));
#6075=CARTESIAN_POINT('Ctrl Pts',(21.2067378900927,1.30999999999999,64.3293769760862));
#6076=CARTESIAN_POINT('Ctrl Pts',(21.2067378900927,0.809999999999993,64.3293769760862));
#6077=CARTESIAN_POINT('Ctrl Pts',(21.0108647103423,1.30999999999999,64.4720101513935));
#6078=CARTESIAN_POINT('Ctrl Pts',(21.0108647103423,0.809999999999993,64.4720101513935));
#6079=CARTESIAN_POINT('Ctrl Pts',(20.7647180084933,1.30999999999999,64.5802132717899));
#6080=CARTESIAN_POINT('Ctrl Pts',(20.7647180084933,0.809999999999993,64.5802132717899));
#6081=CARTESIAN_POINT('Ctrl Pts',(20.4822952014958,1.30999999999999,64.6519057211603));
#6082=CARTESIAN_POINT('Ctrl Pts',(20.4822952014958,0.809999999999993,64.6519057211603));
#6083=CARTESIAN_POINT('Ctrl Pts',(20.181450413651,1.30999999999999,64.6876103219672));
#6084=CARTESIAN_POINT('Ctrl Pts',(20.181450413651,0.809999999999993,64.6876103219672));
#6085=CARTESIAN_POINT('Ctrl Pts',(19.8815546135775,1.30999999999999,64.689635178734));
#6086=CARTESIAN_POINT('Ctrl Pts',(19.8815546135775,0.809999999999993,64.689635178734));
#6087=CARTESIAN_POINT('Ctrl Pts',(19.6008730398025,1.30999999999999,64.6611236883771));
#6088=CARTESIAN_POINT('Ctrl Pts',(19.6008730398025,0.809999999999993,64.6611236883771));
#6089=CARTESIAN_POINT('Ctrl Pts',(19.3543070599919,1.30999999999999,64.6052389967472));
#6090=CARTESIAN_POINT('Ctrl Pts',(19.3543070599919,0.809999999999993,64.6052389967472));
#6091=CARTESIAN_POINT('Ctrl Pts',(19.1503452575744,1.30999999999999,64.5241256355142));
#6092=CARTESIAN_POINT('Ctrl Pts',(19.1503452575744,0.809999999999993,64.5241256355142));
#6093=CARTESIAN_POINT('Ctrl Pts',(18.9913856031291,1.30999999999999,64.4188128137647));
#6094=CARTESIAN_POINT('Ctrl Pts',(18.9913856031291,0.809999999999993,64.4188128137647));
#6095=CARTESIAN_POINT('Ctrl Pts',(18.8758216867225,1.30999999999999,64.2896102564386));
#6096=CARTESIAN_POINT('Ctrl Pts',(18.8758216867225,0.809999999999993,64.2896102564386));
#6097=CARTESIAN_POINT('Ctrl Pts',(18.799596336609,1.30999999999999,64.1363579895992));
#6098=CARTESIAN_POINT('Ctrl Pts',(18.799596336609,0.809999999999993,64.1363579895992));
#6099=CARTESIAN_POINT('Ctrl Pts',(18.7578615113204,1.30999999999999,63.9587191923603));
#6100=CARTESIAN_POINT('Ctrl Pts',(18.7578615113204,0.809999999999993,63.9587191923603));
#6101=CARTESIAN_POINT('Ctrl Pts',(18.74681893177,1.30999999999999,63.7565001347813));
#6102=CARTESIAN_POINT('Ctrl Pts',(18.74681893177,0.809999999999993,63.7565001347813));
#6103=CARTESIAN_POINT('Ctrl Pts',(18.7639242801284,1.30999999999999,63.5296729756444));
#6104=CARTESIAN_POINT('Ctrl Pts',(18.7639242801284,0.809999999999993,63.5296729756444));
#6105=CARTESIAN_POINT('Ctrl Pts',(18.8075428896677,1.30999999999999,63.2782974909443));
#6106=CARTESIAN_POINT('Ctrl Pts',(18.8075428896677,0.809999999999993,63.2782974909443));
#6107=CARTESIAN_POINT('Ctrl Pts',(18.8629423025549,1.30999999999999,63.057643732949));
#6108=CARTESIAN_POINT('Ctrl Pts',(18.8629423025549,0.809999999999993,63.057643732949));
#6109=CARTESIAN_POINT('Ctrl Pts',(18.9158610917506,1.30999999999999,62.8811996702404));
#6110=CARTESIAN_POINT('Ctrl Pts',(18.9158610917506,0.809999999999993,62.8811996702404));
#6111=CARTESIAN_POINT('Ctrl Pts',(18.9561867796395,1.30999999999999,62.7587084756483));
#6112=CARTESIAN_POINT('Ctrl Pts',(18.9561867796395,0.809999999999993,62.7587084756483));
#6113=CARTESIAN_POINT('Ctrl Pts',(18.9776112350091,1.30999999999999,62.696247420849));
#6114=CARTESIAN_POINT('Ctrl Pts',(18.9776112350091,0.809999999999993,62.696247420849));
#6115=CARTESIAN_POINT('Ctrl Pts',(20.6994766699985,0.809999999999993,61.5268129860999));
#6116=CARTESIAN_POINT('Ctrl Pts',(20.6964926266248,0.809999999999993,61.5315021971157));
#6117=CARTESIAN_POINT('Ctrl Pts',(20.6904752524374,0.809999999999993,61.5435451805978));
#6118=CARTESIAN_POINT('Ctrl Pts',(20.6812988138956,0.809999999999993,61.5696009668309));
#6119=CARTESIAN_POINT('Ctrl Pts',(20.6706972982043,0.809999999999993,61.6212941027734));
#6120=CARTESIAN_POINT('Ctrl Pts',(20.669615508363,0.809999999999993,61.7178474757819));
#6121=CARTESIAN_POINT('Ctrl Pts',(20.690355273395,0.809999999999993,61.8482927549085));
#6122=CARTESIAN_POINT('Ctrl Pts',(20.7371000366811,0.809999999999993,62.0086737556029));
#6123=CARTESIAN_POINT('Ctrl Pts',(20.8075706164325,0.809999999999993,62.1893040974995));
#6124=CARTESIAN_POINT('Ctrl Pts',(20.8957475484061,0.809999999999993,62.3783672024154));
#6125=CARTESIAN_POINT('Ctrl Pts',(20.9935945059391,0.809999999999993,62.5646830178562));
#6126=CARTESIAN_POINT('Ctrl Pts',(21.092989803736,0.809999999999993,62.7404675921846));
#6127=CARTESIAN_POINT('Ctrl Pts',(21.1880287793688,0.809999999999993,62.9049793944054));
#6128=CARTESIAN_POINT('Ctrl Pts',(21.2748618881124,0.809999999999993,63.0634916898569));
#6129=CARTESIAN_POINT('Ctrl Pts',(21.3501950016903,0.809999999999993,63.2237851605067));
#6130=CARTESIAN_POINT('Ctrl Pts',(21.4101375473026,0.809999999999993,63.3933194973015));
#6131=CARTESIAN_POINT('Ctrl Pts',(21.4490784438595,0.809999999999993,63.5763786168182));
#6132=CARTESIAN_POINT('Ctrl Pts',(21.4581006734764,0.809999999999993,63.7705636055764));
#6133=CARTESIAN_POINT('Ctrl Pts',(21.4266342280768,0.809999999999993,63.9680352408438));
#6134=CARTESIAN_POINT('Ctrl Pts',(21.3449971769854,0.809999999999993,64.1580986536218));
#6135=CARTESIAN_POINT('Ctrl Pts',(21.2067378900927,0.809999999999993,64.3293769760862));
#6136=CARTESIAN_POINT('Ctrl Pts',(21.0108647103423,0.809999999999993,64.4720101513935));
#6137=CARTESIAN_POINT('Ctrl Pts',(20.7647180084933,0.809999999999993,64.5802132717899));
#6138=CARTESIAN_POINT('Ctrl Pts',(20.4822952014958,0.809999999999993,64.6519057211603));
#6139=CARTESIAN_POINT('Ctrl Pts',(20.181450413651,0.809999999999993,64.6876103219672));
#6140=CARTESIAN_POINT('Ctrl Pts',(19.8815546135775,0.809999999999993,64.689635178734));
#6141=CARTESIAN_POINT('Ctrl Pts',(19.6008730398025,0.809999999999993,64.6611236883771));
#6142=CARTESIAN_POINT('Ctrl Pts',(19.3543070599919,0.809999999999993,64.6052389967472));
#6143=CARTESIAN_POINT('Ctrl Pts',(19.1503452575744,0.809999999999993,64.5241256355142));
#6144=CARTESIAN_POINT('Ctrl Pts',(18.9913856031291,0.809999999999993,64.4188128137647));
#6145=CARTESIAN_POINT('Ctrl Pts',(18.8758216867225,0.809999999999993,64.2896102564386));
#6146=CARTESIAN_POINT('Ctrl Pts',(18.799596336609,0.809999999999993,64.1363579895992));
#6147=CARTESIAN_POINT('Ctrl Pts',(18.7578615113204,0.809999999999993,63.9587191923603));
#6148=CARTESIAN_POINT('Ctrl Pts',(18.74681893177,0.809999999999993,63.7565001347813));
#6149=CARTESIAN_POINT('Ctrl Pts',(18.7639242801284,0.809999999999993,63.5296729756444));
#6150=CARTESIAN_POINT('Ctrl Pts',(18.8075428896677,0.809999999999993,63.2782974909443));
#6151=CARTESIAN_POINT('Ctrl Pts',(18.8629423025549,0.809999999999993,63.057643732949));
#6152=CARTESIAN_POINT('Ctrl Pts',(18.9158610917506,0.809999999999993,62.8811996702404));
#6153=CARTESIAN_POINT('Ctrl Pts',(18.9561867796395,0.809999999999993,62.7587084756483));
#6154=CARTESIAN_POINT('Ctrl Pts',(18.9776112350091,0.809999999999993,62.696247420849));
#6155=CARTESIAN_POINT('Origin',(20.7471193252344,0.809999999999993,60.9679180740414));
#6156=CARTESIAN_POINT('Origin',(2.26800000000001,1.30999999999999,13.2979999999999));
#6157=CARTESIAN_POINT('Origin',(2.26800000000001,1.30999999999999,13.2979999999999));
#6158=CARTESIAN_POINT('Origin',(2.26800000000001,1.30999999999999,13.2979999999999));
#6159=CARTESIAN_POINT('Origin',(59.6801564739029,-1.19000000000001,-45.0678336106202));
#6160=CARTESIAN_POINT('',(59.872,10.71,-45.0600032626162));
#6161=CARTESIAN_POINT('',(59.872,-1.19000000000001,-45.0600032626162));
#6162=CARTESIAN_POINT('',(9.89207993409574,10.71,-47.1000000000001));
#6163=CARTESIAN_POINT('',(32.210980590327,10.71,-46.189024463011));
#6164=CARTESIAN_POINT('',(9.89207993409583,-1.19000000000001,-47.1000000000001));
#6165=CARTESIAN_POINT('Origin',(59.872,-1.19000000000001,67.908));
#6166=CARTESIAN_POINT('',(59.872,10.71,68.1079999999999));
#6167=CARTESIAN_POINT('',(59.872,-1.19000000000001,68.1079999999999));
#6168=CARTESIAN_POINT('',(59.872,10.71,40.6029999999999));
#6169=CARTESIAN_POINT('Origin',(-11.0416,-1.19000000000001,68.1079999999999));
#6170=CARTESIAN_POINT('',(-10.9873882973126,10.71,68.1079999999999));
#6171=CARTESIAN_POINT('',(-10.9873882973126,-1.19000000000001,68.1079999999999));
#6172=CARTESIAN_POINT('',(-4.3868,10.71,68.1079999999999));
#6173=CARTESIAN_POINT('Origin',(-20.4909975212352,-1.19000000000001,73.6686224182525));
#6174=CARTESIAN_POINT('',(-20.5377882973126,10.71,73.6959999999999));
#6175=CARTESIAN_POINT('',(-20.5377882973126,-1.19000000000001,73.6959999999999));
#6176=CARTESIAN_POINT('',(1.14354509743103,10.71,61.0101134392457));
#6177=CARTESIAN_POINT('Origin',(-55.136,-1.19000000000001,73.6959999999999));
#6178=CARTESIAN_POINT('',(-55.336,10.71,73.6959999999999));
#6179=CARTESIAN_POINT('',(-55.336,-1.19000000000001,73.6959999999999));
#6180=CARTESIAN_POINT('',(-26.434,10.71,73.6959999999999));
#6181=CARTESIAN_POINT('Origin',(56.624,10.7,-41.8200000000001));
#6182=CARTESIAN_POINT('',(59.224,6.69999999999999,-41.8200000000001));
#6183=CARTESIAN_POINT('',(59.224,10.7,-41.8200000000001));
#6184=CARTESIAN_POINT('Origin',(56.624,6.69999999999999,-41.8200000000001));
#6185=CARTESIAN_POINT('Origin',(56.624,2.69999999999999,-41.8200000000001));
#6186=CARTESIAN_POINT('',(58.024,2.69999999999999,-41.8200000000001));
#6187=CARTESIAN_POINT('Origin',(56.624,2.69999999999999,-41.8200000000001));
#6188=CARTESIAN_POINT('Origin',(56.624,10.7,-41.8200000000001));
#6189=CARTESIAN_POINT('',(58.024,6.69999999999999,-41.8200000000001));
#6190=CARTESIAN_POINT('Origin',(56.624,6.69999999999999,-41.8200000000001));
#6191=CARTESIAN_POINT('',(58.024,10.7,-41.8200000000001));
#6192=CARTESIAN_POINT('Origin',(56.624,6.69999999999999,-41.8200000000001));
#6193=CARTESIAN_POINT('Origin',(-52.596,10.7,69.9399999999999));
#6194=CARTESIAN_POINT('',(-49.996,6.70000000000001,69.9399999999999));
#6195=CARTESIAN_POINT('',(-49.996,10.7,69.9399999999999));
#6196=CARTESIAN_POINT('Origin',(-52.596,6.70000000000001,69.9399999999999));
#6197=CARTESIAN_POINT('Origin',(-52.596,2.70000000000001,69.9399999999999));
#6198=CARTESIAN_POINT('',(-51.196,2.70000000000001,69.9399999999999));
#6199=CARTESIAN_POINT('Origin',(-52.596,2.70000000000001,69.9399999999999));
#6200=CARTESIAN_POINT('Origin',(-52.596,10.7,69.9399999999999));
#6201=CARTESIAN_POINT('',(-51.196,6.70000000000001,69.9399999999999));
#6202=CARTESIAN_POINT('Origin',(-52.596,6.70000000000001,69.9399999999999));
#6203=CARTESIAN_POINT('',(-51.196,10.7,69.9399999999999));
#6204=CARTESIAN_POINT('Origin',(-52.596,6.70000000000001,69.9399999999999));
#6205=CARTESIAN_POINT('Origin',(-34.308,10.7,-39.7880000000001));
#6206=CARTESIAN_POINT('',(-31.708,6.69999999999999,-39.7880000000001));
#6207=CARTESIAN_POINT('',(-31.708,10.7,-39.7880000000001));
#6208=CARTESIAN_POINT('Origin',(-34.308,6.69999999999999,-39.7880000000001));
#6209=CARTESIAN_POINT('Origin',(-34.308,2.69999999999999,-39.7880000000001));
#6210=CARTESIAN_POINT('',(-32.908,2.69999999999999,-39.7880000000001));
#6211=CARTESIAN_POINT('Origin',(-34.308,2.69999999999999,-39.7880000000001));
#6212=CARTESIAN_POINT('Origin',(-34.308,10.7,-39.7880000000001));
#6213=CARTESIAN_POINT('',(-32.908,6.69999999999999,-39.7880000000001));
#6214=CARTESIAN_POINT('Origin',(-34.308,6.69999999999999,-39.7880000000001));
#6215=CARTESIAN_POINT('',(-32.908,10.7,-39.7880000000001));
#6216=CARTESIAN_POINT('Origin',(-34.308,6.69999999999999,-39.7880000000001));
#6217=CARTESIAN_POINT('Origin',(-54.1365511913741,6.70000000000001,53.9466298358158));
#6218=CARTESIAN_POINT('',(-55.336,5.95000000000001,53.9466298358158));
#6219=CARTESIAN_POINT('',(-55.336,2.75500000000001,53.9466298358158));
#6220=CARTESIAN_POINT('',(-59.636,5.95000000000001,53.9466298358158));
#6221=CARTESIAN_POINT('',(-54.1365511913741,5.95000000000001,53.9466298358158));
#6222=CARTESIAN_POINT('',(-59.636,2.75500000000001,53.9466298358158));
#6223=CARTESIAN_POINT('Origin',(-54.1365511913741,5.95000000000001,54.9466298358158));
#6224=CARTESIAN_POINT('',(-55.336,6.95000000000001,54.9466298358158));
#6225=CARTESIAN_POINT('Origin',(-55.336,5.95000000000001,54.9466298358158));
#6226=CARTESIAN_POINT('',(-59.636,6.95000000000001,54.9466298358158));
#6227=CARTESIAN_POINT('',(-54.1365511913741,6.95000000000001,54.9466298358158));
#6228=CARTESIAN_POINT('Origin',(-59.636,5.95000000000001,54.9466298358158));
#6229=CARTESIAN_POINT('Origin',(-54.1365511913741,6.95000000000001,63.8466298358158));
#6230=CARTESIAN_POINT('',(-55.336,6.95000000000001,64.3466298358158));
#6231=CARTESIAN_POINT('',(-55.336,6.95,12.2833149179079));
#6232=CARTESIAN_POINT('',(-59.636,6.95000000000001,64.3466298358158));
#6233=CARTESIAN_POINT('',(-54.1365511913741,6.95000000000001,64.3466298358158));
#6234=CARTESIAN_POINT('',(-59.636,6.95,12.2833149179079));
#6235=CARTESIAN_POINT('Origin',(-54.1365511913741,5.95000000000001,64.3466298358158));
#6236=CARTESIAN_POINT('',(-55.336,5.95000000000001,65.3466298358158));
#6237=CARTESIAN_POINT('Origin',(-55.336,5.95000000000001,64.3466298358158));
#6238=CARTESIAN_POINT('',(-59.636,5.95000000000001,65.3466298358158));
#6239=CARTESIAN_POINT('',(-54.1365511913741,5.95000000000001,65.3466298358158));
#6240=CARTESIAN_POINT('Origin',(-59.636,5.95000000000001,64.3466298358158));
#6241=CARTESIAN_POINT('Origin',(-54.1365511913741,0.200000000000009,65.3466298358158));
#6242=CARTESIAN_POINT('',(-59.636,-0.494999999999988,65.3466298358158));
#6243=CARTESIAN_POINT('',(-55.336,-0.494999999999988,65.3466298358158));
#6244=CARTESIAN_POINT('Origin',(55.1,10.7,64.3519999999999));
#6245=CARTESIAN_POINT('',(57.7,6.70000000000001,64.3519999999999));
#6246=CARTESIAN_POINT('',(57.7,10.7,64.3519999999999));
#6247=CARTESIAN_POINT('Origin',(55.1,6.70000000000001,64.3519999999999));
#6248=CARTESIAN_POINT('Origin',(55.1,2.70000000000001,64.3519999999999));
#6249=CARTESIAN_POINT('',(56.5,2.70000000000001,64.3519999999999));
#6250=CARTESIAN_POINT('Origin',(55.1,2.70000000000001,64.3519999999999));
#6251=CARTESIAN_POINT('Origin',(55.1,10.7,64.3519999999999));
#6252=CARTESIAN_POINT('',(56.5,6.70000000000001,64.3519999999999));
#6253=CARTESIAN_POINT('Origin',(55.1,6.70000000000001,64.3519999999999));
#6254=CARTESIAN_POINT('',(56.5,10.7,64.3519999999999));
#6255=CARTESIAN_POINT('Origin',(55.1,6.70000000000001,64.3519999999999));
#6256=CARTESIAN_POINT('Origin',(-4.3868,8.21,69.908));
#6257=CARTESIAN_POINT('',(-9.82183668953398,8.21,72.408));
#6258=CARTESIAN_POINT('',(56.672,8.21,72.408));
#6259=CARTESIAN_POINT('',(-4.3868,8.21,72.408));
#6260=CARTESIAN_POINT('',(56.672,10.71,69.908));
#6261=CARTESIAN_POINT('Origin',(56.672,8.21,69.908));
#6262=CARTESIAN_POINT('',(-10.4994829731262,10.71,69.908));
#6263=CARTESIAN_POINT('',(-4.3868,10.71,69.908));
#6264=CARTESIAN_POINT('Origin',(-10.4994829731262,8.21,69.908));
#6265=CARTESIAN_POINT('Origin',(-26.434,8.21,75.4959999999999));
#6266=CARTESIAN_POINT('',(-20.0498829731262,10.71,75.4959999999999));
#6267=CARTESIAN_POINT('',(-52.136,10.71,75.4959999999999));
#6268=CARTESIAN_POINT('',(-26.434,10.71,75.4959999999999));
#6269=CARTESIAN_POINT('',(-52.136,8.21,77.9959999999999));
#6270=CARTESIAN_POINT('Origin',(-52.136,8.21,75.4959999999999));
#6271=CARTESIAN_POINT('',(-19.372236689534,8.21,77.9959999999999));
#6272=CARTESIAN_POINT('',(-26.434,8.21,77.9959999999999));
#6273=CARTESIAN_POINT('Origin',(-20.0498829731262,8.21,75.4959999999999));
#6274=CARTESIAN_POINT('Origin',(-52.136,8.21,70.4959999999999));
#6275=CARTESIAN_POINT('',(-57.136,10.71,70.4959999999999));
#6276=CARTESIAN_POINT('',(-59.636,8.21,70.4959999999999));
#6277=CARTESIAN_POINT('Origin',(-57.136,8.21,70.4959999999999));
#6278=CARTESIAN_POINT('Origin',(-52.136,8.21,70.4959999999999));
#6279=CARTESIAN_POINT('Origin',(-52.136,10.71,70.4959999999999));
#6280=CARTESIAN_POINT('Origin',(-57.136,8.21,-12.9910000000001));
#6281=CARTESIAN_POINT('',(-57.136,10.71,-36.7340226900654));
#6282=CARTESIAN_POINT('',(-59.636,8.21,-36.7340226900654));
#6283=CARTESIAN_POINT('Origin',(-57.136,8.21,-36.7340226900654));
#6284=CARTESIAN_POINT('',(-59.636,8.21,-12.9910000000001));
#6285=CARTESIAN_POINT('',(-57.136,10.71,-12.9910000000001));
#6286=CARTESIAN_POINT('Origin',(-52.136,8.21,-36.7340226900654));
#6287=CARTESIAN_POINT('',(-52.9492022548908,10.71,-41.6674497030697));
#6288=CARTESIAN_POINT('',(-53.3558033823362,8.21,-44.1341632095719));
#6289=CARTESIAN_POINT('Origin',(-52.9492022548908,8.21,-41.6674497030697));
#6290=CARTESIAN_POINT('Origin',(-52.136,8.21,-36.7340226900654));
#6291=CARTESIAN_POINT('Origin',(-52.136,10.71,-36.7340226900654));
#6292=CARTESIAN_POINT('Origin',(-8.62322999671296,8.21,-48.9739286467254));
#6293=CARTESIAN_POINT('',(-9.27639352040519,8.21,-51.4000000000001));
#6294=CARTESIAN_POINT('',(-9.02983112415837,8.21,-51.4406421532276));
#6295=CARTESIAN_POINT('',(-9.0717304535134,10.71,-48.9000000000001));
#6296=CARTESIAN_POINT('',(-8.62322999671296,10.71,-48.9739286467254));
#6297=CARTESIAN_POINT('Origin',(-9.0717304535134,8.21,-48.9000000000001));
#6298=CARTESIAN_POINT('Origin',(2.05256740631425,8.21,62.5637152035189));
#6299=CARTESIAN_POINT('',(2.05256740631425,10.71,62.5637152035189));
#6300=CARTESIAN_POINT('',(3.31509839087427,8.21,64.721495431676));
#6301=CARTESIAN_POINT('Origin',(6.07800000000001,8.21,-48.9000000000001));
#6302=CARTESIAN_POINT('',(9.97979851715329,8.21,-51.4000000000001));
#6303=CARTESIAN_POINT('',(6.07800000000001,8.21,-51.4000000000001));
#6304=CARTESIAN_POINT('',(9.92879934095689,10.71,-48.9000000000001));
#6305=CARTESIAN_POINT('',(6.07800000000001,10.71,-48.9000000000001));
#6306=CARTESIAN_POINT('Origin',(9.92879934095689,8.21,-48.9000000000001));
#6307=CARTESIAN_POINT('Origin',(56.672,8.21,64.9079999999999));
#6308=CARTESIAN_POINT('',(64.172,8.21,64.9079999999999));
#6309=CARTESIAN_POINT('',(61.672,10.71,64.9079999999999));
#6310=CARTESIAN_POINT('Origin',(61.672,8.21,64.9079999999999));
#6311=CARTESIAN_POINT('Origin',(56.672,10.71,64.9079999999999));
#6312=CARTESIAN_POINT('Origin',(56.672,8.21,64.9079999999999));
#6313=CARTESIAN_POINT('Origin',(61.672,8.21,40.6029999999999));
#6314=CARTESIAN_POINT('',(64.172,8.21,-41.9879510607578));
#6315=CARTESIAN_POINT('',(61.672,10.71,-41.9879510607578));
#6316=CARTESIAN_POINT('Origin',(61.672,8.21,-41.9879510607578));
#6317=CARTESIAN_POINT('',(61.672,10.71,40.6029999999999));
#6318=CARTESIAN_POINT('',(64.172,8.21,40.6029999999999));
#6319=CARTESIAN_POINT('Origin',(56.672,8.21,-41.9879510607578));
#6320=CARTESIAN_POINT('',(56.9778677713573,8.21,-49.4817114590121));
#6321=CARTESIAN_POINT('',(56.8759118475716,10.71,-46.9837913262607));
#6322=CARTESIAN_POINT('Origin',(56.8759118475716,8.21,-46.9837913262607));
#6323=CARTESIAN_POINT('Origin',(56.672,10.71,-41.9879510607578));
#6324=CARTESIAN_POINT('Origin',(56.672,8.21,-41.9879510607578));
#6325=CARTESIAN_POINT('Origin',(32.2843888554527,8.21,-47.9875269585921));
#6326=CARTESIAN_POINT('',(32.2843888554527,10.71,-47.9875269585921));
#6327=CARTESIAN_POINT('',(32.3863447792385,8.21,-50.4854470913435));
#6328=CARTESIAN_POINT('Origin',(56.672,-1.19000000000001,-41.9879510607578));
#6329=CARTESIAN_POINT('',(64.172,-1.19000000000001,-41.9879510607578));
#6330=CARTESIAN_POINT('',(64.172,-1.19000000000001,-41.9879510607578));
#6331=CARTESIAN_POINT('',(56.9778677713573,-1.19000000000001,-49.4817114590121));
#6332=CARTESIAN_POINT('Origin',(56.672,-1.19000000000001,-41.9879510607578));
#6333=CARTESIAN_POINT('',(56.9778677713573,-1.19000000000001,-49.4817114590121));
#6334=CARTESIAN_POINT('Origin',(64.172,-1.19000000000001,67.908));
#6335=CARTESIAN_POINT('',(64.172,-1.19000000000001,64.9079999999999));
#6336=CARTESIAN_POINT('',(64.172,-1.19000000000001,64.9079999999999));
#6337=CARTESIAN_POINT('',(64.172,-1.19000000000001,40.6029999999999));
#6338=CARTESIAN_POINT('Origin',(56.672,-1.19000000000001,64.9079999999999));
#6339=CARTESIAN_POINT('',(56.672,-1.19000000000001,72.4079999999999));
#6340=CARTESIAN_POINT('',(56.672,-1.19000000000001,72.408));
#6341=CARTESIAN_POINT('Origin',(56.672,-1.19000000000001,64.9079999999999));
#6342=CARTESIAN_POINT('Origin',(-11.0416,-1.19000000000001,72.408));
#6343=CARTESIAN_POINT('',(-9.82183668953398,-1.19000000000001,72.4079999999999));
#6344=CARTESIAN_POINT('',(-9.82183668953398,-1.19000000000001,72.408));
#6345=CARTESIAN_POINT('',(-4.3868,-1.19000000000001,72.4079999999999));
#6346=CARTESIAN_POINT('Origin',(-18.3194442277919,-1.19000000000001,77.3800044106828));
#6347=CARTESIAN_POINT('',(-19.372236689534,-1.19000000000001,77.9959999999999));
#6348=CARTESIAN_POINT('',(-19.372236689534,-1.19000000000001,77.9959999999999));
#6349=CARTESIAN_POINT('',(3.31509839087428,-1.19000000000001,64.721495431676));
#6350=CARTESIAN_POINT('Origin',(-55.136,-1.19000000000001,77.9959999999999));
#6351=CARTESIAN_POINT('',(-52.136,-1.19000000000001,77.9959999999999));
#6352=CARTESIAN_POINT('',(-52.136,-1.19000000000001,77.9959999999999));
#6353=CARTESIAN_POINT('',(-26.434,-1.19000000000001,77.9959999999999));
#6354=CARTESIAN_POINT('Origin',(2.26800000000001,10.71,13.2979999999999));
#6355=CARTESIAN_POINT('',(-55.336,10.71,-39.4497318206624));
#6356=CARTESIAN_POINT('',(-55.336,10.71,-12.9910000000001));
#6357=CARTESIAN_POINT('',(-8.92437304535137,10.71,-47.1000000000001));
#6358=CARTESIAN_POINT('',(-8.33047718495227,10.71,-47.1978949220439));
#6359=CARTESIAN_POINT('',(6.07800000000001,10.71,-47.1000000000001));
#6360=CARTESIAN_POINT('Origin',(9.88800000000001,-1.19000000000001,-51.4000000000001));
#6361=CARTESIAN_POINT('',(9.97979851715308,-1.19000000000001,-51.4000000000001));
#6362=CARTESIAN_POINT('',(9.97979851715329,-1.19000000000001,-51.4000000000001));
#6363=CARTESIAN_POINT('',(-9.27639352040517,-1.19000000000001,-51.4000000000001));
#6364=CARTESIAN_POINT('',(6.07800000000001,-1.19000000000001,-51.4000000000001));
#6365=CARTESIAN_POINT('',(-9.27639352040519,-1.19000000000001,-51.4000000000001));
#6366=CARTESIAN_POINT('Origin',(-52.136,-1.19000000000001,70.4959999999999));
#6367=CARTESIAN_POINT('',(-59.636,-1.19000000000001,70.4959999999999));
#6368=CARTESIAN_POINT('',(-59.636,-1.19000000000001,70.4959999999999));
#6369=CARTESIAN_POINT('Origin',(-52.136,-1.19000000000001,70.4959999999999));
#6370=CARTESIAN_POINT('Origin',(-52.136,-1.19000000000001,-36.7340226900654));
#6371=CARTESIAN_POINT('',(-53.3558033823362,-1.19000000000001,-44.1341632095719));
#6372=CARTESIAN_POINT('',(-53.3558033823362,-1.19000000000001,-44.1341632095719));
#6373=CARTESIAN_POINT('',(-59.636,-1.19000000000001,-36.7340226900654));
#6374=CARTESIAN_POINT('Origin',(-52.136,-1.19000000000001,-36.7340226900654));
#6375=CARTESIAN_POINT('',(-59.636,-1.19000000000001,-36.7340226900654));
#6376=CARTESIAN_POINT('Origin',(-59.636,-1.19000000000001,-39.2800000000001));
#6377=CARTESIAN_POINT('',(-59.636,-1.19000000000001,-12.9910000000001));
#6378=CARTESIAN_POINT('Origin',(59.8555206628144,-1.19000000000001,-49.3642562389527));
#6379=CARTESIAN_POINT('',(32.3863447792385,-1.19000000000001,-50.4854470913435));
#6380=CARTESIAN_POINT('Origin',(-9.63988202940172,-1.19000000000001,-51.3400843117039));
#6381=CARTESIAN_POINT('',(-9.02983112415837,-1.19000000000001,-51.4406421532276));
#6382=CARTESIAN_POINT('Origin',(2.26800000000001,-1.19000000000001,13.2979999999999));
#6383=CARTESIAN_POINT('Origin',(-55.336,-1.19000000000001,-39.2800000000001));
#6384=CARTESIAN_POINT('',(-55.336,-1.19000000000001,-39.4497318206624));
#6385=CARTESIAN_POINT('Origin',(-8.94052809019562,-1.19000000000001,-47.0973370805202));
#6386=CARTESIAN_POINT('',(-8.92437304535137,-1.19000000000001,-47.1000000000001));
#6387=CARTESIAN_POINT('Origin',(9.88800000000001,-1.19000000000001,-47.1000000000001));
#6388=UNCERTAINTY_MEASURE_WITH_UNIT(LENGTH_MEASURE(0.01),#6392,
'DISTANCE_ACCURACY_VALUE',
'Maximum model space distance between geometric entities at asserted c
onnectivities');
#6389=UNCERTAINTY_MEASURE_WITH_UNIT(LENGTH_MEASURE(0.01),#6392,
'DISTANCE_ACCURACY_VALUE',
'Maximum model space distance between geometric entities at asserted c
onnectivities');
#6390=(
GEOMETRIC_REPRESENTATION_CONTEXT(3)
GLOBAL_UNCERTAINTY_ASSIGNED_CONTEXT((#6388))
GLOBAL_UNIT_ASSIGNED_CONTEXT((#6392,#6394,#6395))
REPRESENTATION_CONTEXT('','3D')
);
#6391=(
GEOMETRIC_REPRESENTATION_CONTEXT(3)
GLOBAL_UNCERTAINTY_ASSIGNED_CONTEXT((#6389))
GLOBAL_UNIT_ASSIGNED_CONTEXT((#6392,#6394,#6395))
REPRESENTATION_CONTEXT('','3D')
);
#6392=(
LENGTH_UNIT()
NAMED_UNIT(*)
SI_UNIT(.MILLI.,.METRE.)
);
#6393=(
LENGTH_UNIT()
NAMED_UNIT(*)
SI_UNIT($,.METRE.)
);
#6394=(
NAMED_UNIT(*)
PLANE_ANGLE_UNIT()
SI_UNIT($,.RADIAN.)
);
#6395=(
NAMED_UNIT(*)
SI_UNIT($,.STERADIAN.)
SOLID_ANGLE_UNIT()
);
#6396=SHAPE_DEFINITION_REPRESENTATION(#6397,#6398);
#6397=PRODUCT_DEFINITION_SHAPE('',$,#6400);
#6398=SHAPE_REPRESENTATION('',(#1626),#6390);
#6399=PRODUCT_DEFINITION_CONTEXT('part definition',#6404,'design');
#6400=PRODUCT_DEFINITION('LeftSideSplitKb','LeftSideSplitKb v18',#6401,
#6399);
#6401=PRODUCT_DEFINITION_FORMATION('',$,#6406);
#6402=PRODUCT_RELATED_PRODUCT_CATEGORY('LeftSideSplitKb v18',
'LeftSideSplitKb v18',(#6406));
#6403=APPLICATION_PROTOCOL_DEFINITION('international standard',
'automotive_design',2009,#6404);
#6404=APPLICATION_CONTEXT(
'Core Data for Automotive Mechanical Design Process');
#6405=PRODUCT_CONTEXT('part definition',#6404,'mechanical');
#6406=PRODUCT('LeftSideSplitKb','LeftSideSplitKb v18',$,(#6405));
#6407=PRESENTATION_STYLE_ASSIGNMENT((#6409));
#6408=PRESENTATION_STYLE_ASSIGNMENT((#6410));
#6409=SURFACE_STYLE_USAGE(.BOTH.,#6411);
#6410=SURFACE_STYLE_USAGE(.BOTH.,#6412);
#6411=SURFACE_SIDE_STYLE('',(#6413));
#6412=SURFACE_SIDE_STYLE('',(#6414));
#6413=SURFACE_STYLE_FILL_AREA(#6415);
#6414=SURFACE_STYLE_FILL_AREA(#6416);
#6415=FILL_AREA_STYLE('Steel - Satin',(#6417));
#6416=FILL_AREA_STYLE('Opaque(80,124,105)',(#6418));
#6417=FILL_AREA_STYLE_COLOUR('Steel - Satin',#6419);
#6418=FILL_AREA_STYLE_COLOUR('Opaque(80,124,105)',#6420);
#6419=COLOUR_RGB('Steel - Satin',0.627450980392157,0.627450980392157,0.627450980392157);
#6420=COLOUR_RGB('Opaque(80,124,105)',0.313725490196078,0.486274509803922,
0.411764705882353);
ENDSEC;
END-ISO-10303-21;
